cluster_id	node_id	protein
7202	90	Q96A08
7202	1684	Q8N257
7202	2846	Q7Z2G1
7202	7202	Q93077
8189	327	Q14156
8189	3511	Q9BYI3
8189	5984	Q8IXS8
8189	8189	Q9Y2G0
6810	665	P63172
6810	4681	P51808
6810	6810	Q8WW35
7874	1470	Q9BRV8
7874	6529	Q9NVK5
7874	7874	Q9Y228
4478	1838	Q16236
4478	3909	Q16621
4478	4478	Q9Y4A8
7261	1969	Q8IYM1
7261	5488	Q9UH03
7261	7261	Q9UHD8
7484	2167	Q15691
7484	3736	Q15555
7484	7484	Q9UPY8
7892	2956	Q13296
7892	3266	O75556
7892	7892	Q6XE38
7782	4306	O43399
7782	5049	Q16890
7782	7782	Q96J77
8355	5	O43617
8355	8355	Q96Q05
7657	9	P09341
7657	7657	P40198
8599	14	O60573
8599	8599	Q6Y7W6
6546	18	P26678
6546	6546	Q8WWG9
8139	21	O43676
8139	8139	Q9BQT9
7477	22	O76003
7477	7477	Q9Y3E2
8443	23	Q8NHQ8
8443	8443	Q96C92
6549	24	Q8N108
6549	6549	Q8TBE0
6550	25	P40933
6550	6550	Q13261
6551	26	O60256
6551	6551	Q14558
8687	36	P37198
8687	8687	Q9H1M0
9624	37	O75473
9624	9624	Q9Y5W5
9680	42	O43169
9680	9680	Q6BCY4
5658	49	O75616
5658	5658	O43414
6564	53	O94925
6564	6564	Q9UI32
7791	56	O95069
7791	7791	P57789
5199	57	O75915
5199	5199	Q00765
1005	58	Q9BZL3
1005	1005	H3BR10
8616	59	O60244
8616	8616	Q9NWA0
489	62	Q8WXR4
489	489	O00160
9757	63	O75031
9757	9757	Q3SX64
7441	64	Q7Z406
7441	7441	Q9UKX3
6570	72	A2A2V5
6570	6570	P54849
8253	78	P26715
8253	8253	Q8NBI2
1102	81	P78562
1102	1102	Q16827
7343	82	Q96A65
7343	7343	Q9Y2D4
6626	83	Q15054
6626	6626	Q9UI95
9771	84	O14578
9771	9771	P10412
6659	86	P67870
6659	6659	Q8NEV1
9632	93	P49755
9632	9632	Q02818
6883	96	P28331
6883	6883	Q9UI09
9755	100	O14561
9755	9755	Q6IPR1
6586	104	Q92902
6586	6586	Q9NQG7
6415	107	Q15061
6415	6415	Q9H8H0
8632	110	O14802
8632	8632	Q9Y2Y1
6593	121	P55061
6593	6593	Q71RG4
6594	122	Q03989
6594	6594	Q9BRT3
7932	123	P27037
7932	7932	Q16671
6605	137	Q92922
6605	6605	Q96GM5
8719	138	P16619
8719	8719	Q9BYJ0
4410	141	P14923
4410	4410	P26232
8311	144	Q4KMG9
8311	8311	Q6UWW9
6609	145	Q15486
6609	6609	Q6P575
6845	147	O94913
6845	6845	Q08170
8750	150	P13073
8750	8750	Q6UW78
4359	151	Q8WUX9
4359	4359	Q8NC56
6742	153	O75817
6742	6742	Q9P2D0
6613	154	P35221
6613	6613	Q9UKE5
6615	156	Q5VV43
6615	6615	Q9H5K3
4255	161	P46781
4255	4255	Q13206
6986	164	O60603
6986	6986	Q9BXR5
8661	166	O76071
8661	8661	Q9UHQ1
9122	168	Q13190
9122	9122	Q587I9
7607	174	O75306
7607	7607	Q9P032
2133	175	P22607
2133	2133	O76093
5546	184	Q9H6L2
5546	5546	Q2MV58
4485	188	Q96GF1
4485	4485	Q8WU17
3843	190	Q13501
3843	3843	O75052
4792	194	O00623
4792	4792	P28328
9316	197	A1KZ92
9316	9316	Q7LC44
9645	199	P24941
9645	9645	P30307
9200	201	O75531
9200	9200	Q68G75
7653	204	P63165
7653	7653	Q96HI0
9565	207	P27449
9565	9565	Q8N6D2
8219	208	A6NNX1
8219	8219	Q96MA6
3775	220	Q9NQ50
3775	3775	Q9H2W6
7259	223	O75396
7259	7259	Q96MV1
8412	225	B2RNN3
8412	8412	P0C862
7985	226	O15516
7985	7985	Q99743
9127	230	O75832
9127	9127	Q8WV35
9733	234	Q15369
9733	9733	Q3SY89
3492	235	O15519
3492	3492	Q14790
8679	236	O95831
8679	8679	Q8N4Q1
6640	238	O14617
6640	6640	Q92572
7201	239	P61088
7201	7201	Q13404
1932	240	O14950
1932	1932	Q96A32
5545	241	P14778
5545	5545	P01583
7568	242	P52566
7568	7568	Q92730
2728	244	Q08209
2728	2728	P48454
6805	245	P00533
6805	6805	P35070
7551	247	Q6UXM1
7551	7551	Q9NQG1
6641	248	Q86Z23
6641	6641	Q9NTU7
6642	249	O00743
6642	6642	Q9UPN7
9469	250	Q6QNY0
9469	9469	Q8IYW4
8492	255	P01615
8492	8492	P0DP02
9457	258	Q86YC3
9457	9457	Q9Y5Z6
7846	259	O15116
7846	7846	Q9Y4Z0
828	260	P38398
828	828	Q99728
9265	263	P13224
9265	9265	Q96GR4
8595	265	A2RU14
8595	8595	P34981
6649	266	P48051
6649	6649	Q92806
9138	267	P62330
9138	9138	Q92575
9519	277	O75594
9519	9519	Q9H756
6710	278	P17028
6710	6710	Q9UNY5
4632	280	Q5VVH2
4632	4632	Q04760
8566	282	P31323
8566	8566	P51817
7978	284	Q02543
7978	7978	Q9GZR7
7583	290	Q99459
7583	7583	Q9UMS4
8892	292	P01903
8892	8892	Q5SRN2
6163	295	Q13084
6163	6163	Q96FI4
8835	296	Q96A72
8835	8835	Q9NWV4
9410	300	P15923
9410	9410	Q86WQ0
9240	302	A0A096LP55
9240	9240	P0C7P0
7814	313	Q07817
7814	7814	Q92934
8030	314	P26641
8030	8030	Q05639
8388	324	Q9H2F5
8388	8388	Q9UK53
7283	326	Q86V86
7283	7283	Q9UHB6
8672	331	P55735
8672	8672	Q96JE7
6678	333	O43914
6678	6678	Q9UBK5
7300	341	P25398
7300	7300	Q5JVS0
8387	344	O75909
8387	8387	Q14004
7286	349	P62487
7286	7286	Q9Y5B0
9305	350	P28472
9305	9305	P48169
6690	354	Q99747
6690	6690	Q9H115
8936	356	O00244
8936	8936	Q04656
8031	359	P16157
8031	8031	Q92823
9152	361	O60828
9152	9152	Q01130
8409	362	O95471
8409	8409	P09758
6891	374	P61586
6891	6891	Q9NQU5
9732	375	A0A0B4J244
9732	9732	P01767
6700	381	O00634
6700	6700	Q8IZJ1
7420	382	P05412
7420	7420	Q99435
6296	388	O14949
6296	6296	P22695
9414	397	O95428
9414	9414	P09486
9253	400	O43715
9253	9253	Q9Y3B1
6708	401	Q9NV56
6708	6708	Q9UBU8
9698	411	P00395
9698	9698	Q9NRP2
8931	412	O15504
8931	8931	Q8NA72
6713	421	O60258
6713	6713	P28360
6716	429	P33897
6716	6716	Q9UBJ2
4369	439	Q13547
4369	4369	Q7Z3K6
9229	443	P18827
9229	9229	Q9UNN8
7934	444	P41180
7934	7934	Q9UM19
9258	448	P26718
9258	9258	Q9BZM6
8362	452	Q8TD86
8362	8362	Q9NR82
9036	454	O94992
9036	9036	Q9Y2W1
6724	457	Q7LBR1
6724	6724	Q9HD42
6725	458	A6NHR9
6725	6725	Q5T3J3
7999	464	Q5VIR6
7999	7999	Q9P1Q0
2216	469	P18077
2216	2216	H0Y354
6984	472	O95456
6984	6984	Q969U7
6730	473	Q5SXM2
6730	6730	Q92966
9232	474	P14867
9232	9232	Q9UN88
9702	475	O75093
9702	9702	Q96MS0
6737	487	P23942
6737	6737	Q03395
9490	488	P62750
9490	9490	Q59GN2
5820	490	P46782
5820	5820	P62857
9149	491	Q01658
9149	9149	Q14919
6738	493	Q5T2E6
6738	6738	Q9UBF8
2668	495	Q68CZ1
2668	2668	O43303
1759	498	P00749
1759	1759	Q03405
6362	499	Q9BUL8
6362	6362	Q6ZS17
5075	500	P10109
5075	5075	Q07973
7100	503	Q9NRF9
7100	7100	Q9NRL2
8829	513	O75431
8829	8829	Q5HYI7
6748	514	P22670
6748	6748	P48380
8183	516	O14818
8183	8183	P10768
6750	519	Q7Z2T5
6750	6750	Q8N5C7
8749	525	P05787
8749	8749	Q9NSB2
9081	531	O00468
9081	9081	Q14112
6757	537	Q96AW1
6757	6757	Q9NX94
5805	539	Q9BQ48
5805	5805	Q5U623
6759	544	P01138
6759	6759	P34130
9177	549	Q9NS69
9177	9177	Q9UK00
7486	552	P62306
7486	7486	Q12972
9082	556	Q96CU9
9082	9082	Q9NW81
8168	557	Q53H80
8168	8168	Q92995
6764	558	Q9P2J3
6764	6764	Q9UJP4
9396	559	P35503
9396	9396	P35504
8976	562	O43520
8976	8976	Q3MIR4
6320	563	Q9H2L4
6320	6320	Q8WZ55
3872	566	P57086
3872	3872	Q96IT1
1729	568	O75056
1729	1729	O60462
1036	574	P40429
1036	1036	P32969
2187	577	Q96CB9
2187	2187	Q7Z6M4
9474	582	O95292
9474	9474	Q9P0L0
4646	587	O43312
4646	4646	Q765P7
9715	588	Q7Z5G4
9715	9715	Q9Y397
9261	594	O95167
9261	9261	P10620
9040	596	Q15438
9040	9040	Q9Y2L6
9227	598	Q13045
9227	9227	Q32MZ4
6782	600	Q92859
6782	6782	Q96B86
6783	601	P50406
6783	6783	Q9UJ99
7824	602	Q05397
7824	7824	Q14289
7731	606	Q9GZY0
7731	7731	Q9UKK6
6784	607	P09919
6784	6784	Q99062
7887	608	Q13188
7887	7887	Q9H4B6
6788	613	P02655
6788	6788	P02656
8989	614	P00338
8989	8989	Q9BYZ2
6789	617	Q5JRM2
6789	6789	Q8N1N2
9767	618	P14770
9767	9767	P40197
2401	621	P07333
2401	2401	P09603
8678	627	O75190
8678	8678	Q6ZTN6
7172	629	Q06265
7172	7172	Q9Y3B2
6773	630	O43674
6773	6773	Q9Y6M9
5053	634	Q15050
5053	5053	Q9H7B2
7909	642	P62424
7909	7909	Q9H329
6803	647	P0DTU3
6803	6803	P0DTU4
9338	649	Q7L014
9338	9338	Q92804
8676	650	O95273
8676	8676	Q15973
7720	652	Q9NX40
7720	7720	Q9Y4W6
7955	655	P50914
7955	7955	Q12894
7969	662	O95881
7969	7969	Q96SL4
9370	670	P01834
9370	9370	Q15238
7028	672	Q5JTV8
7028	7028	Q96S66
3690	682	O75489
3690	3690	P56556
8211	685	Q8N3R9
8211	8211	Q9BUF7
1233	687	P13056
1233	1233	Q92624
5133	690	P02747
5133	5133	P02745
5138	692	Q6P656
5138	5138	Q5VTT2
6825	695	Q13884
6825	6825	Q9Y4J8
6830	702	O75381
6830	6830	Q8IYB4
6831	709	P11226
6831	6831	P61916
9471	716	O14901
9471	9471	P57682
7539	723	Q8WUW1
7539	7539	Q9Y2A7
7580	728	A0A0B4J1U7
7580	7580	P01737
7777	730	Q9Y3D7
7777	7777	Q9Y5T4
5038	731	Q96T52
5038	5038	P54819
6847	739	Q02040
6847	6847	Q9H8G2
6848	740	Q8NGD1
6848	6848	Q96LA9
6852	746	Q6UXH0
6852	6852	Q9Y5C1
8195	751	P05556
8195	8195	P53708
8606	752	Q7L5N1
8606	8606	Q9UNS2
9095	761	Q86UC2
9095	9095	Q8IYR0
6862	767	P06028
6862	6862	Q14108
894	768	P45983
894	894	O14733
6827	774	Q8N594
6827	6827	Q9UIF8
9004	776	Q13003
9004	9004	Q16478
6866	777	Q2M296
6866	6866	Q96F63
6867	778	P32119
6867	6867	Q9BYN0
6871	786	Q9BRS8
6871	6871	Q9Y3F4
6457	787	Q6PK04
6457	6457	Q6NVV1
5588	788	Q86YP4
5588	5588	Q8NHZ7
7033	789	O15315
7033	7033	O75771
1090	792	P01857
1090	1090	P08637
3008	797	P20827
3008	3008	P98172
8994	800	Q5I0G3
8994	8994	Q8N6V4
6877	801	P28066
6877	6877	Q8TCF1
5701	804	A0A1B0GVY4
5701	5701	A0A1B0GTR0
2838	805	O60739
2838	2838	P83876
8572	812	P16104
8572	8572	P58876
8475	822	P08238
8475	8475	Q9Y2Z0
5122	826	Q969V3
5122	5122	Q15155
6533	829	A0A087WSY4
6533	6533	P0DP06
6885	835	P42857
6885	6885	Q9HBV2
8228	837	P06870
8228	8228	P15328
7844	839	P62263
7844	7844	Q9Y3D8
4713	840	Q8N5M4
4713	4713	Q96DE5
6337	845	Q9Y2X3
6337	6337	Q96BK5
7217	847	Q13422
7217	7217	Q9UKT9
8865	850	Q147X3
8865	8865	Q9BRA0
6768	851	Q9NVC6
6768	6768	Q9NX70
6680	852	Q99466
6680	6680	Q9Y644
9123	858	Q06141
9123	9123	Q14050
9003	868	P48551
9003	9003	Q9P0W0
5775	872	Q8N488
5775	5775	O14753
8134	878	Q06587
8134	8134	Q9UN30
8152	881	P47756
8152	8152	Q96KX2
9406	882	O60749
9406	9406	Q9Y5X3
6910	884	Q8TBF5
6910	6910	Q9H3S5
9215	886	Q7Z2W9
9215	9215	Q9H2J4
7233	888	Q10567
7233	7233	Q8NC96
6915	892	O14775
6915	6915	P49758
9378	893	Q3YBM2
9378	9378	Q96HP8
6918	897	Q8IX90
6918	6918	Q96BD8
2456	898	P09661
2456	2456	Q96BP3
6979	901	Q8WYA0
6979	6979	Q9Y547
9136	903	Q5JTH9
9136	9136	Q9BRP1
9169	915	Q9NXX6
9169	9169	Q9UNF1
6926	916	Q8IXL6
6926	6926	Q96MK3
7929	918	A8MYU2
7929	7929	Q92952
8777	922	Q16552
8777	8777	Q6IA17
6929	924	O43897
6929	6929	Q495T6
9234	927	O15078
9234	9234	Q9P209
5114	928	P35998
5114	5114	P62191
7778	929	P49790
7778	7778	Q9UKX7
1012	930	P40818
1012	1012	Q9H3S7
6935	934	Q96IX5
6935	6935	Q99766
9625	935	P31431
9625	9625	Q86XK7
6937	942	P45844
6937	6937	Q9H172
8506	944	Q8TBP5
8506	8506	Q9Y6X1
7482	950	P49756
7482	7482	Q9Y383
9467	951	Q14DG7
9467	9467	Q96QU1
9015	959	P58658
9015	9015	Q6ZN44
7153	960	Q13496
7153	7153	Q9C0I1
9591	962	P60604
9591	9591	Q9Y679
6947	967	Q8NI22
6947	6947	Q9HAT1
9472	970	Q15022
9472	9472	Q6ZN18
3154	972	Q15327
3154	3154	Q15582
7586	974	Q86TS9
7586	7586	Q9UNZ5
7113	975	Q15118
7113	7113	Q16654
6950	980	Q7Z7M8
6950	6950	Q9NY97
6646	981	Q93050
6646	6646	Q9Y487
9800	987	P60468
9800	9800	Q96KC8
8448	988	O43598
8448	8448	Q96G61
6953	989	P51677
6953	6953	P80098
8561	992	P60520
8561	8561	Q8IVP5
4312	995	Q15669
4312	4312	Q8WV28
6089	996	O75841
6089	6089	B0FP48
8377	998	P61769
8377	8377	Q29980
6956	1000	Q01974
6956	6956	Q5VV42
8714	1008	Q13464
8714	8714	Q8TF72
8883	1014	P68363
8883	8883	Q5QJ74
7670	1016	P61009
7670	7670	Q9Y6A9
3896	1022	O00212
3896	3896	Q3V6T2
9248	1027	P12544
9248	9248	P20396
5724	1033	Q16594
5724	5724	Q92750
6971	1035	Q6PIJ6
6971	6971	Q8WXF8
9770	1038	P52815
9770	9770	Q96RP9
6973	1041	O75323
6973	6973	Q9BPW8
6978	1047	Q8N145
6978	6978	Q8NFZ4
9740	1060	O43493
9740	9740	Q8NBN3
1961	1063	P39086
1961	1961	Q16099
8820	1075	P08670
8820	8820	P12036
6095	1079	A0A1B0GX56
6095	6095	A0A599
9470	1091	Q2HXU8
9470	9470	Q9UJ71
3574	1093	Q9NZL4
3574	3574	P0DMV9
9080	1095	O94813
9080	9080	Q8N441
9091	1097	O00330
9091	9091	P50897
4874	1104	Q9H9E1
4874	4874	P48382
9753	1107	P83369
9753	9753	Q9UKL3
7627	1110	O60231
7627	7627	Q92917
1831	1114	P01588
1831	1831	P19235
7010	1116	Q8N434
7010	7010	Q9UJ14
3073	1120	P03950
3073	3073	P02818
7012	1121	P13995
7012	7012	Q9H903
8433	1124	P39019
8433	8433	P47813
7436	1128	P27694
7436	7436	Q96LW4
9230	1129	P15248
9230	9230	Q01113
6403	1136	Q86VM9
6403	6403	Q13523
9276	1137	P06730
9276	9276	Q13542
7021	1139	Q96JZ2
7021	7021	Q9NZQ7
4988	1144	P13688
4988	4988	P31997
8353	1145	P01042
8353	8353	Q6UXB8
7024	1147	O00203
7024	7024	Q9Y2T2
6274	1149	Q12962
6274	6274	Q5VWG9
8248	1153	O00233
8248	8248	Q16401
8596	1156	P09564
8596	8596	Q8WVN6
8427	1168	Q8IUD2
8427	8427	Q9UQ26
7031	1171	Q7Z601
7031	7031	Q99677
2273	1176	Q96EU7
2273	2273	P0DN25
9126	1187	O14967
9126	9126	Q16635
7040	1191	Q5W0N0
7040	7040	Q8N104
5451	1196	P61086
5451	5451	Q9P0P0
9655	1207	Q02535
9655	9655	Q5RGS3
7191	1211	Q86SE5
7191	7191	Q9UKM9
8799	1219	O60927
8799	8799	Q14CS0
7058	1223	Q9Y5W7
7058	7058	Q9Y5W8
7061	1225	P49005
7061	7061	Q9HCU8
8780	1230	O15455
8780	8780	P58753
7225	1234	Q969N2
7225	7225	Q9H490
7066	1235	O95478
7066	7066	Q9NVX2
3402	1240	Q9GZT3
3402	3402	P42704
7006	1250	P00403
7006	7006	Q9P0S2
6620	1255	Q96JB2
6620	6620	Q9H9E3
5611	1257	P16871
5611	5611	P13232
8655	1259	P62318
8655	8655	Q8IYB3
8682	1263	Q6UX04
8682	8682	Q9P021
7043	1265	O00267
7043	7043	Q96ST2
9027	1267	Q92989
9027	9027	Q9NRJ5
9362	1276	P01019
9362	9362	Q969V1
7085	1288	Q8TES7
7085	7085	Q9Y592
5002	1291	Q9BYD2
5002	5002	Q9BYD6
5298	1299	P0DPD6
5298	5298	P19021
8090	1314	O76094
8090	8090	Q9UHB9
7102	1316	Q96CW9
7102	7102	Q9HBW1
5190	1327	P40337
5190	5190	O14508
9219	1330	P35658
9219	9219	Q9UMR2
4530	1333	P11234
4530	4530	O94768
8621	1338	O00194
8621	8621	Q9Y2J0
9112	1345	Q08334
9112	9112	Q9NPH9
6962	1347	Q9NP79
6962	6962	Q9NZZ3
2296	1350	P42677
2296	2296	P62081
8156	1352	O00338
8156	8156	O75897
4010	1354	P61011
4010	4010	P09132
4402	1358	Q9UGI0
4402	4402	Q8N6R0
8845	1364	O95391
8845	8845	Q9H2H8
7407	1368	P52657
7407	7407	Q9UNN4
7428	1369	Q15181
7428	7428	Q9H0W9
7128	1387	Q8TEY5
7128	7128	Q96BA8
7704	1397	Q16555
7704	7704	Q9BPU6
7136	1403	P53804
7136	7136	Q8ND24
9001	1404	P51970
9001	9001	P56181
7139	1406	A8MV24
7139	7139	Q96LW2
8721	1407	O60895
8721	8721	Q9BX97
2618	1411	P35268
2618	2618	P63173
2590	1417	Q8NCH0
2590	2590	Q5T700
7394	1422	O75143
7394	7394	Q9BSB4
1786	1423	O60318
1786	1786	P12270
9013	1424	Q92696
9013	9013	Q9H0T7
9541	1427	Q01081
9541	9541	Q86U06
8585	1434	P22362
8585	8585	P51685
8226	1436	Q96G30
8226	8226	Q9HB89
6436	1438	Q6DKK2
6436	6436	Q9NPG4
9596	1442	O95429
9596	9596	Q9UHQ7
9000	1443	Q99816
9000	9000	Q9UK41
7836	1445	Q3T906
7836	7836	Q5T8D3
7164	1451	P23786
7164	7164	Q9Y6N5
7104	1453	P02549
7104	7104	Q9H254
8698	1458	O14925
8698	8698	Q3ZCQ8
7377	1461	Q12873
7377	7377	Q8N6T7
9683	1465	Q15762
9683	9683	Q96NY8
6360	1466	Q04637
6360	6360	P78344
6380	1467	O75051
6380	6380	Q9H2E6
9157	1472	O43916
9157	9157	Q9H1C3
7889	1474	P24863
7889	7889	P49336
2887	1480	Q9NV06
2887	2887	Q9BVJ6
5557	1485	P27361
5557	5557	Q05923
7185	1490	Q6P2H8
7185	7185	Q8NGC1
2297	1491	P62888
2297	2297	P61353
7739	1493	P60880
7739	7739	Q9UNK0
7188	1494	P24539
7188	7188	Q7Z4Y8
8050	1501	Q53H12
8050	8050	Q96KF7
5056	1504	O75380
5056	5056	P11233
6447	1506	O00526
6447	6447	O00322
7192	1508	Q86TI0
7192	7192	Q8IW70
6684	1513	P15927
6684	6684	Q14181
7567	1514	Q8N2Z9
7567	7567	Q96FF9
4152	1515	Q8N387
4152	4152	Q9ULC0
7532	1528	P36269
7532	7532	Q8WUX2
9633	1530	P41223
9633	9633	Q5VWI1
2953	1539	Q69YZ2
2953	2953	Q8IUW5
7476	1540	O60825
7476	7476	Q16877
7740	1542	P78414
7740	7740	Q9NP86
7419	1547	P15259
7419	7419	Q8N0Y7
6373	1548	Q8TAP6
6373	6373	Q8IW35
8625	1557	P49736
8625	8625	Q9Y5N6
7211	1558	P23526
7211	7211	Q9BV19
7216	1562	Q7Z3B1
7216	7216	Q9P121
9281	1571	Q15323
9281	9281	Q9BT49
7221	1572	Q96D96
7221	7221	Q9P2U7
9384	1573	Q03701
9384	9384	Q9NW13
7900	1578	Q8NBT2
7900	7900	Q9BZD4
7228	1590	P36957
7228	7228	Q9Y234
7229	1591	O76038
7229	7229	Q96MN5
6416	1596	Q6UWD8
6416	6416	Q14761
9097	1597	O95900
9097	9097	Q9NYY8
9243	1600	A0A2R8Y422
9243	9243	P45974
6229	1601	Q99807
6229	6229	Q8NI60
5467	1608	Q9UNX4
5467	5467	Q9BQ75
7237	1609	Q8N6V9
7237	7237	Q8NEF3
9681	1620	Q15831
9681	9681	Q9C0K7
3680	1621	Q9HCS7
3680	3680	Q6IQ49
2865	1624	Q7L590
2865	2865	P22674
8399	1626	Q8WTS1
8399	8399	Q9NST1
9640	1628	P84074
9640	9640	Q9BQG1
6310	1631	O43752
6310	6310	O14810
9689	1635	P61962
9689	9689	Q9Y463
5148	1636	Q8NCF5
5148	5148	Q9P2J9
8291	1637	O95782
8291	8291	P53680
7252	1638	P16035
7252	7252	Q9BXN1
7254	1640	Q8NFG4
7254	7254	Q9P278
7255	1643	Q5VVC0
7255	7255	Q5VXU9
7872	1645	Q6QNY1
7872	7872	Q96B45
7257	1649	P05155
7257	7257	Q92637
3880	1651	Q96QT6
3880	3880	Q8WUU5
7811	1658	Q13042
7811	7811	Q7L804
7262	1660	Q7Z6V5
7262	7262	Q96EY9
7263	1666	P46100
7263	7263	Q8NFU5
8315	1667	P17987
8315	8315	P78318
7624	1668	O95994
7624	7624	Q9NR00
5853	1675	P32243
5853	5853	Q00444
8207	1679	Q14152
8207	8207	Q7L2H7
7636	1680	Q96NT1
7636	7636	Q9ULW6
7215	1682	O60341
7215	7215	Q9UKL0
3136	1686	Q969U6
3136	3136	Q8NHM5
8737	1687	Q4G0W2
8737	8737	Q9NRW4
7210	1691	Q99471
7210	7210	Q9UHV9
8037	1693	P17509
8037	8037	Q13185
8819	1696	P06732
8819	8819	P12277
7277	1701	Q96EM0
7277	7277	Q9Y546
6484	1702	Q9Y2Y0
6484	6484	Q15723
7827	1712	P56589
7827	7827	Q9Y5Y5
7284	1717	P56962
7284	7284	Q5SQN1
7285	1718	O95171
7285	7285	Q8TAD7
7288	1722	Q9NQS7
7288	7288	Q9UQB9
9587	1723	Q4G0J3
9587	9587	Q8N5P1
7291	1734	Q9BT04
7291	7291	Q9ULD6
8919	1735	Q12918
8919	8919	Q9H228
7990	1736	Q96IJ6
7990	7990	Q9Y5P6
7381	1752	Q8TAA5
7381	7381	Q9HAV7
7332	1757	O95837
7332	7332	P57771
4102	1760	Q8NEJ9
4102	4102	Q9NY61
8912	1771	Q96Q89
8912	8912	Q9BWF2
8653	1772	Q15125
8653	8653	Q9P0S9
8088	1787	P82930
8088	8088	Q9Y676
7314	1793	Q9H008
7314	7314	Q9H0R4
6285	1794	O95980
6285	6285	Q8J025
7316	1797	P02652
7316	7316	P05090
7319	1798	Q6ZN54
7319	7319	Q6ZWE6
9188	1799	O60826
9188	9188	Q9P000
8762	1803	O75787
8762	8762	Q52LC2
8807	1804	O43291
8807	8807	P35030
6417	1805	O75717
6417	6417	Q92771
7323	1806	Q9NVR7
7323	7323	Q9Y5P8
8724	1807	P61204
8724	8724	Q9UPP2
4213	1809	Q12874
4213	4213	P08579
4202	1811	P13164
4202	4202	A0A1B0GWB2
6311	1813	Q13111
6311	6311	Q13112
7151	1820	A8K855
7151	7151	Q96JQ2
4424	1823	Q96JM7
4424	4424	Q6SPF0
7329	1824	P01178
7329	7329	P01185
8101	1827	P00414
8101	8101	Q9P298
2796	1828	Q13753
2796	2796	Q13751
7220	1830	Q5T0N1
7220	7220	Q8TBZ2
3974	1835	Q8N7H5
3974	3974	Q8WVC0
7459	1839	Q99942
7459	7459	Q9NVC3
8591	1843	Q86X19
8591	8591	Q9NPI0
4465	1847	Q9Y3Q8
4465	4465	Q9NSY0
8907	1850	P46379
8907	8907	Q8N7F7
7622	1855	Q8TC59
7622	7622	Q9H1H1
6693	1862	P35250
6693	6693	Q8WVB6
7025	1863	Q14209
7025	7025	Q5H9I0
9224	1871	P83105
9224	9224	Q92743
4758	1875	O00255
4758	4758	O75475
8332	1878	P19878
8332	8332	Q15080
8482	1879	P15313
8482	8482	P38606
8294	1880	P62277
8294	8294	Q9Y2R4
7348	1881	Q9NSD9
7348	7348	Q9Y285
7728	1883	P26368
7728	7728	Q8WU68
7349	1885	Q8N8E3
7349	7349	Q9H0A9
7350	1887	O95159
7350	7350	Q96QD8
8975	1895	P37173
8975	8975	P49447
4521	1900	Q9HD33
4521	4521	Q9BRJ2
7354	1901	Q8IZD4
7354	7354	Q9NPI6
5643	1910	Q14116
5643	5643	Q13478
9589	1912	Q13113
9589	9589	Q5BJF2
6990	1920	Q86Y78
6990	6990	Q9UHA2
7511	1921	O95807
7511	7511	P56557
7363	1922	Q8N475
7363	7363	Q9Y5R2
4924	1923	O15228
4924	4924	O00116
7679	1924	Q13144
7679	7679	Q9UI10
4015	1925	Q5TCS8
4015	4015	Q53EV4
7366	1926	P21695
7366	7366	Q8N335
7854	1931	Q6Q0C0
7854	7854	Q9Y2U5
7371	1934	Q9H293
7371	7371	Q9NRM6
2278	1940	P12319
2278	2278	P07359
7376	1944	Q12980
7376	7376	Q8WTW4
7379	1950	Q16878
7379	7379	Q96CX6
7382	1952	Q6NZY4
7382	7382	Q9Y580
8854	1953	Q6NUQ1
8854	8854	Q9UFG5
5977	1958	Q9NRX2
5977	5977	Q9NWU5
8574	1964	Q8IYD8
8574	8574	Q9BTP7
7386	1966	O60241
7386	7386	Q8TBE1
3697	1973	Q9Y3A2
3697	3697	Q96G21
9361	1975	A0A0B4J265
9361	9361	Q8WW62
7463	1977	Q8NC60
7463	7463	Q8WVM0
7390	1978	Q8WW52
7390	7390	Q9UGM5
6234	1982	O43933
6234	6234	Q13608
9538	1985	Q14008
9538	9538	Q9Y6A5
6180	1991	Q07020
6180	6180	Q68D10
4139	1996	Q9NQX5
4139	4139	A0A0G2JMH6
8167	2004	Q5T655
8167	8167	Q9BV73
9626	2007	O14964
9626	9626	Q9H788
8594	2014	P26196
8594	8594	Q9BX40
8421	2016	P0C7P4
8421	8421	Q9H7Z7
8670	2021	P27701
8670	8670	Q99075
7406	2028	Q16394
7406	7406	Q93063
9356	2029	P25208
9356	9356	Q13952
8483	2031	Q09472
8483	8483	Q9Y3Y2
6901	2036	P46439
6901	6901	Q03013
7683	2038	P61026
7683	7683	Q9NU19
9151	2040	P10599
9151	9151	P55789
9763	2044	P50402
9763	9763	Q7Z7G2
7439	2047	O60524
7439	7439	P83881
7706	2050	Q99961
7706	7706	Q99963
8188	2051	P19237
8188	8188	Q6P5Q4
7597	2062	O15270
7597	7597	Q9P0S3
7429	2063	Q16676
7429	7429	Q9H0Z9
7431	2065	A0A0B4J271
7431	7431	A0A0C4DH30
8821	2067	Q7Z5B4
8821	8821	Q9NWS8
2534	2079	O75821
2534	2534	O00571
8096	2081	P05549
8096	8096	Q92481
8648	2089	Q15836
8648	8648	Q9ULV0
9144	2090	O60602
9144	9144	Q96KB5
7453	2098	Q53SZ7
7453	7453	Q68DN1
7138	2103	P25025
7138	7138	P80162
7455	2104	Q5TC63
7455	7455	Q96DA2
5241	2108	Q13216
5241	5241	Q2YD98
2685	2110	Q15648
2685	2685	O75448
7891	2117	P84243
7891	7891	Q8WWQ0
7462	2125	O60488
7462	7462	O95573
7465	2128	P15515
7465	7465	Q8TAX7
6368	2130	Q8IYD2
6368	6368	Q8TD84
6110	2132	Q96FX2
6110	6110	Q7L8W6
7469	2143	O43395
7469	7469	Q9Y3B4
6706	2144	Q9NRG4
6706	6706	Q9Y2J2
7471	2145	P62068
7471	7471	Q8TBZ3
6574	2150	Q86V25
6574	6574	Q8N300
9579	2152	O00590
9579	9579	Q6UW15
4797	2153	Q06520
4797	4797	O43704
7475	2154	Q3B7J2
7475	7475	Q9NXC2
4373	2158	Q14563
4373	4373	Q9HCM2
9620	2160	P02452
9620	9620	Q8N474
7480	2161	P18858
7480	7480	P39748
7685	2164	Q13241
7685	7685	Q9NZC2
8169	2165	O14625
8169	8169	P47992
5411	2168	P04637
5411	5411	Q6VMQ6
7503	2171	Q14137
7503	7503	Q9GZL7
7496	2183	Q5QGZ9
7496	7496	Q8NC01
7498	2189	O60487
7498	7498	Q13021
9799	2192	P25791
9799	9799	P35711
7223	2195	O00264
7223	7223	P10632
3565	2200	O95190
3565	3565	P11926
3274	2207	O60291
3274	3274	Q9UKV5
5169	2208	Q9BQC6
5169	5169	Q8TCC3
7513	2213	Q14190
7513	7513	Q9HBZ2
8324	2214	Q14155
8324	8324	Q9Y2X7
5089	2215	P50479
5089	5089	Q9P2G9
2240	2224	Q9UBT7
2240	2240	O60941
9787	2238	Q15208
9787	9787	Q86TA1
4698	2247	Q9Y2Z9
4698	4698	Q9NZJ6
6561	2248	P07942
6561	6561	Q9Y6N6
3791	2255	Q8WWY3
3791	3791	Q53GS9
9121	2256	P23396
9121	9121	Q9NQ39
8071	2258	P62072
8071	8071	Q9Y5J7
6598	2261	Q3T8J9
6598	6598	Q96RY5
7533	2263	Q07021
7533	7533	Q8N183
7534	2265	P49321
7534	7534	Q8NC06
7538	2267	F8WCM5
7538	7538	Q5VZR2
5359	2268	P54107
5359	5359	A6ND01
7541	2271	P19022
7541	7541	Q8IYP2
7543	2275	O00584
7543	7543	O75951
7546	2281	Q49SQ1
7546	7546	Q6IF63
2355	2289	O75131
2355	2355	P04626
8400	2294	Q92797
8400	8400	Q9UKF6
8460	2300	P13984
8460	8460	P29084
8556	2301	P53582
8556	8556	Q969T3
7730	2303	P42285
7730	7730	Q13901
7553	2304	A6NLU0
7553	7553	Q6ZWI9
7253	2305	Q13217
7253	7253	Q15084
7555	2307	Q6P2I3
7555	7555	Q96GK7
8303	2309	Q8NAV1
8303	8303	Q96NC0
8210	2321	Q14832
8210	8210	Q9NS40
9432	2323	P38936
9432	9432	Q6AHZ1
3678	2326	P21926
3678	3678	P60033
6540	2329	P60900
6540	6540	Q9Y244
7569	2335	Q6PID6
7569	7569	Q9UIE0
4651	2337	Q92878
4651	4651	P49959
7572	2338	O43765
7572	7572	Q96EQ0
7573	2339	P81274
7573	7573	Q14CM0
7574	2343	P49368
7574	7574	Q92526
7577	2348	Q96I99
7577	7577	Q9P2R7
8667	2352	Q8IU57
8667	8667	Q8IZI9
7579	2353	O95219
7579	7579	Q5VWJ9
7861	2354	Q9BZE1
7861	7861	Q9NP92
9244	2361	P54253
9244	9244	Q9Y575
7582	2362	Q9BX95
7582	7582	Q9NR71
7617	2364	Q8NA54
7617	7617	Q9P2M1
7587	2369	F2Z333
7587	7587	Q5T848
7123	2380	Q86U70
7123	7123	Q9BWW4
5441	2381	Q9UHR5
5441	5441	Q96S94
7590	2387	Q2TBE0
7590	7590	Q69YN2
2713	2388	Q5TEU4
2713	2713	A1L188
3707	2389	Q6P4F2
3707	3707	A0A075B767
9526	2390	Q92890
9526	9526	Q9UNN5
2640	2393	Q9BQS8
2640	2640	Q14318
6008	2399	Q9NQQ7
6008	6008	O15375
7639	2402	P82932
7639	7639	Q96DP5
7601	2404	P20290
7601	7601	Q9BZK3
9218	2407	Q00535
9218	9218	Q13319
7603	2408	P30926
7603	7603	Q05901
7408	2409	P11172
7408	7408	Q8N8A6
9651	2410	P09172
9651	9651	P54219
7608	2415	P48201
7608	7608	Q9NWH2
9647	2423	P38117
9647	9647	Q16134
7614	2429	Q8NEW7
7614	7614	Q9UKI2
8017	2432	Q14197
8017	8017	Q9H7H0
7615	2436	Q9H598
7615	7615	Q9UJQ1
7748	2439	O75493
7748	7748	Q12860
8541	2442	A0A075B6R2
8541	8541	A0A0B4J248
7845	2444	Q8N511
7845	7845	Q96EP9
7621	2447	P12109
7621	7621	P12110
8286	2448	Q5TGZ0
8286	8286	Q5XKP0
7623	2450	P55089
7623	7623	Q96RP3
8696	2457	P15941
8696	8696	Q8N6R1
7631	2458	Q96LA8
7631	7631	Q9Y365
6567	2460	Q8WYH8
6567	6567	Q9UNL4
7501	2464	O43791
7501	7501	Q9UER7
8662	2470	Q5T0U0
8662	8662	Q9NSB8
7634	2473	Q6P9G0
7634	7634	Q8IXY8
7638	2480	P14616
7638	7638	P35568
7646	2489	Q13591
7646	7646	Q5U3C3
3598	2491	P82921
3598	3598	P82912
5001	2493	Q14213
5001	5001	Q6UWB1
6881	2495	P62995
6881	6881	Q9BPZ3
5354	2496	Q9BRG1
5354	5354	Q96H20
7649	2509	Q5VT52
7649	7649	Q9NQG5
7656	2518	Q16186
7656	7656	Q9Y5K5
8671	2522	O60566
8671	8671	Q53RE8
8779	2525	P06576
8779	8779	Q9NX36
7666	2537	Q5U4P2
7666	7666	Q9GZS9
7669	2539	Q16352
7669	7669	Q9C075
6233	2547	Q9NVS2
6233	6233	Q14764
7585	2550	O60610
7585	7585	Q2M3V2
7675	2551	Q8IVW6
7675	7675	Q99856
4886	2559	O75792
4886	4886	P0CG13
7414	2561	Q7RTV0
7414	7414	Q9BWJ5
8279	2564	A5YKK6
8279	8279	Q9NZN8
7148	2569	P27487
7148	7148	Q9H246
2852	2570	P36402
2852	2852	Q9HCM3
6951	2572	Q99426
6951	6951	Q9HB40
5293	2573	P78316
5293	5293	Q9BVI4
7688	2575	Q5JPI9
7688	7688	Q9BWN1
6141	2576	Q5TA45
6141	6141	Q9NV88
6446	2578	Q6ZSC3
6446	6446	Q8TDB6
7690	2580	Q16625
7690	7690	Q5VYY1
6473	2585	Q15047
6473	6473	Q8N8R7
9765	2587	Q16595
9765	9765	Q9UN19
8449	2593	Q8N5G2
8449	8449	Q8TDW4
9083	2595	Q53GG5
9083	9083	Q5M775
7698	2597	Q58EX2
7698	7698	Q5VXU1
6612	2600	O95707
6612	6612	Q99575
9418	2603	O43318
9418	9418	Q9NYJ8
7700	2606	O14494
7700	7700	O43688
4743	2609	P13501
4743	4743	Q6ZTQ4
2853	2610	P23229
2853	2853	A1L157
7380	2617	P06729
7380	7380	P19256
8394	2622	O60741
8394	8394	Q9Y3Q4
6048	2625	P51671
6048	6048	O60667
6512	2633	P99999
6512	6512	Q7KZN9
9539	2634	A0A5B9
9539	9539	P01733
8885	2639	A8MQ11
8885	8885	Q13670
7715	2646	Q9ULW3
7715	7715	Q9Y6V7
9293	2647	Q66GS9
9293	9293	Q99550
6596	2652	Q7Z7H8
6596	6596	Q9Y3B7
7952	2654	Q92674
7952	7952	Q9H3R5
7723	2664	Q9H221
7723	7723	Q9H222
7442	2670	Q86UN3
7442	7442	Q9BTV4
8465	2672	P49771
8465	8465	Q9NZ20
9603	2682	P58557
9603	9603	Q8IYQ7
8466	2684	P12956
8466	8466	Q9UGP5
7736	2686	O43583
7736	7736	Q9Y2P8
7742	2694	Q9BTX1
7742	7742	Q9NRG9
3202	2696	Q8NEP3
3202	3202	O75800
8217	2697	Q13418
8217	8217	Q9HBI1
8508	2699	Q4LDR2
8508	8508	Q96GL9
8646	2701	P23434
8646	8646	P48728
7754	2714	Q9H6X4
7754	7754	Q9HAB3
3581	2716	Q13371
3581	3581	P38935
8839	2738	O43913
8839	8839	Q99741
8161	2742	Q13889
8161	8161	Q92759
9113	2744	A0A0A0MS00
9113	9113	A0A0C4DH43
9105	2745	O94777
9105	9105	Q9BQB6
9024	2748	O14976
9024	9024	P57729
4594	2761	Q9UM00
4594	4594	Q9BUV8
8760	2762	P50613
8760	8760	P51948
8464	2764	Q8NA56
8464	8464	Q9H0C1
4533	2767	Q8IY57
4533	4533	Q9HAH7
7783	2769	O14558
7783	7783	Q9BQS6
7786	2770	Q8NFR9
7786	7786	Q9P0M4
7793	2780	P22033
7793	7793	Q8IVH4
8532	2782	O00311
8532	8532	Q9UBU7
7797	2783	O75581
7797	7797	P56817
7098	2785	Q9H0S4
7098	7098	Q9Y3A4
4143	2786	Q9BXI6
4143	4143	O95755
8408	2794	P48544
8408	8408	P48549
8116	2795	P05067
8116	8116	Q9Y2W7
7806	2797	Q504Q3
7806	7806	Q58A45
7075	2798	Q99467
7075	7075	Q9Y6Y9
8823	2804	O14757
8823	8823	P30305
8034	2805	P01732
8034	8034	Q9UM01
6872	2806	Q9BXY0
6872	6872	Q9H9Y2
9699	2810	Q96EC8
9699	9699	Q9BWQ6
7487	2813	Q8N9T8
7487	7487	Q9NVP1
7820	2817	P05109
7820	7820	P31151
6679	2819	P54764
6679	6679	Q9UF33
8640	2821	P18847
8640	8640	Q9NZ72
9185	2832	O43819
9185	9185	Q07157
4103	2835	Q9NUP9
4103	4103	Q5T2T1
3785	2840	P27348
3785	3785	P31946
9751	2843	O60832
9751	9751	Q96HR8
8943	2845	Q07325
8943	8943	Q6ISS4
8107	2847	Q13459
8107	8107	Q9UI47
9656	2857	O75529
9656	9656	P0C7V6
9555	2863	Q8TAD8
9555	9555	Q9BRL6
8103	2868	Q9BRN9
8103	8103	Q9BX73
4066	2870	Q86UL8
4066	4066	P60484
2944	2872	Q96J02
2944	2944	Q9Y2X8
7847	2874	Q12887
7847	7847	Q96IL0
7857	2878	P20042
7857	7857	Q9Y6E2
7853	2879	P01860
7853	7853	P31995
6513	2881	P51684
6513	6513	Q8NHW4
7858	2890	O95398
7858	7858	P49407
4937	2891	Q86XI2
4937	4937	Q6P0N0
5697	2893	Q96DF8
5697	5697	Q70Z53
6944	2894	P30622
6944	6944	Q9ULH0
7865	2903	Q13129
7865	7865	Q9NQX4
7866	2904	P48507
7866	7866	Q9UJX0
9743	2905	Q96BU1
9743	9743	Q9H1Q7
7562	2909	Q6P1L8
7562	7562	Q9UI43
7870	2910	O75147
7870	7870	Q9P2M7
7875	2915	Q969Y2
7875	7875	Q9Y2Z2
7877	2920	O00628
7877	7877	Q5I0X4
7878	2923	Q6ZQY3
7878	7878	Q9Y600
7879	2926	P11086
7879	7879	P35270
7993	2927	Q16520
7993	7993	Q16649
8673	2933	Q7Z7B7
8673	8673	Q8WTQ1
5779	2936	Q9NRU3
5779	5779	Q9H845
6075	2938	P15907
6075	6075	A0A1B0GVH4
7886	2939	Q15233
7886	7886	Q8WXF1
7751	2945	Q9BQ95
7751	7751	Q9Y375
7014	2949	Q70EK9
7014	7014	Q9UPT9
9600	2955	O43684
9600	9600	O60356
7898	2965	A6NJB7
7898	7898	Q8N815
3607	2970	Q9H201
3607	3607	Q9NZM3
7903	2974	Q12947
7903	7903	Q9Y237
7906	2976	Q5BJF6
7906	7906	Q9Y6R9
7526	2982	P08263
7526	7526	Q7RTV2
9616	2987	P00709
9616	9616	Q5K4E3
9420	2989	Q96ST3
9420	9420	Q9NP50
4665	2993	Q8WX92
4665	4665	P18615
9315	3001	P20674
9315	9315	Q5VUM1
7927	3005	Q8ND04
7927	7927	Q9H0W8
8098	3016	P19387
8098	8098	Q9H1A7
6746	3022	Q9NPD3
6746	6746	Q9Y2L1
9704	3028	P30153
9704	9704	Q9Y2T4
7374	3029	P51575
7374	7374	Q99572
4060	3032	O75347
4060	4060	P68371
7181	3033	Q96I36
7181	7181	Q9Y324
9613	3035	Q8IY92
9613	9613	Q9BQ83
7942	3036	Q15116
7942	7942	Q9BQ51
7951	3047	O15537
7951	7951	Q8NCR0
8630	3055	Q6ZMI3
8630	8630	Q9H2X0
7954	3059	O75127
7954	7954	Q6P087
7958	3065	P15169
7958	7958	P22792
7426	3071	Q8IXM6
7426	7426	Q9UH99
9742	3078	P18075
9742	9742	Q7Z5Y6
4412	3080	O75122
4412	4412	P49841
7965	3084	Q9BVA0
7965	7965	Q9BW62
9220	3086	P35613
9220	9220	Q9Y639
7974	3096	Q6NXT6
7974	7974	Q9UBS9
3801	3097	Q96H55
3801	3801	P0DP24
8631	3099	P63220
8631	8631	Q9UM13
6525	3101	Q02078
6525	6525	Q14814
7979	3104	Q13309
7979	7979	Q9UKT5
9793	3105	Q12905
9793	9793	Q96SI9
9148	3108	P01127
9148	9148	Q9NRA1
7984	3112	Q9H6Q3
7984	7984	Q9ULV8
7989	3123	Q6PP77
7989	7989	Q9H0X4
7991	3128	O00461
7991	7991	Q9Y2C2
6021	3135	P40617
6021	6021	P09629
6820	3140	Q15466
6820	6820	Q9NSE2
7995	3142	Q96BZ9
7995	7995	Q9NRW1
8560	3144	Q68E01
8560	8560	Q9NRY2
6364	3146	P51674
6364	6364	Q8TDF5
8002	3158	O14595
8002	8002	O15049
8007	3166	Q86XS5
8007	8007	Q99645
8012	3179	Q9HBM1
8012	8012	Q9NSV4
9791	3181	O00258
9791	9791	Q9UBP0
8013	3182	P04141
8013	8013	P15509
8016	3185	P68431
8016	8016	Q8N806
8020	3190	Q9NPC4
8020	8020	Q9P2B2
5518	3192	A0A0B4J275
5518	5518	A0A0C4DH41
8021	3193	Q6UW10
8021	8021	Q8IZF2
9023	3196	P61313
9023	9023	Q13610
8024	3205	O60337
8024	8024	Q96J42
9245	3212	P11912
9245	9245	P40259
9300	3214	O95298
9300	9300	Q9BSJ5
5718	3219	Q04725
5718	5718	Q04727
5532	3225	P06127
5532	5532	P55899
9707	3227	P06746
9707	9707	Q6ZNB5
8039	3231	Q14865
8039	8039	Q6PH81
3888	3232	Q92560
3888	3888	Q76L83
6571	3233	Q9BPU9
6571	6571	Q9UPM9
9660	3234	Q5JRA6
9660	9660	Q9HBU6
7619	3235	Q8IY82
7619	7619	Q9H095
8041	3240	Q5T5N4
8041	8041	Q8NHS4
8042	3241	Q6V702
8042	8042	Q8IV35
8045	3242	P23510
8045	8045	P43489
6839	3252	Q8NCE0
6839	6839	Q9BSV6
8843	3261	P0C2L3
8843	8843	P0C851
8052	3265	P04628
8052	8052	Q5T9L3
6861	3267	Q9NWK9
6861	6861	Q9NWS0
3980	3270	Q8IVL6
3980	3980	Q96TC7
8076	3271	Q86VI3
8076	8076	Q8N4T4
8454	3272	Q86X95
8454	8454	Q8TA86
5325	3286	P09912
5325	5325	Q8IXQ6
6043	3289	P42261
6043	6043	O43424
8060	3293	Q15554
8060	8060	Q9NYB0
8061	3294	O95264
8061	8061	Q8WXA8
8064	3295	O75204
8064	8064	Q7Z4F1
8738	3296	Q92747
8738	8738	Q14247
8073	3309	Q15573
8073	8073	Q53T94
4301	3314	P04234
4301	4301	P0DKX4
8082	3315	Q9BVP2
8082	8082	Q9H6F5
4320	3319	Q9UEU0
4320	4320	Q96AJ9
8085	3321	Q8NA31
8085	8085	Q8NHR7
8619	3324	Q8NFJ9
8619	8619	Q9NVQ4
7761	3327	Q96S15
7761	7761	Q9NXC5
9317	3328	O60543
9317	9317	Q96AQ7
8089	3334	A0A075B6L2
8089	8089	A0A5A2
7163	3336	Q9H6R0
7163	7163	Q9UPN9
5837	3343	Q13561
5837	5837	O75935
8097	3345	O94842
8097	8097	Q96QC0
6138	3347	Q13435
6138	6138	Q15427
8869	3349	P31040
8869	8869	Q8WV93
8218	3358	P10911
8218	8218	Q9Y3M8
5980	3359	P17568
5980	5980	P01034
8112	3375	P54802
8112	8112	Q9UK23
3419	3376	O75815
3419	3419	P56945
8114	3378	O43255
8114	8114	Q8IW03
8117	3384	P58872
8117	8117	Q9UPX0
8527	3392	Q70JA7
8527	8527	Q9P2E5
8123	3393	Q9UP83
8123	8123	Q9Y2V7
8579	3394	O14931
8579	8579	Q68D85
8124	3395	Q6PI98
8124	8124	Q9H9F9
8828	3396	Q96HY6
8828	8828	Q9Y3C8
8786	3399	Q7L5Y6
8786	8786	Q8NHY2
8971	3400	Q3MHD2
8971	8971	Q9BUT9
8128	3404	Q5BKX8
8128	8128	Q969G5
5342	3408	O75525
5342	5342	Q07666
8130	3409	P51665
8130	8130	Q15008
7351	3413	Q96CF2
7351	7351	Q9H444
8136	3424	Q9BSR8
8136	8136	Q9GZM5
8269	3425	P22087
8269	8269	Q14978
8857	3428	Q8IXH7
8857	8857	Q9H3P2
7155	3429	E0CX11
7155	7155	Q9UMD9
9033	3441	P57796
9033	9033	P62942
8147	3443	Q8TDD5
8147	8147	Q9NQA5
8651	3445	O75911
8651	8651	Q8IZV5
8150	3446	O60391
8150	8150	Q8TCU5
8540	3447	Q13601
8540	8540	Q9P031
9409	3456	P10914
9409	9409	P14316
9524	3459	Q08722
9524	9524	Q9P1W8
8959	3467	P18887
8959	8959	P49916
8164	3469	P05113
8164	8164	Q01344
3606	3471	P49862
3606	3606	Q6UWN8
8166	3474	Q7Z7A3
8166	8166	Q9BTM9
9609	3477	Q07837
9609	9609	Q92536
9776	3479	P51157
9776	9776	Q8NA23
8172	3481	Q8WZ19
8172	8172	Q9H3F6
8173	3482	Q5T1C6
8173	8173	Q8N1Q8
8174	3483	Q9BR26
8174	8174	Q9H295
9750	3489	Q9BXB1
9750	9750	Q9GZN0
8177	3491	P57071
8177	8177	Q7L592
5953	3494	O60238
5953	5953	Q658P3
9154	3497	Q9NWB7
9154	9154	Q9UG01
4735	3506	Q9HCG8
4735	4735	Q8TBK6
9586	3510	Q14657
9586	9586	Q9BXV9
8193	3513	Q15828
8193	8193	Q99538
7799	3514	Q69YU5
7799	7799	Q8WVI0
4027	3523	P38432
4027	4027	O14735
9032	3528	Q96LK0
9032	9032	Q9UBK7
8199	3530	Q9NPE2
8199	8199	Q9Y2Z4
9031	3533	O00585
9031	9031	Q9UQV4
8287	3539	Q53S33
8287	8287	Q92947
7196	3543	P35232
7196	7196	Q99623
8205	3544	O43148
8205	8205	Q9BTL3
6322	3547	P13807
6322	6322	P46976
4106	3548	Q5H9R7
4106	4106	Q86YR5
4656	3550	Q6DKJ4
4656	4656	Q8N2Q7
9450	3551	P12643
9450	9450	P43026
7042	3566	P62805
7042	7042	Q8WXX5
9614	3568	O14744
9614	9614	Q9BQA1
6061	3579	Q9NRQ5
6061	6061	Q96GZ6
9375	3582	P51398
9375	9375	Q7Z3J3
8225	3583	Q92547
8225	8225	Q9NYP3
3949	3586	Q99595
3949	3949	Q5SRD1
9331	3597	Q04900
9331	9331	Q86TY3
5369	3605	Q9NV29
5369	5369	C9JVW0
8235	3611	P02741
8235	8235	P22083
4816	3615	P49411
4816	4816	Q9C086
4207	3625	Q9BST9
4207	4207	Q9C0D3
4885	3629	P0DN84
4885	4885	A0A1B0GU29
8246	3631	P49768
8246	8246	Q9NZ42
8247	3632	P13725
8247	8247	Q99650
9062	3636	O75879
9062	9062	Q5JPH6
8249	3637	P51572
8249	8249	Q9UHQ4
8250	3638	P09326
8250	8250	Q9BZW8
8256	3652	P55795
8256	8256	Q9BR39
8926	3653	Q6IAA8
8926	8926	Q6ZSJ8
7591	3655	Q5HYK3
7591	7591	Q96I23
6741	3659	Q9H9S4
6741	6741	Q9Y6E0
5299	3660	Q8N9A8
5299	5299	O95476
7437	3666	P01579
7437	7437	P38484
7975	3667	Q15113
7975	7975	Q9H7Y0
8265	3668	P05408
8265	8265	P16519
9697	3669	P07305
9697	9697	Q13243
8266	3671	Q8NA58
8266	8266	Q9Y2W6
9550	3673	Q8N8D1
9550	9550	Q96LT9
8272	3681	P11230
8272	8272	Q07001
8274	3685	Q6ZMI0
8274	8274	Q8NB37
5565	3694	P54725
5565	5565	Q01831
8280	3698	P31025
8280	8280	P41222
8283	3701	Q9H4I9
8283	8283	Q9NWR8
7395	3711	Q9BYN8
7395	7395	Q9Y3D3
5016	3720	O75083
5016	5016	P23528
8293	3724	Q6UXV4
8293	8293	Q9BWQ8
8129	3735	Q9NQ55
8129	8129	Q9NY93
9319	3738	Q9H0D6
9319	9319	Q9NXV6
6888	3741	Q7Z4T9
6888	6888	Q86UN6
8304	3746	B7Z8K6
8304	8304	P03986
8493	3748	A6NFT4
8493	8493	Q6P9F0
7522	3751	Q7RTX7
7522	7522	Q9H7T0
6308	3753	Q9UJ41
6308	6308	Q9H5N1
9494	3754	P62495
9494	9494	Q8IYD1
9202	3756	P78317
9202	9202	Q9Y3E0
9443	3758	P35659
9443	9443	Q9NYZ3
8600	3760	Q5JSS6
8600	8600	Q96M98
6819	3763	Q01804
6819	6819	Q9H765
8312	3765	O75494
8312	8312	Q8N7E2
8340	3766	P43308
8340	8340	Q9UNL2
8313	3767	A0A096LP01
8313	8313	Q9BQD7
5912	3786	Q9H270
5912	5912	Q9P253
6325	3788	A8MU46
6325	6325	Q5VWP2
9558	3789	Q15131
9558	9558	Q96N46
8826	3792	P01215
8826	8826	P01225
5184	3803	P36405
5184	5184	O75695
9700	3804	O14649
9700	9700	Q03721
8330	3816	Q6FI81
8330	8330	Q9UHB4
6568	3819	P06753
6568	6568	P67936
8372	3822	Q10713
8372	8372	Q8WV74
9505	3823	O00401
9505	9505	Q96RU3
4421	3824	Q6DN03
4421	4421	Q96BS2
8335	3832	Q9NX95
8335	8335	Q9UPT6
4370	3834	O75718
4370	4370	Q32P28
4360	3835	O94769
4360	4360	P54826
4558	3837	P78556
4558	4558	P01033
9452	3844	Q96QG7
9452	9452	Q9Y216
7142	3850	Q9H8T0
7142	7142	Q9UJC3
8586	3854	P15814
8586	8586	P01772
6247	3855	Q19T08
6247	6247	A0A1B0GW64
7517	3859	P19793
7517	7517	Q9Y6Q9
8349	3860	P55036
8349	8349	Q9GZP4
9530	3882	P15056
9530	9530	Q6VAB6
8368	3884	Q5T2S8
8368	8368	Q96NG3
8370	3889	Q8TC36
8370	8370	Q9NPE6
9241	3894	Q68DK7
9241	9241	Q9H7Z6
9419	3898	P22001
9419	9419	Q16322
9073	3899	P21912
9073	9073	Q99643
4958	3900	Q96BT3
4958	4958	Q5EE01
9554	3904	O94880
9554	9554	Q9UGU0
7057	3906	P78560
7057	7057	Q9HB75
7093	3908	Q15485
7093	7093	Q6UWY2
8380	3919	P54852
8380	8380	Q96CE8
6260	3920	P05166
6260	6260	P05165
9262	3921	P19397
9262	9262	Q8N609
9204	3922	P62380
9204	9204	Q8TE85
4083	3925	P30279
4083	4083	P30281
8875	3929	P48539
8875	8875	Q9BZI1
4652	3930	Q01638
4652	4652	O95760
5217	3933	Q13227
5217	5217	Q0VDD7
9340	3941	P17174
9340	9340	Q6YP21
5439	3955	Q9BRR8
5439	5439	Q9H5Z1
5203	3960	Q5VZV1
5203	5203	Q96AP4
9669	3967	P14625
9669	9669	Q6UXH1
8407	3968	Q08AM6
8407	8407	Q92562
7115	3971	Q9UJT9
7115	7115	Q9Y4K3
6528	3973	Q13702
6528	6528	Q6P2E9
8413	3979	O75106
8413	8413	Q16853
9167	3983	P35913
9167	9167	Q7L0X0
7071	3984	Q9BUE6
7071	7071	Q9UMS0
8697	3986	P46977
8697	8697	Q9H6D8
8417	3989	Q16816
8417	8417	Q16821
8418	3990	O00757
8418	8418	P09467
8419	3991	Q9UNG2
8419	8419	Q9Y5U5
4405	3993	Q9NVM1
4405	4405	O95136
8423	3994	Q9HCN4
8423	8423	Q9UHW5
6009	4000	Q96EL3
6009	6009	Q8IUX1
7915	4005	Q9H300
7915	7915	Q9H3K2
8694	4008	P51168
8694	8694	P51170
7238	4017	P42566
7238	7238	Q9UBC2
8437	4021	Q9Y678
8437	8437	Q9Y689
8074	4022	Q8N4V1
8074	8074	Q9Y3B6
8441	4026	P05091
8441	8441	P30837
8973	4028	Q8NEZ3
8973	8973	Q96FT9
8444	4031	P10809
8444	8444	P61604
8447	4038	Q13795
8447	8447	Q8N336
7712	4047	P50552
7712	7712	Q9UI08
9714	4051	D3W0D1
9714	9714	Q6UVW9
8072	4053	Q8N8I0
8072	8072	Q9BYL1
8450	4054	Q9C0J9
8450	8450	Q9NX45
9383	4062	P50542
9383	9383	Q86WA8
8790	4068	O15444
8790	8790	P46092
8469	4084	Q9Y6H6
8469	8469	Q9Y6J6
8476	4094	P17980
8476	8476	P62333
8477	4096	P41743
8477	8477	Q9BYG4
8110	4099	Q99755
8110	8110	Q96IS3
7083	4100	A0A1B0GUL7
7083	7083	P63241
8479	4101	Q6UW56
8479	8479	Q8NCC5
8480	4105	Q5JRS4
8480	8480	V9GZ13
8192	4109	Q9H9L4
8192	8192	Q9P2N6
6719	4112	O95257
6719	6719	Q9Y6R4
8485	4116	P13385
8485	8485	Q495W5
7694	4129	Q6WBX8
7694	7694	Q99638
8665	4130	Q7RTX0
8665	8665	Q9BY71
8929	4131	Q15287
8929	8929	Q9H307
9175	4140	P02792
9175	9175	P02794
8502	4156	A1L1A6
8502	8502	A8MTB9
6886	4158	Q9BXS4
6886	6886	Q9UBV7
6727	4160	Q99836
6727	6727	Q9NWZ3
7880	4164	O60216
7880	7880	Q9UQE7
7400	4166	Q14526
7400	7400	Q96JB3
8509	4169	P04066
8509	8509	Q9BTY2
8472	4174	Q9UIV1
8472	8472	Q9NP90
8515	4175	Q5RI15
8515	8515	Q8N8Q8
9687	4176	Q5D0E6
9687	9687	Q6P1Q9
9223	4177	P57087
9223	9223	Q99678
9388	4178	Q96S44
9388	9388	Q9Y3C4
7963	4184	P21453
7963	7963	Q9H0R3
8523	4188	Q8TE04
8523	8523	Q9H999
4749	4191	Q9BSE4
4749	4749	Q5BKT4
6508	4195	Q96GE6
6508	6508	Q14012
8533	4196	O95343
8533	8533	Q9Y2V3
9153	4204	P62841
9153	9153	Q93073
8991	4205	P36543
8991	8991	Q96LB4
8535	4208	Q6UXV0
8535	8535	Q99988
5760	4209	Q9BVX2
5760	5760	Q96A25
5413	4210	Q9H7B4
5413	5413	Q9HAZ2
8544	4226	Q5RL73
8544	8544	Q9H6L4
8547	4230	P13489
8547	8547	Q9H1E1
8550	4233	P98187
8550	8550	Q8WVD5
8551	4236	P22301
8551	8551	Q13651
8783	4250	P62316
8783	8783	Q8WVK2
8563	4261	P27469
8563	8563	Q9Y241
6711	4262	Q6I9Y2
6711	6711	Q96FV9
8909	4270	Q6JVE5
8909	8909	Q6ZST4
8569	4271	P15291
8569	8569	P78381
4822	4273	A6NKL6
4822	4822	F5H4A9
8570	4278	P07711
8570	8570	Q6XZB0
8571	4279	Q69YG0
8571	8571	Q8WY98
8582	4289	Q969S9
8582	8582	Q96E11
8584	4297	P49354
8584	8584	P53609
8587	4307	Q8WVF1
8587	8587	Q9H977
8588	4313	Q96KN7
8588	8588	Q9P0W8
9395	4315	P06865
9395	9395	Q99726
8590	4316	Q8N1G1
8590	8590	Q9BY27
8422	4318	Q96Q45
8422	8422	Q9ULX7
8598	4337	Q9BXR0
8598	8598	Q9H974
5324	4339	Q8NFH4
5324	5324	Q8WYP5
5315	4352	P41273
5315	5315	Q07011
7581	4357	O76096
7581	7581	Q8NDC4
8611	4358	Q9UJT0
8611	8611	Q9UJT1
6099	4392	A0A087X0M5
6099	6099	P01743
8633	4393	O43299
8633	8633	Q9NUS5
8638	4403	Q96RQ3
8638	8638	Q9HCC0
6954	4406	Q99570
6954	6954	Q9P2Y5
7722	4408	Q6F5E8
7722	7722	Q2KJY2
9139	4409	O75150
9139	9139	Q9BTA9
9623	4414	Q06546
9623	9623	Q8TAK5
8647	4418	P54855
8647	8647	Q6UWM9
8657	4430	Q3KP66
8657	8657	Q8N302
8659	4434	O95563
8659	8659	P0DKB6
9516	4443	A1L190
9516	9516	Q15431
7962	4454	Q96B97
7962	7962	Q9Y5K6
9377	4460	Q5VTB9
9377	9377	Q9NQZ6
4717	4466	O60841
4717	4717	P62266
8683	4475	Q8NC42
8683	8683	Q8TCQ1
9545	4479	P54198
9545	9545	Q6ZU65
8689	4488	Q9H267
8689	8689	Q9H9C1
8555	4493	P30049
8555	8555	Q5VTU8
7122	4495	Q96IZ0
7122	7122	Q9UQ03
5262	4496	O00193
5262	5262	Q86UY6
4925	4498	Q8IZX4
4925	4925	A0A1W2PP81
7977	4522	Q8N442
7977	7977	Q9HA92
8699	4523	P21673
8699	8699	Q96F10
8702	4528	Q8WU90
8702	8702	Q9Y295
8707	4539	P09525
8707	8707	P20073
7755	4541	Q9GZS1
7755	7755	Q9P1U0
8709	4544	Q9H967
8709	8709	Q9NRZ9
8716	4560	Q8IUA0
8716	8716	Q8WXA2
8752	4561	P13498
8752	8752	Q9HBY0
8717	4562	Q8NGL0
8717	8717	Q9GZP7
7050	4565	Q96FW1
7050	7050	Q9Y385
9641	4575	O75197
9641	9641	Q9Y6F9
6515	4592	Q969T9
6515	6515	Q9UBY9
8704	4596	Q9BW71
8704	8704	Q9NZC7
9542	4605	P30301
9542	9542	P55064
9748	4607	Q5XG87
9748	9748	Q9C0B9
7907	4608	Q5VU65
7907	7907	Q96SK2
8643	4609	O15126
8643	8643	O15127
8734	4611	Q8WVL7
8734	8734	Q9UIM3
8739	4619	Q9BSU1
8739	8739	Q9H6U6
7246	4630	P12694
7246	7246	P21953
8742	4633	Q15696
8742	8742	Q8TBF4
8744	4636	Q6UX41
8744	8744	Q6UXE8
8522	4653	Q9BWL3
8522	8522	Q9P2E8
7322	4661	Q86UD0
7322	7322	Q8WUY9
8751	4663	P80217
8751	8751	Q13287
8917	4669	Q9NZ63
8917	8917	Q9UBB4
8756	4678	Q9BRK4
8756	8756	Q9Y250
8763	4682	P04080
8763	8763	Q9BPY8
8764	4685	Q8WV07
8764	8764	Q9NRH1
8768	4691	A0FGR8
8768	8768	Q9BSJ8
8770	4696	P49591
8770	8770	Q8TCB7
8775	4702	O15305
8775	8775	Q92871
8776	4703	Q9UKY4
8776	8776	Q9Y6A1
9199	4707	O60938
9199	9199	Q16674
8782	4711	Q8N5K1
8782	8782	Q9NZ45
7249	4712	Q8IWT3
7249	7249	Q9H2X6
8564	4715	Q99626
8564	8564	Q9UGL1
4878	4726	P55212
4878	4878	P42574
6044	4727	Q8NC24
6044	6044	P78382
7684	4736	Q8TAV0
7684	7684	Q9UPN6
5376	4737	Q04206
5376	5376	P49588
8800	4738	Q8TCG2
8800	8800	Q9Y2H2
8805	4741	Q86T13
8805	8805	Q8NGK5
5348	4744	Q9H668
5348	5348	Q86WV5
8808	4747	Q96FT7
8808	8808	Q9UHC3
6122	4753	Q8N4K4
6122	6122	P60606
8292	4755	P42773
8292	8292	Q8WTS6
9307	4760	O43623
9307	9307	Q99811
6177	4764	Q86US8
6177	6177	Q9UPR3
8825	4769	Q8N5M9
8825	8825	Q9H0Q3
7367	4778	Q16585
7367	7367	Q92629
8838	4791	P54278
8838	8838	Q9UQ84
8842	4795	P51787
8842	8842	Q96L42
6303	4805	Q96CS3
6303	6303	Q8NBM4
9649	4813	Q14721
9649	9649	Q8TAE7
6105	4817	O14607
6105	6105	Q6ZMT4
8851	4818	P04183
8851	8851	Q15262
8887	4819	Q86U42
8887	8887	Q9P2N5
7946	4825	Q5PRF9
7946	7946	Q9UPU9
6721	4827	Q7Z4H7
6721	6721	Q9NVX0
8852	4829	Q86SQ9
8852	8852	Q96E22
8856	4834	Q9H0U9
8856	8856	Q9UJ04
4915	4837	Q56NI9
4915	4915	P08397
5502	4838	Q9NXR8
5502	5502	Q9BTT0
8860	4843	Q6ZU80
8860	8860	Q7Z7A1
7144	4849	Q2WEN9
7144	7144	Q9H3S3
5182	4850	Q8IZA0
5182	5182	P0C6S8
8911	4851	Q10586
8911	8911	Q9C0C6
8872	4858	Q1ZZU3
8872	8872	Q86XK3
8878	4865	O95633
8878	8878	Q9BQ16
7044	4872	Q9UKW4
7044	7044	Q9UM73
8888	4887	Q8NFJ5
8888	8888	Q9H3R2
8674	4893	P53611
8674	8674	Q7Z6K3
9595	4897	P04118
9595	9595	P16233
9408	4899	O43447
9408	9408	O75554
5933	4906	Q9BZI7
5933	5933	A6PVI3
7805	4910	Q01629
7805	7805	Q86YT9
8898	4914	Q8IXM2
8898	8898	Q9UGU5
8899	4916	Q6UX07
8899	8899	Q8NE62
8900	4917	Q9P2S5
8900	8900	Q9Y2D8
5447	4921	Q9BYU1
5447	5447	P40426
8903	4922	P57105
8903	8903	Q8TAA9
9302	4923	P04233
9302	9302	Q9NRN5
8906	4926	Q96EK9
8906	8906	Q9H9T3
5602	4929	Q8WXD5
5602	5602	Q9UHI6
6735	4940	O00522
6735	6735	Q9BSQ5
5032	4955	Q01151
5032	5032	P16070
7758	4963	Q96D31
7758	7758	Q9BRQ5
9008	4968	Q6ZW49
9008	9008	Q9BTK6
6319	4969	Q9H8L6
6319	6319	Q9NPY3
6315	4970	Q9NY27
6315	6315	Q6ZMV5
8922	4972	Q96R06
8922	8922	Q9Y448
8924	4975	O15146
8924	8924	Q18PE1
8605	4979	Q6AI39
8605	8605	Q9H8M2
9570	4992	Q6MZW2
9570	9570	Q9UPZ6
9279	5006	Q7Z392
9279	9279	Q8WVT3
8341	5008	P62699
8341	8341	Q15652
9454	5012	P40189
9454	9454	Q9Y251
8948	5014	P05089
8948	8948	P78540
9653	5018	P78508
9653	9653	Q14654
8954	5024	O14490
8954	8954	Q4FZB7
8956	5025	O75891
8956	8956	Q3SY69
8958	5030	P21397
8958	8958	P31937
9114	5034	Q92545
9114	9114	Q9NV64
6140	5037	Q8TBC4
6140	6140	Q969M7
9785	5041	O15042
9785	9785	Q9BQ61
9574	5054	O43889
9574	9574	Q2NL98
5238	5058	Q8TE99
5238	5238	Q52LW3
8982	5063	Q9BVK2
8982	8982	Q9Y672
8983	5066	Q9UKD1
8983	8983	Q9Y692
8985	5070	Q7KZF4
8985	8985	Q96AG4
8987	5078	Q9BSD3
8987	8987	Q9NRR1
8988	5082	Q15631
8988	8988	Q99598
7090	5083	P08697
7090	7090	P20851
8015	5086	Q96SB8
8015	8015	Q9BQI6
8990	5087	P24298
8990	8990	Q8TD30
8796	5093	P21810
8796	8796	P48307
9005	5105	A6NJT0
9005	9005	Q9NPC8
9007	5106	Q5T2R2
9007	9007	Q86YH6
6057	5111	P55197
6057	6057	Q8TEK3
9010	5112	Q58A44
9010	9010	Q6ZP82
9675	5113	P32322
9675	9675	Q96C36
6752	5126	Q7Z6J8
6752	6752	Q9NVR5
9016	5127	Q9UKB1
9016	9016	Q9Y297
8426	5131	Q9H790
8426	8426	Q9P0K7
9021	5137	Q01534
9021	9021	Q86VY4
9537	5143	P05026
9537	9537	Q7L4S7
9459	5144	Q15041
9459	9459	Q8NC44
9025	5151	P18505
9025	9025	Q9GZZ6
9028	5156	Q53F19
9028	9028	Q96J01
7699	5158	O60237
7699	7699	Q9Y5S2
8723	5159	Q5TKA1
8723	8723	Q9Y4I5
9030	5160	O43488
9030	9030	O95154
8947	5162	Q9Y221
8947	8947	Q9BRJ6
9194	5168	Q8NB25
9194	9194	Q9ULE4
9676	5176	Q9NQY0
9676	9676	Q8N4S9
9046	5181	Q8N543
9046	9046	Q96E09
9057	5208	Q01850
9057	9057	Q86X02
9061	5213	O60519
9061	9061	Q8IUR6
9063	5218	P60981
9063	9063	Q86VQ3
9067	5227	Q5T890
9067	9067	Q9BWK5
9078	5240	A5D8V7
9078	9078	Q96M63
7064	5248	O00463
7064	7064	Q13114
9283	5259	Q969Q1
9283	9283	Q9BYV2
8221	5263	O75449
8221	8221	Q9H079
7655	5267	Q9NQC8
7655	7655	Q96G28
7881	5275	Q8N5T2
7881	7881	Q9BSH3
6401	5289	Q9H0F5
6401	6401	A0A1B0GUS4
7393	5290	Q9H3N1
7393	7393	Q9NZ53
9102	5292	Q8NET5
9102	9102	Q9GZW8
7509	5314	P17948
7509	7509	P49763
6856	5326	Q8TCB6
6856	6856	Q9H7M9
9120	5329	Q86UW1
9120	9120	Q86UW2
9721	5330	Q16637
9721	9721	Q96DB2
7527	5346	O15131
7527	7527	Q8WUJ0
9137	5357	Q9P013
9137	9137	Q9Y314
8942	5364	Q12840
8942	8942	Q9NSK0
6644	5370	Q9BTE7
6644	6644	Q6PH85
9142	5372	A6PVY3
9142	9142	Q8N485
9150	5382	Q96AQ8
9150	9150	Q9GZT6
9342	5386	Q9NVH1
9342	9342	Q9NVT9
9786	5395	P09105
9786	9786	Q9NZD4
6865	5396	Q14833
6865	6865	Q9UPU3
9155	5397	O75477
9155	9155	O94905
6621	5399	Q9UQB8
6621	6621	Q9Y566
9159	5402	Q9BWT6
9159	9159	Q9P2W1
9160	5403	O75563
9160	9160	Q86WV1
9162	5404	Q3B726
9162	9162	Q9NYV6
5538	5423	Q19AV6
5538	5538	Q6NVH7
8046	5424	P13497
8046	8046	P55075
5828	5425	P53675
5828	5828	P09497
9172	5427	O75363
9172	9172	Q96FQ6
9345	5432	P05161
9345	9345	Q9UMW8
9182	5443	P60331
9182	9182	Q6L8H4
9183	5444	P00995
9183	9183	P04155
9484	5445	Q8N0V3
9484	9484	Q9H4B0
9190	5450	C9JSJ3
9190	9190	Q7Z7C7
9195	5458	Q9UMX5
9195	9195	Q9UNK4
9198	5461	A0A087X0K7
9198	9198	A0A0A6YYC5
6462	5464	P29972
6462	6462	O94778
7073	5468	Q9UBB9
7073	7073	Q9Y5B6
6277	5481	Q9GZX6
6277	6277	Q8N6P7
9214	5494	Q8IWT6
9214	9214	Q8TDW0
9217	5500	Q96BF3
9217	9217	Q9UM44
9012	5506	Q16584
9012	9012	Q5TCX8
8383	5507	P04075
8383	8383	P09972
9661	5513	P43699
9661	9661	Q96KW2
7311	5533	P61457
7311	7311	Q9NQE9
7405	5534	Q8WW12
7405	7405	Q9BQE9
9247	5552	A6NCI4
9247	9247	Q8N9B4
8803	5555	Q9NXL9
8803	8803	Q9UJA3
9186	5556	P08572
9186	9186	Q14031
8307	5562	Q9NZ52
8307	8307	Q9UJY5
9257	5563	Q2M2W7
9257	9257	Q8TER0
7665	5576	P28906
7665	7665	Q9Y5Y7
6317	5584	Q9BZE4
6317	6317	Q8TDD1
9275	5586	Q6NXT4
9275	9275	Q8TAD4
6982	5597	Q93097
6982	6982	Q9H237
9289	5613	O14672
9289	9289	P62079
9291	5615	P09681
9291	9291	Q9HCR9
8743	5616	Q9Y230
8743	8743	Q9Y265
7094	5622	Q9H081
7094	7094	Q9H410
9296	5633	Q96ST8
9296	9296	Q9HBI5
9298	5635	P18577
9298	9298	Q02094
7236	5637	Q96EU6
7236	7236	Q9Y4C8
6111	5640	Q9UDW1
6111	6111	Q8TBM7
9299	5641	P08571
9299	9299	P18428
6024	5646	Q9H1Y0
6024	6024	Q8NAA4
7089	5649	Q9H3T2
7089	7089	Q9UIW2
9306	5657	O14732
9306	9306	P29218
9310	5660	A8MZ59
9310	9310	Q8N5W8
9311	5664	Q07326
9311	9311	Q8TEQ8
9722	5667	Q6UXL0
9722	9722	Q9UHD0
9324	5686	O14626
9324	9324	Q8NGH5
9325	5689	P20132
9325	9325	Q96GA7
9662	5696	A6NFU0
9662	9662	Q6P7N7
9336	5703	Q5I0X7
9336	9336	Q7Z465
7449	5707	Q9NR31
7449	7449	Q9Y6B6
9347	5712	Q9H3J6
9347	9347	Q9P0P8
9405	5714	Q15013
9405	9405	Q15645
9301	5716	Q13387
9301	9301	Q8N461
9350	5721	A0A1B0GU33
9350	9350	A0A1B0GUV7
9352	5723	Q2KHT3
9352	9352	Q9H4P4
6249	5728	Q9BXT6
6249	6249	Q8WWH4
8542	5732	Q6PRD1
8542	8542	Q6ZS82
9358	5733	Q86WK6
9358	9358	Q9HCP6
5806	5736	Q8TCY5
5806	5806	Q01718
9364	5739	Q6IQ20
9364	9364	Q9H2X3
6358	5742	Q96EB1
6358	6358	Q8TE02
8996	5762	O14520
8996	8996	Q92482
9376	5764	O43315
9376	9376	Q96PS8
9385	5776	Q6HA08
9385	9385	Q96IQ7
7069	5778	Q9UI30
7069	7069	Q9Y5N5
9391	5786	O43657
9391	9391	O60636
9790	5788	Q56P03
9790	9790	Q9Y222
8514	5804	Q6ZMZ3
8514	8514	Q9UPV0
9403	5815	Q32P41
9403	9403	Q96MW1
9404	5818	Q96F25
9404	9404	Q9NP73
9407	5819	A0A1B0GX95
9407	9407	Q5MY95
8212	5843	P24394
8212	8212	P78552
7829	5854	Q53EP0
7829	7829	Q6PEZ8
9425	5856	P18850
9425	9425	Q99941
9427	5859	P11117
9427	9427	Q99500
9104	5871	O15013
9104	9104	Q9HCE6
8634	5874	P41091
8634	8634	Q2VIR3
8121	5883	P78504
8121	8121	Q04721
9437	5885	Q658L1
9437	9437	Q7Z5A4
6754	5887	Q9BSJ2
6754	6754	Q9UGJ1
9438	5891	Q92608
9438	9438	Q96JJ3
9439	5892	P01308
9439	9439	P14138
8151	5902	Q8N2U9
8151	8151	Q9NYL4
6301	5924	Q96T91
6301	6301	Q86YW7
9455	5927	Q9UGN4
9455	9455	Q9Y5P0
9456	5930	Q5VSG8
9456	9456	Q9C0D6
6870	5935	O75144
6870	6870	Q9Y6W8
5965	5957	P83859
5965	5965	Q16570
8767	5961	Q12798
8767	8767	Q9BR09
9477	5963	Q13634
9477	9477	Q8IZP7
9478	5964	A8MW99
9478	9478	Q7Z4M0
9480	5967	Q9NXR5
9480	9480	Q9Y4C5
7789	5975	P09923
7789	7789	P10696
9485	5981	Q3ZCW2
9485	9485	Q8WUA8
6381	5982	Q9GZZ1
6381	6381	Q9BSU3
9487	5983	O15260
9487	9487	P24390
9491	5989	P22891
9491	9491	Q9UK55
9048	6000	Q7L985
9048	9048	Q9BZA7
9504	6004	Q96NR3
9504	9504	Q9P2E7
9508	6015	Q8WWB7
9508	9508	Q9H3U5
8373	6016	Q9Y3C0
8373	8373	Q9Y4E1
9686	6023	P52292
9686	9686	Q9H8W3
9513	6025	B9EJG8
9513	9513	Q969W9
9515	6035	Q9H714
9515	9515	Q9HAI6
7959	6042	O75460
7959	7959	Q9UHI5
9178	6053	Q8N1L9
9178	9178	Q9UEW3
9525	6058	O75955
9525	9525	Q14254
9529	6063	Q12934
9529	9529	Q13515
9531	6065	Q86U44
9531	9531	Q9HCE5
9533	6068	P49418
9533	9533	Q9UBW5
6361	6073	Q8NEN9
6361	6361	Q9BZB8
9540	6077	P22557
9540	9540	Q9UHF1
9544	6085	A8MWY0
9544	9544	P0CG40
9546	6088	Q96DC7
9546	9546	Q9HCD5
8641	6094	Q719H9
8641	8641	Q96SI1
8890	6096	P46734
8890	8890	Q9UL54
9666	6100	P62502
9666	9666	P80188
9553	6102	P35790
9553	9553	Q9Y259
9556	6107	A0A075B6L6
9556	9556	A0A0B4J249
9564	6121	Q7L2K0
9564	9564	Q86SX3
9366	6128	Q86UE4
9366	9366	Q96DB5
9567	6130	Q9HCM1
9567	9567	Q9NXE4
8361	6134	Q9H0H5
8361	8361	Q9H8V3
9145	6136	Q15738
9145	9145	Q9UBS3
9575	6142	Q16760
9575	9575	Q86XP1
6576	6143	Q0VAM2
6576	6576	Q9NR12
6907	6155	P09093
6907	6907	P15085
8793	6157	Q3B7T1
8793	8793	Q9UK59
9580	6159	Q6AZY7
9580	9580	Q70UQ0
7333	6174	Q8N5A5
7333	7333	Q9UQF2
8610	6183	Q6ZSZ5
8610	8610	Q8N1W1
6806	6184	Q9Y2R0
6806	6806	Q9Y6C9
9272	6188	Q9NP77
9272	9272	Q9ULW5
9593	6190	P57775
9593	9593	Q03167
9594	6191	O95239
9594	9594	Q2VIQ3
9657	6193	Q8TBN0
9657	9657	Q9Y272
7919	6198	Q99653
7919	7919	Q96LZ3
8873	6207	A0A1B0GVX0
8873	8873	Q9P2W3
9602	6213	O94808
9602	9602	Q06210
9604	6214	Q9BRT2
9604	9604	Q9NVA1
9605	6216	Q8IZ16
9605	9605	Q9NTU4
8297	6218	Q96B21
8297	8297	Q96IW7
6293	6221	O95140
6293	6293	Q96AG3
9749	6224	P07357
9749	9749	P13987
6464	6226	Q9GZP9
6464	6464	Q5TEA6
8884	6227	Q3SXY8
8884	8884	Q9NRR6
9611	6228	P29122
9611	9611	Q92824
9617	6240	Q5MJ09
9617	9617	Q86W67
9077	6245	Q92535
9077	9077	Q9H2C2
8404	6246	Q9BZV1
8404	8404	Q9H867
9622	6251	P03979
9622	9622	P0CF51
9629	6263	P16278
9629	9629	Q8IXQ3
9630	6266	O60500
9630	9630	Q6UWL6
7364	6278	Q5SV17
7364	7364	Q8N111
9130	6279	Q5VZL5
9130	9130	Q7Z3K3
6552	6284	Q9BQ67
6552	6552	Q9H7E9
7802	6287	Q6UWP7
7802	7802	Q6PCD5
9638	6289	P27707
9638	9638	Q16854
8333	6291	Q9H0I2
8333	8333	Q9NZQ3
9642	6294	P55809
9642	9642	Q9BYC2
8244	6297	O95057
8244	8244	Q9NPG2
6400	6306	Q96CJ1
6400	6400	Q96JC9
6756	6312	Q16633
6756	6756	Q9Y5R4
9659	6316	O94788
9659	9659	P00352
8227	6329	Q8NDY8
8227	8227	Q9H7X2
9674	6332	P36404
9674	9674	Q15814
9670	6333	Q8IWA5
9670	9670	Q8IYP9
8500	6338	P07550
8500	8500	Q15599
9678	6351	P57081
9678	9678	Q9UBP6
9684	6355	O15123
9684	9684	P61812
9055	6356	Q8N0W5
9055	9055	Q96M32
9691	6363	Q8NAU1
9691	9691	Q9H2H9
8727	6365	Q969Q0
8727	8727	Q9NVU7
8853	6366	P39877
8853	8853	Q6IE38
7334	6367	Q9NQC7
7334	7334	Q9UM82
9701	6372	P02753
9701	9701	Q9BX79
9703	6375	Q9BTY7
9703	9703	Q9NXK8
7613	6383	P41597
7613	7613	Q96LB1
9708	6384	Q86UA1
9708	9708	Q9NX07
8609	6385	P48023
8609	8609	Q9Y275
9709	6388	Q7Z4L9
9709	9709	Q9C0I9
9777	6393	P00492
9777	9777	Q8N9Q2
9735	6420	P08588
9735	9735	Q7Z7M9
8065	6421	Q8N371
8065	8065	Q9ULR0
9738	6423	P57059
9738	9738	Q8NFW5
9741	6428	O43708
9741	9741	Q0Z7S8
6517	6433	Q9NZ43
6517	6517	P33947
6948	6434	Q9UII2
6948	6948	Q8IYX4
9758	6456	Q68DU8
9758	9758	Q96CX2
9761	6459	Q8N3Z6
9761	9761	Q8NDF8
9769	6469	Q86YW0
9769	9769	Q96LM6
9782	6483	O95727
9782	9782	Q14330
9783	6485	Q12908
9783	9783	Q6UXZ0
9784	6489	Q8N0Z6
9784	9784	Q9BY12
9788	6495	Q9BRX2
9788	9788	Q9Y450
7790	6504	Q9BV86
7790	7790	Q9UKD2
6743	6523	Q0D2K3
6743	6743	Q8TC17
8321	6530	Q5JVF3
8321	8321	Q96PV6
9802	6535	P0C7U1
9802	9802	Q8WUH1
7290	6557	Q86VH5
7290	7290	Q14CZ8
8520	6779	Q7L2Z9
8520	8520	Q9BU64
7450	6864	Q9NWU2
7450	7450	Q9H7D7
7095	6930	Q96Q77
7095	7095	Q8N6N2
8209	6946	Q9UPS6
8209	8209	Q9UBL3
8149	7116	Q9NZN4
8149	8149	Q9NZN3
7402	7272	Q9NV79
7402	7402	Q86UX7
9693	7398	Q9ULG1
9693	9693	Q9H324
9228	7609	Q9Y261
9228	9228	Q8NEE6
7772	7769	Q9Y3A3
7772	7772	Q9ULQ0
8981	7774	Q9UL16
8981	8981	Q8TC29
7971	7894	Q9Y5U9
7971	7971	Q969M3
9079	7933	Q9UBT2
9079	9079	Q9Y6X2
0	0	Q9UIG0
1	1	P25788
2	2	P53801
3	3	O60884
4	4	P61077
6	6	O43745
7	7	Q9BVV7
8	8	Q14562
10	10	P0DI80
11	11	O75414
12	12	O60504
13	13	Q13105
15	15	Q13627
16	16	P22090
17	17	P62837
19	19	P17535
20	20	P51532
27	27	Q13685
28	28	A0A1W2PQJ5
29	29	O14948
30	30	O15072
31	31	Q8N612
32	32	P46940
33	33	P02724
34	34	Q96NA8
35	35	Q96NK8
38	38	Q8N0W4
39	39	P01571
40	40	A6NHL2
41	41	O15354
43	43	O15235
44	44	P23458
45	45	P35222
46	46	Q9H8S9
47	47	O14929
48	48	P14543
50	50	Q71UI9
51	51	P30530
52	52	Q12824
54	54	P08727
55	55	P01906
60	60	P04908
61	61	Q9NQC1
65	65	P25963
66	66	P07951
67	67	Q12829
68	68	P41252
69	69	E9PQ53
70	70	Q9BYC8
71	71	A0A075B6I6
73	73	P43361
74	74	Q9P2K1
75	75	O43680
76	76	Q99592
77	77	Q69YL0
79	79	Q7L8A9
80	80	P46937
85	85	Q13263
87	87	O15539
88	88	Q7Z3T8
89	89	Q13257
91	91	Q92734
92	92	P50749
94	94	Q8NB91
95	95	P31153
97	97	O15034
98	98	P62269
99	99	P55769
101	101	A6NCE7
102	102	O43309
103	103	Q14119
105	105	Q5TZA2
106	106	O14633
108	108	P00167
109	109	Q9NV31
111	111	P53779
112	112	P15172
113	113	P55884
114	114	Q13635
115	115	P09001
116	116	P57053
117	117	Q96RT7
118	118	Q5SWX8
119	119	O43920
120	120	P24385
124	124	P02786
125	125	P55055
126	126	P52797
127	127	Q6P161
128	128	Q66K64
129	129	O76013
130	130	O95631
131	131	O00148
132	132	P50148
133	133	Q8IWA0
134	134	Q15744
135	135	Q3MIT2
136	136	P60510
139	139	P01699
140	140	O15066
142	142	P46087
143	143	Q15051
146	146	A8K0Z3
148	148	P28482
149	149	Q15771
152	152	P01106
155	155	Q9BZJ0
157	157	Q05195
158	158	P48444
159	159	P62256
160	160	P19086
162	162	O14786
163	163	P12755
165	165	Q86U86
167	167	P10073
169	169	O60469
170	170	P01133
171	171	Q9NX58
172	172	P35346
173	173	Q96EL2
176	176	Q5VXU3
177	177	O95486
178	178	P46821
179	179	O60583
180	180	P57052
181	181	Q9UHR4
182	182	P04264
183	183	Q7RTS7
185	185	Q6MZQ0
186	186	P52803
187	187	Q14691
189	189	Q15543
191	191	P17676
192	192	Q13326
193	193	O43790
195	195	O15239
196	196	P62913
198	198	Q8TAM2
200	200	P15880
202	202	P61225
203	203	A0A0C4DH36
205	205	P46934
206	206	A6NM43
209	209	P63027
210	210	P46736
211	211	Q96M61
212	212	P32248
213	213	Q9UBP5
214	214	Q9BYD3
215	215	Q9H0A8
216	216	P09544
217	217	P28715
218	218	A0A3B3IU46
219	219	O00159
221	221	Q96H22
222	222	Q92845
224	224	P48730
227	227	P54619
228	228	P06493
229	229	P61081
231	231	P25787
232	232	P84077
233	233	Q2TBF2
237	237	P03372
243	243	P0C1H6
246	246	Q9UBZ9
251	251	P84085
252	252	Q13619
253	253	P31152
254	254	O60675
256	256	O15342
257	257	Q8N720
261	261	P05015
262	262	A8MTJ3
264	264	C4AMC7
268	268	A0A075B6I9
269	269	Q6UX40
270	270	Q5TD94
271	271	P49683
272	272	O75094
273	273	P43360
274	274	P78329
275	275	O60671
276	276	P61266
279	279	Q5T751
281	281	O75636
283	283	P14649
285	285	O95395
286	286	P41159
287	287	O15357
288	288	O43504
289	289	O96018
291	291	Q04743
293	293	Q96JC1
294	294	P82664
297	297	P15884
298	298	O60890
299	299	O43521
301	301	P13051
303	303	P28065
304	304	O00716
305	305	P0CL83
306	306	P49715
307	307	Q6PIF6
308	308	P09471
309	309	Q6PD62
310	310	O95678
311	311	O75379
312	312	Q9HCI5
315	315	Q8NI36
316	316	Q03112
317	317	Q9C0F1
318	318	P06748
319	319	O14579
320	320	O14627
321	321	O00541
322	322	P49642
323	323	P01011
325	325	P19634
328	328	P03901
329	329	P22455
330	330	Q5TGS1
332	332	O00602
334	334	P63010
335	335	Q9UEW8
336	336	P46531
337	337	O76095
338	338	A5LHX3
339	339	P11473
340	340	P51668
342	342	Q8N4L1
343	343	Q13156
345	345	O95490
346	346	Q8N7M0
347	347	O75838
348	348	P82979
351	351	O95777
352	352	A1IGU5
353	353	Q5JVL4
355	355	P54105
357	357	P01100
358	358	Q13043
360	360	Q16659
363	363	P21583
364	364	P53567
365	365	O75251
366	366	P33993
367	367	Q969T4
368	368	P19087
369	369	P53701
370	370	A0A2R8Y619
371	371	O43290
372	372	Q6P3S1
373	373	Q7RTU0
376	376	Q06830
377	377	Q16849
378	378	P41594
379	379	Q8TD90
380	380	O43159
383	383	P18564
384	384	Q6P5R6
385	385	Q8TDM0
386	386	Q14242
387	387	P54710
389	389	Q13625
390	390	A6NIK2
391	391	O15143
392	392	O15498
393	393	P17544
394	394	P27540
395	395	Q68CL5
396	396	P18621
398	398	Q5MJ10
399	399	Q96DA6
402	402	Q8IY95
403	403	O76014
404	404	O60645
405	405	A2A368
406	406	A6NED2
407	407	O14978
408	408	A6NHQ2
409	409	O75170
410	410	P62244
413	413	Q13769
414	414	O15400
415	415	A0A0B4J2D9
416	416	Q9NQW1
417	417	Q8NEV4
418	418	O15155
419	419	Q8NF99
420	420	O94979
422	422	Q9HAF1
423	423	P35228
424	424	O76011
425	425	Q52LJ0
426	426	P0C5Y9
427	427	P02533
428	428	Q16864
430	430	O15392
431	431	P50750
432	432	O95628
433	433	O60682
434	434	P84090
435	435	P62308
436	436	Q02318
437	437	P86791
438	438	P51825
440	440	O43242
441	441	O60762
442	442	Q71U36
445	445	P82673
446	446	P52564
447	447	Q9BYD1
449	449	Q12834
450	450	P09012
451	451	Q99871
453	453	P07766
455	455	Q02045
456	456	O14640
459	459	O43665
460	460	P51784
461	461	P12644
462	462	P10721
463	463	P51617
465	465	Q00403
466	466	O75367
467	467	O60563
468	468	O95295
470	470	P12829
471	471	Q86WW8
476	476	Q13620
477	477	P00156
478	478	P43364
479	479	P30838
480	480	A6NJR5
481	481	Q92530
482	482	O60830
483	483	Q6EEV6
484	484	O14713
485	485	P47914
486	486	Q96LZ2
492	492	Q14693
494	494	P02458
496	496	Q13099
497	497	P53539
501	501	O95865
502	502	Q562E7
504	504	P35908
505	505	P01706
506	506	Q13191
507	507	O75461
508	508	Q96G79
509	509	Q7Z794
510	510	Q496F6
511	511	P01375
512	512	P05386
515	515	P08754
517	517	Q96JS3
518	518	Q56VL3
520	520	Q8IWK6
521	521	Q8WXU2
522	522	Q9BY60
523	523	Q12929
524	524	O15229
526	526	P18846
527	527	O60293
528	528	Q15544
529	529	Q12816
530	530	P13349
532	532	P78385
533	533	P61006
534	534	O14907
535	535	Q9NQ33
536	536	P49207
538	538	Q96KR6
540	540	P37231
541	541	O95396
542	542	Q8IWY9
543	543	O95969
545	545	O94906
546	546	O95183
547	547	Q8N966
548	548	P51531
550	550	O14526
551	551	Q86TJ2
553	553	P08708
554	554	Q9BUR5
555	555	Q9BVW5
560	560	P68036
561	561	Q16181
564	564	Q07890
565	565	P61966
567	567	P08047
569	569	O15234
570	570	Q9BQE3
571	571	O94973
572	572	A2RTX5
573	573	Q96HR3
575	575	Q96EZ8
576	576	P22612
578	578	O43739
579	579	Q3SYG4
580	580	Q6UWW0
581	581	O00499
583	583	P57735
584	584	P15336
585	585	P41219
586	586	Q02577
589	589	B5ME19
590	590	P62140
591	591	P09601
592	592	A6NNZ2
593	593	Q8NG84
595	595	P02538
597	597	Q13352
599	599	Q6NUM6
603	603	P30260
604	604	A8K8V0
605	605	O00483
609	609	O14867
610	610	P51965
611	611	Q96A35
612	612	O95926
615	615	Q6TFL4
616	616	Q9BSC4
619	619	O15213
620	620	Q86SE9
622	622	P07900
623	623	P0DP25
624	624	A0A1W2PPE2
625	625	P33316
626	626	Q9H3L0
628	628	O60711
631	631	Q07889
632	632	Q8IUH4
633	633	P51798
635	635	Q96A33
636	636	O15514
637	637	Q13586
638	638	A6NJV1
639	639	Q9P1Z9
640	640	P17081
641	641	Q15678
643	643	P07910
644	644	P18124
645	645	O95182
646	646	P55854
648	648	O14910
651	651	P21860
653	653	P62875
654	654	Q14028
656	656	O95243
657	657	P31930
658	658	Q9BUI4
659	659	O60303
660	660	P55287
661	661	P41002
663	663	Q99547
664	664	Q53GT1
666	666	O43707
667	667	O95907
668	668	Q16514
669	669	P82914
671	671	Q16549
673	673	Q3KNW5
674	674	O43924
675	675	Q07866
676	676	O00566
677	677	P56373
678	678	Q5VU69
679	679	P10912
680	680	O14974
681	681	O75478
683	683	P20618
684	684	P56524
686	686	P17022
688	688	P53677
689	689	O95166
691	691	Q8IUR0
693	693	P10276
694	694	Q9HCU5
696	696	P05106
697	697	P14678
698	698	Q12788
699	699	A0A075B6I4
700	700	O60264
701	701	P22310
703	703	P61244
704	704	P78324
705	705	A0A0B4J1V2
706	706	A0PJX0
707	707	P42025
708	708	O75888
710	710	P42262
711	711	P63279
712	712	P25098
713	713	O75947
714	714	A0A075B6N3
715	715	O77932
717	717	Q96HL8
718	718	A2RRP1
719	719	P29374
720	720	P03905
721	721	Q8WW01
722	722	Q06609
724	724	P51805
725	725	Q8IYS5
726	726	Q8WUA2
727	727	P68366
729	729	P22415
732	732	O43711
733	733	Q16799
734	734	O14548
735	735	P03923
736	736	O60260
737	737	A0A1B0GXF2
738	738	Q86WT1
741	741	P07384
742	742	Q8N4T8
743	743	Q8IV08
744	744	P33402
745	745	Q6IBW4
747	747	P62854
748	748	Q14165
749	749	P10827
750	750	Q15077
753	753	Q5T5U3
754	754	Q96D46
755	755	P40425
756	756	Q969J2
757	757	Q96AC1
758	758	P54829
759	759	P20701
760	760	O75665
762	762	P62820
763	763	A0A0G2JNQ3
764	764	Q969X5
765	765	O15409
766	766	Q8IXW5
769	769	P49770
770	770	O43196
771	771	P08254
772	772	Q16586
773	773	O60313
775	775	P20248
779	779	Q13368
780	780	Q96G25
781	781	P49427
782	782	P52298
783	783	P02671
784	784	O15182
785	785	P42081
790	790	P61764
791	791	P27635
793	793	Q9GZM3
794	794	P19105
795	795	P0CL84
796	796	O00506
798	798	P41208
799	799	P29317
802	802	Q0VAQ4
803	803	B9A064
806	806	P08247
807	807	O15165
808	808	Q9GZU8
809	809	Q8IYI6
810	810	B4DJY2
811	811	O15269
813	813	Q9BT67
814	814	P07202
815	815	Q01973
816	816	P16383
817	817	O95704
818	818	P29353
819	819	O43660
820	820	P57054
821	821	Q96DU9
823	823	P28702
824	824	O95251
825	825	Q4W5P6
827	827	O95169
830	830	O60333
831	831	O95352
832	832	Q8NFP4
833	833	Q8TAQ2
834	834	Q9H7L9
836	836	Q5M8T2
838	838	Q7Z7H3
841	841	Q8N0Y2
842	842	Q5QNW6
843	843	A8MUP2
844	844	Q49AN0
846	846	P62753
848	848	P42766
849	849	P29323
853	853	Q96DI7
854	854	O43766
855	855	A0A075B6I7
856	856	Q9P2Q2
857	857	Q96BY2
859	859	P30511
860	860	P15170
861	861	Q8NFZ3
862	862	Q96CW5
863	863	O60716
864	864	O60499
865	865	Q96GC5
866	866	Q8NGL1
867	867	P09488
869	869	Q06323
870	870	P24844
871	871	P50458
873	873	P23470
874	874	A0A0B4J234
875	875	A0A075B6I1
876	876	P52198
877	877	Q6A163
879	879	P08218
880	880	P56597
883	883	P01715
885	885	O15164
887	887	P35638
889	889	Q96GS4
890	890	P29992
891	891	P0DPD8
895	895	P27816
896	896	P04899
899	899	O60683
900	900	O14879
902	902	Q9BZ81
904	904	P16234
905	905	P35637
906	906	Q8NB15
907	907	Q13445
908	908	O96000
909	909	Q13131
910	910	P39023
911	911	O00221
912	912	Q8N635
913	913	O96015
914	914	Q8IXV7
917	917	Q8N112
919	919	O95931
920	920	P11142
921	921	O43516
923	923	P61165
925	925	Q8IU68
926	926	P15586
931	931	Q5T6S3
932	932	P17275
933	933	O95402
936	936	P39687
937	937	Q8TEW0
938	938	P10451
939	939	P0CG08
940	940	P23763
941	941	O95817
943	943	Q8TAM1
945	945	O95861
946	946	P54136
947	947	O00186
948	948	Q00653
949	949	P60022
952	952	O00481
953	953	Q6PB30
954	954	A8MVU1
955	955	P43246
956	956	Q86Y39
957	957	P30048
958	958	Q86UW9
961	961	Q9BW85
963	963	Q86VZ2
964	964	P82675
965	965	Q99081
966	966	Q10587
968	968	P36578
969	969	P13612
971	971	O95168
973	973	A0A0B4J1V6
976	976	P60323
977	977	P60059
978	978	O15344
979	979	Q15036
982	982	P07814
983	983	A0A3B3IU63
984	984	Q14525
985	985	Q5T0F9
986	986	P09104
990	990	O43818
991	991	Q8NEB9
993	993	O96008
994	994	P61513
997	997	Q92620
999	999	P03886
1001	1001	Q8NDY6
1002	1002	P0DP08
1003	1003	Q96GD3
1004	1004	Q8NA47
1006	1006	O95365
1007	1007	A8MQ03
1009	1009	P02788
1010	1010	Q6ZU15
1011	1011	P15408
1013	1013	O60784
1015	1015	P60321
1017	1017	O75394
1018	1018	Q8WWB3
1019	1019	Q2I0M5
1020	1020	Q8N5Z5
1021	1021	Q7Z4R8
1023	1023	O76015
1024	1024	Q6N069
1025	1025	O75973
1026	1026	O15085
1028	1028	P35227
1029	1029	Q96KR1
1030	1030	P40938
1031	1031	P48509
1032	1032	A6NNN8
1034	1034	Q6P4R8
1037	1037	O14610
1039	1039	O43236
1040	1040	Q7Z3Y8
1042	1042	Q9UJW3
1043	1043	O95299
1044	1044	P08648
1045	1045	Q01167
1046	1046	Q15311
1048	1048	Q9BW83
1049	1049	Q0PNE2
1050	1050	Q86SG6
1051	1051	Q17RN3
1052	1052	P11802
1053	1053	O00161
1054	1054	Q9H1J7
1055	1055	O15488
1056	1056	O75794
1057	1057	Q05048
1058	1058	Q5VZM2
1059	1059	P37235
1061	1061	O95721
1062	1062	Q8N140
1064	1064	O60656
1065	1065	Q9H869
1066	1066	Q5QP82
1067	1067	Q9HAW4
1068	1068	P54845
1069	1069	P47755
1070	1070	P56182
1071	1071	O14788
1072	1072	Q96RS0
1073	1073	Q9BY11
1074	1074	Q99719
1076	1076	Q96JK2
1077	1077	P05013
1078	1078	P16144
1080	1080	Q9H492
1081	1081	P11047
1082	1082	O14492
1083	1083	P16333
1084	1084	Q8IXK0
1085	1085	O14602
1086	1086	Q7Z443
1087	1087	O15318
1088	1088	P56192
1089	1089	O15294
1092	1092	P19012
1094	1094	P55347
1096	1096	P62891
1098	1098	Q8IUR7
1099	1099	Q8N6L7
1100	1100	P05783
1101	1101	Q15019
1103	1103	O95178
1105	1105	P42568
1106	1106	Q14692
1108	1108	Q6PJT7
1109	1109	O43301
1111	1111	O15243
1112	1112	Q8N3L3
1113	1113	P37108
1115	1115	Q5SY80
1117	1117	Q14188
1118	1118	O43281
1119	1119	B7ZAQ6
1122	1122	Q8IYJ0
1123	1123	P01824
1125	1125	Q96BP2
1126	1126	Q9ULK2
1127	1127	Q13472
1130	1130	P0CW20
1131	1131	Q15109
1132	1132	O14921
1133	1133	P49639
1134	1134	O94985
1135	1135	P12035
1138	1138	P47928
1140	1140	P35226
1141	1141	Q8WVS4
1142	1142	Q68CP9
1143	1143	Q0VG99
1146	1146	Q86V87
1148	1148	Q9HAW8
1150	1150	Q01094
1151	1151	O75182
1152	1152	P83436
1154	1154	Q8NEC5
1155	1155	Q8WYN0
1157	1157	A1YPR0
1158	1158	Q13454
1159	1159	O15372
1160	1160	A0A075B6S4
1161	1161	O43557
1162	1162	Q8IY18
1163	1163	P16220
1164	1164	P18848
1165	1165	O14656
1166	1166	P56704
1167	1167	O96013
1169	1169	O95406
1170	1170	P0CL85
1172	1172	Q3SY84
1173	1173	P11362
1174	1174	O43543
1175	1175	P29322
1177	1177	Q13133
1178	1178	O43292
1179	1179	Q15545
1180	1180	P08069
1181	1181	Q4ZIN3
1182	1182	P18627
1183	1183	Q9Y399
1184	1184	Q9BRX5
1185	1185	Q6UWR7
1186	1186	Q86X24
1188	1188	P02751
1189	1189	A0A0K0K1C0
1190	1190	Q4LDG9
1192	1192	O43683
1193	1193	O43822
1194	1194	P0DPK5
1195	1195	Q71UM5
1197	1197	Q7Z698
1198	1198	Q15572
1199	1199	Q96AJ1
1200	1200	Q4G148
1201	1201	A0A5F9ZHS7
1202	1202	P26374
1203	1203	Q06547
1204	1204	Q8NDX5
1205	1205	P48553
1206	1206	P10644
1208	1208	P62310
1209	1209	O15144
1210	1210	Q8TEB9
1212	1212	O43189
1213	1213	Q3KNV8
1214	1214	A2A288
1215	1215	Q8N5F7
1216	1216	Q7Z6L1
1217	1217	Q9HAW7
1218	1218	O95995
1220	1220	P61421
1221	1221	P23435
1222	1222	Q9BU20
1224	1224	Q7L513
1226	1226	P30405
1227	1227	P25440
1228	1228	Q5XLA6
1229	1229	P18583
1231	1231	Q8IWQ3
1232	1232	P11474
1236	1236	Q8N5I9
1237	1237	Q9BV40
1238	1238	P46778
1239	1239	P01241
1241	1241	Q16891
1242	1242	Q96EH3
1243	1243	O14782
1244	1244	O43747
1245	1245	P60002
1246	1246	Q8IXN7
1247	1247	O00472
1248	1248	O00592
1249	1249	P41182
1251	1251	Q9BUW7
1252	1252	P42229
1253	1253	Q14696
1254	1254	P01718
1256	1256	Q96IZ7
1258	1258	P57077
1260	1260	Q96NB3
1261	1261	P13693
1262	1262	O75157
1264	1264	P21675
1266	1266	P20020
1268	1268	P0DJD3
1269	1269	C9JLW8
1270	1270	Q9NVP2
1271	1271	O75604
1272	1272	P00846
1273	1273	Q99543
1274	1274	Q9C0J8
1275	1275	Q9BWC9
1277	1277	Q17R89
1278	1278	P07355
1279	1279	O43805
1280	1280	O00155
1281	1281	P08240
1282	1282	P49366
1283	1283	Q16540
1284	1284	O00399
1285	1285	B2RUZ4
1286	1286	P61221
1287	1287	O15121
1289	1289	Q92901
1290	1290	P22681
1292	1292	Q9BRL7
1293	1293	Q5TEC6
1294	1294	P46783
1295	1295	Q12959
1296	1296	Q13275
1297	1297	O75934
1298	1298	P62280
1300	1300	P13647
1301	1301	P15018
1302	1302	Q4VXU2
1303	1303	P20155
1304	1304	Q8NG31
1305	1305	Q6ICB0
1306	1306	Q96EE3
1307	1307	Q15003
1308	1308	P17813
1309	1309	Q9BVQ7
1310	1310	Q86WX3
1311	1311	Q86SZ2
1312	1312	Q9NRG0
1313	1313	O94805
1315	1315	P24311
1317	1317	A8MXT2
1318	1318	P22694
1319	1319	Q8NHE4
1320	1320	Q8N9B5
1321	1321	Q13813
1322	1322	O00268
1323	1323	P08621
1324	1324	O95407
1325	1325	P36897
1326	1326	Q96LB3
1328	1328	P17655
1329	1329	P11279
1331	1331	P62195
1332	1332	P49796
1334	1334	P68871
1335	1335	O15481
1336	1336	P13010
1337	1337	Q13162
1339	1339	Q99496
1340	1340	A0A1W2PQ09
1341	1341	Q8N344
1342	1342	Q9BRT6
1343	1343	O75943
1344	1344	Q96C00
1346	1346	P18510
1348	1348	P17612
1349	1349	P61020
1351	1351	P46776
1353	1353	O43502
1355	1355	Q92599
1356	1356	P49754
1357	1357	Q15119
1359	1359	Q9H4M9
1360	1360	Q9P206
1361	1361	Q99814
1362	1362	P82933
1363	1363	P08861
1365	1365	Q15468
1366	1366	Q92985
1367	1367	Q05084
1370	1370	Q13976
1371	1371	Q12981
1372	1372	A6NFY7
1373	1373	Q7Z5L3
1374	1374	Q9BWG4
1375	1375	Q16623
1376	1376	Q14493
1377	1377	L0R819
1378	1378	Q14157
1379	1379	P49450
1380	1380	P78358
1381	1381	P17658
1382	1382	Q6P1J9
1383	1383	Q92838
1384	1384	Q9BYF1
1385	1385	P63261
1386	1386	P12814
1388	1388	Q05DH4
1389	1389	P04004
1390	1390	P55268
1391	1391	Q9H3G5
1392	1392	A8MZ97
1393	1393	Q8IU54
1394	1394	Q8WTT2
1395	1395	Q92764
1396	1396	Q6UWJ8
1398	1398	Q8NFH3
1399	1399	O94826
1400	1400	Q9H840
1401	1401	P21266
1402	1402	Q13838
1405	1405	P25024
1408	1408	Q05BQ5
1409	1409	Q658N2
1410	1410	Q5W0V3
1412	1412	Q15291
1413	1413	P02760
1414	1414	Q96DV4
1415	1415	P08779
1416	1416	Q01201
1418	1418	O75390
1419	1419	A6NGN9
1420	1420	Q1W4C9
1421	1421	Q15070
1425	1425	Q96SW2
1426	1426	Q15172
1428	1428	O14543
1429	1429	P02585
1430	1430	Q96T68
1431	1431	Q13136
1432	1432	Q13614
1433	1433	O14618
1435	1435	Q6ZTR7
1437	1437	P40692
1439	1439	Q9NR97
1440	1440	E7EU14
1441	1441	O14497
1444	1444	Q16513
1446	1446	Q7Z5U6
1447	1447	Q92796
1448	1448	P10636
1449	1449	Q49AR2
1450	1450	Q9P0R6
1452	1452	Q9UK45
1454	1454	Q96SY0
1455	1455	P14136
1456	1456	P49914
1457	1457	O00512
1459	1459	O75843
1460	1460	P60228
1462	1462	Q14781
1463	1463	Q96B26
1464	1464	Q5VWK5
1468	1468	Q99442
1469	1469	P42575
1471	1471	Q53HC9
1473	1473	Q8WVM8
1475	1475	P60842
1476	1476	O14556
1477	1477	O75311
1478	1478	Q5TAP6
1479	1479	A0A0A0MS03
1481	1481	A0A0A0MS15
1482	1482	P54132
1483	1483	Q15059
1484	1484	O95267
1486	1486	Q07869
1487	1487	P62807
1488	1488	O00488
1489	1489	Q86UU0
1492	1492	P33764
1495	1495	P51003
1496	1496	A0A075B6J9
1497	1497	Q8WWF5
1498	1498	Q86UR1
1499	1499	P46109
1500	1500	P01584
1502	1502	P51571
1503	1503	O60812
1505	1505	A8MW92
1507	1507	P60866
1509	1509	P47985
1510	1510	A0A0A0MT82
1511	1511	Q86Y07
1512	1512	Q9H0R8
1516	1516	O75439
1517	1517	P02746
1518	1518	P56537
1519	1519	A6NDZ8
1520	1520	P08195
1521	1521	Q14203
1522	1522	O15492
1523	1523	O14957
1524	1524	Q4VC31
1525	1525	A0A0J9YX57
1526	1526	Q92673
1527	1527	P60709
1529	1529	Q6UW01
1531	1531	Q96GX1
1532	1532	P26373
1533	1533	O00567
1534	1534	P33151
1535	1535	Q02790
1536	1536	Q16778
1537	1537	Q969J3
1538	1538	O00423
1541	1541	Q96L08
1543	1543	O43815
1544	1544	O14684
1545	1545	A6NMX2
1546	1546	O14817
1549	1549	Q9BRD0
1550	1550	Q9BXY4
1551	1551	Q96A11
1552	1552	O96004
1553	1553	B2RTY4
1554	1554	Q96LR5
1555	1555	A8MSI8
1556	1556	Q8WV16
1559	1559	Q9HCK0
1560	1560	P63167
1561	1561	Q9UHJ3
1563	1563	P61960
1564	1564	Q9UKS7
1565	1565	O75956
1566	1566	P42166
1567	1567	Q13617
1568	1568	P48742
1569	1569	P24588
1570	1570	Q6ZU64
1574	1574	P61981
1575	1575	Q15436
1576	1576	Q6P4F1
1577	1577	O95070
1579	1579	A6NI87
1580	1580	Q7Z6E9
1581	1581	O14920
1582	1582	Q8IVS8
1583	1583	Q15853
1584	1584	P09234
1585	1585	P21281
1586	1586	Q15404
1587	1587	P21108
1588	1588	P54652
1589	1589	Q8IWF2
1592	1592	O94810
1593	1593	Q9UKA1
1594	1594	P10398
1595	1595	Q8IU85
1598	1598	P18084
1599	1599	O43915
1602	1602	O60869
1603	1603	O43474
1604	1604	A0A1W2PPH5
1605	1605	P57737
1606	1606	P0C0S8
1607	1607	Q14168
1610	1610	Q4G0U5
1611	1611	O43320
1612	1612	P61289
1613	1613	P08574
1614	1614	P17029
1615	1615	Q86YS6
1616	1616	P49757
1617	1617	Q8WYA6
1618	1618	Q5JWF2
1619	1619	O60894
1622	1622	P63208
1623	1623	A8MTZ0
1625	1625	P08134
1627	1627	O00548
1629	1629	Q8WY54
1630	1630	P04843
1632	1632	Q8IYS8
1633	1633	O43524
1634	1634	P11182
1639	1639	P11021
1641	1641	O75044
1642	1642	O15431
1644	1644	O00408
1646	1646	O60641
1647	1647	Q96LI5
1648	1648	P36873
1650	1650	Q96GX2
1652	1652	Q8IUE6
1653	1653	O43432
1654	1654	P20591
1655	1655	P10747
1656	1656	P51148
1657	1657	Q14141
1659	1659	P25786
1661	1661	Q6P3W2
1662	1662	Q15714
1663	1663	Q70SY1
1664	1664	P31150
1665	1665	Q676U5
1669	1669	Q2KHM9
1670	1670	Q8N680
1671	1671	Q8N983
1672	1672	O95793
1673	1673	Q9BT43
1674	1674	P28161
1676	1676	O43615
1677	1677	P21709
1678	1678	Q8WUD4
1681	1681	O60518
1683	1683	P31947
1685	1685	Q99687
1688	1688	Q9BYC9
1689	1689	Q15286
1690	1690	A6NK58
1692	1692	Q7RTU5
1694	1694	O96019
1695	1695	O00204
1697	1697	Q53HI1
1698	1698	P04259
1699	1699	Q8N7X4
1700	1700	Q7Z2K8
1703	1703	P54727
1704	1704	O60248
1705	1705	P48443
1706	1706	P04198
1707	1707	Q3ZAQ7
1708	1708	O95863
1709	1709	P02042
1710	1710	Q5T752
1711	1711	P69849
1713	1713	P55773
1714	1714	Q8N587
1715	1715	Q12986
1716	1716	P28070
1719	1719	Q8NHV4
1720	1720	O43795
1721	1721	O75208
1724	1724	O75822
1725	1725	P13861
1726	1726	Q53FV1
1727	1727	Q8N912
1728	1728	Q8N3I7
1730	1730	O60883
1731	1731	Q8ND25
1732	1732	P61254
1733	1733	P14598
1737	1737	P14635
1738	1738	O43761
1739	1739	A0A1B0GX49
1740	1740	Q9BTE1
1741	1741	Q9BTC8
1742	1742	Q16539
1743	1743	Q8WZ74
1744	1744	A0A0B4J1Z2
1745	1745	O75528
1746	1746	Q8N5M1
1747	1747	Q53HL2
1748	1748	O75469
1749	1749	O14715
1750	1750	Q6ZW31
1751	1751	P10828
1753	1753	P19484
1754	1754	O76021
1755	1755	A0AVI4
1756	1756	Q15528
1758	1758	P32780
1761	1761	O43172
1762	1762	Q9H6Q4
1763	1763	P37287
1764	1764	P82663
1765	1765	Q8IZP0
1766	1766	P34741
1767	1767	P20671
1768	1768	A0A1W2PR75
1769	1769	Q14683
1770	1770	Q5T215
1773	1773	P50222
1774	1774	Q06124
1775	1775	Q5VSL9
1776	1776	A8MZ26
1777	1777	Q7Z6J2
1778	1778	Q12907
1779	1779	P13500
1780	1780	Q16254
1781	1781	O43150
1782	1782	P49917
1783	1783	Q15697
1784	1784	O15371
1785	1785	P56545
1788	1788	P23527
1789	1789	Q68CZ2
1790	1790	Q9H0N5
1791	1791	Q8NBZ7
1792	1792	P06213
1795	1795	Q15024
1796	1796	Q8N9I9
1800	1800	Q6ZPD9
1801	1801	P51449
1802	1802	P23258
1808	1808	Q8N3J3
1810	1810	P0C6T2
1812	1812	P36537
1814	1814	A6NIH7
1815	1815	P48556
1816	1816	Q8IXS2
1817	1817	Q6P2C8
1818	1818	Q92539
1819	1819	Q8WV22
1821	1821	O75152
1822	1822	P12318
1825	1825	O00755
1826	1826	P23946
1829	1829	Q8N0Z3
1832	1832	O15535
1833	1833	Q03518
1834	1834	P35244
1836	1836	P49721
1837	1837	P11177
1840	1840	Q68CJ9
1841	1841	P17844
1842	1842	P61024
1844	1844	O15111
1845	1845	P24864
1846	1846	P0C0S5
1848	1848	Q96JH7
1849	1849	P56378
1851	1851	Q9HAY2
1852	1852	O95997
1853	1853	Q6P5X5
1854	1854	Q9H5J8
1856	1856	A0PK11
1857	1857	P62745
1858	1858	P43363
1859	1859	Q16576
1860	1860	O43143
1861	1861	P43487
1864	1864	P23771
1865	1865	Q86VI1
1866	1866	Q8NEM2
1867	1867	P61923
1868	1868	B3KU38
1869	1869	P28370
1870	1870	P62304
1872	1872	P34925
1873	1873	O15027
1874	1874	Q6T4R5
1876	1876	P26006
1877	1877	O14657
1882	1882	Q15428
1884	1884	Q86UD3
1886	1886	Q9BZZ2
1888	1888	Q13562
1889	1889	Q16281
1890	1890	P23409
1891	1891	P81877
1892	1892	Q5VW32
1893	1893	P02489
1894	1894	P52948
1896	1896	A0A087WT02
1897	1897	Q8IU60
1898	1898	Q96DX4
1899	1899	Q7Z3B3
1902	1902	P02679
1903	1903	P02008
1904	1904	P22309
1905	1905	P00488
1906	1906	P13994
1907	1907	P29320
1908	1908	Q9NVA2
1909	1909	Q6W2J9
1911	1911	Q9Y224
1913	1913	O75575
1914	1914	P01116
1915	1915	Q6ZYL4
1916	1916	O95232
1917	1917	Q86X83
1918	1918	Q96IY1
1919	1919	Q8NDV3
1927	1927	Q14118
1928	1928	Q8N8W4
1929	1929	Q8NFA0
1930	1930	O75177
1933	1933	Q5JSH3
1935	1935	P35968
1936	1936	P35611
1937	1937	Q76FK4
1938	1938	Q6UWZ7
1939	1939	O15547
1941	1941	Q2T9L4
1942	1942	P10176
1943	1943	P07949
1945	1945	Q8TBC5
1946	1946	Q6UN15
1947	1947	Q9GZQ8
1948	1948	P20749
1949	1949	O15530
1951	1951	P50616
1954	1954	Q6NUN9
1955	1955	A0A087WW87
1956	1956	Q5JTJ3
1957	1957	Q8IUR5
1959	1959	A6NH57
1960	1960	O15047
1962	1962	P04792
1963	1963	A6NN90
1965	1965	O75880
1967	1967	P36896
1968	1968	Q9BYV9
1970	1970	A6NDB9
1971	1971	Q13009
1972	1972	Q02108
1974	1974	P62979
1976	1976	P49716
1979	1979	Q7L523
1980	1980	O94761
1981	1981	P82909
1983	1983	O60381
1984	1984	P49459
1986	1986	O00487
1987	1987	O94888
1988	1988	O14965
1989	1989	O75865
1990	1990	Q5T753
1992	1992	P19429
1993	1993	P04839
1994	1994	P62910
1995	1995	P18754
1997	1997	P82650
1998	1998	Q5JS54
1999	1999	O60476
2000	2000	Q13686
2001	2001	O75530
2002	2002	Q14409
2003	2003	Q02575
2005	2005	O75376
2006	2006	Q7Z3B4
2008	2008	Q13177
2009	2009	Q13683
2010	2010	Q96RK4
2011	2011	O15265
2012	2012	O75716
2013	2013	Q2NL82
2015	2015	P21127
2017	2017	Q96BR9
2018	2018	Q9H4K1
2019	2019	Q96PB8
2020	2020	Q70E73
2022	2022	Q8TAF3
2023	2023	P60660
2024	2024	Q9NYB9
2025	2025	Q96EX1
2026	2026	Q969G3
2027	2027	Q6UX01
2030	2030	O14730
2032	2032	Q12996
2033	2033	Q8N3Z3
2034	2034	P0DMT0
2035	2035	Q99952
2037	2037	Q2WGJ8
2039	2039	Q9NQZ2
2041	2041	P51854
2042	2042	O15355
2043	2043	P08514
2045	2045	Q8TF01
2046	2046	Q15819
2048	2048	Q8NHQ9
2049	2049	P07738
2052	2052	O75078
2053	2053	P48643
2054	2054	Q4G112
2055	2055	Q7Z695
2056	2056	Q8TDN6
2057	2057	Q8N5G0
2058	2058	Q8N6S5
2059	2059	A0A0B4J1Y8
2060	2060	O14682
2061	2061	P08118
2064	2064	Q07617
2066	2066	O95619
2068	2068	Q6PL18
2069	2069	P01562
2070	2070	A0A0B4J263
2071	2071	P15260
2072	2072	P01566
2073	2073	P08865
2074	2074	P57076
2075	2075	O95164
2076	2076	Q01449
2077	2077	Q96BN8
2078	2078	P01591
2080	2080	Q5BN46
2082	2082	Q13618
2083	2083	Q6DKI1
2084	2084	P15407
2085	2085	P16499
2086	2086	O60508
2087	2087	Q6UX27
2088	2088	C9JE40
2091	2091	O75340
2092	2092	P05387
2093	2093	Q96S59
2094	2094	O00213
2095	2095	P78386
2096	2096	Q12797
2097	2097	O60516
2099	2099	Q8NHW3
2100	2100	Q8WWF1
2101	2101	P36954
2102	2102	Q16651
2105	2105	Q13409
2106	2106	O43927
2107	2107	O43402
2109	2109	P27482
2111	2111	Q8IWY8
2112	2112	Q6ZSY5
2113	2113	O95503
2114	2114	P20062
2115	2115	Q5SW96
2116	2116	P01344
2118	2118	P0CJ70
2119	2119	Q8NB90
2120	2120	Q9NQT5
2121	2121	P23109
2122	2122	Q5C9Z4
2123	2123	P05813
2124	2124	O43918
2126	2126	A6NHQ4
2127	2127	P21283
2129	2129	Q86TM6
2131	2131	Q9HCJ1
2134	2134	P15692
2135	2135	P30273
2136	2136	A0A0G2JS06
2137	2137	P0DMN0
2138	2138	A0A087WSZ0
2139	2139	A6NG13
2140	2140	Q2QGD7
2141	2141	Q8N0S6
2142	2142	P45877
2146	2146	Q86X52
2147	2147	P51911
2148	2148	Q14CN4
2149	2149	P20941
2151	2151	Q53HC0
2155	2155	Q16875
2156	2156	Q8NEF9
2157	2157	O00505
2159	2159	Q9H7V2
2162	2162	Q7Z699
2163	2163	Q5T2D3
2166	2166	Q96IK1
2169	2169	Q7RTU1
2170	2170	P61927
2172	2172	O75330
2173	2173	Q8WUD6
2174	2174	P49810
2175	2175	P48729
2176	2176	Q9H223
2177	2177	A4D1S0
2178	2178	P53365
2179	2179	Q92834
2180	2180	Q86XD8
2181	2181	O75436
2182	2182	P52565
2184	2184	P48764
2185	2185	P51957
2186	2186	P32881
2188	2188	P39656
2190	2190	Q7Z5R6
2191	2191	B1AK53
2193	2193	Q5VWC8
2194	2194	P50579
2196	2196	O43157
2197	2197	Q14684
2198	2198	Q99878
2199	2199	Q2M329
2201	2201	Q7L0Y3
2202	2202	Q01968
2203	2203	P49585
2204	2204	O94856
2205	2205	Q9P2K3
2206	2206	Q6IE81
2209	2209	O95214
2210	2210	Q6ZTW0
2211	2211	Q99707
2212	2212	E9PQX1
2217	2217	P62847
2218	2218	P02730
2219	2219	P26992
2220	2220	Q96KJ9
2221	2221	Q14995
2222	2222	O15156
2223	2223	Q6NZ67
2225	2225	O95696
2226	2226	Q71F23
2227	2227	P67775
2228	2228	Q4U2R6
2229	2229	O14503
2230	2230	Q8IZL8
2231	2231	P04053
2232	2232	Q14457
2233	2233	Q9UKS6
2234	2234	Q9NX14
2235	2235	O43294
2236	2236	Q8N490
2237	2237	B2RXH8
2239	2239	P00568
2241	2241	Q8WYJ6
2242	2242	P01619
2243	2243	P05538
2244	2244	Q9NZU0
2245	2245	O14498
2246	2246	Q86XM0
2249	2249	P41221
2250	2250	Q5T653
2251	2251	O15217
2252	2252	P52294
2253	2253	Q96B01
2254	2254	P13646
2257	2257	Q9NP80
2259	2259	Q7Z6J9
2260	2260	P09496
2262	2262	P14868
2264	2264	P03915
2266	2266	P10916
2269	2269	P61964
2270	2270	Q5XKE5
2272	2272	O43324
2274	2274	P04049
2276	2276	Q9UM21
2277	2277	P09382
2279	2279	O94874
2280	2280	P14927
2282	2282	P61201
2283	2283	G9CGD6
2284	2284	O15511
2285	2285	O75964
2286	2286	O43921
2287	2287	Q8WZ60
2288	2288	P16520
2290	2290	P01593
2291	2291	P43351
2292	2292	P55085
2293	2293	Q9GZR2
2295	2295	P08174
2298	2298	Q15042
2299	2299	P41227
2302	2302	Q86V59
2306	2306	Q15007
2308	2308	Q9BYM8
2310	2310	O43679
2311	2311	Q5T200
2312	2312	P01568
2313	2313	P51151
2314	2314	Q96EX3
2315	2315	P31689
2316	2316	O15020
2317	2317	Q9H8J5
2318	2318	Q96PQ0
2319	2319	P40616
2320	2320	P62249
2322	2322	O75298
2324	2324	Q96BZ8
2325	2325	P50747
2327	2327	Q6NXT2
2328	2328	P17542
2330	2330	P11171
2331	2331	Q16763
2332	2332	P06702
2333	2333	Q6STE5
2334	2334	Q16512
2336	2336	P24522
2340	2340	Q8ND90
2341	2341	P61247
2342	2342	Q5H9L4
2344	2344	Q7Z402
2345	2345	P15173
2346	2346	Q5J8M3
2347	2347	Q13554
2349	2349	P51816
2350	2350	O00762
2351	2351	P08575
2356	2356	P14784
2357	2357	Q9BY89
2358	2358	P30874
2359	2359	Q15843
2360	2360	Q16143
2363	2363	Q6RFH5
2365	2365	Q8TCT6
2366	2366	P63098
2367	2367	Q68J44
2368	2368	O60879
2370	2370	P17181
2371	2371	Q9H5V9
2372	2372	Q12893
2373	2373	Q6P6C2
2374	2374	P78352
2375	2375	P14854
2376	2376	Q6VN20
2377	2377	A4D1S5
2378	2378	Q9H9Y4
2379	2379	P61019
2382	2382	P08590
2383	2383	P43358
2384	2384	Q9H0U6
2385	2385	Q08623
2386	2386	Q71DI3
2391	2391	Q8NHG8
2392	2392	Q6PJI9
2394	2394	Q96RD9
2395	2395	Q96NT3
2396	2396	P61956
2397	2397	Q13370
2398	2398	P61326
2400	2400	A6NI15
2403	2403	Q6PCB8
2405	2405	Q13509
2406	2406	Q92611
2411	2411	P13804
2412	2412	A0A0K0K1A3
2413	2413	A0A0A0MRZ9
2414	2414	Q5T6C5
2416	2416	Q8WYB5
2417	2417	Q13555
2418	2418	Q9UD57
2419	2419	Q8TF39
2420	2420	O00151
2421	2421	O15231
2422	2422	P07196
2424	2424	Q8N3T6
2425	2425	P05362
2426	2426	Q9P299
2427	2427	Q8N138
2428	2428	P35318
2430	2430	A0A087WSX0
2431	2431	O14813
2433	2433	Q9NYH9
2434	2434	Q96EE4
2435	2435	Q99616
2437	2437	Q92886
2438	2438	Q02833
2440	2440	Q4VC05
2441	2441	P37023
2443	2443	P28072
2445	2445	Q5SR56
2446	2446	P14653
2449	2449	Q14746
2451	2451	Q567U6
2452	2452	P07585
2453	2453	Q13573
2454	2454	A0A1W2PQC6
2455	2455	Q8NBV4
2459	2459	P20036
2461	2461	A0A075B6K0
2462	2462	O15054
2463	2463	Q8N8Y2
2465	2465	Q9BQ65
2466	2466	Q96BQ1
2467	2467	O43678
2468	2468	Q3MJ62
2469	2469	A9QM74
2471	2471	Q7Z4G1
2472	2472	Q8NFD5
2474	2474	Q2TAY7
2475	2475	Q02750
2476	2476	Q86TZ1
2477	2477	P55209
2478	2478	Q9UJX5
2479	2479	Q70EK8
2481	2481	Q2TAK8
2482	2482	O75293
2483	2483	O43181
2484	2484	P42685
2485	2485	P35225
2486	2486	Q7Z7C8
2487	2487	P20963
2488	2488	Q13347
2490	2490	Q86VN1
2492	2492	O75360
2494	2494	Q5JR12
2497	2497	P11277
2498	2498	Q86XR5
2499	2499	O43251
2500	2500	O14944
2501	2501	P62736
2502	2502	Q01546
2503	2503	P19013
2504	2504	A0A0B4J1U4
2505	2505	Q15363
2506	2506	Q9H6Y7
2507	2507	O14994
2508	2508	P52630
2510	2510	O75081
2511	2511	Q8IWL3
2512	2512	P04844
2513	2513	P52306
2514	2514	Q8NAG6
2515	2515	P12018
2516	2516	Q8N4P2
2517	2517	P51946
2519	2519	Q96A49
2520	2520	Q14653
2521	2521	Q86XR8
2523	2523	Q96L50
2524	2524	P63272
2526	2526	Q9Y294
2527	2527	O96020
2528	2528	Q8NDD1
2529	2529	P69891
2530	2530	O75077
2531	2531	O95363
2532	2532	Q96N11
2533	2533	O15068
2535	2535	P14679
2536	2536	Q13794
2538	2538	Q96MC2
2540	2540	Q6PEY2
2541	2541	Q9BY50
2542	2542	O75438
2543	2543	P28074
2544	2544	Q03181
2545	2545	Q08AG7
2546	2546	Q13424
2548	2548	O43677
2549	2549	A0AUZ9
2552	2552	O43639
2553	2553	O60308
2554	2554	Q96KE9
2555	2555	P30679
2556	2556	Q9NR50
2557	2557	Q92686
2558	2558	Q14582
2560	2560	Q9BSY4
2562	2562	Q9NPJ4
2563	2563	Q6UVK1
2565	2565	Q5HYJ3
2566	2566	O00421
2567	2567	P13598
2568	2568	Q13064
2571	2571	P19447
2574	2574	Q9NWT1
2577	2577	Q8WXI9
2579	2579	Q04837
2581	2581	P35813
2582	2582	O60907
2583	2583	O75674
2584	2584	P61619
2586	2586	O43396
2588	2588	O75164
2589	2589	P20226
2591	2591	O15069
2592	2592	B4DX44
2594	2594	P36941
2596	2596	O43482
2598	2598	P06899
2599	2599	Q13029
2601	2601	Q4G0I0
2602	2602	P15954
2604	2604	P86790
2605	2605	P55081
2607	2607	Q8WYR4
2608	2608	P15153
2611	2611	P61224
2612	2612	O43930
2613	2613	P08833
2614	2614	Q8TAE8
2615	2615	P49682
2616	2616	Q14195
2619	2619	P19838
2620	2620	P29401
2621	2621	O94916
2623	2623	Q9H871
2624	2624	Q16777
2626	2626	Q99962
2627	2627	A0A1W2PRV1
2628	2628	Q16819
2629	2629	Q68DK2
2630	2630	P0DJ07
2631	2631	P51116
2632	2632	P34910
2635	2635	A0A075B6P5
2636	2636	Q96AP0
2637	2637	Q92626
2638	2638	P26842
2641	2641	A0A087WV53
2642	2642	Q9NZM5
2643	2643	P07737
2644	2644	Q8NCN2
2645	2645	A6NGQ2
2648	2648	Q969X6
2649	2649	Q9UMY4
2650	2650	Q15006
2651	2651	P0DPK2
2653	2653	P18669
2655	2655	Q9UQ90
2656	2656	P45378
2657	2657	P15374
2658	2658	Q7Z7F7
2659	2659	O00238
2660	2660	O14531
2661	2661	O14936
2662	2662	P32856
2663	2663	P26441
2665	2665	O15335
2666	2666	P46527
2667	2667	Q96RY7
2669	2669	A0A494C0Z2
2671	2671	Q9BUR4
2673	2673	Q9P2A4
2674	2674	Q9H1B4
2675	2675	O95256
2676	2676	P63096
2677	2677	P23025
2678	2678	Q99622
2679	2679	Q8NBT0
2680	2680	Q86UE6
2681	2681	Q99757
2683	2683	Q12888
2687	2687	O15218
2688	2688	Q92731
2689	2689	Q9BZZ5
2690	2690	Q8TB61
2691	2691	P0DP09
2692	2692	Q8IXR5
2693	2693	P0C1Z6
2695	2695	Q7Z3E1
2698	2698	Q4AC94
2700	2700	Q8N7B6
2702	2702	P0CW19
2703	2703	Q5W5X9
2704	2704	P59646
2705	2705	P15531
2706	2706	P23471
2707	2707	Q8N668
2708	2708	P49840
2709	2709	Q96EF0
2710	2710	Q8IV77
2711	2711	P63104
2712	2712	P10321
2715	2715	P0DPB6
2717	2717	Q16644
2718	2718	Q86T90
2719	2719	P16298
2720	2720	O43491
2721	2721	Q96SN7
2722	2722	O14958
2723	2723	G2XKQ0
2724	2724	P49023
2725	2725	O00206
2726	2726	P01704
2727	2727	P0C5Z0
2729	2729	Q8IZ81
2730	2730	Q8N1N4
2731	2731	Q495M9
2732	2732	Q6NXP6
2733	2733	P52907
2734	2734	Q8WUM4
2735	2735	O43837
2736	2736	Q13415
2737	2737	Q13033
2739	2739	P10147
2740	2740	P78536
2741	2741	Q13643
2743	2743	P25705
2746	2746	Q8N1V2
2747	2747	O75369
2749	2749	Q7L2J0
2750	2750	A6NLX3
2751	2751	O75558
2752	2752	P28067
2753	2753	P58550
2754	2754	Q14444
2755	2755	P42768
2756	2756	O43167
2757	2757	A0A0C4DH35
2758	2758	Q6SJ96
2759	2759	P68133
2760	2760	B0I1T2
2763	2763	Q96D53
2765	2765	Q8IWZ3
2766	2766	P55327
2768	2768	O43240
2771	2771	Q8IXB1
2772	2772	P12004
2773	2773	O60658
2774	2774	Q5JST6
2775	2775	P05187
2776	2776	P29083
2777	2777	P29375
2778	2778	O15541
2779	2779	Q8WXI8
2781	2781	P09936
2784	2784	O75410
2787	2787	Q9HA65
2788	2788	Q7Z6Z6
2789	2789	Q6FI13
2790	2790	Q5JS13
2791	2791	P08246
2792	2792	Q00987
2793	2793	A6NNB3
2799	2799	P62166
2800	2800	P15498
2801	2801	Q86TG7
2802	2802	Q5QJE6
2803	2803	P51795
2807	2807	P01563
2808	2808	P62491
2809	2809	O95150
2811	2811	P60602
2812	2812	P62258
2814	2814	Q15506
2815	2815	Q9BT73
2816	2816	P04271
2818	2818	P07864
2820	2820	Q15768
2822	2822	Q8N8L6
2823	2823	P49848
2824	2824	Q8NE01
2825	2825	P11908
2826	2826	Q99985
2827	2827	P04439
2828	2828	P12074
2829	2829	O95198
2830	2830	P28562
2831	2831	Q8TDY2
2833	2833	P01602
2834	2834	Q9UBK9
2836	2836	O14662
2837	2837	P09493
2839	2839	A0A0C4DH69
2841	2841	Q13887
2842	2842	Q8NFU3
2844	2844	Q92499
2848	2848	A0A087WTH5
2849	2849	P62879
2850	2850	Q04864
2851	2851	O43719
2854	2854	Q6P1K2
2855	2855	Q8N960
2856	2856	P11940
2858	2858	P62241
2859	2859	P46098
2860	2860	Q96PP8
2861	2861	O95076
2862	2862	P29692
2864	2864	Q13351
2866	2866	Q53EU6
2867	2867	P30154
2869	2869	Q86XQ3
2871	2871	Q15361
2873	2873	P33240
2875	2875	Q5F1R6
2876	2876	A0A494BZU2
2877	2877	P07998
2880	2880	P45985
2882	2882	P04035
2883	2883	D6REC4
2884	2884	P13747
2885	2885	P25205
2886	2886	P57721
2888	2888	P04632
2889	2889	P78537
2892	2892	A6NEL2
2895	2895	Q9BTT4
2896	2896	Q02080
2897	2897	O60234
2898	2898	O15479
2899	2899	Q9UMY1
2900	2900	P62701
2901	2901	Q86Y82
2902	2902	P29459
2906	2906	P17812
2907	2907	O94832
2908	2908	P01009
2911	2911	Q6ULP2
2912	2912	P52799
2913	2913	Q8IXA5
2914	2914	P01909
2916	2916	Q00013
2917	2917	P29400
2918	2918	P17693
2919	2919	P53803
2921	2921	Q8WZ33
2922	2922	O95670
2924	2924	P43357
2925	2925	Q9H2A3
2928	2928	P68032
2929	2929	Q9H0G5
2930	2930	O14880
2931	2931	P52945
2932	2932	Q53G59
2934	2934	Q05516
2935	2935	O95249
2937	2937	A0A1W2PPW3
2940	2940	P53618
2941	2941	Q8WVX3
2942	2942	O14777
2943	2943	P40306
2946	2946	O14977
2947	2947	O95835
2948	2948	P01374
2950	2950	Q04917
2951	2951	O75631
2952	2952	Q4L235
2954	2954	P06756
2957	2957	P19404
2958	2958	P09237
2959	2959	O43257
2960	2960	Q9NRX6
2961	2961	Q15542
2962	2962	Q7L5Y9
2963	2963	Q01469
2964	2964	Q9HCM9
2966	2966	Q86W42
2967	2967	Q14994
2968	2968	P60763
2969	2969	A0A140TA62
2971	2971	Q9NY25
2972	2972	Q6PJG2
2973	2973	P45973
2975	2975	Q05193
2977	2977	A0A0A0MRZ8
2978	2978	P84098
2979	2979	Q13868
2980	2980	Q8TEM1
2981	2981	Q8WXH2
2983	2983	Q8N0Y5
2984	2984	P13765
2985	2985	O60296
2986	2986	O75807
2988	2988	P22392
2990	2990	Q9UBM4
2991	2991	Q16543
2992	2992	Q13823
2994	2994	Q6IPU0
2995	2995	Q969S6
2996	2996	Q5T7P8
2997	2997	Q6A162
2998	2998	P13645
2999	2999	Q13596
3000	3000	Q8N3D4
3002	3002	P42224
3003	3003	Q92619
3004	3004	Q96SU4
3006	3006	A5D8W1
3007	3007	Q3MII6
3009	3009	Q13098
3010	3010	A0A0C4DH28
3011	3011	Q00059
3012	3012	P54762
3013	3013	A0A096LPH7
3014	3014	Q12846
3015	3015	Q5T7P2
3017	3017	Q53FP2
3018	3018	O00453
3019	3019	Q04724
3020	3020	P05108
3021	3021	P03897
3023	3023	A0A0A0MT99
3024	3024	O14746
3025	3025	Q6P0Q8
3026	3026	Q12791
3027	3027	Q9HCF6
3030	3030	O14894
3031	3031	Q8N831
3034	3034	P55201
3037	3037	Q03468
3038	3038	Q68DC2
3039	3039	P11488
3040	3040	Q7Z7N9
3041	3041	P62760
3042	3042	Q0VD86
3043	3043	Q96EQ8
3044	3044	Q99879
3045	3045	Q13283
3046	3046	Q0VGL1
3048	3048	Q9NZW5
3049	3049	P28062
3050	3050	Q6UXY8
3051	3051	Q9NS64
3052	3052	O43597
3053	3053	Q6UXX9
3054	3054	Q96EP0
3056	3056	Q13330
3057	3057	Q8N567
3058	3058	P08729
3060	3060	P05107
3061	3061	A2NJV5
3062	3062	P78364
3063	3063	Q8TDY8
3064	3064	O95819
3066	3066	P52798
3067	3067	Q7Z602
3068	3068	O75752
3069	3069	O60783
3070	3070	P25445
3072	3072	O95067
3074	3074	Q96JJ6
3075	3075	Q99731
3076	3076	P09622
3077	3077	O95347
3079	3079	O15303
3081	3081	O14709
3082	3082	A2RU67
3083	3083	P56282
3085	3085	Q6DHV5
3087	3087	P03928
3088	3088	P63162
3089	3089	A2RU30
3090	3090	Q13356
3091	3091	Q6P5S7
3092	3092	P04070
3093	3093	Q9H1J1
3094	3094	P0C221
3095	3095	P35544
3098	3098	A6NKW6
3100	3100	P08620
3102	3102	P10243
3103	3103	Q99848
3106	3106	O00231
3107	3107	P35612
3109	3109	Q6UY01
3110	3110	O00230
3111	3111	P12724
3113	3113	Q16665
3114	3114	O00327
3115	3115	P63000
3116	3116	Q8N8S7
3117	3117	Q13520
3118	3118	Q9H5V7
3119	3119	P43034
3120	3120	Q32NC0
3121	3121	P01861
3122	3122	H3BRN8
3124	3124	O95405
3125	3125	Q8N5I4
3126	3126	P40939
3127	3127	Q96PN7
3129	3129	P51149
3130	3130	P41220
3131	3131	P00519
3132	3132	P0C7T5
3133	3133	Q00056
3134	3134	P51790
3137	3137	Q6UWF3
3138	3138	Q02930
3139	3139	Q09028
3141	3141	P17661
3143	3143	Q14469
3145	3145	O75607
3147	3147	A8MWD9
3148	3148	Q9H944
3149	3149	O60282
3150	3150	Q8N1B4
3151	3151	P43897
3152	3152	P43365
3153	3153	Q12983
3155	3155	O43252
3156	3156	Q9HB96
3157	3157	Q8NB46
3159	3159	Q9BZX2
3160	3160	P19224
3161	3161	P55040
3162	3162	Q96KN3
3163	3163	P33681
3164	3164	P24534
3165	3165	P01833
3167	3167	Q8IXH6
3168	3168	A0A0B4J1X8
3169	3169	P34932
3170	3170	P12524
3171	3171	Q9UQN3
3172	3172	P61236
3173	3173	O75145
3174	3174	Q15649
3175	3175	Q86XT2
3176	3176	Q2TAP0
3177	3177	Q04771
3178	3178	O75928
3180	3180	Q9NZE8
3183	3183	Q8IXI2
3184	3184	Q8IX21
3186	3186	P50539
3187	3187	Q5PSV4
3188	3188	Q9BSM1
3189	3189	O75344
3191	3191	P00746
3194	3194	Q9NRL3
3195	3195	O00217
3197	3197	O75351
3198	3198	P30050
3199	3199	Q15785
3200	3200	P01236
3201	3201	Q13557
3203	3203	P01817
3204	3204	Q15848
3206	3206	P48506
3207	3207	O75925
3208	3208	O75030
3209	3209	Q6PF05
3210	3210	P61968
3211	3211	Q99633
3213	3213	P13805
3215	3215	Q712K3
3216	3216	Q16825
3217	3217	P14555
3218	3218	Q14494
3220	3220	Q15256
3221	3221	O00257
3222	3222	O95876
3223	3223	Q07444
3224	3224	Q5T1S8
3226	3226	Q96FC9
3228	3228	Q6QHK4
3229	3229	Q96BD5
3230	3230	A6NLC8
3236	3236	A1XBS5
3237	3237	Q7Z4V5
3238	3238	P78362
3239	3239	Q8IXM3
3243	3243	C9J202
3244	3244	O75446
3245	3245	P12830
3246	3246	P60006
3247	3247	P54277
3248	3248	Q9BS16
3249	3249	A6NLF2
3250	3250	P09619
3251	3251	A1A4S6
3253	3253	P27930
3254	3254	P01614
3255	3255	P61970
3256	3256	Q08554
3257	3257	Q8N3H0
3258	3258	P51810
3259	3259	Q5TAQ9
3260	3260	O15525
3262	3262	Q5HYK7
3263	3263	Q92733
3264	3264	P10826
3268	3268	P05997
3269	3269	Q86UN2
3273	3273	A6NIE6
3275	3275	P60953
3276	3276	A6NFK2
3277	3277	O95568
3278	3278	O15297
3279	3279	Q02221
3280	3280	Q15746
3281	3281	P13284
3282	3282	P09669
3283	3283	P48668
3284	3284	Q86XU0
3285	3285	O95674
3287	3287	A0A087WX78
3288	3288	P56202
3290	3290	O75818
3291	3291	Q504Y3
3292	3292	O75444
3297	3297	P49765
3298	3298	P46777
3299	3299	Q14186
3300	3300	O95473
3301	3301	Q502W7
3302	3302	P21579
3303	3303	P26012
3304	3304	O00198
3305	3305	Q96NL1
3306	3306	Q8WXI2
3307	3307	Q9HBL0
3308	3308	O75400
3310	3310	Q14644
3311	3311	Q13488
3312	3312	Q9P2K8
3313	3313	O43323
3316	3316	O43295
3317	3317	O94887
3318	3318	P20336
3320	3320	O95445
3322	3322	Q9H0L4
3323	3323	Q9BRR0
3325	3325	Q8N5N7
3326	3326	Q14201
3329	3329	P13631
3330	3330	Q96KS0
3331	3331	P55198
3332	3332	Q8NER5
3333	3333	Q6NW40
3335	3335	Q16280
3337	3337	Q13416
3338	3338	Q9UHA4
3339	3339	Q8N8K9
3340	3340	A0A075B6T7
3341	3341	Q9NRY4
3342	3342	Q7Z6R9
3344	3344	Q13432
3346	3346	P62993
3348	3348	P33908
3350	3350	Q08AD1
3351	3351	P41162
3352	3352	P38919
3353	3353	P41236
3354	3354	Q92541
3355	3355	P30291
3356	3356	P42263
3357	3357	Q9H204
3360	3360	O75971
3361	3361	O95983
3362	3362	O95072
3363	3363	Q9Y2Q9
3364	3364	O15173
3365	3365	Q96HQ2
3366	3366	Q9NUG6
3367	3367	Q02363
3368	3368	Q96N95
3369	3369	Q9BV68
3370	3370	P62877
3371	3371	O60331
3372	3372	O95757
3373	3373	P07225
3374	3374	Q96M69
3377	3377	P35900
3379	3379	P01701
3380	3380	P49821
3381	3381	Q14623
3382	3382	P01920
3383	3383	P43355
3385	3385	P62987
3386	3386	Q14940
3387	3387	O14641
3388	3388	Q5VV17
3389	3389	A0A075B6K4
3390	3390	P12532
3391	3391	P53621
3397	3397	Q49B96
3398	3398	P36888
3401	3401	Q13426
3403	3403	Q06432
3405	3405	Q14690
3406	3406	Q9BX74
3407	3407	Q8WUZ0
3410	3410	Q6NSW7
3411	3411	O43365
3412	3412	O14519
3414	3414	O95139
3415	3415	P50553
3416	3416	O43760
3417	3417	A0A075B6J2
3418	3418	A0A075B6S2
3420	3420	P50991
3421	3421	Q16581
3422	3422	Q9P0J0
3423	3423	Q08AI8
3426	3426	O15197
3427	3427	P32019
3430	3430	Q6UXN9
3431	3431	A8MWX3
3432	3432	Q0VG06
3433	3433	Q04695
3434	3434	P51159
3435	3435	Q9H9A5
3436	3436	Q96CM3
3437	3437	Q15596
3438	3438	Q8NA19
3439	3439	Q05513
3440	3440	O75317
3442	3442	O00409
3444	3444	O00631
3448	3448	Q8IY49
3449	3449	Q6IEG0
3450	3450	Q7L190
3451	3451	Q9P289
3452	3452	Q7L7V1
3453	3453	Q9BV44
3454	3454	Q15014
3455	3455	Q8NAT2
3457	3457	Q8NEH6
3458	3458	P22061
3460	3460	Q13888
3461	3461	A6NGB9
3462	3462	Q86YV9
3463	3463	Q04912
3464	3464	O60921
3465	3465	Q9H2S1
3466	3466	P50570
3468	3468	Q9HD15
3470	3470	P25774
3472	3472	P06850
3473	3473	A4D1F6
3475	3475	P69892
3476	3476	O43298
3478	3478	P01567
3480	3480	P20292
3484	3484	Q08945
3485	3485	P25789
3486	3486	Q16566
3487	3487	O95644
3488	3488	O15031
3490	3490	Q3YEC7
3493	3493	Q8TEV9
3495	3495	O14770
3496	3496	P43403
3498	3498	O43567
3499	3499	Q13895
3500	3500	C9JCN9
3501	3501	Q96AX1
3502	3502	Q7L5D6
3503	3503	Q9NPA0
3504	3504	Q6P597
3505	3505	Q9H213
3507	3507	Q9BZL4
3508	3508	Q68D91
3509	3509	P31785
3512	3512	Q9UHY1
3515	3515	P51686
3516	3516	Q6PIY5
3517	3517	P22736
3518	3518	P41134
3519	3519	A8MW95
3520	3520	P17098
3521	3521	Q07912
3522	3522	Q6P4Q7
3524	3524	Q6PGP7
3525	3525	O15287
3526	3526	P29466
3527	3527	Q9BRQ4
3529	3529	Q8WVJ2
3531	3531	Q6PID8
3532	3532	Q8N1F7
3534	3534	P07437
3535	3535	Q9NPE3
3536	3536	Q06413
3537	3537	P32971
3538	3538	Q99880
3540	3540	Q5T5A4
3541	3541	Q9HAP6
3542	3542	Q8TED0
3545	3545	P43155
3546	3546	O00308
3549	3549	Q92643
3552	3552	Q14003
3553	3553	Q92793
3554	3554	A8K4G0
3555	3555	P11049
3556	3556	P48634
3557	3557	Q9BS18
3558	3558	A6NNY8
3559	3559	O60609
3560	3560	P10153
3561	3561	O95684
3562	3562	P51793
3563	3563	Q8WUH2
3564	3564	O14763
3567	3567	O15550
3569	3569	Q30KP8
3570	3570	Q9NUV7
3571	3571	O76081
3572	3572	A6NFE3
3573	3573	C9J069
3575	3575	O14933
3576	3576	Q63ZY3
3577	3577	Q96SQ5
3578	3578	Q86WR7
3580	3580	P30536
3584	3584	Q8WWY6
3585	3585	P41229
3587	3587	A0PJX2
3588	3588	P18859
3589	3589	Q5JPE7
3590	3590	Q8IVV7
3591	3591	O60896
3592	3592	Q12950
3593	3593	P17947
3594	3594	Q8IWZ6
3595	3595	Q96GD4
3596	3596	P55199
3599	3599	Q5VTH9
3600	3600	Q5TB30
3601	3601	P11310
3602	3602	Q96B02
3603	3603	P47929
3604	3604	Q16772
3608	3608	Q7Z418
3609	3609	Q4G0X9
3610	3610	Q494V2
3612	3612	O95711
3613	3613	Q8N5U1
3614	3614	P17752
3616	3616	Q13277
3617	3617	Q00722
3618	3618	Q7L622
3619	3619	A6NJ78
3620	3620	Q9BXT4
3621	3621	P24386
3622	3622	P04921
3623	3623	Q9BUE0
3624	3624	Q9UGQ3
3626	3626	Q8IXJ9
3627	3627	Q15329
3628	3628	O95562
3630	3630	O95218
3633	3633	O75808
3634	3634	Q86V35
3635	3635	A0A0C4DH67
3639	3639	P50395
3640	3640	Q8NE86
3641	3641	Q969V4
3642	3642	Q9BYJ4
3643	3643	Q5TZF3
3644	3644	Q9H4T2
3645	3645	O15212
3646	3646	Q9BWX1
3647	3647	Q5T7N3
3648	3648	O15520
3649	3649	P22570
3650	3650	P08253
3651	3651	Q05D32
3654	3654	Q00577
3656	3656	Q16559
3657	3657	Q9H069
3658	3658	Q86UP8
3661	3661	Q12778
3662	3662	Q99819
3663	3663	P32456
3664	3664	O14511
3665	3665	Q7RTU4
3670	3670	O14986
3672	3672	Q9BR76
3674	3674	P55196
3675	3675	Q04609
3676	3676	Q9BSF4
3677	3677	P01599
3679	3679	Q5TD97
3682	3682	A6NKN8
3683	3683	P31948
3684	3684	P32189
3686	3686	Q13616
3687	3687	Q7Z3Z0
3688	3688	Q01082
3689	3689	Q16795
3691	3691	P17301
3692	3692	P29460
3693	3693	P62314
3695	3695	P03971
3696	3696	O75175
3699	3699	O75324
3700	3700	Q96FG2
3702	3702	Q5FWF5
3703	3703	Q8IVS2
3704	3704	P53384
3705	3705	Q9BVI0
3706	3706	Q4VCS5
3708	3708	P0CAP2
3709	3709	Q8N7U6
3710	3710	Q09019
3712	3712	Q04741
3713	3713	P10114
3714	3714	O75586
3715	3715	Q96IG2
3716	3716	Q8N7B1
3717	3717	A8MXV4
3718	3718	P06312
3719	3719	Q8N196
3721	3721	P03891
3722	3722	Q15173
3723	3723	Q8WUQ7
3725	3725	Q7Z3H0
3726	3726	O60763
3727	3727	P25685
3728	3728	P02461
3729	3729	A8MXD5
3730	3730	O75626
3731	3731	O00471
3732	3732	Q15005
3733	3733	Q6NXT1
3734	3734	P54646
3737	3737	Q8TF09
3739	3739	Q9BYB0
3740	3740	O00746
3742	3742	A0A087WT03
3743	3743	Q149N8
3744	3744	P19388
3745	3745	P46060
3747	3747	O00168
3749	3749	Q9UFF9
3750	3750	P34810
3752	3752	Q8IUZ0
3755	3755	O15304
3757	3757	A6NL82
3759	3759	P26885
3761	3761	Q9NR33
3762	3762	Q7Z6L0
3764	3764	A0A075B6S9
3768	3768	P01570
3769	3769	P18085
3770	3770	P63316
3771	3771	Q9NS73
3772	3772	O95870
3773	3773	P15918
3774	3774	P02743
3776	3776	O15480
3777	3777	P01825
3778	3778	Q14117
3779	3779	Q8NEA6
3780	3780	P10074
3781	3781	P51693
3782	3782	A2PYH4
3783	3783	P15882
3784	3784	P46779
3787	3787	P09466
3790	3790	P24278
3793	3793	P61587
3794	3794	O43513
3795	3795	Q9BUF5
3796	3796	Q14160
3797	3797	P84095
3798	3798	O14832
3799	3799	Q14416
3800	3800	Q96DN0
3802	3802	Q14574
3805	3805	Q8IY31
3806	3806	P43628
3807	3807	O14893
3808	3808	P01597
3809	3809	P51681
3810	3810	Q5M7Z0
3811	3811	Q9NSA2
3812	3812	P27824
3813	3813	Q63HR2
3814	3814	P62136
3815	3815	Q2M2I5
3817	3817	Q9H1P6
3818	3818	O60880
3820	3820	O14521
3821	3821	Q15011
3825	3825	Q8NHS9
3826	3826	P09038
3827	3827	Q92665
3828	3828	O94763
3829	3829	P00797
3830	3830	Q6UWS5
3831	3831	A0A1W2PQ64
3833	3833	P35548
3836	3836	P40855
3838	3838	P45381
3839	3839	O60397
3840	3840	O43734
3841	3841	Q96DY2
3842	3842	Q969F0
3845	3845	P19883
3846	3846	O95415
3847	3847	A8MT69
3848	3848	O95271
3849	3849	Q7Z5M5
3851	3851	O43809
3852	3852	O43741
3853	3853	O60542
3856	3856	Q8NEK8
3857	3857	O00241
3858	3858	P63267
3861	3861	O60725
3862	3862	P33991
3863	3863	Q8NEU8
3864	3864	Q9BUN8
3865	3865	P10275
3866	3866	P20718
3867	3867	Q86XR7
3868	3868	Q155Q3
3869	3869	P08138
3870	3870	P04090
3871	3871	P01721
3873	3873	Q70CQ3
3874	3874	Q02878
3875	3875	O15211
3876	3876	Q8NEM7
3877	3877	O95639
3878	3878	P17066
3879	3879	P08709
3881	3881	Q8NFJ8
3883	3883	Q8WVH0
3885	3885	Q6ZTU2
3886	3886	Q96RI1
3887	3887	O95801
3890	3890	Q9UBE0
3891	3891	E9PAV3
3892	3892	Q9BQ39
3893	3893	P01111
3895	3895	Q5H8C1
3897	3897	Q969M1
3901	3901	O75602
3902	3902	Q9Y376
3903	3903	Q5T754
3905	3905	Q8TDR0
3907	3907	Q9NUY8
3910	3910	O76036
3911	3911	O94864
3912	3912	O43559
3913	3913	P55039
3914	3914	Q9BRI3
3915	3915	P0DKL9
3916	3916	A0A0A0MT36
3917	3917	P36894
3918	3918	Q5SY16
3923	3923	A4FU01
3924	3924	O75159
3926	3926	P05062
3927	3927	O60870
3928	3928	P06400
3931	3931	O75899
3932	3932	O94921
3934	3934	Q9BYE9
3935	3935	Q96AV8
3936	3936	Q8N3P4
3937	3937	Q86SX6
3938	3938	Q05329
3939	3939	Q9BZE7
3940	3940	P01717
3942	3942	P51610
3943	3943	P23352
3944	3944	A9UHW6
3945	3945	O43896
3946	3946	Q9NPI1
3947	3947	P10145
3948	3948	P56381
3950	3950	Q2VWP7
3951	3951	P23511
3952	3952	Q6UWI4
3953	3953	O75791
3954	3954	Q12933
3956	3956	B7ZBB8
3957	3957	Q07955
3958	3958	Q9Y4Z2
3959	3959	O75864
3961	3961	P78411
3962	3962	Q99525
3963	3963	Q6N021
3964	3964	Q96ES7
3965	3965	Q14240
3966	3966	O75896
3969	3969	Q01780
3970	3970	Q92600
3972	3972	A0A0C4DH26
3975	3975	P30041
3976	3976	Q96PE1
3977	3977	P20340
3978	3978	P62324
3981	3981	P49760
3982	3982	Q6EBC2
3985	3985	P10586
3987	3987	A0A1W2PRN6
3988	3988	P08559
3992	3992	Q14164
3995	3995	Q8TB37
3996	3996	Q96AY2
3997	3997	Q9BRT9
3998	3998	P56645
3999	3999	Q8N6H7
4001	4001	P53350
4002	4002	Q5W041
4003	4003	P04350
4004	4004	Q5TA31
4006	4006	Q9BXC9
4007	4007	P48788
4009	4009	P16118
4011	4011	P42696
4012	4012	P78396
4013	4013	Q9H501
4014	4014	O75874
4016	4016	Q01628
4018	4018	Q7Z553
4019	4019	Q3B820
4020	4020	Q14159
4023	4023	Q14807
4024	4024	P56705
4025	4025	Q16790
4029	4029	Q8NDH6
4030	4030	Q969F1
4032	4032	Q5VXD3
4033	4033	Q53GS7
4034	4034	P02750
4035	4035	Q6VEQ5
4036	4036	Q86U28
4037	4037	O60831
4039	4039	A8MV81
4040	4040	Q969G2
4041	4041	Q5SWA1
4042	4042	Q92994
4043	4043	O14771
4044	4044	Q13526
4045	4045	P16150
4046	4046	P15289
4048	4048	Q15788
4049	4049	Q06418
4050	4050	Q9NX08
4052	4052	Q6P9H4
4055	4055	Q86VX2
4056	4056	Q99576
4057	4057	A6NCM1
4058	4058	P40424
4059	4059	Q13516
4061	4061	Q92784
4063	4063	Q30154
4064	4064	P16410
4065	4065	Q9H0I3
4067	4067	P0DJI8
4069	4069	Q93096
4070	4070	P02100
4071	4071	O43555
4072	4072	Q66PJ3
4073	4073	Q8IWF6
4074	4074	O94817
4075	4075	P47902
4076	4076	P46459
4077	4077	P00736
4078	4078	P0DI81
4079	4079	Q15672
4080	4080	P43366
4081	4081	Q96H15
4082	4082	P07204
4085	4085	A0A0C4DH32
4086	4086	Q30KQ7
4087	4087	P46108
4088	4088	Q13449
4089	4089	O43566
4090	4090	P04150
4091	4091	P78543
4092	4092	O94875
4093	4093	P80192
4095	4095	O60568
4097	4097	Q14BN4
4098	4098	O43508
4104	4104	Q9H9J2
4107	4107	Q05209
4108	4108	P40937
4110	4110	P20339
4111	4111	Q96B77
4113	4113	O14654
4114	4114	P51955
4115	4115	P12236
4117	4117	Q96AH0
4118	4118	O00629
4119	4119	Q7RTN6
4120	4120	O60759
4121	4121	Q9NWV8
4122	4122	A0A0C4DH55
4123	4123	Q9P0U1
4124	4124	P07195
4125	4125	P48059
4126	4126	O14593
4127	4127	Q5JU69
4128	4128	O95528
4132	4132	O95998
4133	4133	P47897
4134	4134	Q99569
4135	4135	A6PVC2
4136	4136	Q6UXN7
4137	4137	P49798
4138	4138	P68402
4141	4141	P0C2S0
4142	4142	O75348
4144	4144	Q00839
4145	4145	O60259
4146	4146	P56559
4147	4147	P15311
4148	4148	Q99523
4149	4149	P10515
4150	4150	Q15375
4151	4151	A0A087WSY6
4153	4153	Q9BQ90
4154	4154	P23193
4155	4155	P15151
4157	4157	Q969D9
4159	4159	P19099
4161	4161	P01768
4162	4162	Q8TBA6
4163	4163	P53041
4165	4165	Q14532
4167	4167	Q15833
4168	4168	P48431
4170	4170	Q8TDH9
4171	4171	Q9NUP1
4172	4172	O43439
4173	4173	Q9UPS8
4179	4179	Q92769
4180	4180	Q0VFZ6
4181	4181	Q13503
4182	4182	Q92854
4183	4183	Q92905
4185	4185	P84103
4186	4186	O60242
4187	4187	Q9UDW3
4189	4189	O60939
4190	4190	A6NH52
4192	4192	A0A075B6S5
4193	4193	P32249
4194	4194	O95433
4197	4197	Q14C86
4198	4198	P61371
4199	4199	P49458
4200	4200	Q01543
4201	4201	Q8WVD3
4203	4203	A0A1W2PPL8
4206	4206	P05112
4211	4211	O95393
4212	4212	Q86Y01
4214	4214	Q7RTS1
4215	4215	P40200
4216	4216	Q9NZ32
4217	4217	A8MVJ9
4218	4218	P11686
4219	4219	Q9BT78
4220	4220	Q8NI37
4221	4221	P04003
4222	4222	P41732
4223	4223	O75916
4224	4224	P28068
4225	4225	Q8NBZ0
4227	4227	Q8N6K0
4228	4228	Q9GZQ3
4229	4229	Q8TC07
4231	4231	Q14CW9
4232	4232	P53420
4234	4234	Q00534
4235	4235	P35249
4237	4237	O00559
4238	4238	P00441
4239	4239	Q6ZNK6
4240	4240	Q14161
4241	4241	Q9UIK5
4242	4242	P02778
4243	4243	Q9BU89
4244	4244	Q15904
4245	4245	P36542
4246	4246	P00734
4247	4247	Q6P2P2
4248	4248	Q4V339
4249	4249	Q13405
4251	4251	Q9P109
4252	4252	Q86YF9
4253	4253	P62826
4254	4254	Q8TAP9
4256	4256	P06340
4257	4257	Q6IN85
4258	4258	O75486
4259	4259	A0A1W2PR64
4260	4260	P32246
4263	4263	O95376
4264	4264	Q659A1
4265	4265	P06307
4266	4266	Q5TA81
4267	4267	Q01453
4268	4268	Q6ZNC4
4269	4269	Q8NGR8
4272	4272	P05000
4274	4274	P06315
4275	4275	P28676
4276	4276	P40123
4277	4277	Q8IWG1
4280	4280	P51959
4281	4281	Q9BQK8
4282	4282	P62312
4283	4283	Q96HJ5
4284	4284	Q96PR1
4285	4285	P56385
4286	4286	P49406
4287	4287	A0A075B7D4
4288	4288	P33778
4290	4290	Q9H0E3
4291	4291	P04211
4292	4292	Q96JA1
4293	4293	Q86YC2
4294	4294	Q8IXI1
4295	4295	Q9NWF9
4296	4296	O00165
4298	4298	O43556
4299	4299	Q9H1R3
4300	4300	A0A075B6I3
4302	4302	P01601
4303	4303	Q8N4G2
4304	4304	Q96BM9
4305	4305	Q8NCA5
4308	4308	P49802
4309	4309	Q03111
4310	4310	Q9NWS9
4311	4311	A0A578
4314	4314	P55317
4317	4317	A0A0B4J1U6
4319	4319	A4D1E9
4321	4321	Q7L8L6
4322	4322	O00422
4323	4323	Q02556
4324	4324	Q8TBQ9
4325	4325	O43824
4326	4326	A0A075B6J6
4327	4327	P47224
4328	4328	Q00597
4329	4329	P0C7X2
4330	4330	Q12974
4331	4331	Q9H8E8
4332	4332	P51826
4333	4333	P52739
4334	4334	P79522
4335	4335	Q8WYA1
4336	4336	Q9H9P2
4338	4338	P35251
4340	4340	O15061
4341	4341	Q6IPX3
4342	4342	A0A5B7
4343	4343	P04798
4344	4344	P61218
4345	4345	O14653
4346	4346	Q08708
4347	4347	P57075
4348	4348	Q9UBW7
4349	4349	Q96GY0
4350	4350	Q16820
4351	4351	B0YJ81
4353	4353	A8MT33
4354	4354	P10244
4355	4355	Q8N3X1
4356	4356	O94927
4361	4361	A6H8Y1
4362	4362	P16066
4363	4363	Q6PII3
4364	4364	Q9P2I0
4365	4365	P59998
4366	4366	P54760
4367	4367	Q6UXU6
4368	4368	Q99732
4371	4371	P47974
4372	4372	P01714
4374	4374	Q13564
4375	4375	P58004
4376	4376	P55211
4377	4377	Q7RTP6
4378	4378	O94776
4379	4379	P01135
4380	4380	O95968
4381	4381	O00470
4382	4382	P54868
4383	4383	O60383
4384	4384	P22894
4385	4385	Q96B49
4386	4386	K7EJ46
4387	4387	Q14973
4388	4388	Q9GZX9
4389	4389	Q12988
4390	4390	O95447
4391	4391	P01624
4394	4394	O95400
4395	4395	Q9Y5Y6
4396	4396	Q7L9L4
4397	4397	Q6NTE8
4398	4398	O00303
4399	4399	Q8WW22
4400	4400	P51114
4401	4401	Q9BZK7
4404	4404	P98170
4407	4407	Q4G0X4
4411	4411	P09210
4413	4413	Q9BQL6
4415	4415	O14828
4416	4416	O95789
4417	4417	Q13163
4419	4419	P17787
4420	4420	Q96HF1
4422	4422	P51679
4423	4423	Q96EY7
4425	4425	Q96G04
4426	4426	A5D8V6
4427	4427	P0DL12
4428	4428	Q96EK4
4429	4429	P19875
4431	4431	Q96ED9
4432	4432	O15350
4433	4433	O60353
4435	4435	Q9BXF6
4436	4436	O15145
4437	4437	Q96RN5
4438	4438	O60688
4439	4439	P23588
4440	4440	Q8N0S2
4441	4441	Q02487
4442	4442	Q86W33
4444	4444	P40227
4445	4445	Q5J5C9
4446	4446	Q15057
4447	4447	O75676
4448	4448	P26010
4449	4449	O95185
4450	4450	P54750
4451	4451	P35858
4452	4452	O60220
4453	4453	Q52LA3
4455	4455	O60814
4456	4456	Q9HCS2
4457	4457	O60760
4458	4458	P08235
4459	4459	Q3YBR2
4461	4461	Q14320
4462	4462	Q92574
4463	4463	P06126
4464	4464	P05423
4467	4467	P01270
4468	4468	Q14106
4469	4469	Q02747
4470	4470	Q9BUL5
4471	4471	P83731
4472	4472	Q03113
4473	4473	O75596
4474	4474	Q6UWV2
4476	4476	Q9P1Z3
4477	4477	Q8IVF7
4480	4480	P78371
4481	4481	Q96CC6
4482	4482	Q02779
4483	4483	Q99567
4484	4484	P23945
4486	4486	P01569
4487	4487	P23246
4489	4489	O94964
4490	4490	Q9C0C4
4491	4491	Q9H3Y0
4492	4492	P01611
4494	4494	Q8NDX2
4497	4497	P43119
4499	4499	Q9UJX2
4500	4500	Q5VZ52
4501	4501	Q8NF64
4502	4502	A0A075B6K5
4503	4503	Q08050
4504	4504	O15264
4505	4505	O14830
4506	4506	Q15040
4507	4507	Q96DD7
4508	4508	O43237
4509	4509	O15552
4510	4510	Q13585
4511	4511	Q9NPZ5
4512	4512	P25800
4513	4513	Q9H6T3
4514	4514	P30533
4515	4515	Q8TDI8
4516	4516	O75884
4517	4517	P81133
4518	4518	Q8TEQ6
4519	4519	O95059
4520	4520	P56134
4524	4524	P14317
4525	4525	O00574
4526	4526	O95922
4527	4527	P22794
4529	4529	P62955
4531	4531	A0A0A6YYK7
4532	4532	Q96RK0
4534	4534	A0A0B4J1X5
4535	4535	O15014
4536	4536	Q93062
4537	4537	A0A0C4DH25
4538	4538	O15033
4540	4540	O75683
4542	4542	Q8WVZ9
4543	4543	Q9UK58
4545	4545	Q9P0U4
4546	4546	Q96DE0
4547	4547	Q13123
4548	4548	P05413
4549	4549	Q8NEJ0
4550	4550	Q8IXQ5
4551	4551	Q96M91
4552	4552	O75325
4553	4553	Q12796
4554	4554	Q01196
4555	4555	Q9BV38
4556	4556	P13196
4557	4557	Q5BKX5
4559	4559	Q9NQL2
4563	4563	P29965
4564	4564	Q99835
4566	4566	Q96A70
4567	4567	O75663
4568	4568	Q8N100
4569	4569	Q14533
4570	4570	Q96CB8
4571	4571	Q9H7X7
4572	4572	Q9BRQ6
4573	4573	B4E2M5
4574	4574	P02748
4576	4576	P50225
4577	4577	Q5M9Q1
4578	4578	Q695T7
4579	4579	P18031
4580	4580	Q8WWM7
4581	4581	Q9H1C7
4582	4582	O95825
4583	4583	Q96GY3
4584	4584	Q5RKV6
4585	4585	Q92782
4586	4586	O60684
4587	4587	P13533
4588	4588	Q6ZSG1
4589	4589	P01574
4590	4590	P62873
4591	4591	Q5VVJ2
4593	4593	Q32ZL2
4595	4595	Q13885
4597	4597	A0A0A6YYJ7
4598	4598	Q969E8
4599	4599	Q8IYX8
4600	4600	O95772
4601	4601	P51884
4602	4602	Q9NPJ6
4603	4603	P02766
4604	4604	Q6VY07
4606	4606	Q5BJH7
4610	4610	P35590
4612	4612	Q03393
4613	4613	Q9UJX4
4614	4614	Q15052
4615	4615	A8MV65
4616	4616	P45984
4617	4617	O00291
4618	4618	P61158
4620	4620	A4D0T7
4621	4621	Q8NBP0
4622	4622	P35609
4623	4623	Q96FH0
4624	4624	P0DJI9
4625	4625	Q9BT25
4626	4626	Q9NWT8
4627	4627	Q06455
4628	4628	Q08426
4629	4629	P60983
4631	4631	Q9NX65
4634	4634	Q9C0B7
4635	4635	Q86W11
4637	4637	P17040
4638	4638	Q8NBR0
4639	4639	P12980
4640	4640	P36956
4641	4641	P40225
4642	4642	Q8N8F6
4643	4643	Q68CZ6
4644	4644	Q52LR7
4645	4645	O00273
4647	4647	A0A0C4DH39
4648	4648	Q9HAP2
4649	4649	P82251
4650	4650	Q96JG8
4654	4654	P23634
4655	4655	Q86Z20
4657	4657	P63244
4658	4658	A8MWL6
4659	4659	A8MXK1
4660	4660	Q5VYV7
4662	4662	P58340
4664	4664	Q9H4D5
4666	4666	Q5T8P6
4667	4667	Q96MX6
4668	4668	Q9HD26
4670	4670	O60493
4671	4671	Q15643
4672	4672	P43146
4673	4673	Q504U0
4674	4674	P43694
4675	4675	Q14241
4676	4676	Q6ZW61
4677	4677	Q86Y13
4679	4679	Q6R2W3
4680	4680	Q9BVK8
4683	4683	Q9BQ87
4684	4684	A0A075B6T8
4686	4686	P33552
4687	4687	P01594
4688	4688	Q86TB9
4689	4689	Q13367
4690	4690	O43147
4692	4692	A0A1W2PQL4
4693	4693	O95279
4694	4694	Q96CT2
4695	4695	Q86XE0
4697	4697	P48426
4699	4699	Q9BXI9
4700	4700	P19876
4701	4701	O15151
4704	4704	Q14980
4705	4705	P04430
4706	4706	O15534
4708	4708	Q9H9Q2
4709	4709	P49795
4710	4710	P02776
4714	4714	A6NNW6
4716	4716	O75427
4718	4718	P49238
4719	4719	Q8TF08
4720	4720	Q02297
4721	4721	Q8N2K1
4722	4722	O14668
4723	4723	O95235
4724	4724	Q9BQP7
4725	4725	Q92552
4728	4728	O94850
4729	4729	Q9NQW6
4730	4730	O60669
4731	4731	Q7Z2Z1
4732	4732	Q8IW40
4733	4733	Q7Z7H5
4734	4734	Q9H000
4739	4739	P54368
4740	4740	P30203
4742	4742	Q6NUS6
4745	4745	O75608
4746	4746	P49918
4748	4748	P47736
4750	4750	P40222
4751	4751	P29973
4752	4752	A0A286YFK9
4754	4754	Q7Z7D3
4756	4756	Q93088
4757	4757	Q9NQB0
4759	4759	O94986
4761	4761	Q9Y3U8
4762	4762	Q92928
4763	4763	Q6UB98
4765	4765	O95751
4766	4766	Q9NYK5
4767	4767	Q9P0L1
4768	4768	Q9C0B0
4770	4770	Q9NRP4
4771	4771	Q9UHP3
4772	4772	Q9NPD8
4773	4773	Q9GZZ9
4774	4774	Q99571
4775	4775	Q13505
4776	4776	Q15437
4777	4777	Q14839
4779	4779	P32455
4780	4780	Q6ZUT1
4781	4781	Q674R7
4782	4782	O15382
4783	4783	P02511
4784	4784	Q96RR4
4785	4785	Q9NZD8
4786	4786	Q5VXH4
4787	4787	O75618
4788	4788	P35241
4789	4789	Q96QV6
4790	4790	Q8WVP5
4793	4793	P54756
4794	4794	A5PLL7
4796	4796	Q96A54
4798	4798	Q6ZVM7
4799	4799	P04440
4800	4800	P01911
4801	4801	Q86UL3
4802	4802	O43264
4803	4803	P11387
4804	4804	P09455
4806	4806	Q9HBM6
4807	4807	A0A597
4808	4808	Q05707
4809	4809	Q86VS8
4810	4810	P42892
4811	4811	P14651
4812	4812	P21802
4814	4814	O43716
4815	4815	A0FGR9
4820	4820	Q9BZD6
4821	4821	Q92622
4823	4823	Q14C87
4824	4824	Q6P4F7
4826	4826	Q75QN2
4828	4828	A0A1B0GVZ6
4830	4830	P05198
4831	4831	Q17RB8
4832	4832	P51809
4833	4833	Q9NXB0
4835	4835	Q86VP3
4836	4836	Q16082
4839	4839	Q99457
4840	4840	P30626
4841	4841	P80075
4842	4842	Q00610
4844	4844	A0PJW6
4845	4845	Q13451
4846	4846	Q5JSJ4
4847	4847	Q5VZE5
4848	4848	P01222
4852	4852	Q9H0E9
4853	4853	Q64LD2
4854	4854	Q86VG3
4855	4855	Q6AW86
4856	4856	P40199
4857	4857	Q96FZ7
4859	4859	P07197
4860	4860	Q7L1V2
4861	4861	P22531
4862	4862	Q6P444
4863	4863	Q9HAV0
4864	4864	P07919
4866	4866	O95196
4867	4867	P11487
4868	4868	Q70EL1
4869	4869	Q9Y5Q8
4870	4870	Q8N4J0
4871	4871	Q15154
4873	4873	Q8NBF2
4875	4875	Q8IX18
4876	4876	Q92794
4877	4877	Q92830
4879	4879	P09958
4880	4880	Q8N5L8
4881	4881	O75845
4882	4882	P28908
4883	4883	P20809
4884	4884	A0A0G2JPF8
4888	4888	Q8N114
4889	4889	Q96BW1
4890	4890	Q96ER3
4891	4891	Q96KG7
4892	4892	O14569
4894	4894	Q6P1N0
4895	4895	O00141
4896	4896	Q7RTU7
4898	4898	Q9NYG5
4900	4900	P0DI82
4901	4901	Q15056
4902	4902	Q9BUL9
4903	4903	Q12772
4904	4904	Q5VT99
4905	4905	O43759
4907	4907	A6NKH3
4908	4908	P0C7V7
4909	4909	Q96MW5
4911	4911	Q96DZ1
4912	4912	B4DS77
4913	4913	Q96K76
4918	4918	Q8IYB8
4919	4919	Q9NPG3
4920	4920	P54920
4927	4927	A0A0A6YYK1
4928	4928	O43633
4930	4930	Q86XE3
4931	4931	P50990
4932	4932	Q3ZCQ3
4933	4933	Q9BSK4
4934	4934	Q16695
4935	4935	Q9BTV6
4936	4936	O75487
4938	4938	O60934
4939	4939	Q9BW66
4941	4941	Q8WYQ3
4942	4942	O96017
4943	4943	Q9H1K1
4944	4944	P28827
4945	4945	P48723
4946	4946	P0C0E4
4947	4947	P58005
4948	4948	Q92613
4949	4949	P13591
4950	4950	Q7L0Q8
4951	4951	O95425
4952	4952	Q969Q5
4953	4953	A0A075B6R0
4954	4954	O95229
4956	4956	P21757
4957	4957	O75940
4959	4959	Q9GZM8
4960	4960	Q641Q2
4961	4961	P15812
4962	4962	Q9HBJ8
4964	4964	Q58WW2
4965	4965	Q99608
4966	4966	P32302
4967	4967	Q5T4W7
4971	4971	P31273
4973	4973	Q6ZVN8
4974	4974	Q9UBI1
4976	4976	Q8NB12
4977	4977	Q9NZL9
4978	4978	O75054
4980	4980	P52435
4981	4981	Q15906
4982	4982	P83916
4983	4983	Q9BVK6
4984	4984	A0A075B6H9
4985	4985	O00626
4986	4986	P62714
4987	4987	O00220
4989	4989	Q01105
4990	4990	A0AVK6
4991	4991	P43686
4993	4993	Q9H082
4994	4994	B7U540
4995	4995	Q96LU5
4996	4996	Q96PN8
4997	4997	O00232
4998	4998	Q15276
4999	4999	P78406
5000	5000	Q9NRH3
5003	5003	Q9H0B6
5004	5004	Q86UT8
5005	5005	O15160
5007	5007	Q5THR3
5009	5009	Q99613
5010	5010	P62829
5011	5011	Q99549
5013	5013	Q13007
5015	5015	Q00604
5017	5017	Q9UHC1
5019	5019	A5PKW4
5020	5020	Q7L7X3
5021	5021	P17931
5022	5022	Q3MUY2
5023	5023	Q8NE71
5026	5026	Q5D1E8
5027	5027	A0A075B6S6
5028	5028	A0A3B3IRV3
5029	5029	O75365
5031	5031	P01137
5033	5033	Q9Y3A6
5035	5035	Q9H8W4
5036	5036	Q6P582
5039	5039	Q9UGJ0
5040	5040	Q16533
5042	5042	Q9H9P5
5043	5043	Q9HD90
5044	5044	P43405
5045	5045	O75970
5046	5046	Q495A1
5047	5047	Q9UL51
5048	5048	Q8NEM0
5050	5050	P57740
5051	5051	Q96NZ1
5052	5052	Q14566
5055	5055	Q6ZTA4
5057	5057	Q9BXW4
5059	5059	P50151
5060	5060	Q9NWY4
5061	5061	P29372
5062	5062	Q5VTH2
5064	5064	Q8NFR3
5065	5065	Q6ZW76
5067	5067	Q8N8Z8
5068	5068	Q5VUG0
5069	5069	O75976
5071	5071	P62899
5072	5072	Q9NS61
5073	5073	Q12904
5074	5074	O15091
5076	5076	Q92478
5077	5077	Q9H4E5
5079	5079	Q9NRX1
5080	5080	Q12872
5081	5081	Q8NEY4
5084	5084	Q9NP71
5085	5085	P28324
5088	5088	Q13061
5090	5090	Q14145
5091	5091	B2RXF5
5092	5092	A0PJX4
5094	5094	Q8IYA6
5095	5095	A0A499FJF3
5096	5096	P35269
5097	5097	A0JLT2
5098	5098	Q8NFB2
5099	5099	Q15916
5100	5100	Q14192
5101	5101	Q9HBG4
5102	5102	Q7Z624
5103	5103	Q68DV7
5104	5104	P29016
5107	5107	Q9UEE5
5108	5108	Q6DKI7
5109	5109	Q9UPT5
5110	5110	Q92466
5115	5115	P20645
5116	5116	O75871
5117	5117	A0A0A0MS02
5118	5118	P54753
5119	5119	Q96BT7
5120	5120	Q96A26
5121	5121	P03973
5123	5123	Q8NHU6
5124	5124	P07358
5125	5125	A6NJY4
5128	5128	Q9P0V9
5129	5129	O75762
5130	5130	P16389
5132	5132	Q13310
5134	5134	Q06330
5135	5135	P67812
5136	5136	Q92585
5139	5139	Q9BVL2
5140	5140	P23415
5141	5141	Q96S79
5142	5142	P61758
5145	5145	O15503
5146	5146	Q96AP7
5147	5147	A0A2R8Y4M4
5149	5149	P82279
5150	5150	Q6PIL6
5152	5152	O43681
5153	5153	Q9H4B7
5154	5154	Q86YD7
5155	5155	A0A0B4J1U3
5157	5157	P02768
5161	5161	P49643
5163	5163	Q9HCN8
5164	5164	P49703
5165	5165	P07360
5166	5166	Q9BQ15
5167	5167	Q96N21
5170	5170	Q99418
5171	5171	Q86Y46
5172	5172	Q07654
5173	5173	Q5EG05
5174	5174	Q6NVY1
5175	5175	O60437
5177	5177	Q13588
5178	5178	Q8TCG1
5179	5179	P24310
5180	5180	P49356
5183	5183	P28335
5185	5185	Q4G0T1
5186	5186	P31350
5187	5187	A0A075B6H8
5188	5188	P62917
5189	5189	Q6KB66
5191	5191	Q14831
5192	5192	Q8WTW3
5193	5193	Q9BPZ7
5194	5194	C9JQL5
5195	5195	Q70IA6
5196	5196	Q06190
5197	5197	O95992
5198	5198	P49842
5200	5200	Q8N4P6
5201	5201	A0A075B6K6
5202	5202	Q17RB0
5204	5204	Q92556
5205	5205	O14522
5206	5206	A0A1W2PQD8
5207	5207	P43362
5209	5209	O75419
5210	5210	Q9UJX3
5211	5211	P0DJD0
5212	5212	Q8WUA4
5214	5214	Q8IYH5
5215	5215	Q6UWV7
5216	5216	Q9UIA0
5219	5219	O95747
5220	5220	Q9UHB7
5221	5221	P37840
5222	5222	Q8WZA0
5223	5223	A6NI28
5224	5224	P30419
5225	5225	Q5TYX0
5226	5226	Q8TAT6
5228	5228	P50150
5229	5229	P07992
5230	5230	P04181
5231	5231	P22223
5232	5232	Q99999
5233	5233	A6NKT7
5234	5234	O60662
5235	5235	Q96EP1
5236	5236	P15090
5237	5237	Q9BRB3
5239	5239	Q9BU79
5242	5242	Q9HC52
5243	5243	Q9NVF7
5244	5244	Q8NCQ5
5245	5245	A0A0A0MS14
5246	5246	Q9BY67
5247	5247	P00540
5249	5249	Q9NVU0
5250	5250	Q8N8D7
5251	5251	P55957
5252	5252	Q5U5X0
5253	5253	Q16626
5254	5254	P52952
5255	5255	A6NKU9
5256	5256	P02689
5257	5257	A0A0C4DH24
5258	5258	Q9NX18
5260	5260	Q8NA92
5261	5261	O00533
5264	5264	P0C7M3
5265	5265	O75496
5266	5266	Q8NFQ8
5268	5268	Q99640
5269	5269	P48436
5270	5270	O95718
5271	5271	Q9BZ23
5272	5272	P15514
5273	5273	Q99627
5274	5274	P60891
5276	5276	Q16690
5277	5277	P50213
5278	5278	Q8NB16
5279	5279	Q7Z6W1
5280	5280	Q8TAU3
5281	5281	P43234
5282	5282	P52757
5283	5283	Q9HC97
5284	5284	Q8TAC2
5285	5285	Q8IZ40
5286	5286	Q02809
5287	5287	Q6ZSB9
5288	5288	Q2NL68
5291	5291	Q96QE3
5294	5294	P51636
5295	5295	Q7Z6B7
5296	5296	Q8N4B1
5297	5297	Q9HBE4
5300	5300	Q6PIF2
5301	5301	Q9UNH6
5302	5302	Q9NQT4
5303	5303	Q9BX70
5304	5304	Q96S52
5305	5305	P56377
5306	5306	P62834
5307	5307	Q6EMK4
5308	5308	Q01664
5309	5309	Q92889
5310	5310	Q9BZR6
5311	5311	Q9NX61
5312	5312	Q92738
5313	5313	Q9NPJ8
5316	5316	Q5DT21
5317	5317	Q9H9S3
5318	5318	O15446
5319	5319	A0A0C4DH68
5320	5320	A8MPP1
5321	5321	Q4VC39
5322	5322	Q68EM7
5323	5323	O00237
5327	5327	P51452
5328	5328	P20774
5331	5331	Q8NCR9
5332	5332	P29033
5333	5333	P78347
5334	5334	Q96SD1
5335	5335	P17600
5336	5336	Q13438
5337	5337	P19957
5338	5338	Q96D59
5339	5339	Q53TQ3
5340	5340	O00167
5341	5341	P11309
5343	5343	P78417
5344	5344	O95125
5345	5345	Q9P275
5347	5347	Q03014
5349	5349	Q8TCD5
5350	5350	Q8NDV7
5351	5351	Q6IQ55
5352	5352	Q02127
5353	5353	Q96IP4
5355	5355	Q9NWZ8
5356	5356	P06310
5358	5358	A6NKG5
5360	5360	Q96EY5
5361	5361	Q86Y33
5362	5362	Q5VTR2
5363	5363	O15247
5365	5365	P51888
5366	5366	P01889
5367	5367	Q92888
5368	5368	P27338
5371	5371	Q5T440
5373	5373	P48304
5374	5374	P49910
5375	5375	Q96RQ1
5377	5377	Q5VV67
5378	5378	O15403
5379	5379	P05976
5380	5380	Q5JXB2
5381	5381	P22459
5383	5383	O60885
5384	5384	Q8IY81
5385	5385	O15529
5387	5387	Q16537
5388	5388	Q8IZR5
5389	5389	Q6Y1H2
5390	5390	Q96HS1
5391	5391	P25067
5392	5392	O43186
5393	5393	Q13153
5394	5394	P43356
5398	5398	P48552
5400	5400	A6ND48
5401	5401	Q6L8Q7
5405	5405	P42702
5406	5406	Q9BRX9
5407	5407	Q13569
5408	5408	Q01432
5409	5409	A6NM36
5410	5410	P63146
5412	5412	P33992
5414	5414	P05451
5415	5415	Q9NY30
5416	5416	P51553
5417	5417	Q9BRK0
5418	5418	P43307
5419	5419	P21589
5420	5420	O60687
5421	5421	Q6IPT4
5422	5422	Q9H4A9
5426	5426	O75352
5428	5428	P63252
5429	5429	P09017
5430	5430	Q96K17
5431	5431	Q7Z2D5
5433	5433	A4QMS7
5434	5434	Q8IZ26
5435	5435	P48378
5436	5436	Q9NR55
5437	5437	Q8NHZ8
5438	5438	P10643
5440	5440	P56937
5442	5442	O15499
5446	5446	P18089
5448	5448	Q14129
5449	5449	Q96G74
5452	5452	O95460
5453	5453	P13473
5454	5454	Q8WVP7
5455	5455	Q96FX7
5456	5456	Q9NZQ0
5457	5457	P49720
5459	5459	Q7Z340
5460	5460	P07858
5462	5462	Q96RV3
5463	5463	O76064
5465	5465	A5PLN9
5466	5466	Q8TED9
5469	5469	Q13425
5470	5470	O60732
5471	5471	Q02763
5472	5472	Q92932
5473	5473	O15379
5474	5474	Q9BYB4
5475	5475	Q5H9F3
5476	5476	P10070
5477	5477	A0A075B6K2
5478	5478	P54259
5479	5479	Q9NX55
5480	5480	Q15759
5482	5482	Q96MT1
5483	5483	A0A075B6R9
5484	5484	P35326
5485	5485	A0A0B4J262
5486	5486	Q9BVG4
5487	5487	Q15388
5489	5489	Q15043
5490	5490	A0A1W2PQ27
5491	5491	Q96G27
5492	5492	P01286
5493	5493	O43829
5495	5495	P0DPH8
5496	5496	Q92576
5497	5497	Q69YI7
5498	5498	O00339
5499	5499	Q6MZP7
5501	5501	A8K8P3
5503	5503	P20839
5504	5504	P46095
5505	5505	Q14194
5508	5508	P56180
5509	5509	Q96EK2
5510	5510	Q6NSI8
5511	5511	Q92785
5512	5512	O43709
5514	5514	Q8N9N5
5515	5515	Q68G74
5516	5516	Q9UN37
5517	5517	P02675
5519	5519	Q8WWV3
5520	5520	Q15391
5521	5521	P78426
5522	5522	Q9BU61
5523	5523	A0ZSE6
5524	5524	P29474
5525	5525	Q8N1G0
5526	5526	Q7L5A8
5527	5527	O95971
5528	5528	O43929
5529	5529	Q9NXG0
5530	5530	P61601
5531	5531	P27797
5535	5535	Q15004
5536	5536	P35914
5537	5537	Q7Z422
5539	5539	P14384
5540	5540	Q9C0A0
5541	5541	P20849
5542	5542	P05231
5543	5543	Q9UNE7
5544	5544	Q9UIH9
5547	5547	P12314
5548	5548	Q8WXC6
5549	5549	O95996
5550	5550	Q8TDQ7
5551	5551	Q8IV63
5553	5553	Q92841
5554	5554	Q8WV41
5558	5558	Q8NBB4
5559	5559	Q9NY15
5560	5560	P41217
5561	5561	Q3SXY7
5564	5564	Q13563
5566	5566	P06681
5567	5567	Q9HC07
5568	5568	Q15742
5569	5569	A0A0C4DH73
5570	5570	Q8WWX0
5571	5571	P50226
5572	5572	Q04726
5573	5573	P53985
5574	5574	P13674
5575	5575	Q9P2S6
5577	5577	Q8TD20
5578	5578	P22626
5579	5579	Q7Z6A9
5580	5580	A2VDJ0
5581	5581	Q5T292
5582	5582	O14576
5583	5583	Q9HD34
5585	5585	P23219
5587	5587	Q96JB5
5589	5589	P12821
5590	5590	Q4V9L6
5591	5591	Q5TA79
5592	5592	Q96N64
5593	5593	P20337
5594	5594	Q5JU00
5595	5595	Q6SZW1
5596	5596	O15554
5598	5598	P0C7Q6
5599	5599	Q9ULX9
5600	5600	Q96KV7
5601	5601	P17152
5603	5603	Q8IY26
5604	5604	Q9UBC3
5605	5605	P0C860
5606	5606	A0A2R8YCJ5
5607	5607	P06239
5608	5608	Q12884
5609	5609	Q8IVH2
5610	5610	Q8NFY9
5612	5612	P32242
5614	5614	Q504Y2
5617	5617	P11441
5618	5618	Q5BVD1
5619	5619	P61163
5620	5620	A0A0C4DH72
5621	5621	Q5T7P3
5623	5623	Q15120
5624	5624	P60827
5625	5625	Q9NV70
5626	5626	P17036
5627	5627	Q8NEQ5
5628	5628	P27986
5629	5629	Q14442
5630	5630	Q96HB5
5631	5631	P04629
5632	5632	Q9UBU9
5634	5634	P37802
5636	5636	P34931
5638	5638	Q92610
5639	5639	P35527
5642	5642	Q9NYJ1
5644	5644	Q9BQC3
5645	5645	Q6PKC3
5647	5647	Q8TCX5
5648	5648	P02462
5650	5650	Q969W0
5651	5651	Q96A05
5652	5652	Q9H4A5
5653	5653	P07602
5654	5654	Q6UWM5
5655	5655	Q7Z769
5656	5656	Q8TER5
5659	5659	O60637
5661	5661	Q8TCJ2
5662	5662	P29373
5663	5663	P14780
5665	5665	A0A0A0MRZ7
5666	5666	Q99700
5668	5668	P32314
5669	5669	A0A0B4J1V7
5670	5670	A0A0B4J237
5671	5671	P29017
5672	5672	P04433
5673	5673	P06733
5674	5674	P05141
5675	5675	P15813
5676	5676	P20366
5677	5677	Q8NDZ6
5678	5678	Q96MG7
5679	5679	Q8N2M8
5680	5680	P19438
5681	5681	Q8TCT9
5682	5682	P19474
5683	5683	Q9BY42
5684	5684	Q96QA6
5685	5685	P31749
5687	5687	Q9NRR8
5688	5688	Q12866
5690	5690	Q02446
5691	5691	P59768
5692	5692	Q13323
5693	5693	P31276
5694	5694	Q92692
5695	5695	O60755
5698	5698	Q9Y2K7
5699	5699	P61160
5700	5700	Q01814
5702	5702	Q9BRP8
5704	5704	Q96AE7
5705	5705	O14863
5706	5706	Q96RT8
5708	5708	A0A0C4DH59
5709	5709	Q5JR59
5710	5710	Q68CQ4
5711	5711	O95147
5713	5713	Q2M3R5
5715	5715	Q0P5N6
5717	5717	Q9BTD8
5719	5719	Q5SY68
5720	5720	Q8TED1
5722	5722	O43307
5725	5725	P48058
5726	5726	O95197
5727	5727	P78345
5729	5729	Q1MX18
5730	5730	Q70IA8
5731	5731	O14791
5734	5734	Q9BSE2
5735	5735	Q86YV6
5737	5737	Q9H063
5738	5738	Q8N2A8
5740	5740	Q6GPH4
5741	5741	P09693
5743	5743	Q68DI1
5744	5744	P59780
5745	5745	A6NN14
5746	5746	O94898
5747	5747	O95630
5748	5748	Q2T9J0
5749	5749	Q8NG11
5750	5750	Q14126
5751	5751	P0C2W1
5752	5752	Q92542
5753	5753	P25686
5754	5754	Q96CS2
5755	5755	Q16363
5756	5756	Q16718
5757	5757	Q969G9
5758	5758	P33176
5759	5759	Q92623
5761	5761	Q8NEZ2
5763	5763	Q96NS1
5765	5765	O15321
5766	5766	A0A0C4DH31
5767	5767	Q9BV81
5768	5768	O43286
5769	5769	Q9UI12
5770	5770	O60551
5771	5771	O43364
5772	5772	Q14982
5773	5773	P01742
5774	5774	Q969H6
5777	5777	A0A0A6YYL3
5780	5780	Q12968
5781	5781	P20908
5782	5782	Q92581
5783	5783	P43353
5784	5784	O94900
5785	5785	Q8IVN8
5787	5787	Q9NQA3
5789	5789	Q13705
5790	5790	O43293
5791	5791	Q969S3
5792	5792	Q96F46
5793	5793	O60512
5794	5794	A0JD37
5795	5795	O60269
5796	5796	Q9NY72
5797	5797	Q8IYU8
5798	5798	Q96KP1
5799	5799	Q9BVC3
5800	5800	P48448
5801	5801	O75937
5802	5802	Q96KQ7
5803	5803	Q8TF40
5807	5807	Q4LE39
5808	5808	Q16534
5809	5809	Q01844
5810	5810	Q6ZS72
5811	5811	Q86VY9
5812	5812	Q13546
5813	5813	A0A075B6H7
5814	5814	Q9P0M9
5816	5816	P54709
5817	5817	P37088
5821	5821	Q9UGI9
5822	5822	Q96A84
5823	5823	O95716
5824	5824	O00189
5825	5825	Q6ICB4
5826	5826	Q14207
5827	5827	Q92993
5829	5829	Q9HB14
5830	5830	Q13487
5831	5831	Q01650
5832	5832	P21462
5833	5833	A0A0C4DH34
5834	5834	P11274
5835	5835	P46926
5836	5836	Q00526
5838	5838	Q9NZV8
5839	5839	A0A075B6J1
5840	5840	Q99470
5841	5841	Q09470
5842	5842	Q86XS8
5844	5844	Q14802
5845	5845	Q5TA89
5846	5846	Q96HE8
5847	5847	Q8NEA5
5848	5848	Q5T4I8
5849	5849	Q8TDS5
5850	5850	Q9UPM8
5851	5851	A0A1B0GUA5
5852	5852	O75593
5855	5855	P13762
5857	5857	O95390
5858	5858	P02787
5860	5860	P85037
5861	5861	P10415
5862	5862	Q5HYJ1
5863	5863	O14874
5864	5864	O14523
5865	5865	A8MUZ8
5866	5866	Q15053
5867	5867	P78346
5868	5868	O94933
5869	5869	Q15811
5870	5870	Q5T4F7
5872	5872	P62253
5873	5873	Q6XZF7
5875	5875	Q9BUQ8
5876	5876	Q9H1D9
5877	5877	O60942
5878	5878	Q8TAA3
5879	5879	Q9GZN1
5880	5880	P27539
5881	5881	O43663
5882	5882	Q96DT6
5884	5884	P0C7M6
5886	5886	Q7Z404
5888	5888	Q96RT1
5889	5889	Q9NQ87
5890	5890	P45379
5893	5893	Q8NAC3
5894	5894	Q9H0Y0
5895	5895	Q562R1
5896	5896	P35443
5897	5897	Q96A47
5898	5898	P57679
5899	5899	Q9HB65
5900	5900	Q5EBL8
5901	5901	Q8NFY4
5903	5903	P26022
5904	5904	Q92543
5905	5905	A6NCQ9
5906	5906	Q6NW34
5907	5907	Q9H0K4
5908	5908	Q16206
5909	5909	O00170
5910	5910	O43736
5911	5911	Q6PJF5
5913	5913	O15460
5914	5914	Q9HC77
5915	5915	Q9BT92
5916	5916	P51797
5917	5917	O00300
5918	5918	A0A0J9YXX1
5919	5919	Q00537
5920	5920	Q1RMZ1
5921	5921	P49674
5922	5922	A4D1P6
5923	5923	Q92540
5925	5925	Q99436
5926	5926	Q5T1N1
5928	5928	Q5T0J7
5929	5929	Q6DRA6
5931	5931	Q8WW43
5932	5932	O60925
5934	5934	P26927
5936	5936	Q12770
5937	5937	O00459
5938	5938	Q86VX9
5939	5939	Q9H3C7
5940	5940	Q96NW4
5941	5941	Q86V20
5942	5942	Q5TBB1
5943	5943	Q05519
5944	5944	Q7Z7J7
5945	5945	P12525
5946	5946	Q6UWV6
5947	5947	Q9UBS8
5948	5948	Q9H2S9
5949	5949	Q2MKA7
5950	5950	Q14498
5951	5951	Q00688
5952	5952	P04432
5954	5954	P49915
5955	5955	Q9H4A3
5956	5956	Q14061
5958	5958	Q9H2G2
5959	5959	Q9BT17
5960	5960	P19784
5962	5962	P13866
5966	5966	Q969J5
5968	5968	Q9BTU6
5969	5969	Q6P3S6
5970	5970	Q9Y5J9
5971	5971	Q8IYY4
5972	5972	Q9H993
5973	5973	P49257
5974	5974	Q9P272
5976	5976	O95236
5978	5978	Q13214
5979	5979	O43820
5985	5985	Q7Z5K2
5986	5986	A1L390
5987	5987	P07237
5988	5988	Q8TE67
5990	5990	Q86V97
5991	5991	Q6UX46
5992	5992	Q9H4G0
5993	5993	P49069
5994	5994	P50876
5995	5995	P28329
5996	5996	Q8N5S9
5997	5997	Q9C030
5998	5998	P62508
5999	5999	Q15653
6001	6001	P0DN76
6002	6002	Q969H0
6003	6003	Q6ZQX7
6005	6005	P49137
6006	6006	Q5T0N5
6007	6007	Q8IU89
6010	6010	Q8IUH5
6011	6011	P39905
6012	6012	Q8TAG9
6013	6013	Q9H981
6014	6014	O15040
6017	6017	Q9BPX3
6018	6018	Q9UNX3
6019	6019	P26367
6020	6020	Q9NRN9
6022	6022	P16284
6026	6026	A0AVF1
6027	6027	Q8WW24
6028	6028	A0A075B6I0
6029	6029	Q4KMZ1
6030	6030	Q5JR98
6031	6031	Q969H4
6032	6032	O76075
6033	6033	Q02223
6034	6034	Q6UW68
6036	6036	P53597
6037	6037	Q9GZS0
6038	6038	Q3SY56
6039	6039	Q9BUH8
6040	6040	O95810
6041	6041	P41279
6045	6045	Q16850
6046	6046	Q7Z478
6047	6047	Q05586
6049	6049	Q14344
6050	6050	Q92858
6051	6051	P62851
6052	6052	Q13442
6054	6054	P01730
6055	6055	Q07343
6056	6056	Q14687
6059	6059	Q6UWI2
6060	6060	O14966
6062	6062	P26045
6064	6064	P07741
6066	6066	O00444
6067	6067	Q5TB80
6069	6069	Q6TDU7
6070	6070	Q6ZNE5
6071	6071	Q96PV0
6072	6072	A0A0J9YX35
6074	6074	Q8WVJ9
6076	6076	A2RUB6
6078	6078	Q92831
6079	6079	Q86UP9
6080	6080	Q13541
6081	6081	Q9UBQ5
6082	6082	Q8N431
6083	6083	Q6IMI6
6084	6084	P14415
6086	6086	Q5R3F8
6087	6087	Q6ZRY4
6090	6090	Q49AM3
6091	6091	Q9NW97
6092	6092	Q9H0H0
6093	6093	O15062
6097	6097	Q86XH1
6098	6098	Q07108
6101	6101	Q14728
6103	6103	Q13492
6104	6104	P61803
6106	6106	P08651
6108	6108	Q92630
6109	6109	Q9P0N9
6112	6112	Q99873
6113	6113	Q96QB1
6114	6114	Q5MIZ7
6115	6115	Q8TEB7
6116	6116	P01700
6117	6117	Q13761
6118	6118	Q6YFQ2
6119	6119	Q15018
6120	6120	Q5BJH2
6123	6123	Q9HC56
6124	6124	Q9H0D2
6125	6125	Q9NPA8
6126	6126	Q96PC3
6127	6127	Q99877
6129	6129	O15540
6131	6131	P30043
6132	6132	Q7Z4I7
6133	6133	Q15459
6135	6135	Q99675
6137	6137	Q9NP61
6139	6139	Q92609
6144	6144	P58012
6145	6145	Q9BUA6
6146	6146	P01705
6147	6147	Q8IWU4
6148	6148	O94762
6149	6149	Q8WWN9
6150	6150	O60930
6151	6151	Q9H160
6152	6152	O95944
6153	6153	Q8NBJ9
6154	6154	O75506
6156	6156	Q8IYB7
6158	6158	Q8TDI7
6160	6160	A6NHX0
6161	6161	P0CJ75
6162	6162	Q8IZS6
6164	6164	P56706
6165	6165	O60575
6166	6166	Q8TAF8
6167	6167	O60486
6168	6168	Q4G163
6169	6169	P35236
6170	6170	Q6ZMS7
6171	6171	Q8TDX7
6172	6172	Q5VUJ9
6173	6173	Q15773
6175	6175	Q13615
6176	6176	Q86XW9
6178	6178	O75116
6179	6179	Q86UE8
6181	6181	Q9UJY4
6182	6182	Q9NVM6
6185	6185	O00622
6186	6186	Q8IZF4
6187	6187	P0DMV8
6189	6189	O95976
6192	6192	P55010
6194	6194	Q8N157
6195	6195	Q8N8V4
6196	6196	O00744
6197	6197	Q5VYS4
6199	6199	P20702
6200	6200	P08887
6201	6201	O75648
6202	6202	Q13490
6203	6203	O75534
6204	6204	Q96F86
6205	6205	Q9UBW8
6206	6206	Q99943
6208	6208	Q8IZP6
6209	6209	Q92558
6210	6210	Q6XD76
6211	6211	P28698
6212	6212	Q8N9N2
6215	6215	P51841
6217	6217	Q8TF42
6219	6219	P31644
6220	6220	A4GXA9
6222	6222	P29350
6223	6223	Q6IQ32
6225	6225	Q13574
6230	6230	P56539
6231	6231	Q9ULD4
6232	6232	Q6VUC0
6235	6235	O75023
6236	6236	O60361
6237	6237	P0DSN7
6238	6238	P41567
6239	6239	O75385
6241	6241	Q08043
6242	6242	Q6PUV4
6243	6243	Q96E14
6244	6244	Q86XP3
6248	6248	P78423
6250	6250	O94901
6252	6252	O95210
6253	6253	Q12965
6254	6254	Q14681
6255	6255	Q2VPK5
6256	6256	P0DPH7
6257	6257	P00748
6258	6258	Q7RTU3
6259	6259	O75886
6261	6261	O14737
6262	6262	Q6PI97
6264	6264	P05452
6265	6265	Q3ZCM7
6267	6267	Q15465
6268	6268	Q9Y3D5
6269	6269	O95832
6270	6270	Q9BVC5
6271	6271	Q96CW1
6272	6272	Q15776
6273	6273	Q6NY19
6275	6275	Q9Y296
6276	6276	Q9NR46
6280	6280	O43542
6281	6281	O14990
6282	6282	Q8NFZ5
6283	6283	P08962
6286	6286	O00254
6288	6288	Q02241
6290	6290	Q4KMZ8
6292	6292	Q96JY6
6295	6295	Q8IUQ4
6298	6298	Q15185
6299	6299	Q6UX98
6300	6300	Q6UWT2
6302	6302	P31639
6304	6304	A6NFI3
6305	6305	P07686
6307	6307	O00478
6309	6309	Q9BY43
6313	6313	A0A0J9YXY3
6314	6314	Q8N5H3
6318	6318	Q6EKJ0
6321	6321	Q99712
6323	6323	Q8WVX9
6324	6324	Q96MU7
6326	6326	Q8WVK7
6327	6327	P31371
6328	6328	A0A1B0GTU2
6330	6330	Q8IUY3
6331	6331	P26717
6334	6334	Q8NHY5
6335	6335	O94972
6336	6336	P12081
6339	6339	P53990
6340	6340	A0A0B4J2F0
6341	6341	P43220
6342	6342	Q7Z3D6
6343	6343	Q8IWT0
6344	6344	Q9HB90
6345	6345	Q8NBJ4
6346	6346	Q9UBH6
6347	6347	P01160
6348	6348	P43080
6349	6349	O14836
6350	6350	Q8N1B3
6352	6352	Q16526
6353	6353	A2RRL7
6354	6354	Q13115
6357	6357	Q5TC79
6359	6359	Q86YJ5
6369	6369	A8MT70
6370	6370	P01709
6371	6371	P25942
6374	6374	Q93079
6376	6376	P21246
6377	6377	Q8N349
6378	6378	Q9UMX1
6379	6379	Q9H0H3
6382	6382	A0A0A0MS01
6386	6386	P18509
6387	6387	P52655
6389	6389	Q8TCJ0
6390	6390	O75582
6391	6391	Q8WUB8
6392	6392	A6NFN3
6394	6394	P01764
6395	6395	P05496
6396	6396	O60239
6397	6397	O15457
6398	6398	Q9H4I0
6399	6399	P49761
6402	6402	P0DML3
6404	6404	Q1ED39
6405	6405	P01589
6406	6406	O15427
6407	6407	P10606
6408	6408	A6NKF1
6409	6409	P13727
6410	6410	Q96RJ6
6411	6411	Q2M2Z5
6412	6412	O75334
6413	6413	A0A075B6W5
6414	6414	Q6IBS0
6418	6418	Q9H6H4
6419	6419	Q08357
6422	6422	O94988
6424	6424	O60765
6425	6425	Q8N3C7
6426	6426	Q8TAK6
6427	6427	O75310
6429	6429	P11831
6430	6430	P38646
6431	6431	P0C7W6
6432	6432	Q92925
6435	6435	Q8IZL2
6437	6437	Q14232
6438	6438	Q9NYY1
6439	6439	A0A075B7F1
6440	6440	Q330K2
6441	6441	Q8N5I3
6442	6442	Q13077
6443	6443	Q9BYP7
6444	6444	Q96KG9
6445	6445	Q13255
6448	6448	Q13950
6449	6449	Q9BVS5
6450	6450	P55210
6451	6451	P53673
6452	6452	Q7Z589
6453	6453	Q96NE9
6454	6454	Q9BXN2
6455	6455	Q15942
6458	6458	Q06203
6460	6460	P78310
6461	6461	Q8WXD9
6463	6463	P48060
6465	6465	O43586
6466	6466	O94952
6467	6467	Q9HCE3
6468	6468	Q01064
6470	6470	Q96BN2
6471	6471	Q16560
6472	6472	Q8IUW3
6474	6474	Q9UJX6
6475	6475	Q06828
6476	6476	O75354
6477	6477	O00299
6478	6478	O43187
6479	6479	Q9P2N7
6480	6480	P0CJ71
6481	6481	P48357
6482	6482	Q969R8
6486	6486	Q9Y3B3
6487	6487	Q7Z4G4
6488	6488	Q9HA47
6490	6490	Q9H1K0
6491	6491	Q9BQI5
6492	6492	Q8IZP9
6493	6493	Q49A88
6494	6494	O14645
6496	6496	O14829
6497	6497	Q96F24
6498	6498	Q00978
6499	6499	P01703
6500	6500	P52888
6501	6501	Q09013
6502	6502	P0C7M4
6503	6503	P69905
6505	6505	Q8NCG5
6506	6506	P30520
6507	6507	O15432
6509	6509	Q9UNQ2
6510	6510	Q8IY85
6511	6511	Q9HBB8
6514	6514	A6NKC9
6516	6516	Q13158
6518	6518	Q96G75
6519	6519	P0DPB3
6520	6520	P43007
6521	6521	P08908
6522	6522	Q76B58
6524	6524	Q8IVY1
6526	6526	Q9HB29
6527	6527	P22460
6531	6531	A0PK00
6532	6532	Q8WVR3
6534	6534	P05388
6536	6536	Q53EZ4
6537	6537	Q12870
6538	6538	P05204
6539	6539	Q9ULJ7
6541	6541	Q9ULK6
6542	6542	Q9BW91
6543	6543	Q9NU23
6544	6544	O75420
6545	6545	Q9H6Z9
6547	6547	Q9H3K6
6548	6548	Q96KQ4
6553	6553	Q9Y5X0
6554	6554	Q9Y490
6555	6555	Q5JX71
6556	6556	Q9Y5J3
6558	6558	Q9NR63
6559	6559	Q96CT7
6560	6560	Q9NRM7
6562	6562	Q9Y2R9
6563	6563	Q14393
6565	6565	Q9NYG8
6566	6566	Q9UN42
6569	6569	Q13155
6572	6572	Q9Y238
6573	6573	Q9H5J0
6575	6575	Q96HC4
6577	6577	Q8TF47
6578	6578	P68400
6579	6579	Q9Y3C5
6580	6580	Q9Y232
6581	6581	Q6P9G4
6582	6582	Q9BTM1
6583	6583	Q99759
6584	6584	Q9NW38
6585	6585	Q00266
6587	6587	Q5TA82
6588	6588	Q99956
6589	6589	Q15784
6590	6590	Q9Y5B8
6591	6591	Q8IXQ4
6592	6592	Q9NUQ7
6595	6595	Q5JZY3
6597	6597	Q9Y535
6599	6599	Q6UXZ4
6600	6600	Q86V81
6601	6601	Q9NS28
6602	6602	Q9Y5J1
6603	6603	Q9NX38
6604	6604	Q6NUP7
6606	6606	P55291
6607	6607	Q86UK5
6608	6608	Q71RC9
6610	6610	Q15349
6611	6611	Q9Y2U8
6614	6614	Q9NW82
6616	6616	Q9Y508
6617	6617	P12757
6618	6618	Q9Y2C9
6619	6619	Q9H5X1
6622	6622	Q9HCT0
6623	6623	Q9H0V9
6624	6624	Q9NS23
6625	6625	Q7Z3Y9
6627	6627	Q9P086
6628	6628	Q96RU7
6629	6629	Q8IW00
6630	6630	Q15726
6631	6631	Q9H503
6632	6632	Q9GZR1
6633	6633	Q9Y6K8
6634	6634	Q9NSP4
6635	6635	Q9Y496
6636	6636	Q6PEV8
6637	6637	Q9Y478
6638	6638	Q8WXI3
6639	6639	Q96BR5
6643	6643	Q14677
6645	6645	Q8IW41
6647	6647	Q96HZ4
6648	6648	Q9BZ72
6650	6650	Q86UQ0
6651	6651	Q9P0N5
6652	6652	Q9H1X1
6653	6653	Q9HCK4
6654	6654	Q9NP99
6655	6655	Q9Y5A6
6656	6656	Q9Y698
6657	6657	Q96L21
6658	6658	Q02742
6660	6660	Q8WWN8
6661	6661	Q9H6I2
6662	6662	Q53GD3
6663	6663	Q96S38
6664	6664	Q9P015
6665	6665	Q9BY77
6666	6666	P61296
6667	6667	Q16611
6668	6668	Q96Q83
6669	6669	Q8TBR4
6670	6670	Q96RU8
6671	6671	Q9BT81
6672	6672	Q8N2H4
6673	6673	Q9Y3D6
6674	6674	P68104
6675	6675	Q5MJ70
6676	6676	Q6GPI1
6677	6677	Q9UBF2
6681	6681	Q9NS56
6682	6682	Q96GA3
6683	6683	Q96PX8
6685	6685	P0DKB5
6686	6686	Q9UI46
6687	6687	Q9P1Y6
6688	6688	Q16445
6689	6689	Q9Y2W2
6691	6691	Q13107
6692	6692	P16422
6694	6694	Q9UGC6
6695	6695	Q5BKU9
6696	6696	Q9NVJ2
6697	6697	Q9P2F6
6698	6698	P0DP03
6699	6699	Q8WXG6
6701	6701	P56199
6702	6702	Q9UL45
6703	6703	Q9Y2I2
6704	6704	Q8WYK2
6705	6705	Q6NUI6
6707	6707	Q96N28
6709	6709	Q8N1F8
6712	6712	Q9H992
6714	6714	Q15046
6715	6715	Q9Y5K8
6717	6717	Q9P2X0
6718	6718	Q9P0K1
6720	6720	Q9BZM5
6722	6722	Q96MH2
6723	6723	Q92997
6726	6726	Q05086
6728	6728	Q96JG6
6729	6729	Q96JH8
6731	6731	Q494W8
6732	6732	Q9Y6N7
6733	6733	P51648
6734	6734	Q9Y3I1
6736	6736	Q29983
6739	6739	P08123
6740	6740	Q9Y366
6744	6744	Q9NSB4
6745	6745	Q9UKJ1
6747	6747	Q9Y512
6749	6749	Q2M5E4
6751	6751	Q9Y2H9
6753	6753	Q9Y4P1
6755	6755	Q8WUF5
6758	6758	Q9P0B6
6760	6760	Q9Y6G9
6761	6761	Q0JRZ9
6762	6762	Q9Y5S9
6763	6763	Q96T21
6765	6765	Q9NV96
6766	6766	Q9P0T7
6767	6767	Q8WU20
6769	6769	P04062
6770	6770	Q9C0F3
6771	6771	Q9BYZ8
6772	6772	Q5VTQ0
6774	6774	Q9Y543
6775	6775	Q8IZN3
6776	6776	Q9Y262
6777	6777	Q9Y6I9
6778	6778	Q8TAE6
6780	6780	Q9NZQ9
6781	6781	Q9Y3D0
6785	6785	Q86WH2
6786	6786	Q92882
6787	6787	Q9NP95
6790	6790	P52961
6791	6791	Q9Y4G8
6792	6792	Q99683
6793	6793	Q9Y4U1
6794	6794	Q15370
6795	6795	Q9H3Z4
6796	6796	Q86WC4
6797	6797	Q9BRU9
6798	6798	Q9Y284
6799	6799	Q99929
6800	6800	Q9UIF3
6801	6801	Q8IX03
6802	6802	Q9BQF6
6804	6804	Q9UHX1
6807	6807	Q9Y5W3
6808	6808	Q9UPZ9
6809	6809	Q8N2W9
6811	6811	Q32M78
6812	6812	Q9H009
6813	6813	Q14002
6814	6814	Q9Y4L5
6815	6815	Q9Y287
6816	6816	Q8N661
6817	6817	Q9NXU5
6818	6818	Q9UBL9
6821	6821	Q9ULM3
6822	6822	Q96KK5
6823	6823	Q8NI35
6824	6824	P49116
6826	6826	P0CF74
6828	6828	Q9HAW9
6829	6829	Q6ZN11
6832	6832	Q96MF7
6833	6833	P0DP01
6834	6834	Q9H9H4
6835	6835	P20815
6836	6836	Q8TD07
6837	6837	Q9P2W9
6838	6838	Q9GZY8
6840	6840	Q9P2P5
6841	6841	Q6PIW4
6842	6842	Q9UPY6
6843	6843	Q9UHX3
6844	6844	Q9Y3C1
6846	6846	Q9NQC3
6849	6849	Q92506
6850	6850	Q02153
6851	6851	P19532
6853	6853	Q9Y6X5
6854	6854	Q9NVN8
6855	6855	Q9NVD7
6857	6857	Q86SQ7
6858	6858	Q96C74
6859	6859	Q9Y282
6860	6860	Q9H334
6863	6863	Q96LD1
6868	6868	Q9UHC6
6869	6869	Q9H0E7
6873	6873	Q9UBB5
6874	6874	Q9Y5B9
6875	6875	Q9GZS3
6876	6876	Q14586
6878	6878	Q9UBX0
6879	6879	P35670
6880	6880	Q16832
6882	6882	Q8TCZ2
6884	6884	Q9HCU9
6887	6887	P14207
6889	6889	Q9HBH0
6890	6890	Q9UKT6
6892	6892	Q8TD47
6893	6893	Q8N4C6
6894	6894	Q9Y2D1
6895	6895	Q9NXE8
6896	6896	Q16661
6897	6897	Q96PV4
6898	6898	Q9HAU4
6899	6899	Q9NZ94
6900	6900	Q9BVA1
6902	6902	Q9UL46
6903	6903	Q9ULC4
6904	6904	Q9P232
6905	6905	P0DOY2
6906	6906	P0CG04
6908	6908	Q9BPX5
6909	6909	P01780
6911	6911	Q9Y623
6912	6912	Q9BXS5
6913	6913	Q9BQD3
6914	6914	Q08116
6916	6916	Q96JQ5
6917	6917	Q13233
6919	6919	P09914
6920	6920	Q9H497
6921	6921	Q9BWG6
6922	6922	Q96FJ2
6923	6923	Q8N9W6
6924	6924	Q9Y5V3
6925	6925	Q9ULB5
6927	6927	Q9H427
6928	6928	Q92598
6931	6931	Q9NUM4
6932	6932	P54578
6933	6933	Q9BW27
6934	6934	P52434
6936	6936	P38567
6938	6938	Q9NPJ1
6939	6939	Q9Y342
6940	6940	Q93086
6941	6941	Q9NQ29
6942	6942	P78410
6943	6943	Q9BYG3
6945	6945	Q9NXD2
6949	6949	Q9UJV3
6952	6952	P13929
6955	6955	Q96FE7
6957	6957	Q96JC4
6958	6958	Q96DX5
6959	6959	Q9HAE3
6960	6960	Q15661
6961	6961	Q8TE68
6963	6963	Q9H0E2
6964	6964	Q96IM9
6965	6965	Q9HBX8
6966	6966	Q9Y2A9
6967	6967	O94844
6968	6968	Q9Y5M8
6969	6969	Q9HA64
6970	6970	Q9Y6J9
6972	6972	Q15910
6974	6974	Q9Y6K1
6975	6975	P39060
6976	6976	Q9UJY1
6977	6977	Q96D71
6980	6980	Q9Y283
6981	6981	Q8N4C7
6983	6983	P54840
6985	6985	Q2I0M4
6987	6987	Q9H3W5
6988	6988	Q9Y4X5
6989	6989	Q9UBF1
6991	6991	Q9UNS1
6992	6992	Q5VZK9
6993	6993	Q9Y6Q6
6994	6994	Q9Y255
6995	6995	Q9UNF0
6996	6996	Q9C0C7
6997	6997	Q8IXZ2
6998	6998	Q9NVZ3
6999	6999	Q9NZM6
7000	7000	Q9BUB7
7001	7001	Q9Y3D9
7002	7002	Q9GZY4
7003	7003	Q9UJU6
7004	7004	P29803
7005	7005	Q5VYY2
7007	7007	Q8TEY7
7008	7008	Q96MM6
7009	7009	Q9NUQ3
7011	7011	Q5HYI8
7013	7013	Q96FZ5
7015	7015	Q9H9A7
7016	7016	P60568
7017	7017	Q63HQ2
7018	7018	P22897
7019	7019	Q9BXP5
7020	7020	Q9NRA8
7022	7022	P20151
7023	7023	Q9P126
7026	7026	Q96P56
7027	7027	Q92956
7029	7029	Q9Y6K9
7030	7030	P08473
7032	7032	P79483
7034	7034	Q9NS00
7035	7035	Q9Y248
7036	7036	Q9BX26
7037	7037	P30040
7038	7038	A0A1B0GVT2
7039	7039	Q9BY41
7041	7041	Q96PY6
7045	7045	Q9NX57
7046	7046	Q8TAP4
7047	7047	Q9UL33
7048	7048	Q9Y333
7049	7049	Q9C0K3
7051	7051	Q9HCM7
7052	7052	Q5TC82
7053	7053	Q9UJV9
7054	7054	Q6PIZ9
7055	7055	P68543
7056	7056	Q9BXJ1
7059	7059	Q96Q27
7060	7060	Q9UKI3
7062	7062	Q6NUJ5
7063	7063	Q9ULZ3
7065	7065	Q9UMZ2
7067	7067	Q96EY4
7068	7068	P16471
7070	7070	Q9ULI2
7072	7072	Q9HBI6
7074	7074	Q8N5C8
7076	7076	Q9HCM4
7077	7077	Q9BWT3
7078	7078	Q9H446
7079	7079	Q14767
7080	7080	Q16678
7081	7081	Q9NUX5
7082	7082	Q96GG9
7084	7084	Q9UJW0
7086	7086	Q9UHA3
7087	7087	P52735
7088	7088	Q9H6Y2
7091	7091	Q96PX1
7092	7092	Q9ULR5
7096	7096	Q9NTJ3
7097	7097	Q9NX04
7099	7099	Q9Y5R8
7101	7101	Q9NPF5
7103	7103	Q9HBF4
7105	7105	P13686
7106	7106	Q13873
7107	7107	Q96L46
7108	7108	Q9BRP4
7109	7109	Q3MIN7
7110	7110	Q8WZ73
7111	7111	Q9UNE2
7112	7112	P55273
7114	7114	Q96PQ7
7117	7117	Q9UNA1
7118	7118	P48052
7119	7119	Q6P2H3
7120	7120	Q9NRD5
7121	7121	Q6P4I2
7124	7124	Q9NQP4
7125	7125	Q9NPF4
7126	7126	Q9NP91
7127	7127	Q15417
7129	7129	Q8IYT8
7130	7130	Q9NZM4
7131	7131	Q96GM8
7132	7132	Q03060
7133	7133	Q8IVV8
7134	7134	Q96DM3
7135	7135	Q9NQ40
7137	7137	Q9NPL8
7140	7140	Q9UJ55
7141	7141	Q9ULE0
7143	7143	P98066
7145	7145	Q8NEX5
7146	7146	Q7Z3C6
7147	7147	Q9Y2R5
7149	7149	Q8IYU4
7150	7150	Q99665
7152	7152	Q969L4
7154	7154	Q9Y3M2
7156	7156	Q9ULY5
7157	7157	Q8N684
7158	7158	Q9NZ09
7159	7159	Q6NXS1
7160	7160	Q9UJJ9
7161	7161	Q99680
7162	7162	Q9UBN1
7165	7165	Q9Y4Y9
7166	7166	Q6B0K9
7167	7167	Q96PY5
7168	7168	Q9Y421
7169	7169	Q9NVM9
7170	7170	Q9BRQ0
7171	7171	Q9Y6Q5
7173	7173	Q9NPF7
7174	7174	Q9Y5Q3
7175	7175	Q9BUB5
7176	7176	Q9UID3
7177	7177	Q9BWU1
7178	7178	Q9H040
7179	7179	P04406
7180	7180	P48167
7182	7182	Q96RL1
7183	7183	Q9UKV3
7184	7184	Q9BUK6
7186	7186	P60903
7187	7187	Q9UKR5
7189	7189	Q16630
7190	7190	Q9Y5S8
7193	7193	Q9Y2B0
7194	7194	Q9Y312
7195	7195	Q86UK7
7197	7197	Q96D03
7198	7198	Q01518
7199	7199	Q9H4B8
7200	7200	Q9Y536
7203	7203	Q9HC35
7204	7204	Q9BVV6
7205	7205	Q9ULT6
7206	7206	Q9Y3D2
7207	7207	Q9NW61
7208	7208	Q9NZ71
7209	7209	Q9UIC8
7212	7212	Q9Y330
7213	7213	Q5VTE0
7214	7214	Q9UDY8
7218	7218	Q9UGP8
7219	7219	Q92564
7222	7222	Q9Y3T9
7224	7224	Q96A29
7226	7226	Q8N573
7227	7227	Q9P2K2
7230	7230	Q9UKA2
7231	7231	Q9Y291
7232	7232	Q96E29
7234	7234	Q8NC51
7235	7235	Q96MA1
7239	7239	Q6IQ23
7240	7240	Q9UNP9
7241	7241	Q9H2U2
7242	7242	Q96AD5
7243	7243	Q9UM47
7244	7244	Q9HCI7
7245	7245	Q9P0K9
7247	7247	Q8WWF3
7248	7248	Q96EV8
7250	7250	Q9H4L4
7251	7251	Q9Y587
7256	7256	Q96I34
7258	7258	Q86UP0
7260	7260	P20592
7264	7264	Q99832
7265	7265	P30085
7266	7266	Q96NB1
7267	7267	Q9Y6G3
7268	7268	Q99733
7269	7269	Q9Y4G2
7270	7270	Q8WWW0
7271	7271	Q9C0J1
7273	7273	Q9BVJ7
7274	7274	P31321
7275	7275	P49888
7276	7276	Q96DZ7
7278	7278	Q9Y6A4
7279	7279	Q96IV0
7280	7280	Q9HCE7
7281	7281	Q99437
7282	7282	Q96DC9
7287	7287	Q9H9L7
7289	7289	Q9UEE9
7292	7292	Q9UHP7
7293	7293	Q8TBG9
7294	7294	Q9UHC7
7295	7295	A0A0C4DH38
7296	7296	Q96EH5
7297	7297	Q6P1K8
7298	7298	Q16610
7299	7299	Q9Y5Y2
7301	7301	Q9Y6W5
7302	7302	Q9ULK5
7303	7303	Q96SQ7
7304	7304	Q9GZT9
7305	7305	Q8WWW8
7306	7306	Q7Z3Y7
7307	7307	P16401
7308	7308	Q13363
7309	7309	Q8IWE4
7310	7310	Q9NRC8
7312	7312	Q8NHX9
7313	7313	Q9NRS4
7315	7315	Q9UNK9
7317	7317	Q9UIL1
7318	7318	P22234
7320	7320	P61073
7321	7321	P07477
7324	7324	P15391
7325	7325	Q9BY64
7326	7326	Q9P267
7327	7327	Q9NX47
7328	7328	Q9HBE5
7330	7330	Q03519
7331	7331	Q96RE7
7335	7335	Q16667
7336	7336	Q9BWM5
7337	7337	Q9Y6H3
7338	7338	Q9Y3B9
7339	7339	Q8WW33
7340	7340	Q92974
7341	7341	Q8NDP4
7342	7342	Q5JQC4
7344	7344	P83110
7345	7345	Q9UL15
7346	7346	Q9ULP9
7347	7347	Q8WTP8
7352	7352	A0A0C4DH33
7353	7353	Q9H2G9
7355	7355	Q08830
7356	7356	Q8N103
7357	7357	Q9BYE7
7358	7358	Q9Y3I0
7359	7359	Q96P16
7360	7360	Q9BV47
7361	7361	Q6PI25
7362	7362	P20794
7365	7365	Q6NX49
7368	7368	Q9BW11
7369	7369	Q86VH4
7370	7370	Q9UKC9
7372	7372	P03952
7373	7373	Q9NXR7
7375	7375	Q01362
7378	7378	Q9NT62
7383	7383	Q9ULM2
7384	7384	Q96PB7
7385	7385	P0C870
7387	7387	Q15303
7388	7388	P0DTE2
7389	7389	Q9H649
7391	7391	Q6RI45
7392	7392	P35080
7396	7396	Q9H2L5
7397	7397	Q14410
7399	7399	Q8ND56
7401	7401	Q9H5F2
7403	7403	P31994
7404	7404	P52756
7409	7409	Q9H939
7410	7410	Q9Y5Z9
7411	7411	Q8IV04
7412	7412	Q9H0I9
7413	7413	Q08J23
7415	7415	Q6XYB7
7416	7416	P16403
7417	7417	P80303
7418	7418	Q9UGY1
7421	7421	Q9UKR0
7422	7422	Q9Y6W6
7423	7423	Q8WXK4
7424	7424	Q9NPA1
7425	7425	Q8N6T3
7427	7427	P16562
7430	7430	Q9Y2U9
7432	7432	Q4KMP7
7433	7433	Q9NZG7
7434	7434	O43325
7435	7435	P01766
7438	7438	Q08477
7440	7440	Q9NQM4
7443	7443	Q9UHP6
7444	7444	P05177
7445	7445	Q92754
7446	7446	Q9H3T3
7447	7447	Q6UXZ3
7448	7448	Q96DT0
7451	7451	Q9NZI2
7452	7452	Q8N5X7
7454	7454	Q9UH92
7456	7456	Q8N5H7
7457	7457	Q8N309
7458	7458	P17936
7460	7460	Q01433
7461	7461	P26998
7464	7464	Q93009
7466	7466	Q9BZG8
7467	7467	Q8NB14
7468	7468	Q8WXB1
7470	7470	Q9NZI8
7472	7472	Q8IZ52
7473	7473	Q9Y2M5
7474	7474	Q9UJ68
7478	7478	Q9P003
7479	7479	Q13489
7481	7481	Q9C004
7483	7483	Q9BW72
7485	7485	Q9H3D4
7488	7488	Q9H4H8
7489	7489	P49006
7490	7490	Q96HJ9
7491	7491	Q96BI3
7492	7492	Q9HC21
7493	7493	P53367
7494	7494	Q8N427
7495	7495	Q96L92
7497	7497	Q9H7R5
7499	7499	Q9UGI6
7500	7500	Q9NZ01
7502	7502	P0DP07
7504	7504	Q99714
7505	7505	Q9Y6D9
7506	7506	Q96E93
7507	7507	Q9Y5K3
7508	7508	Q9NPH3
7510	7510	Q9NX20
7512	7512	Q9H6J7
7514	7514	Q9UBD9
7515	7515	Q9NXT0
7516	7516	Q9C002
7518	7518	Q15257
7519	7519	Q9UL63
7520	7520	P49767
7521	7521	Q9P2S2
7523	7523	Q9Y3A0
7524	7524	Q9ULV1
7525	7525	Q5T5M9
7528	7528	Q9NYL5
7529	7529	Q9NX01
7530	7530	Q96PX9
7531	7531	Q9Y5J6
7535	7535	Q9NUU7
7536	7536	O75628
7537	7537	Q8N143
7540	7540	Q075Z2
7542	7542	P36507
7544	7544	Q9UQ53
7545	7545	Q9Y286
7547	7547	Q9Y2H0
7548	7548	Q8NG50
7549	7549	P78545
7550	7550	P48960
7552	7552	Q8IUF1
7554	7554	Q9Y653
7556	7556	Q9H0F6
7557	7557	Q9ULW0
7558	7558	Q6UX65
7559	7559	Q9P0M2
7560	7560	Q9P2M4
7561	7561	Q9NP97
7563	7563	Q8N8J7
7564	7564	Q86YS3
7565	7565	P55283
7566	7566	Q9UL62
7570	7570	Q9BRJ9
7571	7571	Q99708
7575	7575	Q99828
7576	7576	Q96S21
7578	7578	Q8IZJ0
7584	7584	Q8TCI5
7588	7588	Q9Y4P3
7589	7589	Q8IVC4
7592	7592	Q9UQL6
7593	7593	Q9Y697
7594	7594	Q9NRR2
7595	7595	Q9P0U3
7596	7596	Q14432
7598	7598	Q9BYE0
7599	7599	Q8NFH8
7600	7600	Q8NCK7
7602	7602	Q15078
7604	7604	P50052
7605	7605	Q9NRN7
7606	7606	Q8WU76
7610	7610	Q9Y4I1
7611	7611	Q8N465
7612	7612	Q9NV92
7616	7616	A0JD32
7618	7618	Q9NYF3
7620	7620	Q6PK81
7625	7625	Q9Y6G5
7626	7626	Q9P2W7
7628	7628	Q9BUP0
7629	7629	Q9H1E5
7630	7630	Q8WXK1
7632	7632	Q9BYJ9
7633	7633	Q9UNM6
7635	7635	Q96NT0
7637	7637	Q9Y2K6
7640	7640	Q9NWQ8
7641	7641	P0DP04
7642	7642	Q9Y4X3
7643	7643	Q9Y3C7
7644	7644	Q9BRT8
7645	7645	Q92583
7647	7647	Q96MI6
7648	7648	Q92777
7650	7650	P08684
7651	7651	Q15637
7652	7652	Q9H8S5
7654	7654	Q9H106
7658	7658	Q86WN2
7659	7659	Q99805
7660	7660	Q96MT8
7661	7661	Q6NSW5
7662	7662	Q5TC12
7663	7663	Q9Y6F7
7664	7664	Q9NVR2
7667	7667	Q9UFE4
7668	7668	Q7Z419
7671	7671	Q2MJR0
7672	7672	Q53LP3
7673	7673	Q8TCE6
7674	7674	Q7RTS3
7676	7676	Q9Y4F4
7677	7677	Q9Y2F9
7678	7678	Q9HCC6
7680	7680	Q9NZT1
7681	7681	Q9Y6H1
7682	7682	Q9C0E4
7686	7686	Q9Y3C6
7687	7687	Q96L03
7689	7689	Q9UPZ3
7691	7691	Q13797
7692	7692	Q15750
7693	7693	Q9HAW0
7695	7695	Q9NRC1
7696	7696	Q15399
7697	7697	Q9NYP9
7701	7701	P40238
7702	7702	Q8TEW8
7703	7703	Q8WWG1
7705	7705	P22004
7707	7707	P01848
7708	7708	Q9BSI4
7709	7709	Q96A83
7710	7710	Q8N131
7711	7711	Q13401
7713	7713	Q9H808
7714	7714	O15528
7716	7716	Q2NKQ1
7717	7717	Q9Y680
7718	7718	Q9P0I2
7719	7719	Q76N89
7721	7721	Q15695
7724	7724	P04920
7725	7725	Q9HBG6
7726	7726	Q96RD0
7727	7727	Q15629
7729	7729	Q9NX24
7732	7732	Q8TC05
7733	7733	Q96RU2
7734	7734	Q9NP87
7735	7735	Q9H400
7737	7737	Q15800
7738	7738	Q99986
7741	7741	Q8NDZ2
7743	7743	Q9HBI0
7744	7744	Q8N8N0
7745	7745	Q96D15
7746	7746	Q6IPM2
7747	7747	Q9Y584
7749	7749	Q9P246
7750	7750	Q86W92
7752	7752	Q9NQW8
7753	7753	Q9NWH7
7756	7756	Q8WWB5
7757	7757	Q6FHJ7
7759	7759	P31415
7760	7760	P0DOY3
7762	7762	P47874
7763	7763	Q13636
7764	7764	Q9H596
7765	7765	Q9Y6N9
7766	7766	Q86VS3
7767	7767	Q12792
7768	7768	Q9UFC0
7770	7770	Q9NW64
7771	7771	Q9P0L9
7773	7773	Q9UBK2
7775	7775	Q86W50
7776	7776	P02775
7779	7779	Q01995
7780	7780	Q8NDM7
7781	7781	Q9BRX8
7784	7784	Q9HB71
7785	7785	P06331
7787	7787	Q8WU39
7788	7788	O95263
7792	7792	O00253
7794	7794	Q9H0F7
7795	7795	Q8TDC0
7796	7796	Q8NFT6
7798	7798	Q9UL26
7800	7800	Q9BV94
7801	7801	Q9P296
7803	7803	S4R460
7804	7804	Q7Z6G8
7807	7807	Q9BXU9
7808	7808	Q13239
7809	7809	Q9BWD3
7810	7810	Q9NQ34
7812	7812	P10966
7813	7813	Q9Y548
7815	7815	P14406
7816	7816	Q96HE9
7817	7817	Q13145
7818	7818	Q9UQM7
7819	7819	P25815
7821	7821	Q6ZMR3
7822	7822	Q9NS84
7823	7823	Q96LT7
7825	7825	P01814
7826	7826	Q8IW19
7828	7828	Q8N6L0
7830	7830	Q9NZS2
7831	7831	P80748
7832	7832	P01303
7833	7833	Q9UNH7
7834	7834	Q9Y266
7835	7835	Q9BYH8
7837	7837	Q96M11
7838	7838	Q9NYL9
7839	7839	Q14511
7840	7840	Q9Y225
7841	7841	Q9H0R5
7842	7842	Q8IX30
7843	7843	Q66LE6
7848	7848	P03951
7849	7849	Q15435
7850	7850	P45452
7851	7851	Q7L1Q6
7852	7852	Q9HB19
7855	7855	Q9Y5U4
7856	7856	Q9C0B2
7859	7859	Q96C24
7860	7860	Q9P1U1
7862	7862	Q7Z4N8
7863	7863	Q6ZTQ3
7864	7864	Q71RC2
7867	7867	Q96HM7
7868	7868	Q9NRF8
7869	7869	Q9BZX4
7871	7871	Q9NY12
7873	7873	P55289
7876	7876	Q8N859
7882	7882	Q9UH77
7883	7883	P23297
7884	7884	Q9Y2Y4
7885	7885	Q96PP9
7888	7888	Q06643
7890	7890	Q8NCJ5
7893	7893	Q92870
7895	7895	Q6P1X6
7896	7896	Q9UMX2
7897	7897	Q9Y577
7899	7899	Q96N19
7901	7901	Q9UHD1
7902	7902	Q9H147
7904	7904	Q9UQ16
7905	7905	Q7Z5Y7
7908	7908	Q9ULX3
7910	7910	Q9C0A6
7911	7911	Q96KX0
7912	7912	Q13232
7913	7913	Q9UGK8
7914	7914	Q9UNZ2
7916	7916	A0A0G2JMI3
7917	7917	Q9Y6I7
7918	7918	Q9Y3L3
7920	7920	Q587J8
7921	7921	Q9Y2U2
7922	7922	Q86TL0
7923	7923	Q9NRX4
7924	7924	Q14765
7925	7925	Q9P107
7926	7926	Q9BXB5
7928	7928	P20231
7930	7930	Q9UGC7
7931	7931	Q08117
7935	7935	Q13362
7936	7936	Q9H2G4
7937	7937	Q9NS91
7938	7938	Q30201
7939	7939	Q9NRX3
7940	7940	Q9UNY4
7941	7941	Q9NRD0
7943	7943	Q14CB8
7944	7944	Q9BQJ4
7945	7945	Q9GZX5
7947	7947	Q9Y4F3
7948	7948	Q9H9V4
7949	7949	Q9UN86
7950	7950	Q9BS26
7953	7953	Q9HAJ7
7956	7956	Q9UQR0
7957	7957	Q9Y5Y3
7960	7960	P35414
7961	7961	Q9BZC1
7964	7964	Q96PU5
7966	7966	Q16720
7967	7967	Q9NSA3
7968	7968	Q9ULH1
7970	7970	Q9BX67
7972	7972	Q9HAU5
7973	7973	Q5BJE1
7976	7976	Q9BUY7
7980	7980	Q9UPQ8
7981	7981	Q12906
7982	7982	Q9UEY8
7983	7983	P04085
7986	7986	Q53QZ3
7987	7987	Q9NXR1
7988	7988	Q16609
7992	7992	Q9BXW6
7994	7994	Q9NQZ5
7996	7996	Q9UL03
7997	7997	Q9NP84
7998	7998	Q08174
8000	8000	Q8TF66
8001	8001	O95340
8003	8003	Q13049
8004	8004	Q9UNW8
8005	8005	P01876
8006	8006	Q6AWC2
8008	8008	Q9Y3E7
8009	8009	Q9UHK0
8010	8010	Q9NUE0
8011	8011	Q86SS6
8014	8014	Q9UPV9
8018	8018	O94966
8019	8019	Q96BZ4
8022	8022	Q86X45
8023	8023	P25940
8025	8025	Q9UI14
8026	8026	Q8N4L8
8027	8027	Q9H1C4
8028	8028	Q8NFV5
8029	8029	Q9UBF6
8032	8032	Q68D42
8033	8033	Q9H3E2
8035	8035	Q6UW88
8036	8036	Q9NQ69
8038	8038	Q9NP66
8040	8040	Q96SB4
8043	8043	Q5T0T0
8044	8044	Q9P270
8047	8047	Q96FX8
8048	8048	Q9Y274
8049	8049	Q92990
8051	8051	Q8TB22
8053	8053	Q9UHL0
8054	8054	Q96I13
8055	8055	Q86VW2
8056	8056	Q96N58
8057	8057	Q6UDR6
8058	8058	Q92903
8059	8059	Q8N7Z5
8062	8062	P27987
8063	8063	Q16643
8066	8066	Q04323
8067	8067	Q3KRB8
8068	8068	Q96M95
8069	8069	Q99439
8070	8070	Q9NU53
8075	8075	Q9ULC3
8077	8077	Q96QF0
8078	8078	Q9NVM4
8079	8079	Q9Y6C5
8080	8080	Q86WC6
8081	8081	Q9Y2K3
8083	8083	Q9BYG5
8084	8084	P40126
8086	8086	Q9UHD4
8087	8087	Q9Y3R0
8091	8091	Q6ZNG2
8092	8092	Q9UBD5
8093	8093	Q9Y2Q5
8094	8094	P14222
8095	8095	Q9ULL4
8099	8099	P27695
8100	8100	Q9H173
8102	8102	Q86XJ1
8104	8104	Q7LDG7
8105	8105	Q8IYW5
8106	8106	Q9H6U8
8108	8108	Q8WXG8
8109	8109	Q01955
8111	8111	Q9C093
8113	8113	P11166
8115	8115	Q8TB68
8118	8118	Q9Y2T1
8119	8119	Q9UF56
8120	8120	Q9UQ80
8122	8122	P17540
8125	8125	Q92519
8126	8126	Q96LL9
8127	8127	Q9H9Q4
8131	8131	Q9BV36
8132	8132	Q6P2D0
8133	8133	Q5VXT5
8135	8135	Q9Y2M2
8137	8137	Q9NYV4
8138	8138	Q8N4H5
8140	8140	Q9NVV4
8141	8141	Q8WZ64
8142	8142	Q6NWY9
8143	8143	Q9UKZ1
8144	8144	Q96AH8
8145	8145	Q9NPB6
8146	8146	Q9C098
8148	8148	Q6UWP2
8153	8153	Q8N6D5
8154	8154	Q9P055
8155	8155	Q96EK5
8157	8157	Q9NTZ6
8158	8158	Q9NQI0
8159	8159	Q86YN6
8160	8160	P42684
8162	8162	Q9P0G3
8163	8163	Q6H3X3
8165	8165	Q7Z3G6
8170	8170	Q9UF47
8171	8171	Q16873
8175	8175	Q86UV5
8176	8176	Q8WWL7
8178	8178	Q92851
8179	8179	Q9GZP0
8180	8180	Q9HAD4
8181	8181	Q7Z4V0
8182	8182	Q9NZU7
8184	8184	Q14590
8185	8185	Q9UHQ9
8186	8186	Q8NCK3
8187	8187	Q9HB66
8190	8190	P20853
8191	8191	Q9NX63
8194	8194	Q9UK32
8196	8196	Q8IYE0
8197	8197	Q9Y3P8
8198	8198	Q9UNT1
8200	8200	Q8NFH5
8201	8201	Q8WY64
8202	8202	Q8WX93
8203	8203	Q8TDT2
8204	8204	Q00613
8206	8206	Q8N695
8208	8208	Q9BTV7
8213	8213	P05120
8214	8214	Q9Y281
8215	8215	Q9H165
8216	8216	Q9H628
8220	8220	Q15651
8222	8222	Q6ZMJ4
8223	8223	Q9Y320
8224	8224	Q6RW13
8229	8229	Q9UNA4
8230	8230	Q9ULC8
8231	8231	Q9BSH4
8232	8232	Q9H6E4
8233	8233	Q9UBX7
8234	8234	Q9ULE3
8236	8236	Q8IWU9
8237	8237	Q9Y247
8238	8238	Q01970
8239	8239	Q9NQV5
8240	8240	P84157
8241	8241	Q9BZL1
8242	8242	Q9Y2G8
8243	8243	Q9UJA9
8245	8245	Q96DN6
8251	8251	P14652
8252	8252	Q9C035
8254	8254	Q8TDW5
8255	8255	Q9UKV0
8257	8257	Q8NG57
8258	8258	Q96QR8
8259	8259	Q6ZVX7
8260	8260	Q9BZM4
8261	8261	Q9UHL9
8262	8262	Q9H875
8263	8263	Q9UQ88
8264	8264	Q5TGU0
8267	8267	Q9ULV4
8268	8268	Q9BV90
8270	8270	Q96PU8
8271	8271	Q7L945
8273	8273	Q9UIF9
8275	8275	Q5VWX1
8276	8276	P62273
8277	8277	Q9H1X3
8278	8278	P52737
8281	8281	Q92982
8282	8282	Q969K3
8284	8284	P30988
8285	8285	Q5JPB2
8288	8288	Q9C0H6
8289	8289	Q9GZV4
8290	8290	Q99504
8295	8295	Q2M3G4
8296	8296	P98082
8298	8298	Q96LI6
8299	8299	Q9UDY4
8300	8300	Q86YT6
8301	8301	Q9P0M6
8302	8302	Q9C0K0
8305	8305	Q9ULM6
8306	8306	Q9H2A7
8308	8308	Q5VVY1
8309	8309	Q6P5Z2
8310	8310	Q9BZC5
8314	8314	Q9UBV2
8316	8316	Q99801
8317	8317	Q12756
8318	8318	Q9BY49
8319	8319	Q8NFD2
8320	8320	P0DN86
8322	8322	Q9NY65
8323	8323	Q7Z412
8325	8325	Q96A00
8326	8326	P56277
8327	8327	Q7L211
8328	8328	Q9UK17
8329	8329	Q9Y6X6
8331	8331	Q8NHR9
8334	8334	Q9UH73
8336	8336	P58546
8337	8337	Q9P1W9
8338	8338	Q07092
8339	8339	Q96HD9
8342	8342	Q9Y217
8343	8343	Q8WY22
8344	8344	Q9HCZ1
8345	8345	Q15270
8346	8346	Q99748
8347	8347	Q9Y6J0
8348	8348	Q9H4B4
8350	8350	Q9GZV1
8351	8351	Q9BTE3
8352	8352	P42701
8354	8354	Q9UKG1
8356	8356	Q9H4M7
8357	8357	Q8IUC6
8358	8358	Q86V42
8359	8359	P04808
8360	8360	Q9H3V2
8363	8363	P13726
8364	8364	Q9Y664
8365	8365	P35558
8366	8366	P21815
8367	8367	Q9NYM9
8369	8369	Q71SY5
8371	8371	Q8N5Y2
8374	8374	Q5TCM9
8375	8375	Q9Y2S7
8376	8376	Q8NB78
8378	8378	Q9Y6M5
8379	8379	Q9Y4W2
8381	8381	Q5VT66
8382	8382	Q6UX34
8384	8384	Q9NWM3
8385	8385	Q9H672
8386	8386	Q9UPY5
8389	8389	Q99259
8390	8390	Q9Y6X3
8391	8391	Q8NHS2
8392	8392	Q8IWS0
8393	8393	Q8TB73
8395	8395	Q9BR01
8396	8396	Q9NS82
8397	8397	Q9UK22
8398	8398	Q96J86
8401	8401	Q9Y2Y6
8402	8402	Q9H814
8403	8403	Q9Y5A9
8405	8405	Q96EB6
8406	8406	Q9BT09
8410	8410	Q969F9
8411	8411	Q9H4D0
8414	8414	Q12967
8415	8415	Q96I51
8416	8416	Q9NRP0
8420	8420	Q92844
8424	8424	Q96NY9
8425	8425	Q6PGQ7
8428	8428	Q96DX7
8429	8429	Q4KWH8
8430	8430	Q9NQ48
8431	8431	P51172
8432	8432	Q9NQS1
8434	8434	P05093
8435	8435	Q969Q6
8436	8436	Q8WXK3
8438	8438	Q8WWK9
8439	8439	Q9Y4D1
8440	8440	Q9H8M9
8442	8442	Q6ZMZ0
8445	8445	Q92522
8446	8446	Q9H0U3
8451	8451	Q9Y606
8452	8452	Q92968
8453	8453	Q7Z460
8455	8455	Q13093
8456	8456	P01782
8457	8457	Q9H8M5
8458	8458	Q9Y6E7
8459	8459	P01148
8461	8461	Q92930
8462	8462	P55084
8463	8463	Q9Y279
8467	8467	Q99788
8468	8468	Q96IY4
8470	8470	Q9Y3S1
8471	8471	Q9H2A9
8473	8473	Q14534
8474	8474	P59538
8478	8478	Q5JU85
8481	8481	Q9NZN5
8484	8484	P54252
8486	8486	Q9H0M0
8487	8487	Q9Y5U8
8488	8488	Q8NHS0
8489	8489	Q8TF74
8490	8490	Q9UMZ3
8491	8491	Q9C0B5
8494	8494	Q15102
8495	8495	Q8N4E7
8496	8496	Q9H706
8497	8497	Q9NPB3
8498	8498	Q9HDC9
8499	8499	Q9ULJ6
8501	8501	Q9NPR9
8503	8503	Q9HBE1
8504	8504	Q9HC73
8505	8505	Q9HB15
8507	8507	Q6ZMN8
8510	8510	Q9HC62
8511	8511	Q93038
8512	8512	Q14596
8513	8513	Q6DT37
8516	8516	P20333
8517	8517	Q96IZ6
8518	8518	P47870
8519	8519	Q9UBS5
8521	8521	Q7Z5H3
8524	8524	Q15532
8525	8525	Q9Y5Q9
8526	8526	Q7Z7K0
8528	8528	Q7L3T8
8529	8529	Q8N9R8
8530	8530	Q9H6Z4
8531	8531	Q9NRC9
8534	8534	Q9NPC2
8536	8536	Q15717
8537	8537	Q9UK05
8538	8538	Q9Y2H1
8539	8539	Q9UGN5
8543	8543	P27658
8545	8545	Q9UL68
8546	8546	Q9Y2E6
8548	8548	Q15813
8549	8549	Q8N6C5
8552	8552	Q96CG3
8553	8553	Q9BYZ6
8554	8554	Q9UBD3
8557	8557	Q2M1V0
8558	8558	Q9UBQ6
8559	8559	Q99666
8562	8562	P55774
8565	8565	Q9ULD5
8567	8567	Q6NT52
8568	8568	P51843
8573	8573	Q8N1D0
8575	8575	Q659C4
8576	8576	Q9Y6K0
8577	8577	Q4J6C6
8578	8578	Q96T23
8580	8580	Q8WXH6
8581	8581	Q9H114
8583	8583	Q8WUF8
8589	8589	Q96SF7
8592	8592	Q96GX5
8593	8593	Q13576
8597	8597	Q9UI40
8601	8601	Q8IV48
8602	8602	Q6GTX8
8603	8603	Q9Y2R2
8604	8604	Q9Y483
8607	8607	Q9H0V1
8608	8608	Q9BVT8
8612	8612	Q9Y6C2
8613	8613	Q9UKK9
8614	8614	P20594
8615	8615	Q8NFT8
8617	8617	Q9UKI8
8618	8618	Q9BYD5
8620	8620	Q92791
8622	8622	Q96JP0
8623	8623	Q9Y618
8624	8624	Q8N165
8626	8626	Q9H7P9
8627	8627	Q01581
8628	8628	O95972
8629	8629	Q9HAT0
8635	8635	Q9Y624
8636	8636	Q9NYW8
8637	8637	P30968
8639	8639	Q96CA5
8642	8642	Q96K19
8644	8644	Q5MCW4
8645	8645	Q9P0W2
8649	8649	Q9NPF2
8650	8650	Q9UBY0
8652	8652	Q8WZ75
8654	8654	Q9NRG1
8656	8656	Q6P1W5
8658	8658	Q02539
8660	8660	Q9NUJ7
8663	8663	Q9Y446
8664	8664	Q9BXU0
8666	8666	Q96P50
8668	8668	Q53GI3
8669	8669	Q9Y5L4
8675	8675	Q9Y388
8677	8677	Q96A98
8680	8680	Q5JXX7
8681	8681	Q96N66
8684	8684	Q9UPR6
8685	8685	Q9BZ67
8686	8686	Q96JY0
8688	8688	Q9UGK3
8690	8690	Q6NSZ9
8691	8691	Q9Y5A7
8692	8692	Q96L33
8693	8693	Q9UM11
8695	8695	Q9P283
8700	8700	P53674
8701	8701	Q8IXB3
8703	8703	Q9NWZ5
8705	8705	Q9Y2V0
8706	8706	Q7Z6J0
8708	8708	O95754
8710	8710	Q7Z5M8
8711	8711	Q9BRJ7
8712	8712	Q16563
8713	8713	Q13951
8715	8715	Q15560
8718	8718	Q13485
8720	8720	Q86Y25
8722	8722	Q9H361
8725	8725	Q86Y37
8726	8726	Q9NR64
8728	8728	Q14849
8729	8729	Q9Y2I8
8730	8730	P41181
8731	8731	Q02928
8732	8732	O75264
8733	8733	Q5VZ18
8735	8735	P01763
8736	8736	Q13202
8740	8740	Q9GZV8
8741	8741	O94760
8745	8745	Q9C005
8746	8746	Q86WB0
8747	8747	Q96PM5
8748	8748	Q8N3F8
8753	8753	Q08ET2
8754	8754	P56915
8755	8755	Q96EF6
8757	8757	Q9NWD8
8758	8758	P30101
8759	8759	Q9NV58
8761	8761	Q9UP38
8765	8765	Q8NG83
8766	8766	Q96NG5
8769	8769	Q86VE0
8771	8771	Q9UQ72
8772	8772	Q9UPM6
8773	8773	P48047
8774	8774	Q5T124
8778	8778	Q8IV53
8781	8781	Q9NZT2
8784	8784	Q9ULR3
8785	8785	Q8IWP9
8787	8787	Q96S96
8788	8788	P42772
8789	8789	Q6UVY6
8791	8791	Q9UL25
8792	8792	Q9NSI2
8794	8794	Q8N7C0
8795	8795	Q13094
8797	8797	Q8N9I0
8798	8798	Q96DY7
8801	8801	Q96GQ7
8802	8802	Q9H4G4
8804	8804	P43250
8806	8806	Q9H3S1
8809	8809	P10720
8810	8810	Q9Y305
8811	8811	Q96LC7
8812	8812	Q969K4
8813	8813	Q9H2M3
8814	8814	Q9UBI6
8815	8815	Q9NPI8
8816	8816	Q9H211
8817	8817	Q9Y5Z7
8818	8818	Q05D60
8822	8822	Q9Y6F1
8824	8824	Q9UBI9
8827	8827	Q9Y4B4
8830	8830	Q9P0J7
8831	8831	P54687
8832	8832	Q9UBM8
8833	8833	Q9Y6N1
8834	8834	Q9Y371
8836	8836	Q9NQX7
8837	8837	Q9NW75
8840	8840	Q96L58
8841	8841	Q8NGS9
8844	8844	Q13641
8846	8846	Q6PI26
8847	8847	Q9H8M7
8848	8848	Q8TDN2
8849	8849	Q9H0R6
8850	8850	Q8TF05
8855	8855	Q96ET8
8858	8858	Q96D05
8859	8859	Q99453
8861	8861	P32519
8862	8862	Q9NZJ0
8863	8863	Q9BRQ3
8864	8864	Q9UBV8
8866	8866	P58397
8867	8867	Q8WWY8
8868	8868	Q8TBK2
8870	8870	Q9BY84
8871	8871	Q14929
8874	8874	Q96LC9
8876	8876	Q9H6S1
8877	8877	Q9H707
8879	8879	Q9Y696
8880	8880	Q96GW9
8881	8881	Q3KR16
8882	8882	O95466
8886	8886	Q14626
8889	8889	Q9H244
8891	8891	P54315
8893	8893	Q9H3H3
8894	8894	Q8IUX7
8895	8895	Q15642
8896	8896	Q9HB21
8897	8897	Q96II8
8901	8901	Q8TCS8
8902	8902	Q9UF02
8904	8904	Q3KR37
8905	8905	Q9HCX3
8908	8908	Q9BPX6
8910	8910	Q96AA3
8913	8913	Q9NWB1
8914	8914	Q9UBP4
8915	8915	Q7Z4Q2
8916	8916	Q16829
8918	8918	Q9ULK0
8920	8920	Q9UPP1
8921	8921	Q9BR61
8923	8923	Q9NYX4
8925	8925	Q9NV12
8927	8927	P32942
8928	8928	Q9HBR0
8930	8930	Q7Z7F0
8932	8932	Q9H3U7
8933	8933	Q14500
8934	8934	Q99679
8935	8935	Q9UKQ9
8937	8937	Q99990
8938	8938	Q8IWV2
8939	8939	Q14588
8940	8940	Q15928
8941	8941	Q9UBC9
8944	8944	Q9UK61
8945	8945	Q16739
8946	8946	Q86UP2
8949	8949	Q9H461
8950	8950	Q9Y337
8951	8951	Q9NPI9
8952	8952	Q99676
8953	8953	Q9Y2H8
8955	8955	Q86UG4
8957	8957	Q9HBD1
8960	8960	Q9Y5X9
8961	8961	Q9GZU3
8962	8962	Q7L0R7
8963	8963	Q70CQ1
8964	8964	Q9NXV2
8965	8965	Q96I25
8966	8966	Q13316
8967	8967	P43629
8968	8968	Q9NTX7
8969	8969	Q9NRW7
8970	8970	Q9NUM3
8972	8972	Q6IQ22
8974	8974	Q8NHW5
8977	8977	Q92800
8978	8978	Q9C026
8979	8979	Q92563
8980	8980	Q12849
8984	8984	Q9BUD6
8986	8986	Q9NSY1
8992	8992	Q8N2I9
8993	8993	P50454
8995	8995	Q9Y4F1
8997	8997	Q9NYN1
8998	8998	Q16548
8999	8999	Q9BUU2
9002	9002	P24593
9006	9006	Q16775
9009	9009	Q96LD8
9011	9011	Q53H96
9014	9014	Q86SE8
9017	9017	Q8NI29
9018	9018	Q8WXD2
9019	9019	Q16769
9020	9020	Q96JK9
9022	9022	Q86VR2
9026	9026	Q8NHQ1
9029	9029	Q96H35
9034	9034	Q9UBS4
9035	9035	Q9NTX9
9037	9037	P13671
9038	9038	Q9UK99
9039	9039	P02144
9041	9041	Q92876
9042	9042	Q6QHC5
9043	9043	Q96PC5
9044	9044	Q9NXL2
9045	9045	Q13905
9047	9047	Q9UK11
9049	9049	Q9NQ84
9050	9050	Q8N3J2
9051	9051	Q7LG56
9052	9052	Q9BVC4
9053	9053	Q8WWM9
9054	9054	Q96HR9
9056	9056	Q9Y3Y4
9058	9058	Q9H6D7
9059	9059	Q9UKN8
9060	9060	Q8IXQ9
9064	9064	Q96J92
9065	9065	Q9Y608
9066	9066	Q68D51
9068	9068	Q02410
9069	9069	Q8IV56
9070	9070	Q12794
9071	9071	Q9NUW8
9072	9072	Q9NR30
9074	9074	Q2TBA0
9075	9075	Q92979
9076	9076	P16260
9084	9084	Q92783
9085	9085	Q8TDN4
9086	9086	Q8WUM0
9087	9087	Q9Y3Q0
9088	9088	Q9P0N8
9089	9089	Q9BYV6
9090	9090	Q9BUJ0
9092	9092	Q9BZA8
9093	9093	Q7Z7J5
9094	9094	P26447
9096	9096	Q96S55
9098	9098	Q9Y572
9099	9099	Q86W34
9100	9100	Q9P218
9101	9101	Q9UDV6
9103	9103	Q03135
9106	9106	Q9H0C5
9107	9107	Q8NG35
9108	9108	Q9Y219
9109	9109	Q9GZX3
9110	9110	Q96HN2
9111	9111	P05160
9115	9115	Q9NS25
9116	9116	Q14686
9117	9117	Q96A28
9118	9118	Q9NYZ2
9119	9119	Q8WV37
9124	9124	Q9NZL6
9125	9125	P48165
9128	9128	Q9NWX5
9129	9129	P32004
9131	9131	Q6ZMW2
9132	9132	Q9Y576
9133	9133	Q9H4Y5
9134	9134	Q9NPB1
9135	9135	Q9Y6B7
9140	9140	Q9BV87
9141	9141	Q5VX71
9143	9143	Q9Y316
9146	9146	Q8IUK8
9147	9147	Q13303
9156	9156	Q13349
9158	9158	Q5JXA9
9161	9161	Q9BYT8
9163	9163	Q9NZD2
9164	9164	Q16619
9165	9165	Q9NRD1
9166	9166	Q9BV99
9168	9168	Q9HDC5
9170	9170	Q13427
9171	9171	Q5TCH4
9173	9173	Q9H7J1
9174	9174	Q9C0F0
9176	9176	Q3LFD5
9179	9179	Q9NZA1
9180	9180	Q16587
9181	9181	Q9Y5U2
9184	9184	Q8IY34
9187	9187	Q9BWU0
9189	9189	Q9GZZ8
9191	9191	P21941
9192	9192	Q9H2V7
9193	9193	Q9UJA5
9196	9196	P16112
9197	9197	Q6T310
9201	9201	Q9UK73
9203	9203	Q4KMG0
9205	9205	Q9Y4R8
9206	9206	Q07812
9207	9207	Q8N8F7
9208	9208	Q8WUE5
9209	9209	Q9UBZ4
9210	9210	Q9UHF4
9211	9211	Q9C0K1
9212	9212	Q14738
9213	9213	Q02643
9216	9216	Q9NQT8
9221	9221	Q8NF37
9222	9222	Q96GN5
9225	9225	Q9GZV5
9226	9226	Q86WR6
9231	9231	Q9ULU4
9233	9233	Q9Y263
9235	9235	Q96T88
9236	9236	Q8TB92
9237	9237	P58549
9238	9238	Q96CN5
9239	9239	Q8NCB2
9242	9242	Q99689
9246	9246	Q9Y303
9249	9249	Q9Y5X1
9250	9250	Q9HCJ2
9251	9251	P23141
9252	9252	Q9Y4P8
9254	9254	Q8TD46
9255	9255	P0DTE1
9256	9256	Q8N9M1
9259	9259	P09871
9260	9260	Q9NPB0
9263	9263	Q99767
9264	9264	Q96RF0
9266	9266	Q8TAT5
9267	9267	Q9Y6R0
9268	9268	Q7LBC6
9269	9269	Q8TEJ3
9270	9270	P11511
9271	9271	Q96GE9
9273	9273	P35354
9274	9274	Q9NWT6
9277	9277	Q15722
9278	9278	Q969Z3
9280	9280	Q99583
9282	9282	Q99959
9284	9284	Q06787
9285	9285	Q6ZSS3
9286	9286	Q3KNS6
9287	9287	Q13308
9288	9288	Q9Y3S2
9290	9290	Q8WXH5
9292	9292	Q9BZM2
9294	9294	Q16620
9295	9295	P29274
9297	9297	Q9BX66
9303	9303	Q6NUQ4
9304	9304	Q9Y2K1
9308	9308	Q8IW36
9309	9309	Q8WY41
9312	9312	Q92833
9313	9313	Q02846
9314	9314	Q9NPF0
9318	9318	P21452
9320	9320	P46094
9321	9321	Q9UMR7
9322	9322	O76074
9323	9323	Q9NPH5
9326	9326	Q8IVG9
9327	9327	Q9BZD2
9328	9328	Q9BPW5
9329	9329	Q9BT56
9330	9330	Q5T1A1
9332	9332	Q0VD83
9333	9333	Q9H9V9
9334	9334	Q9NNX1
9335	9335	Q96CS4
9337	9337	P14209
9339	9339	Q6XR72
9341	9341	Q8TC44
9343	9343	Q8TCT0
9344	9344	Q6AI14
9346	9346	Q9HBH9
9348	9348	Q9NUH8
9349	9349	Q86SG5
9351	9351	Q9BQB4
9353	9353	Q8IXF0
9354	9354	Q9H633
9355	9355	Q92817
9357	9357	Q9UHG3
9359	9359	Q9NQR1
9360	9360	P80511
9363	9363	Q9NQ75
9365	9365	Q9NPG1
9367	9367	Q9HAH1
9368	9368	P11465
9369	9369	Q9Y3Q3
9371	9371	Q14565
9372	9372	Q8TAB3
9373	9373	Q9Y343
9374	9374	Q9UP52
9379	9379	Q6P9G9
9380	9380	Q9BYE4
9381	9381	P56693
9382	9382	Q9Y6P5
9386	9386	Q9UPQ7
9387	9387	Q8TDR2
9389	9389	Q96T83
9390	9390	Q9NYS7
9392	9392	Q9H089
9393	9393	Q8IVF5
9394	9394	Q8TBZ8
9397	9397	Q9UKB5
9398	9398	P34820
9399	9399	Q9BXB4
9400	9400	Q9H792
9401	9401	Q9UBP9
9402	9402	Q9HCS4
9411	9411	Q9H987
9412	9412	Q8N205
9413	9413	Q96S99
9415	9415	Q9H6L5
9416	9416	Q5T764
9417	9417	Q6ZV89
9421	9421	Q9Y570
9422	9422	Q9UBK8
9423	9423	Q12765
9424	9424	Q8NCW0
9426	9426	P63215
9428	9428	Q96K75
9429	9429	O15393
9430	9430	Q95460
9431	9431	Q9UQQ2
9433	9433	Q9NWM0
9434	9434	Q86VK4
9435	9435	Q0P6D2
9436	9436	Q96S42
9440	9440	P49747
9441	9441	Q9UBR4
9442	9442	Q8NEV9
9444	9444	Q9NZL3
9445	9445	Q9Y5Z0
9446	9446	Q8TC92
9447	9447	Q5T7B8
9448	9448	P21333
9449	9449	Q9UBE8
9451	9451	Q9Y6Q1
9453	9453	Q9H9D4
9458	9458	Q969E3
9460	9460	Q7Z5Q5
9461	9461	Q8WYR1
9462	9462	O43310
9463	9463	P00387
9464	9464	P13584
9465	9465	Q8IYI0
9466	9466	Q8TDP1
9468	9468	Q96HH9
9473	9473	P55286
9475	9475	Q9UKJ3
9476	9476	Q9Y4H2
9479	9479	Q9NYZ1
9481	9481	Q86X27
9482	9482	A0A0C4DH42
9483	9483	Q9UKA8
9486	9486	Q9Y3A5
9488	9488	Q96CW6
9489	9489	Q9NZV7
9492	9492	Q9UPE1
9493	9493	Q96HD1
9495	9495	Q3KQV3
9496	9496	Q96FK6
9497	9497	Q14627
9498	9498	P16860
9499	9499	Q5VY80
9500	9500	Q9H074
9501	9501	Q9UI38
9502	9502	Q9ULT8
9503	9503	Q8NEM8
9506	9506	Q99674
9507	9507	Q96S82
9509	9509	Q9UJ90
9510	9510	Q969S0
9511	9511	Q9NUJ3
9512	9512	Q9BY44
9514	9514	Q8TD31
9517	9517	Q9UK39
9518	9518	P54108
9520	9520	Q8WXW3
9521	9521	Q14957
9522	9522	Q8N988
9523	9523	Q08499
9527	9527	Q9Y4C1
9528	9528	Q8IYF1
9532	9532	P52747
9534	9534	P41235
9535	9535	Q8NI17
9536	9536	Q9UBQ0
9543	9543	Q9NTG7
9547	9547	Q96C28
9548	9548	Q8IZV2
9549	9549	Q8WXE1
9551	9551	Q9HC44
9552	9552	Q8TDN1
9557	9557	Q8TAS1
9559	9559	Q9NR22
9560	9560	Q8TB69
9561	9561	Q9NWU1
9562	9562	Q8NDW4
9563	9563	Q86T82
9566	9566	Q96RS6
9568	9568	Q9UHJ9
9569	9569	Q8WXX7
9571	9571	Q8NBJ7
9572	9572	Q14166
9573	9573	Q14554
9576	9576	Q9HCH5
9577	9577	O43390
9578	9578	Q96LB0
9581	9581	Q14258
9582	9582	Q9HC98
9583	9583	Q9H8M1
9584	9584	Q96IZ5
9585	9585	Q9NYA4
9588	9588	Q96MM3
9590	9590	Q9H1Z9
9592	9592	Q8WTX7
9597	9597	Q9NRZ7
9598	9598	Q9Y2Q3
9599	9599	Q3ZLR7
9601	9601	Q8IW75
9606	9606	P29622
9607	9607	Q9NQL9
9608	9608	Q8NBJ5
9610	9610	Q8IWX8
9612	9612	Q96P09
9615	9615	Q5FWF4
9618	9618	Q16828
9619	9619	Q96FE5
9621	9621	Q96P48
9627	9627	Q9Y5G0
9628	9628	Q9NR20
9631	9631	Q96P65
9634	9634	Q6IQ16
9635	9635	P63211
9636	9636	Q7Z2W4
9637	9637	Q14549
9639	9639	Q12852
9643	9643	Q9HC96
9644	9644	Q8TBP0
9646	9646	Q7Z4L0
9648	9648	Q9NQZ7
9650	9650	Q96BH1
9652	9652	Q96BX8
9654	9654	Q93075
9658	9658	P05181
9663	9663	Q53HC5
9664	9664	Q96HA8
9665	9665	Q96PG8
9667	9667	Q96K12
9668	9668	Q8N6F8
9671	9671	Q00341
9672	9672	P49590
9673	9673	Q9BXS0
9677	9677	A0A0B4J279
9679	9679	Q9UKT7
9682	9682	Q9Y2K5
9685	9685	Q07960
9688	9688	Q9NQX6
9690	9690	P22692
9692	9692	P17024
9694	9694	Q8WYQ9
9695	9695	Q8WZ71
9696	9696	Q16553
9705	9705	Q8WU10
9706	9706	Q96LX8
9710	9710	Q9C0H5
9711	9711	Q9C010
9712	9712	P20810
9713	9713	Q8IYS0
9716	9716	Q8WUA7
9717	9717	Q9UMX3
9718	9718	O95202
9719	9719	Q8TCU3
9720	9720	Q8WUB2
9723	9723	Q8IWV1
9724	9724	Q9UJJ7
9725	9725	Q9H2C0
9726	9726	Q96NL6
9727	9727	Q8TEU7
9728	9728	Q96H86
9729	9729	P50591
9730	9730	Q17R98
9731	9731	Q13164
9734	9734	Q9BQY4
9736	9736	Q5T6F2
9737	9737	Q02978
9739	9739	Q8NC26
9744	9744	Q9Y2X9
9745	9745	Q8TD17
9746	9746	Q9Y236
9747	9747	Q9Y2C3
9752	9752	Q9BZS1
9754	9754	Q9P2R6
9756	9756	Q9BUM1
9759	9759	O43609
9760	9760	Q96NU1
9762	9762	Q9HCJ0
9764	9764	P10635
9766	9766	P98175
9768	9768	Q14123
9772	9772	Q9UKT4
9773	9773	Q8N6Y2
9774	9774	Q8N954
9775	9775	Q9BQI0
9778	9778	Q9P2N4
9779	9779	P0CJ73
9780	9780	Q9UHF0
9781	9781	P00751
9789	9789	Q9P0J6
9792	9792	Q8N142
9794	9794	Q12913
9795	9795	Q96BJ8
9796	9796	Q7Z4P5
9797	9797	Q96PD4
9798	9798	Q86T96
9801	9801	Q9NZH8
9803	9803	Q8IWB6
9804	9804	Q9BXJ8
9805	9805	Q9H816
