Protein,Community
TRIM67,2
ZRANB1,5
PARK2,2
CUL3,2
RPA1,2
MYC,7
PLEKHA4,2
KIAA1429,3
S,0
RPA2,2
RPA3,2
CCNF,9
TRIM25,3
TOPBP1,2
E2,2
ESR2,6
APP,4
M,0
UBC,9
ESR1,6
PRNP,2
TP53,6
HSPA8,2
ELAVL1,6
NTRK1,2
HNRNPL,3
nsp6,0
UBE2H,2
AGO2,3
RAF1,7
CDC123,0
KIF14,7
ORF3a,0
ORF7b,0
ANLN,7
HIST1H4A,6
DDX58,3
EGFR,0
N,7
E,0
HNRNPH1,7
BRD4,6
nsp4,0
HSPA5,2
HSPA1A,2
TGOLN2,0
STAU1,7
CFTR,2
XPO1,3
TIPARP,6
NR3C1,8
TRIM28,2
TOP3B,3
SERBP1,2
EFTUD2,7
ORF7a,0
EZH2,6
VCP,2
SNCA,9
CEBPB,7
RECQL4,7
CIT,7
RNF4,0
NR2C2,7
NXF1,7
ORF6,0
MYCN,7
C9orf72,2
HEXB,2
SOX2,6
PARP1,6
HSP90AA1,2
EP300,6
YWHAZ,3
TRAF2,2
ORF8,0
CDC42,0
BIRC3,7
CANX,0
MOV10,7
LMNA,0
KRAS,0
BAP1,2
EGLN3,3
NPM1,7
MECP2,7
APEX1,6
SQSTM1,3
DDRGK1,7
Cebpb,7
BRCA1,6
TNIP1,7
RHOA,0
YWHAG,3
YWHAE,3
RELA,6
PHB,7
CEBPA,6
YAP1,2
ATG16L1,3
DDX39A,4
HDAC1,6
FZR1,7
YWHAQ,3
LARP7,7
nsp5,2
ACE2,7
WDR5,7
XPO7,3
HUWE1,2
DYRK1A,3
YWHAH,3
COPS5,2
ORF10,7
MCM2,2
MAPT,2
CAPZB,2
nsp3,0
RBM39,7
STIP1,2
KIF20A,7
UFL1,7
HSP90AB1,2
STK4,7
HSPD1,5
HNRNPU,7
ACTB,2
KIF23,7
MEN1,7
RAC1,0
YWHAB,3
SNRNP70,7
SMC5,7
nsp9,6
CTNNB1,2
HECTD1,7
PRC1,7
NONO,7
CAND1,7
HNRNPA1,7
NAA40,7
CHD4,7
OGT,2
HIST1H3A,6
FBXW7,7
nsp16,3
AR,6
TNIP2,7
H3F3A,6
LMBR1L,0
XRCC6,6
PML,6
AGR2,2
ILF3,7
PRMT1,7
CUL1,2
HDAC6,2
PPIA,2
HEXIM1,7
RAB7A,0
OBSL1,7
RHOG,0
CSNK2A1,6
ZC3H18,7
ECT2,7
HDLBP,7
RPS6,7
nsp13,2
ORF3b,0
USP7,6
RPN1,0
HDAC2,6
CDC5L,7
MEPCE,7
LRRC59,0
EWSR1,7
LRPPRC,5
CYLD,2
WWP2,7
RAB11A,0
G3BP1,7
CUL7,7
GSK3B,3
C1QBP,5
FANCD2,7
PLK1,3
E6,2
ERBB2,0
CUL4A,2
RPN2,0
BSG,0
RHOB,0
EMD,0
NCL,7
PSMD3,2
RNF2,7
RNF123,4
PTEN,2
NFIC,6
KDM1A,6
VIM,2
PRPF8,7
FN1,2
HSCB,5
nsp12,3
Apc2,7
TMPO,0
DOT1L,7
UBQLN2,2
SEC61B,0
RPL4,7
CDK2,2
GOLGA2,4
HNRNPA2B1,7
UBE2O,7
MYH9,2
BTF3,7
FUS,7
CHD3,7
HNRNPK,7
HNRNPM,7
PDHA1,5
RNF112,7
SNW1,7
TRRAP,6
YBX1,7
DDX21,7
AURKB,7
BTRC,7
CAV1,0
IFI16,7
RPS3,7
nsp14,3
nsp2,3
EEA1,3
CHMP4B,7
RPS16,7
STUB1,2
EEF1A1,2
PPP1CC,7
GRB2,2
LAMTOR1,0
ENO1,2
CALM1,9
RPL3,7
PRKDC,6
CUL4B,2
SIRT7,7
nsp15,2
PIH1D1,2
CLTC,2
RICTOR,2
EPHA2,0
HSPB1,2
CDH1,0
TUBA1A,2
HSPA9,2
KCNA3,0
TUBB,2
SRPK2,7
DHX9,7
RPL10,7
FBXO6,0
SYNCRIP,7
VAPA,0
NFIA,6
HSPA4,2
GAPDH,2
RPL7A,7
STX7,0
LYN,0
HIST2H2BE,6
HSP90B1,2
TRIM21,2
RPL13,7
GNB2L1,7
RAB5A,0
PPP1CA,2
SHMT2,5
OTUD4,9
SSRP1,6
MEOX2,4
TUFM,5
PABPC1,7
SFN,3
NRAS,0
HRAS,0
UBE2I,6
ACTC1,2
RNF113A,7
RPL31,7
ORF9b,5
CCT2,2
DDB1,2
CSNK2A2,6
MKI67,7
HNRNPC,7
CDK9,7
CHMP4C,7
SRGN,2
DDX3X,7
RC3H1,7
PCBP1,7
NUPR1,7
PINK1,2
MATR3,7
HIST1H1E,7
CIC,6
E7,4
NFIB,6
HIST1H1C,7
RHOF,0
AKT1,2
FBL,7
RAC2,0
RC3H2,7
AURKA,2
RPS8,7
AAR2,2
TOP1,7
CCDC8,7
FLNA,2
RPL11,7
CPVL,7
RPS2,7
BAG2,3
RPLP0,7
RPS3A,7
FXR1,7
U2AF2,7
CDC37,2
RPS19,7
BAG3,2
PTPN1,0
CKAP4,0
AIFM1,5
LAMP1,0
ORF9c,0
DDX39B,7
HNRNPD,7
SNRNP40,7
RPL6,7
RPL19,7
RPL23A,7
SUZ12,6
nsp1,2
MDM2,6
ZC3HAV1,7
TRIM37,3
RUVBL2,6
MARCKS,0
WWOX,4
CBX3,6
CCT3,2
SIRT6,6
PPP2R1A,2
BMI1,7
UBE2M,2
ATP5B,5
LMNB1,0
BRD7,7
CLEC16A,0
C9orf78,6
CUL2,2
MIDN,7
RHOJ,0
nsp8,2
RPL5,7
FGFR1,0
RAC3,0
CSNK2B,6
ILF2,7
NUP43,6
SUMO2,6
CCT6A,2
HNRNPF,7
NOP56,7
RAB5C,0
BCAP31,0
SFPQ,7
RAB9A,0
TCP1,2
CCT7,2
USP36,7
SSBP1,5
DDX24,7
RPL13A,7
HSF1,2
GJA1,0
LAMP2,0
RPS10,7
FBXO7,2
RBBP4,6
RPL17,7
SPRTN,2
H2AFX,6
RAB35,0
CCT8,2
IQGAP1,2
NFIX,6
RUVBL1,6
ALK,0
KPNB1,6
FBXL6,7
PHB2,5
NEDD4,3
RHOC,0
ATP1A1,0
HMGB1,7
nsp7,3
UPF1,7
SRSF1,7
LGALS9,0
IGF2BP3,7
TUBB4B,2
EED,7
ARF6,0
EEF2,2
RBX1,2
CDK1,2
SF3B1,7
NEK4,2
SLX4,6
DVL2,3
DNAJA1,2
ATP5A1,2
UBR5,2
DNAJA2,2
HIST1H2BG,6
LNX1,4
FKBP8,0
HSD17B10,2
RPL14,7
HNRNPR,7
DDX5,7
RPL8,7
TFRC,0
VDAC1,0
RBM14,7
RBCK1,2
RIOK1,7
COIL,6
CCT4,2
Rab18,0
SF3B3,7
CLPP,5
RPL23,7
RAB2A,0
RHOD,0
RNF149,0
SRC,0
HADHA,5
RPS9,7
EZR,2
METTL14,2
CCT5,2
SMURF1,2
TERF2IP,6
USP11,2
MAP1LC3B,2
DHX30,7
HGS,4
STAT3,6
KPNA2,6
ITGA4,7
SF3B2,7
SART3,7
RPS24,7
TRIM27,4
FBXO22,3
ITFG1,7
CREBBP,6
BCAR1,3
RPS20,7
CUL5,2
XRCC5,6
TARDBP,7
MDH2,5
RPL15,7
PSMD14,2
RPL18,7
RPSA,7
ORF3,2
DYNLL1,3
FLOT1,0
NUP155,0
TOP2A,7
MTDH,7
SEC62,0
MAP1B,2
SNRPB,7
LZTS2,4
DYNC1H1,2
HIST1H2AB,6
RBBP7,6
CPSF6,7
EIF4A3,7
RPL10A,7
MAPRE1,3
RPS14,7
RPL36,7
SPTAN1,2
PDIA3,2
GRSF1,5
SNAI1,7
RPL35,7
PSMA4,2
SRSF6,7
POLR2A,6
RPS11,7
PSPC1,7
SNRPA,7
EPRS,7
PCNA,6
PDIA4,0
GNB2,2
OCLN,0
PKM,2
IMMT,5
PFN1,3
G3BP2,7
RPS4X,7
SNX27,1
IFITM3,0
YOD1,7
JUP,2
FOXA1,7
RPL7,7
B3GNT2,7
ORF14,0
HNRNPA3,7
SKP1,2
DDX6,7
PSMA1,2
RHOU,0
AKAP1,0
SRSF3,7
DHX15,7
KAT6A,7
PSMC5,2
ACTG1,2
TUBA4A,2
IGF2BP1,7
HIST1H1A,7
RPS13,7
INS,5
VAPB,0
LRRK2,2
CYSRT1,4
RAN,2
DLD,2
SAP18,7
CALCOCO2,4
LARP1,7
RHOH,0
TUBA1B,2
RBMX,7
USP15,2
DCTN1,3
RCOR1,6
DDX23,7
BRD3,6
RPS27A,7
SRPK1,7
DLST,5
NUMA1,6
TP53BP1,6
CDK7,6
EEF1G,2
MTA2,6
HIST1H3C,6
PGK1,2
CD3EAP,6
RPS7,7
SMAD4,6
FAF2,0
RPL30,7
SSB,7
RSL1D1,7
ADARB1,7
RPL27A,7
PPP1CB,2
CCDC47,0
BAG6,2
SPOP,2
ISG15,2
THRAP3,7
LONP1,5
TUBA1C,2
CBL,2
HERC2,3
USP14,2
SRRM2,7
HADHB,5
YTHDF1,7
PSMA3,2
PRMT5,2
PCM1,3
RUFY1,2
HCVgp1,7
SRSF5,7
SF3A1,7
DDX1,7
LAMP3,0
TRAP1,5
SNRNP200,7
RPL28,7
CS,5
AP2M1,3
PICK1,4
VHL,2
E2F4,7
ESYT1,0
ARHGAP24,2
PTBP1,7
VDAC2,0
RPL18A,7
BICD2,3
BAG1,2
PRPF19,7
DERL1,0
GSK3A,3
SSR1,0
MCAM,0
PABPC4,7
FBXW11,3
MTCH2,0
TRIM55,4
SUPT16H,6
MAPK6,2
LMAN1,0
vpr,7
LIMA1,2
KRT31,4
CAPRIN1,7
SEC16A,3
H2AFY,6
YTHDF2,7
ATXN1,6
P4HB,2
MAPK1,2
PTPN11,2
SLC25A6,1
TUBB3,2
RAD18,7
SF3B4,7
PPP2CA,2
MYBBP1A,7
HSPH1,2
HIST1H1B,7
C16orf72,2
SMN1,7
ZFPL1,0
VCAM1,2
AIMP2,2
TRIM33,6
TMEM43,0
RPL27,7
SLC25A5,2
RAB4A,0
FXR2,7
PTGES3,2
UNC93B1,0
UBQLN1,2
DNAJC7,2
CTTN,2
RIN3,2
RBM8A,7
IMPDH2,2
NFX1,7
NINL,3
MCM5,2
PSMD2,2
STX6,0
HIST1H2BH,6
TRIM31,7
EMC1,0
FLOT2,0
TRAF6,2
ATG9A,0
PDZD8,0
GPR182,0
MYO1C,2
RPL22,7
RPA4,7
EIF4G1,7
IKBKG,2
MRPS26,5
LATS1,3
GJD3,0
KRT8,3
TFCP2,2
MED4,3
ATXN3,2
ZBTB2,7
SMARCA4,6
YY1,6
COPA,0
RPS5,7
RPL26L1,7
ARRB2,7
DDX17,7
CAPZA2,2
NOTCH2,0
Rnf183,0
PLEC,2
RIPK4,2
OCIAD1,0
HIF1A,6
SMC1A,6
ANXA2,2
SRP9,7
NUP35,6
MYO6,2
NDRG1,2
ZNF598,2
TFIP11,4
NOP2,7
USP9X,2
SLC3A2,0
CAD,2
SDCBP,4
PRPF40A,7
SMC3,6
TFAM,5
ATP5C1,5
FGFR4,0
MCM7,6
RANBP9,7
IPO5,2
ZNF330,6
AES,4
FASN,2
STX4,0
OPTN,2
PSMC3,2
DSP,2
ACAD9,5
SYNE3,3
PRDX1,2
SFXN1,5
SPTBN1,2
RPL12,7
SNRPC,7
RNF8,2
RPS15,7
RHOQ,0
JUN,6
HIST3H3,6
NIFK,7
RND2,0
CALR,2
SOD1,2
COX4I1,5
DBN1,2
DPP4,0
KRT40,4
RNF10,7
IGF1R,0
MDFI,4
PSME3,2
HSPA2,2
KLF16,6
CTCF,7
WDYHV1,4
UBB,2
RPL9,7
MDC1,6
RPS18,7
HIST1H2BB,6
QARS,7
EIF4B,7
NLRP6,2
UBE3A,2
RPS15A,7
HMGA1,6
NUFIP2,7
MFSD5,0
DISC1,3
EMC2,0
RNF43,3
RNPS1,7
PGRMC1,0
BRD2,6
UBA52,2
GTPBP4,7
SURF6,7
KRT18,3
ACTN4,2
SMARCA5,6
ALYREF,7
SMAD3,6
SDHA,5
NUDCD2,7
RAB1A,0
PSMD1,2
DDOST,0
FKBP5,2
RPL37A,7
SLC25A3,2
HAX1,0
SNRPD2,7
PRKACA,3
RPL26,7
RPS25,7
ABCE1,2
TPM3,2
ATG5,2
TBK1,3
ATP2A1,0
STIM1,0
LDHA,2
LIN28A,7
AP2B1,3
TAF15,7
FAM105A,0
MMGT1,0
TMPRSS11B,0
GANAB,2
IARS,7
FTSJ3,7
YBX3,7
LOXL2,0
RPL35A,7
ESYT2,0
RPL24,7
UNK,2
SRSF7,7
PRKRA,7
CFL1,2
FBXO2,0
DKC1,7
S100A2,3
HDAC4,3
TBRG4,5
SIRT1,6
PHGDH,2
RNF31,2
RPLP2,7
PRPF6,7
SUPT5H,6
GRWD1,7
ITCH,2
CAPZA1,2
YTHDC1,7
MRPL11,5
COPB2,0
SLC30A7,0
ALB,1
EXD2,5
KARS,7
SRP68,7
REEP5,0
PRRC2A,7
METTL17,5
GBF1,2
LCK,0
COPS6,2
RHOBTB1,7
TMEM17,0
BET1,0
PRPF31,4
PDCD11,7
SNIP1,7
RPL21,7
STOM,0
GATA4,6
NDUFS3,5
GTF2I,6
PUF60,7
HNRNPDL,7
YES1,0
HSD17B11,0
KRTAP10-8,4
KHDRBS1,7
DRG1,7
MYH10,2
SEC22B,0
TUBG1,3
AHCYL1,2
GCN1L1,2
TUBB8,0
ATP2A2,0
PAN2,7
FHL2,6
UBA1,2
C21orf33,5
HTT,2
GORASP2,0
PSMC2,2
EIF3A,7
LYAR,7
MRPS9,5
RAD21,6
CDC73,2
PMPCA,5
ZNF346,7
ABT1,7
RAD50,6
PSMD4,2
SMARCC1,6
MKRN2,7
ICT1,5
MEX3A,3
DNAJC1,0
WWTR1,3
NDUFS1,5
RTCB,7
RPS23,7
DCPS,7
DNAJA3,5
NUDT21,7
MTUS2,4
KRR1,7
IGF2BP2,7
FYN,0
UBL4A,7
TRIM24,6
SEC63,0
SND1,7
MAP3K7,2
SRP14,7
POLR2B,6
TRIM14,2
DNAJB6,2
HNRNPAB,7
RLIM,2
NDN,7
SNRPF,7
HLA-C,0
CD274,2
DDX54,7
NBR1,2
CPSF7,7
TLE3,6
TOMM22,0
HSD3B7,0
TRIM23,4
PSMC1,2
RANBP2,6
EIF3B,7
WDR77,7
DNAJC5,0
IMMP2L,5
RNF207,9
MCM3,2
REL,4
NPC1,0
TRIM5,2
NOTCH2NL,4
RALY,7
CSNK1A1,3
RPS27,7
WDR76,6
TSFM,5
NHLRC2,2
CLTA,3
BAG5,2
DCAF4,7
ST7,0
EIF4A1,7
NEDD8,2
EIF2AK2,7
CALU,2
CTBP2,6
PIN1,6
PSMD11,2
SLC7A1,0
SLC15A3,0
ARAF,2
SNRPD3,7
UQCRC2,5
PMPCB,5
HNRNPA0,7
H2AFZ,6
SLFN11,7
B3GAT1,0
P2RY6,0
PPIB,2
ATAD3A,5
DNAJB11,0
HNRNPUL1,7
PIK3R1,0
VDAC3,0
OFD1,3
DDA1,6
CTNNA1,3
AHNAK,2
CXADR,0
NAP1L1,7
FAM120A,7
ELOVL5,0
TRIP6,4
LUC7L2,7
CTBP1,6
AFG3L2,5
E5,0
EEF1D,2
RBPMS,4
SRPRB,0
U2SURP,7
METTL7A,0
NCBP1,7
TOLLIP,4
TRA2B,7
SRRT,7
KPNA1,6
ATP5O,5
CORO1C,2
BYSL,7
XRN2,7
PAICS,2
LGALS3,0
SRP72,7
USP27X,7
COX15,5
RBM28,7
HDAC5,6
SIN3A,6
EIF6,7
GNL2,7
PSMA5,2
BCLAF1,7
KTN1,0
RTN4,0
PRKCZ,2
SNRPD1,7
PSMC6,2
KIF5B,2
LARS,2
SMARCC2,6
TKT,2
NIN,3
SH3KBP1,3
SF1,7
PDGFRA,0
ERGIC3,0
CENPA,6
METTL21B,3
MOB3C,2
GRM2,7
DAXX,6
RPL38,7
ALDOA,2
ITGB1,0
PSMB1,2
PSMC4,2
CRK,3
CCAR2,2
IGF2R,0
MECOM,6
NTRK3,0
CYB5R3,0
MRPS7,5
SMARCB1,6
PDK1,5
CEP170,3
TXN,2
FAS,0
IFITM1,0
PTCD3,5
PAXIP1,6
RRBP1,7
MRPL12,5
DCTN2,3
SRRM1,7
PARK7,2
PYHIN1,7
TCEB2,2
ACLY,2
RB1CC1,3
ATP5F1,5
MAPK3,2
OTUB1,2
HIST1H2BK,6
HSPA6,2
ASPH,0
DARS,7
RRS1,7
MAGEB2,7
ATG14,0
CDKN1A,4
HOXA1,4
APC,3
ACTA2,2
RPS12,7
MRM1,5
RHBDD1,0
SMAD2,6
RBM42,7
NOTCH1,6
SAR1B,2
NUP50,6
NOLC1,7
ACTR2,2
NAT10,7
GNL3,7
MTERF3,5
TAX1BP1,4
RPL32,7
MARS,7
PDIA6,2
BRD1,6
ALDH3A2,0
LDHB,2
CLEC4E,0
PHF21A,6
DPF2,6
SP1,6
AXL,0
SLIRP,5
DDX18,7
MAVS,0
RHOT2,0
TRUB2,5
CBX5,6
HINT2,5
INSR,0
FTL,3
MTOR,0
PAX6,6
RBM4,7
TES,2
FBP1,7
RARS,7
MRPS27,5
PPP1R12A,2
VAMP3,0
UBR4,2
SLC39A7,0
CSE1L,2
UBE2N,2
HIST1H2BD,6
CCR1,1
PPM1G,6
MTIF2,5
MAGT1,0
TMEM106B,0
CDKN2A,6
ACTN1,2
LGALS1,0
SMARCA2,6
USP10,7
SART1,7
MB21D1,7
SHC1,2
TERF1,2
TRA2A,7
POLR2C,6
NF2,2
SMC2,2
NEDD4L,0
SHANK3,3
VWA8,5
SLC39A14,0
PIAS1,6
DTX2,4
RMDN3,0
TULP3,3
WDR6,0
RPS26,7
TACO1,5
ROR2,0
HP1BP3,7
ACTR3,2
MAP4,2
COPE,0
HIST2H2AC,6
NDUFA4,5
SGTA,0
KIAA0368,0
EIF2S3,7
PDHB,5
KAT5,6
MSN,2
POLR1E,6
SYVN1,0
TCTN3,0
UBE2D2,4
PRPF4B,7
NDUFA9,5
DCAF7,6
DAP3,5
ZYX,3
SRPR,0
TMPRSS2,0
AATF,7
POLD1,6
DNAJB1,2
AP2A1,3
RRP1B,7
SERPINH1,2
IPO7,2
TRIM63,4
UBAP2L,7
ATM,6
TNPO1,2
DNM1L,2
SMARCD1,6
RPTOR,2
PSMD12,2
TSR1,7
POU5F1,6
FAF1,2
AMOT,3
tat,6
GFM1,5
RPL36AL,7
nsp10,5
RB1,6
RANGAP1,2
MMS19,0
EBNA1BP2,7
HYOU1,0
FOXO1,1
TERF2,6
RFWD2,6
FLNB,2
HDGF,7
COPB1,0
PSMA6,2
FUBP1,7
RPS17,7
AARS2,5
NRP1,0
BASP1,2
CSNK1E,3
MTA1,6
PSMD13,2
SMG7,3
BARD1,6
FLII,2
EIF3F,7
CDC34,2
ARL13B,0
NDC80,3
ERBB3,2
RBM25,7
KIAA1715,0
HNRNPH3,7
UCHL5,2
AQP6,0
MAD2L2,0
MLLT4,0
MCM4,6
EIF4ENIF1,7
PRDX3,2
UBXN6,3
NOP58,7
TOMM40,0
SOAT1,0
KLF8,6
RCHY1,7
LBR,0
RNF130,0
HSPA1B,2
ADRB2,0
PXN,3
TCF4,4
RRP12,7
GNB1,2
ATP6AP2,0
COX8A,5
RAD23A,2
TJP1,3
VASP,3
MYO1B,2
HMOX2,0
SDF2L1,0
STOML2,5
TUBB2A,2
PRDX2,2
DDX27,7
MRPS34,5
HLA-A,0
TNF,2
ZNF746,7
EPB41L5,7
C1orf35,7
UBE2D1,4
NDUFV1,5
SNRPA1,7
CKAP5,2
MRPS31,5
TRIM54,4
STAT1,2
PTRF,3
EEF1A2,2
CALM3,3
ACACA,2
SENP3,7
HNRNPH2,7
HECW2,6
PLOD1,7
ERLIN2,0
P4HA1,5
ATP6V1A,0
HIST1H1D,7
INF2,3
PRKAR1A,2
FMR1,7
MAPK14,6
IKZF3,4
PSMD6,2
DHX36,7
SLC1A5,0
ACTA1,2
MRPS35,5
FNDC3A,0
MRPS18B,5
HSPE1,2
ANXA1,2
ACIN1,7
SSX2IP,3
MYO18A,2
NCAPH,7
GOPC,0
DYNC1I2,2
HIF1AN,2
GSPT1,7
IRS4,2
ZFR,7
TTN,2
KEAP1,2
RPL34,7
NUDC,2
PFDN5,4
PCBP2,7
MIB1,3
ACTBL2,2
HSF2BP,4
PGRMC2,0
PRKCI,2
ILK,2
SRSF4,7
BRIX1,7
PFKP,2
NDUFS7,5
SNRPE,7
RPLP1,7
RBFOX2,7
DSG2,0
FUBP3,7
KBTBD4,2
PNN,7
NCOR1,6
SF3A3,7
PA2G4,7
DST,3
IRAK1,2
SPDL1,2
ETFA,5
MRRF,5
TECR,0
SET,2
SLC25A1,2
RCN2,5
SLC2A1,0
NDUFS2,5
NSUN2,2
FASTKD5,5
DDX56,7
SMC4,2
SUGT1,2
ARF4,0
ADAR,7
PHLPP1,2
GLDC,7
HSPA1L,2
C11orf52,0
MSH2,6
MAGED1,4
POLR1C,4
PRRC2B,7
RPS28,7
AHCY,2
LGALS3BP,2
TMPRSS4,0
MCM6,6
MRPS23,5
SSSCA1,3
TJP2,3
BCOR,6
EPHA7,0
H1FX,7
CYB5B,0
CEP128,3
AUH,5
RECQL,7
MBD3,6
CHD8,6
AHSA1,2
ATXN2,7
EBAG9,0
ARRB1,2
IKZF1,4
CD81,7
PRRC2C,7
TNRC6B,3
CSDE1,7
RAB3B,0
RCN1,2
C3orf52,0
TCTN2,0
SLC30A5,0
KPRP,4
KMT2A,6
TRAF1,4
TPM4,2
PARD3,0
PPP2R2A,2
EPB41L2,7
CIAO1,3
CHCHD3,0
FKBP4,2
SKP2,6
SLC27A2,0
UBE2D3,4
KHSRP,7
RDX,2
DNAJC9,7
TGFB1,0
RPL29,7
PRKCA,2
RUNX1,6
TPI1,2
DHX8,7
SLC25A13,2
OSBPL8,0
KANK2,4
MRE11A,6
CNOT1,3
NUP93,6
TTYH1,0
GPR45,0
TSG101,4
EIF3E,7
PPARG,6
HDAC3,6
ABCD3,0
CCDC6,3
PGAM5,7
ACTR1A,2
ARIH2,7
RAB14,0
MTHFD1,2
PSMA7,2
GLTSCR2,7
NHP2L1,7
TMED10,0
STT3B,0
PUM1,7
SP7,6
EIF2S1,7
RBBP5,6
GATAD2B,6
CEP250,3
MTIF3,5
GPX8,0
EMC4,0
FGFR3,0
VCL,2
TPM1,2
STX5,0
MRPS22,5
CLGN,0
RBM34,7
LEMD3,0
HCFC1,6
ABI2,4
MRPS5,5
TNRC6A,3
CELF1,7
ASXL1,2
LATS2,3
KCNE3,0
SAR1A,0
ZDHHC17,0
DNM2,3
CNBP,7
ACBD3,0
PRKAA1,4
HNRNPUL2,7
MGST3,0
SLC19A2,0
KRTAP10-3,4
SUMO1,6
PTK2,3
ERGIC1,0
ACSL3,0
KRTAP10-7,4
CACYBP,2
TRIP13,4
PRKCSH,2
PCDH7,0
SLC22A9,0
EIF3C,7
POLR2E,6
SCFD1,0
USP4,2
TLN1,2
IQCB1,2
NOC2L,7
TPR,7
HOXB13,7
MRPS2,5
MFAP1,7
DHFRL1,0
GADD45GIP1,5
STRAP,2
TCOF1,7
MARK2,0
TPT1,2
ATXN2L,7
CALD1,2
TMOD3,2
ATP6V1B2,0
METTL3,2
YBX2,7
DNAJC25,0
RBM10,7
NUP62,3
CKB,2
ASXL2,2
POP1,7
PICALM,0
IARS2,5
AURKAIP1,5
TOP2B,6
ITSN1,3
EHMT2,6
CEP55,3
SMARCE1,6
SCRIB,0
CEP70,4
KRT19,3
KRT34,4
KNOP1,7
Dppa3,7
GIGYF2,7
BANP,4
MRPL4,5
CHERP,7
PANX1,0
PDLIM7,2
PSMD7,2
BCAS2,7
FSCN1,2
SPAG9,2
PCMT1,2
VPS35,2
AMBRA1,2
TRMT61B,5
EIF3L,7
MID2,4
EIF3I,7
AUP1,0
CARM1,2
SEPT9,2
PXMP2,0
CBX6,7
NFKB1,6
EIF3G,7
MYL6,2
S100P,3
MIF,2
TCEB1,2
VARS,2
PTPLAD1,0
SRSF10,7
RPS21,7
DDX50,7
FASTKD2,5
C6orf203,5
ZNF638,7
PRPF3,7
PRPF4,7
TIMM50,2
KLF15,6
SLC1A3,0
TMEM14B,0
PSMB5,2
CDK4,2
PSME1,2
NUP205,0
POGZ,6
PLD3,0
VRK1,7
UBXN7,2
GPR17,0
MSH6,6
DNAJC10,0
EIF3H,7
GOT1,1
NDUFS8,5
METTL15,5
E5a,0
FHL3,4
PURA,7
AMFR,0
MRPS24,5
CBX1,6
UCHL1,2
STX12,0
SF3A2,7
TSPAN15,0
LGR4,0
DCUN1D1,2
SLC27A4,0
TIMP2,0
DIABLO,5
HMGB2,7
DOCK7,3
ATP2B1,0
SLC25A46,0
PPIE,7
EIF5A,2
RNF40,6
ACTL6A,6
HSPA4L,2
ZMYM2,6
PRG2,0
PRDX6,2
AIMP1,7
ADRM1,2
HNRNPCL2,7
YTHDF3,7
MTG2,5
HIAT1,0
C17orf80,5
POMK,0
MAP2K2,2
GARS,2
DYNLL2,3
PDS5A,6
ERH,7
PPP6R3,2
TMX1,0
DVL3,4
EIF3D,7
MRPS25,5
S100A9,1
GNAS,0
CEP135,3
NPM3,7
PEBP1,2
STX17,1
NPTN,0
XRN1,7
GNAI2,0
CPSF1,7
TFG,4
UGGT1,0
BIRC6,3
NEIL1,7
GCG,9
GLUD1,5
CLU,0
GEMIN4,7
AGRN,0
CTNND1,0
KPNA3,6
STK11,1
PPP2CB,2
CCND1,6
ARCN1,2
NKRF,7
AGPAT1,1
FOS,6
TGFBR1,9
RND3,0
RBM4B,7
DHX57,7
SRSF2,7
H1F0,6
ATP5H,5
MAD2L1,6
PDCD6IP,2
SLC4A7,0
SNRPB2,7
PES1,7
PFDN2,2
ATP1B3,0
WHSC1,7
RET,0
SVIL,2
PTCH1,0
TCF7L2,6
REST,7
MAGED2,2
SLC31A1,0
MYO19,2
HELZ,3
SLC25A11,2
JPH1,0
EBP,0
DDX31,7
E5b,0
WWP1,6
KIF11,3
GTF3C1,6
EFNB1,0
PPT1,2
ATP6V0A1,0
UBQLN4,2
SKIV2L2,7
CDC23,3
EIF2S2,7
REXO4,7
TOR1AIP1,0
KIAA0020,7
SLC39A4,0
HTRA2,5
HIST1H2BC,6
UBR1,5
GEMIN5,2
LARP4B,7
TUBB6,2
DNAJC16,0
CCNB1,6
HNF4A,6
NCOR2,6
ERBB2IP,0
PLS3,2
BUB3,2
RAE1,3
GOLGA5,0
TIMM44,5
POR,0
ZNF512,7
LSM14A,7
DIRAS3,0
EPB41L3,6
CDC27,6
YKT6,0
KRT2,2
CISD2,0
FAM209A,0
KLC1,2
MAGOH,7
SAFB,7
EIF4E2,3
KRT17,2
RCC2,2
HERC5,7
ANK2,2
MBNL1,1
CDKAL1,0
CLEC4D,0
GOLGA3,0
ASH2L,6
XPO5,0
AKAP8L,4
TAB1,2
MAP7,3
GIGYF1,3
SEC23A,2
RRP8,7
PIPSL,3
CEACAM6,0
SNAP29,0
SEC61A1,0
ARIH1,2
TLX3,6
SLC30A4,0
GNAI3,0
CEBPZ,7
LASP1,4
MLH1,4
NCK2,4
CSNK1D,3
PTPRF,0
METAP2,7
SCAMP3,0
GBAS,2
KIFC3,4
FBXO42,3
MFSD4,0
DUX4,7
XIAP,2
NSF,0
HLA-B,0
RAI14,2
RAB25,0
GAN,2
FOXP1,6
RBMS2,7
UNC45A,2
DCAF15,2
CHCHD2,5
NIPAL3,0
SUB1,6
COPG1,0
CRX,6
MARK3,0
FOXK1,6
GART,2
MAP2K1,2
RBPJ,6
PCNT,3
FLT4,0
ITPR3,0
POLDIP3,7
FGFBP1,7
PRKD2,2
FAM98A,7
SLC35B2,0
MFSD10,0
BMPR1A,0
USHBP1,4
OGDH,5
PNMA2,3
TNPO3,0
TXLNA,4
PKP2,0
KRT1,2
DNMT1,6
MGA,6
TOMM20,0
VANGL1,0
ERGIC2,0
TEX101,2
RAD51,6
LMO2,4
TSC1,4
PRDX4,2
MPRIP,2
CDC20,3
KAT2B,6
CBX8,6
MRPL28,5
RPS6KB2,7
PRPS2,3
LMNB2,0
DHX40,7
LETM1,5
GPATCH4,7
PRR3,7
STXBP5L,9
LRIF1,6
IPO4,2
HEATR1,0
ARPC1B,2
ANKRD28,3
DLAT,5
ICAM1,7
DYNC1LI1,2
PAGE4,7
ASF1A,6
LUC7L,7
MRPL38,5
NIPSNAP1,5
XPOT,0
CYC1,5
IPO9,2
HIST1H2AG,7
FAM134C,0
ARF1,0
USP2,4
DDX19B,1
NUP98,6
ECHS1,5
CDC16,3
CD44,0
CLINT1,3
FBXO32,2
HSD17B12,0
MIA3,0
Rpl35,7
RPUSD4,5
TMEM9,0
MET,0
HOOK1,3
CD2BP2,7
COPS2,2
CERS2,0
MAP4K4,3
NACA,2
SLC7A5,0
FURIN,0
SRP19,7
DYNLT1,3
PLEKHA5,3
ERAL1,5
GGH,0
SRSF9,7
RAD23B,2
GOLGA4,2
ATAD3B,5
JAK1,0
SLC25A12,5
MAP2K3,2
OS9,0
CREB3L1,0
ASB11,2
EYA4,6
nsp3ab,0
ARNT,6
FANCI,0
TAGLN2,2
PSMB6,2
DGCR8,7
TMX2,0
TAF1,6
TCEB3,6
NDUFA5,5
U2AF1,7
BAG4,4
MRPS12,5
MAP1LC3A,3
ANAPC2,3
CEP131,3
DNAJC11,0
GRN,4
COPS3,2
AP1B1,3
PTRH2,0
STX8,0
NUP153,6
CD79A,0
RFC1,6
NUP107,6
TMEM216,0
CXCR4,0
DDX46,7
VRK2,0
CHTOP,7
SGPL1,0
SLC39A10,0
CMTM5,0
IMMP1L,5
PPP6C,2
NUMB,0
PRKAR2A,3
GLP1R,9
TUBB4A,2
ATP6V0D1,0
ATF2,6
BRCA2,6
UBTF,7
HMG20A,6
UTP14A,7
S100A6,3
ECH1,5
MAFB,7
KRI1,7
MTRF1,5
GLYR1,7
UQCRFS1,5
RHOV,0
NPAS1,3
RND1,0
CREB3,0
TRIM9,9
ACAT1,5
TAF6,6
TUBGCP3,3
HAT1,6
CHCHD1,5
KIF2A,3
MTRF1L,5
STRBP,7
BIRC2,2
COX5A,5
ATRX,6
STAG2,6
VPS33A,3
MRPS17,5
NMRAL1,2
ANXA5,2
DDX20,7
EPS15,3
SURF4,0
SSR4,0
INCA1,4
NDUFS6,5
GOLGB1,0
ANKHD1,7
PEX14,3
STAU2,7
HIST2H2AB,7
TXNL1,2
KRTAP10-9,4
SLC39A12,0
TP53BP2,3
RYBP,6
TRIM29,1
UQCRC1,5
SLC12A2,0
CCHCR1,4
PAFAH1B1,2
MAT2A,2
SLC27A6,0
RBBP6,7
VPRBP,6
NANOG,6
TBP,6
KPNA4,6
PRKAB2,4
RPRD1B,6
COX2,5
AQP3,0
IGSF8,7
PSMB4,2
RNH1,2
DNAJC8,7
PRKAA2,4
PPP2R2B,1
NDC1,0
LARP4,7
TXNDC5,2
AP1M1,4
PBXIP1,0
ZCCHC10,6
RFC4,7
PSMA2,2
GPS1,2
MYCBP2,3
CTSB,2
SLC25A4,0
ECSIT,5
ARF5,0
CTR9,6
BMS1,7
ZNF326,7
HMGN2,6
CCNT1,7
SYMPK,7
DUSP16,3
SNX6,0
CCDC88A,3
ACO2,2
EDC4,7
GOLT1B,0
PTDSS1,1
ATP1A3,0
SUV39H1,6
CEP76,4
FIP1L1,7
POT1,2
MRPL44,5
YARS2,5
MRPL42,5
EFNA4,0
RQCD1,3
MACF1,3
RPS27L,7
NGRN,5
MRPS28,5
TMEM70,5
FLNC,2
MCRS1,6
USP39,7
RPF2,7
POLR2H,6
ARHGEF2,3
GATAD2A,6
FAU,7
HK1,0
GAR1,7
MTNR1A,9
NAP1L4,7
NEDD1,3
FOXK2,6
DCAF13,7
HIST1H1T,7
POTEF,0
THOC2,7
FFAR1,0
RANBP1,2
CALML3,1
RINT1,0
ERCC6,6
NCAPD2,2
DDX28,5
FOXC1,6
MTCH1,0
ZC3H3,7
SPPL2B,0
NBPF19,4
ABL1,3
ARHGAP1,0
TRIM41,4
PON2,0
SEPT7,2
RAB1B,0
BCL6,6
TENC1,4
ARMC8,5
PSMB2,2
EPHA1,0
HIST1H2AM,7
ANKLE2,0
MRPL50,5
WDR1,2
NSA2,7
PLCG1,2
SIAH1,4
SLC1A1,0
SAMM50,0
PIK3R2,0
SUN2,0
PDXDC1,0
ATP2A3,0
TNPO2,0
DPYSL2,2
CTSL,0
LNPEP,0
KIDINS220,0
BICD1,3
LIN28B,7
RPAP3,2
FOLR1,7
SLC22A4,0
EXOSC10,7
PI4KA,0
DNAJC3,0
GPI,2
NOC3L,7
PBRM1,6
MRPL2,5
MAPK8,2
CLPB,5
GFAP,4
ADCK3,5
MAX,6
TK1,4
SNX1,0
TIMMDC1,0
ANKRD17,7
C14orf166,7
LTN1,0
RIF1,6
AKAP9,3
DCD,2
OAT,2
CRKL,3
MED23,6
IKBKB,2
HIST2H3A,6
ARID1A,6
NUCKS1,6
POLDIP2,5
GLS,5
FGFR2,0
ANKRD55,2
ZNF668,7
Ksr1,2
XPR1,0
C12orf65,5
SLC7A11,0
BCR,3
PPP1R9B,3
SAFB2,7
CLUAP1,3
TMEM33,0
GSN,2
SLC16A1,0
SNX2,0
MAST1,5
TRIP12,6
SMU1,7
USP26,7
EIF5B,7
MDN1,0
LCOR,6
MRPL13,5
TGM1,1
TMCO1,0
SLC44A1,0
OASL,7
SEC23IP,0
HOOK3,3
ACBD5,0
UBE2L3,2
ENKD1,4
CAMK2A,4
CHEK2,6
CREB1,6
ABCF1,7
DDX42,7
TUBB2B,2
SUPT6H,6
ATP5J,5
GRPEL1,5
MBOAT7,0
CLCC1,0
LIG3,6
USP5,2
CLK3,7
MAPRE3,3
PTPN6,7
PIGT,1
SYK,7
UTRN,3
KLF3,6
SEC24B,0
BANF1,6
HIST1H2BL,6
GTSE1,3
TRMT10C,5
HIST1H3E,6
TOR1AIP2,0
MRPS11,5
ARRDC3,7
rev,7
KLHL20,6
VTI1B,0
PLRG1,7
UBE2A,2
AP2A2,3
MRPL37,5
WIZ,6
MYH14,2
VANGL2,0
NASP,2
MORF4L1,6
PPM1B,2
DEK,7
BAZ1B,6
STT3A,0
ANKFY1,3
YTHDC2,7
TEFM,5
SUGP2,7
PARL,5
PPFIA1,3
NPLOC4,0
ZC3H11A,7
EEF1B2,2
MYO1D,2
GTF2F1,6
KRT10,2
CCDC90B,5
ARL8B,0
NDUFV2,5
NUP210,0
PSMB7,2
H2AFY2,7
TDRD3,7
PYCR1,5
SMCHD1,6
RBM19,7
ARPC2,2
DHCR7,0
SON,7
GTF3C3,6
EIF5,7
ALDH18A1,2
MGARP,0
ZC3H7A,7
SFTPC,0
KCTD9,4
FAM174A,0
SCGB2A2,0
PURG,7
SLC33A1,0
Rrbp1,7
SLC35F4,7
SETDB1,6
TRAF3,2
CLK1,7
MEX3B,3
TPM2,2
NOL6,7
USP54,4
NAAA,0
CUX1,6
CD2AP,2
ARL6IP5,0
DNAJC30,5
PDCD6,2
ARPC3,2
NUP214,6
POLRMT,5
NDUFA7,5
ERG,6
MRPL23,5
RNF20,6
PIBF1,3
ADNP,6
DNAJC2,7
TMEM237,0
TLE1,6
SORT1,0
RBM17,7
PFKL,2
SP100,6
RACGAP1,3
TARS,2
EXOC4,3
ATR,6
SARAF,1
YME1L1,5
MRPS10,5
OPA1,0
KRTAP1-1,4
GOLGA6L9,4
RBMS1,7
TXNIP,2
EMC8,0
CDK8,6
MYO5A,2
UBE3C,2
TGM2,2
ST13,2
PSIP1,6
PC,2
MYO1E,2
PYCR2,5
MCU,5
MRPL24,5
CMTR1,7
ZFP36L2,2
ATP13A1,0
NCK1,3
ADAMTSL4,4
USO1,0
RCC1,6
MCC,3
UBXN1,2
CHUK,2
USP20,4
CCAR1,7
LY86,0
WDR82,7
RBM45,7
MARCH5,0
LUZP1,3
ERLIN1,0
ABCF2,7
UTP20,7
LPAR1,0
COQ9,5
CASK,0
RING1,6
CBX4,6
SCAMP1,0
ABI1,3
L3MBTL2,6
KBTBD7,3
ARL1,0
SERPINB3,1
PSMB3,2
MYL12A,2
BLM,6
GSTP1,2
OIP5,4
MRPL39,5
MRPL45,5
NDUFA12,5
RBM47,7
CORO1B,2
IDH2,2
ARID1B,6
NLE1,7
PRPS1,2
NAPA,0
SEC13,2
SLC25A10,5
CLPX,5
FIS1,0
WDR36,7
NSRP1,7
SCN3B,0
DLG1,0
VBP1,2
TANK,3
NFKBIA,2
EPPK1,1
NCAPG,2
RPL7L1,7
SLC25A22,7
MKRN3,4
MKRN1,7
MRPL47,5
TMEM106A,0
NME1,2
PDLIM5,2
RFC5,6
TCERG1,7
MRPS14,5
CA9,0
ILVBL,0
TPX2,7
MRPL15,5
MRPL9,5
FAM90A1,4
SLC12A9,0
SLC6A8,0
FEN1,2
INPPL1,2
SEPT2,2
EIF4E,7
RAB10,0
SRSF11,7
IK,7
CDK5,2
STMN1,2
PABPN1,7
CAP1,2
IPO8,0
CYFIP1,3
SDHB,5
PRMT3,2
UHRF1,6
DCAF6,2
HSD17B4,2
G6PD,2
ZNF574,7
RABL3,0
TMEM57,0
PCGF1,6
CDK6,6
CAMK2D,3
AP3B1,3
VAC14,4
TRIP4,7
RYK,0
TBL2,0
NNT,5
TMEM59,0
UBAC2,0
NDUFA2,5
REEP4,0
SNAP23,0
ZMYND8,6
EXOSC8,7
YIPF3,0
CALM2,3
QKI,7
TROVE2,2
DBT,5
CCDC137,7
AGPS,5
TRMT1L,7
MRPS30,5
CNP,0
SLC6A15,0
COMTD1,0
RMND1,5
SLC35C2,0
ASS1,2
DSG1,2
PTPN2,0
PGAM1,2
NIPBL,6
SF3B6,7
GDI2,2
FGFR1OP,3
TRIM26,7
LTV1,7
OPALIN,0
PTBP3,7
MAGEA9,3
Srp72,7
APLNR,0
BECN1,2
PEX19,0
SPG21,4
RAB8A,0
EDEM1,0
GTF3C4,6
SCARB2,0
SOCS5,2
KIAA1671,3
TIAM1,3
PDGFRB,0
CTPS1,2
NUP133,6
PTMA,2
RPS6KA1,2
UBXN4,0
ENG,5
TUBGCP2,3
P3H1,0
MRPL53,5
ATG13,7
POF1B,1
MRPL1,5
PREB,0
LACTB,5
SLC30A1,0
FGD5,2
CHAF1A,6
TRIM32,3
DNAJB9,0
EIF3M,7
NPEPPS,2
FGB,1
PAF1,6
DNAJC19,5
KRT16,4
ALDH1B1,2
MRPL18,5
SPICE1,3
SAMHD1,2
ATL3,0
nsp11,2
AKAP8,6
RIPK1,2
NELFE,6
TADA2A,6
SEC23B,0
SGTB,0
BAIAP2,0
VPS33B,3
CLK2,7
PAK2,2
NR4A1,6
DAPK1,2
GAPVD1,2
CNTRL,3
BKRF1,2
MRPL41,5
CLTB,3
PIP4K2A,7
SLC12A4,0
KIAA1524,0
LRRC31,2
CAPN1,2
YAF2,6
BPTF,6
GLRX3,4
HDGFRP2,6
POLR1A,6
RER1,0
SPAG5,3
IDE,5
CCT6B,2
ZNF512B,6
SLC35F2,0
TMEM192,0
KRTAP5-9,4
SLC38A1,0
SLC30A8,0
TMEM87A,0
PIK3R3,4
PDE4DIP,4
NCKAP1,3
ABLIM1,3
ERC1,3
S100A8,1
BOP1,7
SDCCAG3,3
NME2,2
PSEN1,0
MED17,6
PELP1,7
NCLN,0
PHIP,6
ST14,0
STK26,2
UBE2J1,0
HCST,0
VMP1,0
DDX47,7
AQR,7
DIMT1,7
CPT1A,0
IKBIP,0
ARMC5,2
NDUFS4,5
TRIM66,3
FEV,6
APBB1,0
ZC3H10,7
CEP44,3
SCNM1,4
WTAP,2
PRPH,3
ZRANB2,7
PPAN,7
ARHGAP21,3
TRAF4,4
RPS6KA3,2
CDK5RAP2,3
SAAL1,0
PPA1,2
RPUSD3,5
SCCPDH,5
TEX264,0
THOC1,7
CHEK1,6
LMO7,2
CTDP1,6
NCSTN,0
PRKCB,2
GRIPAP1,3
SUCLA2,5
SNX3,0
ETFB,5
PEX5,3
CLNS1A,7
BSCL2,0
HOOK2,4
DSTN,2
C7orf50,7
CALML5,1
LSR,0
MED1,6
VAMP2,0
ARID4B,6
JMJD6,7
TBC1D22B,1
DHCR24,0
GRAMD1A,0
TNFAIP3,2
BCL2L1,2
PKN2,0
RTN3,0
DPY30,6
ARHGDIA,2
ERP44,2
PFDN1,2
ANKRD11,4
PPP1R10,7
KRT14,2
CRBN,2
HIST1H2BJ,6
PATL1,3
PTPMT1,5
MTNR1B,9
LDLRAD1,0
CNPY3,0
SSUH2,1
ORF1ab,7
TGFBR2,0
VEZT,0
SEC24A,0
NUP160,6
RPS29,7
SEC31A,2
WARS,2
SYNE2,0
API5,7
HINT1,2
TEX2,0
DEPDC1B,0
HIST2H2BF,6
TMEM31,0
GPR152,0
APPBP2,4
EPHB2,0
PPFIBP1,0
LUC7L3,7
LRBA,0
LAS1L,7
PPP5C,2
KRT5,2
PIP,3
SYNPO,2
CEP192,3
SMARCAD1,6
NOP14,7
FBXO25,2
Myh9,2
WDR83,3
NDUFAF4,5
KRT27,4
KRT15,4
CNNM3,0
ZFC3H1,7
TBL3,7
PSMD10,2
SPTLC1,0
NFATC2,6
RAB11FIP5,0
PKN3,3
USP47,2
RBM15,7
PRDM16,6
TWF1,2
SLC30A6,0
CLEC2D,0
RAP1B,0
DIS3,2
CDCA3,0
CCDC33,4
XAB2,7
KPNA6,6
DPM1,2
CRY2,2
RFC3,7
AATK,3
SLK,2
CAMK2G,3
ASCC3,7
UTP23,7
SLC6A12,0
C16orf58,0
FOXL1,6
TNFRSF1A,2
E2F6,6
PLXNB2,0
DIDO1,7
BZW1,2
PLOD2,2
SERPINB4,1
APOBEC3C,7
PAK1,2
RFC2,6
EP400,6
ASNS,2
SMARCA1,6
MISP,2
CPD,0
FAM120C,7
MCCC1,5
SMAP2,3
BRICD5,0
EIF3K,7
SORBS3,4
SMPD4,0
NOMO1,0
CLTCL1,2
ANK3,3
NDUFV3,5
PRDX5,2
VIPR1,0
ATG7,3
ANXA7,2
ADSL,2
TEX10,7
HELLS,6
PDS5B,6
MRPL27,5
MRPL3,5
SRPK3,7
BMH1,2
LSG1,0
SLC39A9,0
ARL10,0
KDF1,7
EXOSC4,7
TCF3,6
PRKACB,3
PGD,2
PTPN13,0
PPL,1
TLK1,4
SMURF2,9
PLEKHF2,4
TSNAX,2
GAK,3
DHX37,7
KLC2,3
NBN,6
STK3,3
Actb,2
DICER1,7
HIVEP1,6
ATP2B4,0
BLK,2
PIK3C2A,3
ZNF644,6
ACOT9,5
MRPL46,5
VIPR2,0
MRPS18C,5
NCOA3,6
DMAP1,6
PACSIN2,0
ARPC4,2
SNRPG,7
COPS4,2
KLF12,6
ANAPC7,3
A2M,1
ATP2B2,0
SPECC1L,3
MRPL49,5
CDK12,7
MYO5C,2
VPS52,4
SCYL2,2
NOP16,7
STIL,3
MCUR1,5
GATA2,6
LGALS8,0
NOC4L,7
KIAA1279,2
MAP2K7,3
PSMD8,2
PPP6R1,3
KLF5,6
FERMT2,0
SNRPN,7
FLT3,7
CLIP1,3
HIST3H2BB,6
DDX10,7
WDR26,5
MRTO4,7
MRPL16,5
MRPS16,5
FAM20C,0
RPGRIP1L,3
SLC10A6,0
ZC3H14,7
COMT,0
NME4,5
PVRL2,0
CCNC,6
SYNGAP1,7
GTF3C2,6
AKAP12,0
HNF1B,6
NEFM,3
HAUS1,3
HARS2,5
ERMP1,0
SLC39A11,0
ACOT7,2
VAV1,2
APOA1,1
RABEP1,3
ZEB1,6
CNOT2,3
MED20,6
AP3D1,3
EPHA4,0
AIP,2
PNMA1,4
MST1R,7
OCRL,0
NF1,3
USP44,6
gag,7
RAVER1,3
DNAJB12,0
KRT75,4
SURF1,5
MFF,0
BMH2,2
PDPK1,2
XRCC1,6
TACC1,0
DAZAP2,4
GNAI1,0
SAP130,6
MOGS,0
PTPRK,0
FH,2
CRYAA,6
CENPJ,3
ZNF281,6
HEATR3,0
KRTAP6-2,4
CSTF2,7
AGTRAP,0
ZNF655,4
ULK1,2
CYCS,5
SREK1,7
BCKDHA,5
MSX2,2
LRPAP1,7
SMAD1,6
HIST1H2BA,6
HBB,1
SHARPIN,2
TM9SF3,0
AAAS,0
ALG13,7
ACAA2,5
DGCR2,0
MNDA,7
APPL1,0
SMARCD2,6
MVP,4
POLR2G,6
SMEK1,2
TIMM13,5
TF,1
MED12,6
NSFL1C,2
PFKM,2
ATN1,6
VTN,7
HMGN1,6
FARSA,2
KCTD10,2
INTS1,0
FMNL2,0
DHX16,7
VPS26A,2
ATP12A,0
TMED9,0
NEK1,3
FAM207A,7
GLMN,0
ELAC2,5
CDK11A,6
SBDS,7
KRT9,2
ZCCHC3,7
LRRC25,0
CWF19L2,4
HTRA4,2
KRTAP1-3,4
CLEC12B,0
TBR1,6
YEATS4,6
PLSCR1,4
HSPBP1,2
DBNL,2
PEX3,0
CDK11B,7
MPHOSPH10,7
KAT2A,6
ENY2,7
IKBKAP,2
MRPL10,5
UCHL3,2
KIF2C,3
EHMT1,6
NDUFA10,5
AK2,5
PHF8,6
MTA3,6
WAPAL,6
PCCB,5
RBM22,7
YEATS2,6
LSM4,7
SSR3,0
STX1A,0
S100A7,1
DCP1A,3
SEC24C,2
NIP7,7
BUB1B,3
DLG5,3
SENP2,0
GATA3,6
DZIP3,6
UBAP2,7
MSI2,7
NDUFA8,5
CDIPT,0
DDX55,7
SNAP47,0
CLCN7,0
RHBDF2,0
ERBB4,2
MINK1,3
LSM2,7
UFD1L,2
SLC9A3R2,2
CEP63,3
CASP8,2
RPS6KA2,0
CAT,2
SLC38A2,0
TAZ,0
GPC1,2
ARGLU1,7
CEP350,3
ZMPSTE24,0
AK4,5
KIAA0753,3
ATP13A3,0
SLC30A10,0
RALBP1,3
ZBTB16,4
SPTBN2,0
SLC9A3R1,2
CLIC1,2
RBM11,4
PLOD3,0
RCOR3,6
SLC9A1,0
MAPK9,4
FTH1,1
PDCD4,7
CDK5RAP3,0
PFDN6,2
TAB2,2
ADD1,2
HLA-DRA,0
CBY1,3
GTF3C5,6
CCDC109B,5
KLK10,1
TNKS1BP1,3
TRIM11,4
HIST1H2AE,6
STK38,2
ZGPAT,4
H2AFV,6
MRPL22,5
ANPEP,0
CRNKL1,7
COLGALT1,2
FNDC3B,4
TMEM209,0
SACM1L,0
VSIG4,0
GFM2,5
NIPA1,0
XPC,6
LHX2,6
PRKD1,2
HM13,0
ZNF417,4
GOLGA1,3
PMAIP1,0
ATP5L,5
GRB7,7
XRCC3,0
PTPN14,3
MRPS6,5
RAB11B,0
SEL1L,0
TTK,3
MRPL40,5
INSIG2,2
RBM3,7
WDHD1,6
ACAD11,6
MRPL21,5
NSDHL,0
SLC26A11,7
NIF3L1,4
DNAAF5,0
CPSF2,7
NDUFA13,5
PCGF6,6
UBE2E1,4
INO80B,7
TRIP11,0
DUSP14,1
SDF4,0
PWP1,7
DDX52,7
DROSHA,7
CC2D1A,3
WDR46,7
TMEM214,0
NRSN1,0
P2RY8,0
H1FNT,5
USP40,2
PSMD9,2
FAM96A,3
CCNA2,6
EIF4A2,7
EIF2B5,0
DHX38,7
TNFRSF10B,0
ROCK1,0
ATP1B1,0
AGO1,7
DSC2,0
MRPL20,5
IGHG1,1
LHX3,6
NISCH,0
TPD52L2,2
ZMYM4,6
SCLT1,3
CEP97,3
TBC1D15,0
F2RL1,0
CCP110,3
SFXN3,0
CIRH1A,7
CEP85,3
TIAL1,7
PATZ1,4
RAP1A,0
KXD1,3
TUBGCP4,3
ZFP36,3
PFAS,2
MORF4L2,6
ERCC3,6
ITGAV,0
MAP7D1,3
GRK5,7
NMT1,7
GMPS,2
CEP290,3
OXA1L,5
RNF213,0
MRPL19,5
HNRNPLL,4
NCAPH2,3
PHF6,7
ATP6V0A2,0
RPRD1A,6
SUN1,0
KRT38,3
ALMS1,3
CBWD1,0
FANCA,6
IPO11,0
CIRBP,7
PAK4,0
SIPA1L1,3
LRP1,0
PPP2R1B,3
SPCS2,0
MALSU1,5
FAHD1,5
CEP152,3
CAMSAP2,3
RMND5A,5
EMC7,0
MON2,0
ZNF467,7
PIAS2,6
PKP4,0
CYFIP2,3
COPG2,0
HSPB8,3
DCAF8,2
UBA2,2
ZUFSP,2
NME7,3
MAGOHB,4
NAA10,2
OTULIN,2
S100B,6
MTHFD1L,5
NUP188,6
RNMTL1,5
PRKCD,2
YLPM1,7
C8orf33,7
TMOD1,2
TCF20,6
WDR3,7
SNRNP27,7
ELAVL2,7
SATB2,6
PHAX,7
TMEM30A,0
AARS,2
CCDC57,4
ENTHD2,4
KIAA0355,3
C17orf59,3
GYPA,0
PIAS4,6
POLR2L,6
FBXW5,4
CEP162,3
ANAPC1,3
STX18,0
RAMP3,0
GTF2E2,6
COG6,4
GMCL1,4
GFPT1,2
ACSL4,0
NUBP2,2
SKI,6
GABARAPL2,3
TTC1,2
CCDC120,4
HERPUD1,0
EDC3,3
APOD,0
GAPDHS,4
PRPF38A,7
CUL9,7
CASP14,1
OTUD1,2
USP48,6
PPIL4,7
ANP32B,2
USP34,3
MRPL48,5
HAUS6,3
CYP51A1,0
NOL10,7
SCO1,5
EXOSC5,7
PHF1,6
ATIC,2
CORO1A,2
COX5B,5
GET4,2
POU2F1,6
CRELD1,0
ITGA6,0
CNTROB,3
NAA15,2
DNAJC13,0
ZC3H13,7
ZBTB21,3
TMEM41B,0
CD97,0
ADCY9,0
MFSD8,0
APOB,0
STAM,0
WBP11,7
FBF1,3
MBIP,6
BRAF,2
YARS,2
CHAF1B,6
CRYAB,1
KIF1B,3
EXOSC2,7
SETD1A,6
WDR61,2
CCL3,0
SEMA4C,0
CTSD,2
FARSB,2
SETX,6
SLTM,7
MTX2,0
CLPTM1,0
SLC30A9,5
CD70,0
VAMP5,0
FGF11,7
SOCS1,2
EPB41L1,0
E2F1,6
EIF2AK3,0
KCTD3,3
CCDC101,6
SH2D3C,2
EMC9,7
LSM12,7
APOE,5
PVR,0
LRRFIP1,2
TLX1,6
UQCRQ,5
POLR3A,6
POLR1B,6
TRIM13,0
CCDC136,4
HNRNPCL1,7
TMEM131,0
CRYZ,5
C8orf82,5
RBMXL1,7
NFE2L2,6
LENG8,7
DYRK2,7
CARD9,4
AP2S1,3
NEK7,2
TBL1XR1,6
ATPIF1,5
USP22,6
LHX4,6
RHOBTB2,2
PPP1R13B,3
TOMM70A,2
RASAL2,3
SPECC1,2
KIAA2013,0
AHNAK2,0
C15orf59,3
SLC4A2,0
MRPS33,5
PPP2R5D,2
RARA,6
CCDC85B,4
GABARAPL1,3
TSC2,0
PHF5A,7
AP3M1,0
STX3,0
DYNC1LI2,2
CAPN2,2
PIGS,0
CREB5,4
PIGH,0
PPP2R2D,4
KMT2D,6
CPS1,5
ABCC1,0
ERLEC1,0
SCYL1,2
DSCAM,3
FAM9B,4
C1orf54,0
TAF9,6
EIF4G2,7
SDAD1,7
MYOD1,6
RAB3GAP1,0
DIAPH1,2
EPAS1,6
NDUFA6,5
NCAPD3,0
BRPF3,6
NUPL2,7
RPAP2,6
PTPN23,3
THEM6,0
JAGN1,0
ARFGEF1,0
ZNF24,4
SNAPIN,3
KRTAP4-12,4
STK24,2
DTNBP1,3
SARNP,7
DDX41,7
AXIN1,4
IVNS1ABP,2
EHD1,0
NKX2-1,6
USP21,3
SRGAP2,3
MCCC2,5
DNAJC15,5
ESF1,7
KCMF1,3
ASXL3,2
UPF2,7
AP1G1,3
GAB1,0
SNX9,3
RNF11,2
FDFT1,0
MRPL43,5
EGR2,6
COPS7A,2
CCDC86,7
MDH1,2
IQGAP3,3
PNPT1,5
TMEM63B,0
SLC18A1,0
HIRA,6
PACSIN3,3
KRT6A,4
AMOTL2,4
SH3GL1,2
TFPT,3
MTPN,2
ANKS1A,4
CGN,3
MUC1,0
TP73,6
VASN,4
NOS2,2
IGBP1,2
PHLDB2,3
UBA6,2
ARID2,6
AHCTF1,6
EEF1A1P5,2
ODF2,3
SOX5,6
FYTTD1,7
NDUFB10,5
CCDC96,3
WEE2-AS1,2
FLT1,7
RXRA,6
ANAPC5,3
PHC2,6
POM121,0
HIST2H3C,6
ZW10,0
GLE1,7
NVL,7
TAF4,6
HIST2H2AA3,6
MAP3K14,7
SPINT2,0
HIP1R,0
VCPIP1,3
SRP54,7
PURB,7
ZC3H4,7
SCD,0
C11orf57,7
ATP5D,5
NLRP7,7
NARS,2
EXOC8,4
NRIP1,6
NAGK,4
MOB4,3
CNOT3,3
ZBTB24,4
GSE1,6
RNF219,3
CBR1,2
RRP15,7
TEAD1,6
SAP30,6
FAM161A,4
KDM6A,6
TNIK,3
TMED2,0
ATP6V1H,0
ZCCHC8,7
PYGB,2
MRPL17,5
PJA2,5
RNF185,0
CDC42BPA,0
TARS2,5
NDUFS5,5
STYK1,0
KRTAP6-3,4
HULC,3
PRKAR1B,4
GIT1,3
FBLN5,6
CRY1,2
DDIT4L,4
STAM2,0
MCMBP,2
RABGEF1,3
OLA1,2
USP8,0
HRNR,2
RPL37,5
LAMTOR5,0
NGB,2
STEAP3,0
KLF4,6
UTP3,7
KLRC1,0
LCN2,1
PAIP1,7
USP19,2
TGM3,1
WDTC1,2
NAV1,3
ANKRD13A,0
HNRNPA1L2,7
WIBG,7
RPRD2,6
RSBN1,7
CEP57,4
SYAP1,0
MRPL52,5
DHRS7,0
KRTAP10-5,4
PIK3CA,1
TP63,6
TLK2,6
WDR33,7
RAB3GAP2,0
FABP5,2
GJA8,0
SBF1,3
EIF2A,7
DARS2,5
DAZAP1,2
SASS6,3
KDM2B,6
RBM26,7
env,0
SLC27A1,0
PTK7,0
FAM83B,0
GHITM,0
MAK16,7
RBM27,7
MALAT1,7
SPCS1,0
SNTB2,3
MYBL2,6
PRKAG1,4
TACC3,3
NEK6,4
NDUFAF1,5
BCCIP,2
NDEL1,3
RAB6A,0
SELENBP1,1
TCEA2,4
ROCK2,0
STRN4,3
ATP6V0C,0
ATP6AP1,0
ITSN2,3
CDC25C,3
TYRO3,0
NFYC,6
VPS45,0
WDR48,6
CDK13,7
HIST1H2BO,6
AGK,0
MTMR4,3
OXSR1,2
RRP1,7
C18orf21,1
FAM91A1,0
TMEM199,0
MBD2,6
TRIB3,4
CEP19,3
SLU7,7
STRN3,3
HCK,4
NUP85,6
DET1,2
PIP5K1A,0
RAB18,0
MTG1,5
FBXW8,2
PPME1,2
EPHA8,0
NFATC1,6
YIPF5,0
GOLPH3,0
PEAK1,0
SLC12A7,0
OMA1,5
CCT8L2,3
BLMH,2
USP33,0
LMO4,4
EXOSC7,7
RNF5,0
CBS,2
RNF126,2
LTF,1
TELO2,0
SAV1,3
RNF41,3
TOE1,7
NUP88,3
CDC14B,7
DNAJB4,2
CHD7,6
WDR18,7
SERPINB5,1
PCCA,5
C17orf85,7
MRPL30,5
TMEM201,0
RALA,0
GRB10,3
STK16,4
OTX1,4
KAT7,6
SPRY2,4
CCDC155,0
CAMK2B,3
ARMC6,0
MAP3K1,2
SEH1L,6
GOLM1,0
PPIF,5
CHRNA4,0
IL17RA,0
TFAP4,6
PITRM1,5
FAM83H,3
URB1,7
EBNA-LP,7
NOL9,7
C1orf109,4
SEPT10,3
ZBTB10,6
CCDC22,3
ADD3,0
NDUFAB1,5
BTNL2,0
MAD1L1,4
NDUFB9,5
PPP3CA,3
CLASP2,3
GSTM3,2
EML4,2
POLR2J,6
AGO3,7
GOSR1,0
DDB2,2
AHCYL2,6
FAM129B,0
LLGL1,0
MRPS15,5
CPSF3,7
CDKN2AIP,7
MTPAP,5
CHAMP1,6
EXOC1,3
HAUS5,3
MESDC2,0
PLD6,0
AGPAT6,0
CPEB4,7
HS2ST1,0
SLC7A2,0
BTNL9,0
RAB5B,0
IRF3,2
PBK,2
LIG4,2
SH3BGRL,2
SIRT2,2
SLMAP,3
HERC1,3
HTATSF1,7
PKMYT1,0
DES,4
LMO1,4
NEFL,4
LDLR,0
CD6,6
Cbx1,6
VAT1,2
SKA3,3
FARP1,0
PLEKHG4,4
NUDT19,5
EHHADH,4
SLC25A51,5
HMGN5,6
KRTAP10-1,4
SPEN,6
RNF7,2
SOX6,6
HIST1H2BN,6
MALL,0
ZWINT,3
CNOT10,3
MED21,6
POLR2K,6
EXOC3,0
PPHLN1,7
HDAC11,7
PLIN3,2
DGCR14,7
ELF2,6
ACADM,5
TMEM109,0
GPM6A,0
PALMD,5
CCDC102B,4
RPSAP58,7
TCTN1,0
SLC19A1,0
SLC35F1,0
FNDC5,1
SLC4A1,0
P4HA2,3
PFN2,2
NUDCD3,2
RBM7,7
SDC2,0
ATXN10,2
PKP3,1
C5AR1,0
LTK,0
ZBTB38,6
HLTF,6
KIF7,3
ASPM,3
WDR11,0
TOX4,7
PRMT6,6
MAEA,5
ANTXR1,0
ZNF609,6
RAB21,0
CLUH,2
ARF3,0
DNTTIP2,7
KRT6B,4
LLPH,7
CTNNBL1,7
ETF1,2
PTPRS,0
POLR2D,6
ZMYM3,6
NOL12,7
SSFA2,3
LAMTOR3,0
UBASH3B,2
AZGP1,1
UBE2S,2
TRIM56,7
ATXN1L,6
ZFP91,7
CASC3,7
PIP4K2C,6
HIST1H2AJ,6
APOBEC3D,7
HOMEZ,4
MAGEA8,0
KLK15,0
ZNF48,7
LOC102724334,6
ACTN2,4
CSK,2
HABP4,7
TTF2,3
CEP72,3
LMO3,4
CCND2,2
KRTAP9-2,4
GLG1,0
MAPK7,2
SCAF4,6
ARMCX3,0
SCAMP2,0
PDCL,0
GOSR2,0
ABCB7,5
ITPR2,0
UPK1A,0
FHL1,2
KAL1,7
MARCKSL1,0
DCTN4,2
UTP18,7
NTPCR,0
TXNDC12,5
ACADVL,5
FPR1,0
TRIM42,4
SLC10A1,0
Coro1c,2
POU6F2,4
nsp5ab,2
ANP32A,2
BRD8,6
GATA1,6
BTAF1,0
VAMP4,0
URI1,6
PER2,2
VTA1,2
GPS2,6
GEM,4
PNKD,0
TAP1,0
STRN,3
UBE2K,4
TYK2,3
TBX5,6
NES,3
SIGMAR1,0
FKBP7,0
SMCR8,0
MFN2,2
NFS1,5
VPS51,0
EPHB4,0
SUGP1,7
QRICH1,4
DSCR9,3
LARS2,5
PPAN-P2RY11,7
RAP1GDS1,0
NCBP2,7
CCNDBP1,4
PARN,7
PUM2,7
UNC119,3
CD40,0
VRK3,7
OSGEP,2
KMT2C,6
GDI1,2
PPM1A,2
ANAPC4,3
FBXO38,6
SREBF2,0
CD74,0
ITGB5,0
CDCA5,6
RBM5,7
STIM2,0
EIF2B4,0
EPS15L1,3
MYL12B,2
INTS3,6
MYEF2,7
SUPV3L1,5
UACA,3
EFHD2,2
CLEC2B,0
SLC25A24,5
PPA2,5
SLC7A14,0
MGST1,0
DENND4C,3
NEUROG3,7
Hsp22,5
ARFIP1,0
ITPR1,0
NUFIP1,0
DLG4,0
TRPM7,0
MAGEA11,4
ZNF408,4
IFT20,3
GLUL,2
EPHA5,0
EIF4G3,7
ARHGAP32,3
SNX5,0
VAMP7,0
CNOT7,3
PWP2,7
COPS7B,2
C3,1
GTF2F2,6
PTPRA,0
KIF13B,3
MYO10,2
PCBP3,7
SENP1,6
TRPS1,6
POTEE,0
COX14,5
LARP1B,7
ARFGAP2,0
VKORC1,0
PSCA,0
CEP89,3
SLC7A3,0
FLVCR1,0
KRTAP12-3,4
Prkcdbp,2
LRP2,0
CCNE1,6
ARL6IP1,0
SPERT,4
TCEANC,4
SAE1,2
STX11,4
RABAC1,0
ZNF263,6
ZBTB48,7
RFXANK,3
SYNJ2BP,0
RPL36A,7
NCOA6,6
MED14,6
POLR2F,6
CSTA,2
STXBP1,2
TBCD,2
C14orf1,0
ZZEF1,5
FECH,5
BNIP1,0
SLC22A11,0
ARG1,1
TRMT2A,0
LRRC15,1
MYH11,2
CSNK1G3,0
CLPTM1L,0
BAIAP2L1,0
WIF1,2
EXOSC9,7
ERP29,0
TXN2,4
PPP1R18,4
ZNF460,6
RDH11,0
LMAN2,0
ZBTB47,7
SLC12A6,0
Calml3,2
OR2A4,1
CAMLG,0
EPB41,0
TALDO1,2
COPZ1,2
RABL6,3
CDC42EP1,0
GTPBP10,5
HOMER3,4
CCDC14,3
MLF2,2
BCKDK,5
EIF2B1,0
NOM1,7
CSTF3,7
TUBB1,0
FKBP3,7
Myh10,2
PNO1,7
DAZL,7
NR2F2,0
LRRFIP2,2
ZG16B,1
SLC39A6,0
C18orf8,2
WDR12,7
LPCAT1,0
EMC3,0
MICALL2,7
LYPD3,0
ALAS1,5
TET2,6
APOO,5
EEF1E1,7
SPATS2L,7
SOST,9
FAM168A,4
PHF11,1
D2HGDH,3
SIDT2,0
SLURP1,0
NCOA1,6
SLC29A1,0
BCL2L13,0
TUBA3C,2
TNFRSF1B,3
C11orf30,6
ARHGEF1,3
EIF3J,7
GCC2,3
HMGA2,6
CLIC4,2
ALDH2,5
ENO2,2
SERPINA1,1
ERO1L,2
PKP1,1
RNF115,1
LAMB1,0
ZZZ3,6
PAPD5,7
ACACB,6
ANO6,0
TTC9C,2
IMPDH1,5
PABPC5,7
PCDHB3,0
NIPAL1,0
DAB2,2
PTPN12,2
TADA3,6
NKAP,7
SHFM1,2
GNL3L,7
RASA1,2
HDAC7,3
EXOC5,0
KIRREL,0
SUDS3,6
SIN3B,6
ARFGEF2,0
HAUS2,3
UPK2,0
ZBTB7A,6
CYB5A,0
DERL2,0
FARS2,4
DCAF11,2
WSB1,2
LRP6,0
MRPS18A,5
PUS1,5
RRP9,7
YIF1A,0
CNDP2,2
PDE3B,0
MAP7D3,3
CKAP2,3
TMEM67,0
MAB21L2,7
ANKRD26,3
SPCS3,0
LHFPL5,0
SLC35B4,0
SLC16A10,0
LINC01554,2
ECD,3
SETD2,6
JAK2,2
USP53,7
KHDRBS2,7
DPPA4,1
PLK4,3
PKN1,4
BID,2
SH3BP4,3
PASK,3
BZW2,0
EHD4,0
PIGR,1
NAMPT,2
TBL1X,6
ARFGAP1,0
WASF2,3
DAG1,0
CTSS,0
SORL1,0
AP3S1,0
TLX2,6
PTPRO,0
MFAP4,0
SF3B5,7
HMOX1,0
CXXC1,6
LGALS7,2
PPP1R9A,2
TRIM36,3
ZNF318,3
TNRC6C,3
USMG5,5
WDR41,0
KIAA0391,5
HIST2H3PS2,6
PRR11,7
SLC14A2,7
MAGI1,3
UPF3B,7
TCF12,6
VPS37C,4
GNA13,0
PHF10,6
FAM60A,6
PSME2,2
CHD1,7
KRTAP9-3,4
WNK1,3
PRKAR2B,3
TNFSF8,0
RNGTT,6
HEY1,7
SCAF11,7
MPZL1,0
RNF181,2
UBE2U,1
CALR3,0
RL2,2
ACPP,1
ITFG3,0
FASTKD3,5
SCAF1,7
PRKY,3
AREL1,0
DUSP22,0
TSGA10IP,4
HSD17B13,0
SLC4A1AP,2
EXOC7,0
POLR1D,6
CCDC53,3
FAM46C,2
S100A4,3
CLASP1,3
GIT2,3
CFH,1
LAMC1,0
GRK6,2
PARD6B,3
WRNIP1,6
BLZF1,4
NHP2,7
NAF1,7
INA,3
ZBTB1,7
ISY1,7
PPIL1,7
MYL6B,2
ATP5I,5
CAMSAP3,3
THOC5,7
CPEB1,7
MAU2,6
CST1,1
APOBEC3B,7
ISLR,0
SLC39A8,0
SLC6A11,0
PPP4C,2
SH3GL3,2
ZNF622,7
CFL2,2
EFEMP2,4
YIPF6,0
COX6C,5
MAP3K5,2
PLD2,2
ZBTB33,6
UBE2E3,4
ZNF148,6
IVL,1
CDR2,4
USP1,2
PPIH,7
KIAA1598,2
CEP164,3
HAUS8,3
Bmpr1a,0
DCTN3,3
TM9SF4,0
ANKRD46,0
RBM6,7
PLS1,2
NDUFAF2,5
TNFAIP2,0
ELOVL4,0
SLC35A3,0
RPF1,7
GPR89A,0
HAL,1
Myo1c,2
FOXQ1,6
PNKP,6
BAX,2
MCM10,6
EIF4H,7
TRMT1,2
RAB11FIP1,0
IBTK,7
PPIG,7
RSF1,6
EHBP1,0
UBR2,0
RRM1,2
CETN2,6
ARL4D,7
EIF2B2,0
SLC35E1,0
LRFN1,3
ATP6V1F,0
MME,0
NTRK2,0
OPRM1,0
EFNB2,0
ZKSCAN8,7
OSBP,0
TARBP2,7
STBD1,0
SOX15,6
NCOA5,7
CYB5R1,0
MRPL55,5
GBA,0
FAM21A,3
CCDC124,7
STX10,0
BOD1L1,6
IFT74,3
GALNT2,0
ORF57,7
FUT8,0
HSDL2,5
SLC15A4,0
C15orf48,5
SLC2A5,0
FPR2,0
POLE,3
ATP6V1E1,0
UQCRB,5
AQP1,4
SARS,2
CASP3,2
DHFR,3
MAGEA3,2
BAZ1A,6
ATP5J2,5
VPS29,2
ITGA5,0
NAB2,4
PAK1IP1,7
LEO1,6
ALDH7A1,2
RBM33,7
CENPV,7
MRPL14,5
PTCD1,5
CHCHD4,5
MLEC,0
MYOF,0
SCO2,5
FBXW10,0
ARL4C,0
NMNAT1,7
RETSAT,0
C19orf52,5
NOP9,7
SCGB1D1,1
H2AFB3,7
KDR,2
FDPS,2
BCL2,2
NEK2,2
CENPF,3
CDKN1B,2
HK2,2
NCKIPSD,3
BUB1,3
IGKC,1
TTC4,2
TRAF7,3
PLD1,0
GNB4,0
CRMP1,2
POLA2,6
C10orf2,5
TNFRSF10A,0
S1PR4,0
PALLD,3
GABRA1,2
CWC15,7
MGEA5,2
LRRC47,7
KLHL22,5
EXTL3,0
ZNF768,7
TTLL12,2
gag-pol,2
KIAA0430,3
WDR92,6
SLAIN2,3
UQCRH,5
TTC3,3
NFXL1,0
H2AFJ,6
TYW1,0
ZCCHC6,7
ECM1,4
SLC18A2,0
GNS,2
HMBOX1,4
SIPA1L2,3
CCDC138,3
DNAJC17,7
UBIAD1,0
GABARAP,3
GABPA,1
MCL1,2
NCOA2,6
ZNF250,4
TCHP,3
RTCA,7
CDK16,3
ZCRB1,7
HSPB2,2
AHR,6
HLA-DQA1,0
TRIOBP,3
ADAM9,0
TAF2,6
NRD1,5
HECTD3,5
ATPAF1,5
GPRASP2,4
HIST1H2AH,6
SUCLG1,5
LLGL2,6
GTPBP1,7
ZC3H15,7
TMEM2,0
PUS7,2
ARID5A,4
TMEM25,0
ETV3,6
YPEL3,4
RPLP0P6,7
B4GAT1,0
SRSF12,3
FAM189B,0
FOXB1,6
ZNF587,4
PAWR,2
LURAP1,3
DUT,2
CDK18,4
SMAD9,6
PSMD5,2
MTR,3
IGHA1,1
TBC1D4,3
VPS18,3
SIPA1L3,3
CDH2,0
SCAP,0
DSC1,2
ANXA6,2
PSAP,2
TXNDC9,2
TLE2,2
ALPP,4
SEC22A,0
KIF3A,3
MID1,2
CARD10,4
ATF6,0
ALDOC,2
KDM5C,6
PYGL,2
UBE4B,2
MRPL51,5
TRIM52,3
R3HDM2,7
NDUFB5,5
BRI3BP,0
ECEL1,0
IGLL5,1
ASIC4,0
ZNF629,7
LRP10,0
GPR35,0
VPS13C,0
GPIHBP1,0
ARHGEF7,3
BIRC5,6
NUP54,3
USE1,0
HPRT1,2
POLR2M,6
LYZ,1
HIST4H4,6
IDH1,2
SYT2,0
DTL,2
CMSS1,7
DCAF10,2
ANAPC15,7
MMAB,5
COA7,5
CHORDC1,2
IGHG2,1
A2ML1,1
SLC30A2,0
RSPH1,4
IL13RA2,0
TTC19,4
DTNA,0
DVL1,3
KIF22,6
NSD1,6
NRBP1,2
MAPKAP1,3
FBLN1,0
TINF2,2
MED31,6
GLI1,6
TCEA1,6
PTPRD,0
SCARB1,0
TMX3,0
NEURL4,3
GATAD1,6
ACTR1B,2
CCDC85C,3
ATP2C1,0
PNPLA6,0
TOMM5,5
ACOT1,5
HSP90AB4P,2
Lima1,2
GGT7,0
KRTAP4-2,4
EXOSC6,7
SATB1,6
AFF4,6
WRAP73,3
KLC4,3
EIF2B3,0
GID8,5
PLAUR,0
PRKCE,2
MYB,6
POLR2I,6
PLXNA1,0
S100A10,2
CAPNS1,2
LPP,2
CPNE3,2
WFS1,0
NDUFB8,5
SP110,6
IL7R,7
HLA-DRB1,0
VPS16,3
BRMS1L,6
FBXO11,2
THOC3,7
UHRF2,6
L3MBTL3,6
NBAS,0
WDR43,7
TMEM9B,0
BOLA2,4
LEMD2,0
RIOK2,7
TACSTD2,0
FAM3C,0
TPTE,0
CDC45,6
PEG10,7
ARPC5,2
MAPRE2,3
CBX2,6
COL8A1,4
FAM115A,4
CASC5,3
GLB1,4
APLP2,0
ARID3A,6
MBP,2
SH3GLB1,2
TMEM132A,0
USP32,0
PFDN4,2
ANP32E,6
LIMD1,3
RABGAP1L,3
INTS12,6
NDUFAF3,5
EDEM3,0
H3F3C,6
KDSR,0
THADA,0
EPB41L4A,0
DCLK1,3
OXCT1,5
SYCE1,3
SLC20A2,0
C12orf74,3
DDR2,0
SYP,0
MAPKAPK2,7
KCTD17,4
IGHM,1
BRCC3,6
HSPA13,0
GGA1,3
BCL7A,6
GTF2B,6
NLRP3,2
SYNE1,3
SLC9A2,3
MCTS1,2
MLLT1,6
NDE1,3
RABGAP1,3
CRTAP,7
IWS1,6
MAST3,3
FOXM1,6
SERPINB12,2
THAP11,3
C9orf114,7
BRK1,3
GOLIM4,0
FLG2,2
KSR1,3
ANKH,0
EPHX1,0
ATP11C,0
KRTAP12-2,4
GLI4,7
CDC7,6
RBBP8,6
PAX9,6
HTR2C,0
ANXA11,2
SH2D4A,4
PITX1,4
MKLN1,5
TIPRL,2
IQGAP2,3
PPP6R2,3
MED24,6
NOL8,7
INSIG1,2
SRCAP,6
ABCF3,3
PAM16,5
TEAD2,6
EAF1,4
SUCLG2,5
TMBIM6,0
CDC40,7
UBE2V1,2
BEND3,6
ZC3HC1,1
ADSS,2
KMT2B,6
NCKAP5L,3
GSG2,2
KIAA1522,3
HBS1L,7
NOB1,7
ZDHHC5,0
OVOL2,6
ZDHHC12,0
SLC34A2,0
SLC9A3,0
DSC3,0
TNK2,4
GYS1,4
SPG7,0
TFDP1,6
NUF2,3
MTX1,0
CTSA,0
GOT2,2
CDSN,1
BMP4,7
COMMD1,3
EPN1,0
NMD3,2
BCS1L,5
TSPYL1,6
KIF1C,3
RAB13,0
POLR3B,6
UBASH3A,4
SH3PXD2A,3
HADH,5
SOGA1,3
FAT1,0
TTC37,2
PAX7,6
SPSB4,0
POC1A,3
SAMD1,6
SEPT11,2
TPP2,2
PHF2,6
LMF2,0
HMGCS1,2
LCA5,3
CBLN4,0
TTC17,0
NGDN,7
CFC1,0
VPS13A,0
CENPB,6
JADE1,9
SLAMF1,0
GPN1,6
HOXB9,4
UBE2D4,4
REEP6,0
BIK,0
FAR1,0
HMGCR,0
HLA-G,0
AGFG1,3
UIMC1,6
NFRKB,6
ZNF131,6
LRWD1,6
AGPAT9,0
HCCS,5
VMA21,0
VKORC1L1,0
NOL11,7
PHF3,6
UTP15,7
HHV8GK18_gp81,6
ECE1,0
GNG8,1
RNF151,7
CMAS,7
PIGU,0
TMEM74,0
IDS,0
DNASE1L1,0
ORC4,0
DOCK8,2
CDC6,6
DMD,3
ENAH,2
THAP1,4
ASF1B,6
TSC22D4,4
EFEMP1,4
SAMD4B,3
ATG4B,7
ASCC2,7
IL5RA,0
NDFIP1,0
SRBD1,7
PDE12,5
KRT13,4
HSP90AB2P,2
TMEM173,0
RBM12,2
HIST1H4I,6
LANCL1,2
KIF21A,2
B3GAT3,0
HYPK,4
AKT2,2
UXT,6
GPKOW,4
DUSP6,0
UBA5,2
OSBPL3,3
MNAT1,6
CDCA8,6
TOMM34,2
SKIV2L,7
PJA1,4
UMPS,2
COPS8,2
AVPR2,0
CLN3,0
SOCS6,2
RSBN1L,7
LENG1,4
BBX,6
DDI2,2
TMEM165,0
ROR1,0
ADIPOR2,0
PRR12,6
UFSP2,0
ADCK4,5
KLHL6,2
PPM1H,3
TMEM120B,0
CD109,0
APOL2,0
TPST2,0
LYPD4,0
SLC4A5,0
HBP1,7
CLSTN1,0
LDOC1,4
EYA2,4
CATSPER1,4
CTPS2,2
VPS72,6
CDK2AP1,6
PELO,2
KCTD12,2
GEMIN2,7
WASL,3
VDR,6
LMTK2,0
CAV2,0
ELF1,6
TPD52,2
PDK3,5
HAUS7,3
ASNA1,2
USP28,6
PLEKHA7,3
FKBP10,0
INTS7,0
PNMAL1,7
KIAA1804,3
ZNF687,6
MRPL32,5
Eif3a,7
SMS,2
MOSPD2,0
EFR3A,0
GAA,0
MSI1,7
DPP9,2
NFKBID,4
WLS,0
TMEM206,0
ARHGAP39,2
PRAF2,0
ABHD12,0
ZDHHC15,0
C3orf18,0
CDC25A,6
FKBP1A,2
RTN1,0
FNBP1,2
TOM1,2
ARL6IP4,7
DMRTB1,7
MPP1,3
IMP3,7
HMG20B,6
TEKT4,4
GSTK1,2
GAS8,4
GAB2,3
GNAQ,0
TNFSF13B,0
IGFBP5,0
USP13,2
BCL2L14,5
JAG2,0
ITM2B,0
CNTNAP3,0
MERTK,7
NUMBL,0
HARS,2
IDH3A,5
VSIG8,1
ZBTB9,6
NT5DC2,5
PHACTR4,0
ZBTB11,7
RPL39,7
SLC35G1,0
MYADM,0
USP24,6
COMMD4,3
ARFGAP3,0
GPD2,0
CCDC132,3
PLCD3,6
LRCH3,3
CDS2,0
QSER1,6
FFAR2,0
SLC16A3,0
HLA-DPA1,0
THOC7,7
FLAD1,5
TRIM39,4
RAI1,6
LDB1,6
C7orf34,0
UBAC1,4
CDC25B,3
SUMO3,6
FAM98B,7
DNM1,3
COG4,0
SERPINA3,1
AGO4,7
RPS6KB1,2
HOXC8,4
Prkaa1,7
WBP4,7
PDAP1,2
PCF11,7
TTI1,0
HMGXB4,6
MOB2,2
BUD13,7
AAK1,3
SPATS2,7
EFHC2,4
B4GALT2,3
AARSD1,2
CSGALNACT2,0
LSM3,7
IRS1,3
POLA1,6
NMI,4
LPAR2,0
DNMBP,3
VPS28,4
MGME1,5
CCNK,4
NT5C2,2
C18orf25,6
DDIT3,6
MED15,6
XRCC4,6
RUNX1T1,4
TAF6L,6
JUNB,6
NEK9,2
CHMP1A,2
CDC42BPB,0
UBE2L6,2
RPP30,7
LIN7C,3
RPS6KA5,6
NOTCH3,0
DDR1,0
MYO9B,3
WDR74,7
HFE,0
CEACAM8,0
ELK3,6
NCR3,0
RANBP10,5
LZTS1,4
PARP2,6
USP30,0
ECI2,5
LAMB2,0
DNAJB5,3
HIST1H2AD,6
INTS5,0
DNAJB2,2
MCAT,5
DUSP23,2
GNG12,0
RPL10L,7
SYDE1,3
BUD31,7
ZNF22,7
ATPAF2,4
PCK2,2
RHBDD2,0
CERCAM,0
MGAT5B,4
GK,0
PTGER3,0
TMTC3,0
SBSN,1
SULF2,0
C2CD2L,0
WHAMMP3,3
GGA3,0
ATXN7,6
RGS20,4
NELFB,6
GPRC5C,0
GCC1,4
RAB3IP,3
CEP170P1,3
PPP2R4,2
ARPC1A,2
PTP4A2,0
AKAP11,3
MTHFD2,5
PPP4R2,2
NFKB2,3
STXBP3,0
ATP6V1B1,0
GTF2IRD1,6
MKS1,3
C10orf88,3
BHLHE40,4
GNA11,0
TEK,2
RAB6B,0
FGF13,7
HMMR,3
LPHN2,0
PYCRL,2
NUSAP1,7
LAP3,2
KDM6B,2
PDIA5,0
CNOT11,3
EIF3CL,7
ZMAT2,4
SORD,2
MTMR14,2
TPP1,5
GLO1,2
RANBP6,0
SCARNA22,7
Tmed2,0
FAXC,0
LYZL1,0
FRS3,4
EXOSC1,7
ZMYND19,4
NME3,0
CSNK1G2,0
TAF9B,6
SAP30BP,7
SPG20,2
LIN9,6
SMNDC1,7
C2orf44,3
CDK15,1
UBE4A,0
KCNA2,0
RSRC1,7
MAP4K1,2
SKIL,6
MLST8,2
PPP2R5E,3
PTH2R,0
DUSP4,2
SLC11A2,0
USP37,6
MPP7,0
HIST1H2AC,6
BMP2K,3
WHSC1L1,6
POM121C,0
HIST1H2BM,6
INTS2,0
GPATCH8,7
ABCA2,0
TMEM259,0
AGAP1,3
SYT6,4
HSP90AA4P,2
ZNF688,4
ARL14,0
PROSC,2
KRTAP19-7,4
SLC39A5,0
SSMEM1,0
MIRLET7G,7
T,6
GIPC1,3
COL1A1,0
JAK3,2
NECAB2,4
PAK7,4
SHCBP1,3
MLF1,3
MRFAP1L1,4
ACP1,2
TTC27,0
ACOT2,5
SEC11A,0
COX6B1,5
EPHA3,0
USP6NL,0
MYO5B,2
TXNRD1,2
NRXN1,2
IMP4,7
POLR3C,6
TIA1,7
ITGB4,4
FCGRT,0
EIF1AX,7
DIAPH3,3
ARID3B,6
TSN,2
SHKBP1,3
NCDN,0
OSBPL9,0
WDR75,7
PCK1,2
FYCO1,3
WDR44,0
REPIN1,7
PSAT1,2
VARS2,5
RRP7A,7
COX7A2,5
RCL1,7
CMPK1,2
NCCRP1,1
FAM192A,5
NDUFB7,5
QSOX2,0
LSM14B,7
PLEKHG3,2
SREBF1,6
FADD,2
FAM96B,3
ZNF414,4
KLC3,3
PPARD,6
ZFYVE16,0
P4HA3,4
VAMP8,0
MAT2B,2
RTKN,3
ARL15,0
MCM3AP,3
PLP2,0
CD63,0
MELK,3
ERCC8,2
PTPRN,0
ZIC1,4
PGM1,2
ELF4,6
SPRY1,4
USP25,2
WDR59,3
ELMSAN1,6
BCL7C,6
IRF2BP2,6
ATP13A2,0
SLC22A5,0
TBCA,2
CDK20,2
SLC7A9,3
C1orf27,0
CERS6,0
SLCO6A1,7
CCDC140,7
SOHLH1,3
ITM2C,0
MUL1,0
ING5,6
ZCCHC17,7
MTF1,7
PDHX,5
WDR62,3
APRT,2
KCTD5,2
XPO4,0
RECQL5,6
GPAA1,0
UGDH,2
TSSC4,7
NOS1AP,0
LAT,0
RP2,0
PLP1,0
LIG1,6
CTNNA3,4
PTPRU,0
GSPT2,7
TTC28,3
SFXN4,1
INTS4,0
CHMP2A,2
Rab5c,0
Cdk1,2
WRAP53,3
NDUFB11,5
TMEM263,0
VEZF1,4
SLC9A6,0
URB2,7
ANKRD50,7
SPR,2
ARHGAP36,5
MIRLET7I,7
FSD2,4
PDE2A,0
SLC32A1,7
SLC2A2,0
BIN1,3
DLG3,0
TTF1,7
ILKAP,2
MAP2K5,2
MAP1S,3
FATE1,0
PDLIM1,2
DYNC1I1,2
CPSF3L,4
LAGE3,4
ABL2,3
RIN1,3
CD79B,0
SLC9A5,0
GSR,2
ITGA2,0
LRP5,0
PMS1,6
LAMTOR2,0
AGL,2
ZNF207,7
DHRS7B,0
GPN3,6
CGRRF1,0
SPIN1,7
CACNA2D1,0
NEXN,2
NUDT16L1,7
ALDH3B1,4
GSDMA,1
FRAS1,0
HEATR6,0
EI24,0
SIGLECL1,0
SLCO1B3,0
SMAD7,6
MYCBP,3
CACTIN,7
C1orf94,4
ZNF581,4
CHMP2B,0
CSRP2BP,6
CTDSP1,0
UFM1,2
KDELR2,1
SRF,6
TAF7,6
NDUFB3,5
DHX29,7
XPNPEP1,2
Ube2i,6
PLEKHA1,0
BBS1,2
FLG,1
CENPU,7
LNX2,4
KIAA1033,3
CCDC12,7
GPRC5A,0
PLXNA3,0
CCDC115,0
AMPD2,2
SRSF8,7
ACOX1,5
WDFY3,0
BRAT1,0
ATP6V1D,0
POGLUT1,0
MRPS36,5
ENDOD1,0
KLRG2,0
TUSC5,0
RIPPLY3,1
CSTF1,7
BMPR2,0
DNMT3A,6
ATL2,0
KLHL12,4
DHPS,2
AKAP17A,7
DOK2,2
TSPAN3,0
CHMP5,2
PRPSAP1,2
IST1,2
PPP1R7,2
RTF1,6
MSH3,6
MED13L,6
ING1,6
EMG1,7
RRAS2,0
CAMKV,0
ERF,3
CDK5RAP1,5
DAD1,0
EXOSC3,7
DKKL1,0
MRPS21,5
DTX3,2
INTS6,6
SQRDL,5
CEP120,3
TBCB,2
DDX51,7
PCGF5,6
MARCH4,0
ATP6V1C1,0
DOCK5,3
AIM2,6
SLC27A3,0
DSG4,1
SPACA1,0
Eif3e,7
GPR42,0
LSM7,7
PINX1,7
PTPN9,0
H3F3B,6
FAM208B,4
TMEM11,0
SH3GLB2,4
STAMBP,2
PTP4A1,2
CCDC59,7
KIF4A,6
ZFYVE9,0
TAF1C,7
MED16,6
TRPC4AP,2
PHF12,6
HJURP,6
MAPK8IP2,3
RNF114,4
GSTO1,2
THBS1,0
FBXL4,2
CD59,0
TAP2,0
PDP1,2
BTBD1,4
CARS,2
L3MBTL1,6
ATAD1,0
OSBPL11,0
DCP1B,3
ZNRF4,0
LZTR1,6
HAUS4,3
HAUS3,3
CWC22,7
PLAA,0
FBRS,6
CLN6,0
CSNK2A3,6
CTAG1B,4
OST4,0
KIAA0922,0
HOXB5,4
LMAN2L,0
CPLX4,0
MIR34B,7
ARFIP2,0
ETS1,6
NCAPG2,0
TRADD,2
DTNB,4
ARHGAP18,3
EXOC2,0
FBXO28,3
MAGEA1,4
RSL24D1,7
PCSK5,4
STRIP1,3
KRT35,4
KDELR1,0
AHSG,2
TAF12,6
GORASP1,0
STAG1,6
BCL11A,6
BACH1,6
CHD1L,6
IDH3B,5
POTEI,2
TMEM97,0
LIMCH1,2
PSMB8,2
SPATA5L1,3
ADPGK,0
VPS53,3
GPATCH1,3
TMEM126A,0
IPPK,0
PCYOX1,0
SMG8,3
ZNF444,4
SLC3A1,0
PRR20A,4
MTMR1,0
KRTAP11-1,4
SULT1C4,3
POLG,5
NCEH1,0
MB21D2,0
PLA2G10,4
GXYLT1,0
SLC35F3,0
ORC2,6
TRIP10,3
HAP1,4
TRIO,3
IL16,4
BEX2,4
ZFHX3,6
RNF138,4
DYNLRB1,3
SIK2,2
IKBKE,2
NELFCD,6
LRRK1,2
LCN1,1
KIFAP3,3
FUNDC2,0
EN1,6
CDK3,6
COL6A1,0
EPN2,0
LCP1,1
GMNN,6
C3orf17,7
ANKHD1-EIF4EBP3,3
FBXL19,6
PAXBP1,7
CELSR2,0
HBA2,1
TMEM161A,0
PDCL3,2
Nedd1,3
C2orf47,5
CPNE8,0
FKBP15,3
TBC1D10B,0
PRPSAP2,2
ACAD10,0
CAMSAP1,3
POMGNT1,0
FAM171A2,0
SYNGR1,0
TMEM51,0
LRRC8E,0
MIRLET7A1,7
CNR2,0
SLC7A4,0
RBL1,6
CDC14A,3
MAZ,6
RANBP3,2
HUNK,3
RHOXF2,4
PDCD10,2
MYO15B,4
FANCG,4
AKTIP,3
DUSP13,2
STK25,3
GPANK1,4
NUTF2,2
SV2B,0
MPG,7
TONSL,6
GCGR,0
DNMT3B,6
ITGA7,0
RRM2,2
SERPINB2,1
TFB2M,0
MAP1A,3
CAST,2
CTLA4,0
ACVR2B,0
LAMA5,0
REPS1,3
POLR3E,6
FGF8,7
PRPF38B,7
FEM1A,3
DDX3Y,7
DCAF12,2
LONRF1,4
TRABD,0
CEP78,3
TXLNG,3
UQCC1,5
CENPM,0
PTGES2,5
CCDC93,3
QRSL1,5
BRD9,6
CENPQ,7
TMED7,0
C4orf32,0
PSMG1,2
P2RY2,0
SPTY2D1,7
SLC22A2,0
FAM136A,5
TANC1,3
TMEM86B,0
KLK5,0
GUF1,5
HTR3A,0
H2AFB2,7
TFAP2A,6
NRG1,0
EPS8,3
GRHPR,2
MLLT6,6
KIAA1217,3
SSBP2,1
PDRG1,6
ACVR1B,0
ERRFI1,2
MED26,6
MED27,6
MED19,6
NUCB2,0
SPNS1,0
ELK1,2
CHP1,0
SLC35F6,0
MYO9A,3
EFNA3,2
ROBO1,0
PTPRR,2
EVPL,1
ELP3,3
S1PR1,0
IFNGR1,0
MATN2,1
PAX8,6
PEF1,4
KIFC1,6
OTUD6B,7
RPAP1,3
RBM15B,7
C17orf49,6
PSME4,2
RBMX2,7
DNAAF2,0
RFT1,0
TMEM52B,0
HIATL1,0
FAM8A1,0
TRMT6,7
ALDH4A1,5
RNF214,3
YIF1B,0
ZSCAN21,4
CSPP1,3
DENND1A,3
SCGB2A1,0
BTN2A2,0
KIAA0319L,0
TMEM63A,0
Uso1,3
TAE1,4
MIRLET7E,7
P2RY10,0
PQBP1,7
BAD,2
ETV6,6
TNKS,3
PSMF1,2
TEX11,4
BEND7,4
WRN,6
RP9,7
QPCTL,0
KNTC1,0
CSTB,2
TERT,2
CENPC,7
CD9,0
KIT,2
BTK,2
MED8,6
MED29,6
RHEB,0
IRF2,6
STAT5B,2
ARHGEF12,3
OTC,5
ATRIP,4
MYLK,2
FGG,1
SGCA,0
HP,1
MEOX1,4
SLC1A2,0
TAF5L,6
MICALL1,0
MCPH1,6
MRGBP,6
RNF26,2
MGRN1,0
RNF38,2
PIK3R4,2
RAD54L2,6
PCNP,7
DIP2A,0
ZNF76,4
TMPRSS13,0
RUSC1,4
ACTR10,2
NDP,6
HSPA12A,0
TMEM56,0
CPOX,2
TMEM194A,0
ST6GALNAC6,1
CISD1,0
PTDSS2,0
NT5C3A,5
COQ5,5
CTSV,1
SPATA5,7
MFHAS1,3
MANSC1,0
MIR34A,7
FGA,1
KDM5B,6
RAB29,0
TAF10,6
ZBED1,4
MED28,6
EMILIN1,3
COASY,2
ATP7A,0
TSC22D1,2
ARPC5L,2
SFSWAP,7
GTF2E1,6
TSPYL2,6
SH3RF1,4
CKS1B,4
CAND2,0
MDM4,6
CPNE2,4
PTN,4
PDCD5,2
UBE2V2,2
FRS2,0
NQO1,2
ARHGAP35,2
STON2,3
ARHGAP17,2
CYP2C9,0
TRIM68,0
C17orf70,4
GALK1,2
KDM3B,6
NANS,2
HMGN4,6
KIAA0196,3
ME2,5
SPTLC2,0
Mad2l1,3
NAA50,2
GLIS2,4
GNE,4
PDPR,5
ITPA,2
EDN3,0
LRRC49,3
SLC15A1,0
MIR19B1,7
LSM1,7
PPP1R13L,3
THOP1,2
ARNTL,6
RGPD5,3
BABAM1,2
SALL2,6
FAM76B,7
C20orf24,5
TWF2,2
MED9,6
NTNG1,2
CACNA1A,0
TRPV4,4
SCYL3,0
FOXH1,4
PIGK,0
NOA1,5
EDEM2,0
APOA2,1
NUCB1,0
KLRD1,0
PRIM1,3
PLCB3,3
BRAP,2
MPHOSPH9,3
AMOTL1,3
UBR3,4
NUPL1,3
MBD5,2
VENTX,4
FOXRED2,0
MINA,7
WBSCR16,5
KIF1A,3
CFAP20,7
FAM110A,3
SLC20A1,0
CCPG1,0
TUG1,7
AGPAT3,0
TTC23,4
SLC35B1,0
NEMF,7
CTAGE5,0
MIR7-1,7
MIPOL1,4
CARS2,5
FAM210B,0
ALOX12B,1
KRTAP6-1,4
MIR15B,7
ACVR1,9
ORC3,6
MPDZ,3
RAD51D,4
THUMPD3,3
KANSL1,6
TBC1D5,3
SS18L1,6
HOMER1,3
WAC,3
VPS4B,2
NAE1,2
MYH7,4
UBE2G2,0
RARS2,0
CLSPN,6
COG2,0
RNF111,4
TRAPPC2,4
CBFB,2
HEXA,2
MAP4K2,7
POLD3,6
FLCN,0
PTPRG,0
MAP4K5,2
COG3,0
PRKRIR,7
EDA,0
ZYG11B,4
MYLK2,2
HIBADH,0
GFI1B,6
VWA9,6
ZNF703,6
DCAKD,0
GCDH,5
NDUFB4,5
Tubg1,2
MSMO1,0
MICU2,5
NME2P1,2
BPNT1,5
ATP4A,0
SLC25A25,5
NEIL3,7
UBN2,6
SLC44A5,0
CLEC4A,0
MIRLET7A3,7
CHRNB2,0
GADD45A,6
SKAP1,3
PMF1,3
PRKAB1,4
DACH1,6
TCF25,2
OTUB2,4
DIEXF,7
ZAK,3
LOXL4,3
E4F1,7
CIAPIN1,2
NFYA,6
DSN1,3
C2CD5,0
KRT33B,4
FADS1,0
SARS2,5
TRMT112,7
FOXP4,6
STK39,2
NPHP1,3
PRKACG,2
FMNL1,0
TNFRSF10C,0
SOCS3,2
ESRRB,2
RABEP2,3
RHOBTB3,0
PREPL,5
C11orf58,2
KDM2A,6
RNF168,6
ASB6,2
PIK3C3,2
BPIFA1,4
BCL7B,6
Ppp2r1a,3
TMED4,0
GORAB,0
TMUB1,0
IQSEC1,3
SYNE4,0
EDRF1,3
TYMS,2
PSMG3,5
LRRC8A,0
PTPLB,0
BTF3L4,2
NACC1,6
MICA,0
ATP9A,0
HSP90AB3P,2
DUSP9,0
SLC5A3,0
TMEM184A,0
GPRC5B,0
MIRLET7B,7
Tpm1,2
KRTAP2-4,4
UXS1,0
Junb,7
PRR20E,4
Snd1,7
MIRLET7D,7
MIR25,7
SLC35G3,7
ACTN3,4
BNIP3,0
DCP2,3
SIAH2,6
KNSTRN,3
PRAME,2
MEAF6,6
SAT1,4
ZC2HC1C,4
C19orf25,0
KHDRBS3,7
OBFC1,6
CSTF2T,3
NUDT3,1
PTP4A3,2
ZMYND11,6
MED6,6
RPP38,7
CD4,7
DRD2,0
TRAF3IP1,3
HIP1,3
ADAMTS1,0
LHX1,6
VAV2,2
UBE2W,4
KIAA0232,3
NIPSNAP3A,5
SHPRH,6
EDF1,7
BMP1,0
PI4K2A,0
ABTB2,3
MTCL1,3
TMA16,7
ZNHIT2,3
DCAF5,2
TRIM35,4
ABHD10,5
ISCA1,5
DHRS2,7
BTG3,3
FAM208A,6
LCLAT1,0
KRT37,4
PRPF18,4
SERPINA12,1
SLC27A5,0
UGT8,0
Flnb,2
ACSF2,5
GCD7,4
ZNF777,7
KRTAP9-8,4
MIR19A,7
nsp13ab,3
STAT5A,6
RASSF1,6
IPO13,0
NFKBIL1,7
RPRM,0
CENPH,3
PMVK,1
KRTAP19-5,4
KRT78,4
TOP3A,5
MED10,6
UBE2C,2
NOD2,2
DAPK3,2
EFNA1,2
LMTK3,2
GALNT12,0
SALL1,6
OPRL1,0
DUSP1,2
KLHL13,4
ZNF770,7
KBTBD6,6
NOSIP,2
ABCB1,0
PHKG2,3
YBEY,5
SLC41A3,7
CDR2L,4
C1orf198,3
DPF3,6
C19orf66,4
KRT3,4
FAM50A,7
FAM213A,0
RPS19BP1,1
ADIPOQ,0
NME1-NME2,2
ZNF146,0
UNC5B,0
LUZP4,7
ARL8A,0
C1orf43,0
FASTKD1,0
EARS2,5
KRTAP13-2,4
MIR128-2,7
CMKLR1,0
NEB,2
LSM8,7
ZHX1,6
SOCS2,2
XPO6,0
TEAD4,4
UTP6,7
CPSF4,7
FHL5,4
PPID,2
AKAP13,3
CNOT6L,3
JMJD1C,6
SOD2,2
ARHGEF16,3
SNTA1,0
TIMELESS,6
CDYL,6
TAF5,6
UBE2E2,4
B2M,0
TRAF5,4
MPP5,3
DECR1,2
MPHOSPH8,7
ENO3,2
DMWD,2
ATG2B,3
HMGB3,2
DNTTIP1,6
DEFA1,0
POC5,3
CEP57L1,4
EXOC6,0
HSP90AA5P,2
C3AR1,0
SLC19A3,0
RBM14-RBM4,3
SMPD2,0
LMBR1,0
LPCAT3,0
MIR106B,7
WWC1,3
AIRE,6
LIMS1,4
GRAP2,4
ATF4,6
TOPORS,6
THAP7,4
UGP2,2
SIRT3,5
TAF1D,7
FNTB,4
DENND4A,3
ACVR2A,0
PTPN3,3
CDH5,0
APBA1,3
ADRBK1,2
BRMS1,6
MAN2A2,0
LRRC1,0
INADL,3
FGFR1OP2,3
LAMB3,0
GPX4,2
ANKRD52,3
PRCC,6
NT5E,0
NKTR,7
RREB1,6
LIN54,6
UBXN8,0
MIS18A,3
ABCB6,0
THOC6,7
EPB41L4B,7
LGALS7B,1
EPDR1,0
DAK,2
HPN,0
SUOX,4
IGSF3,0
SLAIN1,4
SLC39A3,0
MIR363,7
COX7C,5
MIR21,7
SLC45A3,7
MIRLET7C,7
MIRLET7F2,7
SLC2A7,0
LSM6,7
PPP1R8,7
ABHD16A,0
SUFU,4
RASSF8,3
TSGA10,4
KLHL2,4
ZBTB8A,4
THRA,6
SMARCD3,6
CCNL2,6
MRFAP1,4
PEX1,3
RBM23,7
SHMT1,2
ADAM10,0
ALCAM,0
SMG1,7
DUSP19,2
CD53,0
TESK2,3
SEMG1,1
DLK1,0
PHF14,6
FEM1B,3
UGGT2,0
LANCL2,2
ELSPBP1,0
UBR7,2
DNAJC28,5
MTAP,2
RTEL1,3
KIAA1244,0
R3HDM1,7
TTC13,0
MRPL35,5
MRPL57,5
TMEM55B,0
TIMM23,0
FAM167A,3
CANT1,0
ZACN,0
MIRLET7A2,7
PSTPIP1,4
ARL6IP6,0
DDX19A,2
SPP1,0
CBLB,2
DCTN5,2
RIC8A,2
NELFA,6
COG1,0
KLF9,6
ZNF217,6
CPNE1,2
MBD6,7
PNP,2
GNPAT,0
ROS1,0
AGTR1,0
TRAM1,0
WDR20,0
PRIM2,2
ARHGEF10,0
KPNA5,6
INO80,6
RNF166,4
TBC1D2B,3
COBL,2
BCORL1,6
ACP2,0
CHCHD6,0
RPS4Y1,7
PALD1,0
HLA-DPB1,0
PPP1R15B,0
PLXNA2,0
CDV3,5
MTFMT,5
FAM114A2,0
GUCD1,4
ORF50,7
TMEM179B,0
KRTAP26-1,4
ENTPD2,0
ZNF785,4
CCDC36,4
C10orf35,0
COA3,5
ARSK,0
FAM69A,0
FCF1,1
GATB,5
C20orf197,7
KRTAP2-3,4
SLC39A2,0
SPANXN2,4
SLC37A2,0
PKD2,0
MTUS1,3
VPS11,3
ZNF764,4
PCID2,2
APEH,2
LIN37,6
MLLT3,6
LACRT,1
NUAK1,3
ERCC6L,3
EXT2,0
MED25,6
ATF3,6
SS18,6
LRP8,0
MTMR6,0
BRF1,6
FXYD3,0
KIF15,3
PSMB10,2
COL14A1,0
RERE,6
SPTB,3
RNF144A,2
DAB2IP,3
KIF20B,6
IRF7,2
TRIM7,2
ALDH9A1,2
FBXO45,3
LRRC40,2
TUBA8,7
MORC2,6
PRDM14,4
UHRF1BP1,0
HIGD1A,0
MICAL3,0
GNL1,2
IBA57,5
CMTM6,0
DDX60,7
GPR12,0
TMEM128,0
Tmod3,2
TNRC18,6
KRTAP5-6,4
CST4,1
GPRIN1,0
CLEC11A,3
TBC1D32,5
SLC37A1,0
MIRLET7F1,7
MIR19B2,7
PAX5,6
SNX17,0
TMF1,0
ID2,6
PTK6,2
BCL10,2
TMEM147,0
KLHL42,4
CCNH,6
SIRPA,2
SORBS2,2
KLF6,6
WDR4,2
EIF1AD,4
TTR,1
MIS12,3
HCFC2,6
FASLG,4
N4BP2,3
APAF1,3
GTF2H1,6
RAB11FIP2,3
AMIGO1,0
ITIH2,0
ZEB2,6
PTPRJ,0
TAF1B,7
KIR2DL4,0
PODXL,0
RNMT,2
SGOL1,6
POLR3D,6
Nedd4,4
EGLN1,6
SMC6,6
NOP10,7
SUPT20H,6
MZT2B,0
CCDC9,7
FAM49B,2
TIMM10,1
PSMB9,2
DPF1,6
PCGF3,6
PEPD,2
FOXI1,6
CERK,4
TM2D3,0
GP9,0
SCARA3,0
GPR114,0
SLC38A7,0
NDUFA3,0
SGCB,0
GINM1,0
SLC47A1,0
C6orf141,3
FAM135A,0
MIR205,7
MIR214,7
SLC10A5,0
ATF7IP,6
SOX9,6
OSTM1,0
BRE,6
DNPEP,2
ATP6V1G1,0
TXNDC11,0
CDKN2C,4
OSTF1,4
FAM175B,2
MAGEA6,4
BRIP1,6
ERCC4,6
TXLNB,4
HIPK2,6
WASF1,3
CHTF18,3
PVRL3,0
HOXA5,6
RABGGTB,0
HSPA14,2
LTBR,3
HLA-E,0
MADD,3
PLEKHA2,3
COL18A1,0
SCN4A,0
CTDSPL,0
PCGF2,6
MICU1,5
IFIT5,2
FTSJ1,0
TADA2B,6
PRMT8,7
TRIM8,4
ATG101,3
PABPC3,7
ATP2B3,0
TYMP,1
TM9SF2,0
CXCL16,0
TRAPPC9,4
FADS2,0
NENF,2
SFXN2,0
KLHL38,4
Prkab1,7
SLC43A3,0
AGPAT4,0
UTP11L,7
DENND6A,0
C4orf3,0
FAM171A1,0
TMEM60,0
RLN1,0
MIR128-1,7
MIR155,7
ORC5,6
GNAO1,0
TAL1,6
PTPN21,4
SORBS1,3
ARNT2,4
MBD4,1
TP53RK,2
RTN4IP1,5
COX7A2L,5
HPCAL1,4
TRIM69,4
AKR1B1,2
NPRL2,3
PAPOLA,2
WEE1,3
RAD17,3
FARP2,3
NCAM1,0
Ruvbl1,6
PHC3,6
RPS6KA4,3
SSBP3,6
ARHGEF6,3
CENPE,3
DYNC2H1,3
INSRR,0
IFT57,3
POLR3H,6
GPC4,0
IRF2BP1,6
ING3,6
TAF3,6
CST6,1
RAB34,0
ZCCHC11,7
PREP,2
HAGH,2
PALM,0
CYP2S1,0
MYLK4,2
EGFL7,0
SV2A,0
BBS7,3
BLVRA,2
MSRB3,4
KRTAP4-11,4
STARD3,0
DYM,0
LEPREL2,0
SCN2B,0
ZNF608,6
CISD3,5
LCE1F,4
ORC1,6
TLE4,6
RAB27A,0
SEPT8,2
PBX3,4
ATG12,3
CMBL,2
BCL9,6
SYNJ1,3
RAB8B,0
MIER1,6
MGMT,2
PMS2,6
TOM1L1,2
PPOX,5
STK11IP,0
TIMP3,0
ASGR2,0
NLGN3,4
CHRD,4
BACE2,0
CRCP,6
USP16,6
TARBP1,0
RPL22L1,7
TSHZ3,6
MARCH7,3
CPA4,1
ADCK2,0
DHRS4,5
ESPL1,3
VPS13B,0
MIR221,7
KIF16B,0
SPAST,2
ABCB10,0
CNN2,2
PLBD1,1
DGUOK,0
PIGO,0
STXBP2,2
ZNF324B,7
SLC25A41,0
AMY1C,1
CHRM4,0
PRR20B,4
PRR20D,4
PRR20C,4
MIR1-1,7
MIR200C,7
PCBD1,6
TXNL4A,7
AASDHPPT,2
LRSAM1,4
RIPK2,2
SEPT6,2
GPBP1L1,3
MOB1A,3
STMN2,3
CHMP7,0
PPIL3,2
EIF4EBP1,7
ARL2,2
IGHA2,1
KRT77,4
ELL,6
CXorf56,6
KLHDC3,2
GRIP1,6
DYRK1B,6
HIST2H4A,6
DNM3,0
SLC26A8,0
CAMK1,3
ZMYM6,4
CUEDC1,4
EVC2,0
XPNPEP3,5
Bach1,6
STXBP4,3
MIPEP,5
GLOD4,2
FCHO2,0
SPAG8,4
RBFOX1,4
SECISBP2,7
TOR3A,0
ZFYVE21,4
TNS3,3
PHLDB3,3
APMAP,0
MRS2,0
TANC2,3
TNFSF9,0
PRDM6,4
DMRT3,4
CAPG,1
RTP2,0
SLC25A19,0
NDUFAF5,5
CBWD3,0
TRMU,5
MIR29C,7
FNDC9,0
LCE5A,4
MIR92A2,7
Cluh,5
LOC100132735,2
XPA,6
QPRT,6
SPATA2,3
SERF2,7
ZNF451,6
HIST3H2A,6
C11orf49,3
SPC24,3
RIOK3,7
ATG3,2
CDK19,6
SMN2,7
ELK4,6
FOXO3,6
UBE2B,2
SMG6,7
FXYD6,0
OLFM2,0
PAPSS1,2
HLA-F,0
WBP2,2
PTH1R,0
ELP2,3
FCER1G,0
PIP4K2B,6
NAPG,0
TRAPPC8,4
ZNF106,6
MEIS2,4
POC1B,2
PTMS,2
CDCA7L,4
CNN3,2
WASH1,4
RBM12B,7
FAM83D,3
Kctd5,0
TRIM40,7
CKMT1A,2
SNX19,0
RAB2B,0
HSPA7,2
POMGNT2,0
PRKCDBP,0
PANK4,2
ACSL1,0
DPY19L1,0
MANF,2
APOOL,5
HTR3C,0
KRTAP10-6,4
LCE2C,4
MIR138-2,7
MIR141,7
MPP6,3
ABCC2,0
GGA2,3
FOXS1,6
NSUN4,7
CDC42EP4,0
IFIT3,7
LRRC41,6
UBLCP1,2
PYCARD,1
GTF2A1,6
FANCC,6
DGKE,0
NR2C1,6
MED13,6
SHB,0
MAP2,3
APBB2,0
DGKZ,7
PEX6,3
STAT2,6
MDK,7
FOSL2,6
M6PR,0
PPP2R5C,2
NMU,0
GALNS,0
TMED1,0
UPP1,3
BACH2,4
FOXP3,6
ATE1,0
RFFL,2
STK32C,0
PPIL2,6
NLRX1,0
KIAA1549,0
SLC41A1,0
NPTX1,0
MXRA7,0
RXFP1,0
PGM3,2
TRMT61A,3
COMMD2,3
TRAPPC5,4
TPTE2,3
MAS1,0
TMEM30B,0
C17orf62,0
FTO,4
SLC22A18,0
MIR29A,7
RPL23AP32,7
ESRP1,7
TMX4,0
PDF,0
DNAJC18,0
PPP4R1L,3
DAB1,4
CCND3,4
LIMK1,3
POLE3,6
PHC1,6
NCF1,2
ASB3,2
PPP2R5A,3
INCENP,6
NUP37,6
S100A11,2
PRTN3,1
TFB1M,7
NHLH1,6
PEA15,7
WSB2,2
ZPR1,2
PDGFB,7
SMAD5,6
STX16,0
RAPGEF2,3
TTYH3,0
ANXA2P2,2
GLA,0
KLHL9,4
KLHL8,2
KLHL15,4
ESD,2
PALB2,6
DPYSL3,2
RHOT1,0
C12orf10,2
UBN1,6
LRP4,4
DNAJC21,7
ISOC1,2
GOLPH3L,0
MEX3C,7
SIRPD,0
KLHL26,4
GGCX,0
C15orf39,6
RABGGTA,0
DCUN1D5,2
NARS2,5
MANBA,0
Chmp4b,0
EPHA10,0
TDRKH,0
CIB2,3
TMEM205,0
MFSD12,0
CEP104,3
SS18L2,6
COQ2,5
LTBP2,4
MIR20B,7
MEF2D,6
FOXG1,6
TIMM8A,5
DUSP11,5
PER1,3
CHIC2,4
FAM103A1,4
CD99,0
CALCOCO1,3
MYD88,2
PYGM,2
AJUBA,3
CLOCK,6
UBL5,4
KIAA1377,4
SPRY4,0
PIR,2
KAT8,6
WIPI2,2
NBEA,0
ASAH1,2
ENPP1,0
ADD2,0
CCR6,0
PIK3CB,0
CRABP2,1
PPP3CB,3
RALGAPA1,0
EZH1,7
TNFAIP1,2
WDR70,6
Mis12,3
Cenpe,3
RDH13,0
LPGAT1,0
C21orf59,1
DUSP21,4
NDUFC2,5
VPS26B,3
FBXL17,4
KRT76,4
KRT6C,4
RBPMS2,4
KRT86,4
TMOD2,2
FAM134B,0
PDE3A,0
CHD9,6
TMED5,0
SYNGR2,0
ALG9,0
GALNT7,0
CHPF2,0
SCPEP1,2
ADCY3,0
ARL16,6
KRTAP3-1,4
KRTAP13-3,4
TMEM185A,0
ST8SIA4,0
CHST8,0
RELL1,0
LYZL2,0
CLEC14A,0
SLC7A6,0
MIR107,7
MIR16-2,7
MIR9-1,7
MIR17,7
MIR18B,7
HSPG2,0
PIAS3,6
GNG5,0
GTPBP3,5
CLDN7,0
DNMT3L,6
FAM189A2,0
YIPF4,0
RALB,0
SPTA1,6
CIB1,0
MCFD2,2
TACC2,3
ZBTB14,6
RAP2A,3
PLGRKT,5
PRSS1,2
THEM4,5
TSHR,0
VPS4A,2
LTBP1,0
ANAPC16,3
TMEM160,0
HEXIM2,4
FKBP14,1
CDCA2,6
ATAD5,6
DNAJA4,2
ASPSCR1,2
KANSL3,6
LRRC16A,0
TBC1D9B,0
ZER1,4
CCDC146,4
ZNF620,4
ARRDC4,2
ERAP1,0
GPBP1,3
STYX,2
C1orf85,0
TPGS1,3
SLC2A12,0
TMEM106C,0
MPPE1,0
GHDC,0
PRDM15,7
B3GNT3,0
MIR93,7
LCE1A,4
MIR7-2,7
MIR31,7
MIR199A1,7
MIR200B,7
ITGA3,0
ZNF446,4
SRI,2
NUDT1,2
DEGS1,0
SERPINB8,1
ARHGAP11A,2
MED30,6
MED22,6
CABIN1,6
PIN4,5
B4GALT3,0
FGR,2
POLH,6
ABCD1,0
TRAF3IP3,3
DCX,4
ACKR2,0
PRDM1,6
RAPGEF6,3
BRPF1,6
SCML2,6
N4BP2L2,3
OSBPL6,3
TCP11L1,2
nef,0
ZKSCAN4,6
Mapk13,2
DEPTOR,2
ZMYM1,6
ZNF219,6
PCNXL3,0
FAM46A,4
AIM1,1
C1QB,0
USP51,6
HAVCR2,0
GGCT,2
TBCK,2
PIGG,0
LACTB2,2
FAM162A,0
FTSJ2,5
SNX14,0
KRTAP3-3,4
COL6A2,0
CCDC77,3
BCAS3,3
HYAL2,0
LCE1B,4
DNAJC5B,0
SLC35A4,0
SLC38A9,0
SERPINB13,1
PRR35,4
LINC00839,3
SLC9B2,7
C19orf38,0
MIR106A,7
PI15,0
PRMT2,6
FEZ1,3
KIF5A,3
ARMC7,4
TRIM17,4
PARVA,2
DR1,6
IRF4,6
GEMIN6,7
ACD,2
USF1,6
ANAPC11,4
GPSM3,4
PDCD1,0
HYPM,0
BAZ2A,6
HIRIP3,6
PLEKHO1,7
SLC16A8,0
NUDT5,2
COMMD3,3
TAPBP,0
TRIM3,4
RFWD3,2
RNF19B,0
MAP4K3,5
AASS,5
SNX18,4
Cep152,3
MICB,0
GBE1,2
AGPAT5,0
KCTD7,4
HIST1H2AI,6
CHID1,0
RNASEH2A,2
LPCAT2,0
ESRP2,3
MAL,0
MTO1,5
C19orf26,0
FAM133A,2
CCDC18,3
HLA-DQB1,0
ZMYND12,4
LCE2B,4
MIR10B,7
PLD4,0
PPARA,4
RBL2,6
FKBP2,2
CSPG4,0
PTK2B,2
ABI3,4
APPL2,0
BLOC1S6,3
EFHC1,4
FKBP6,4
CFDP1,6
AKR7A2,2
MED7,6
CLASRP,7
CNNM4,0
PPP4R1,2
PLEKHB2,4
TBKBP1,3
MARK1,3
ASCC1,7
ERCC2,6
BLOC1S2,3
STX2,0
SMG5,3
NFKBIB,6
PHKA2,3
MAML1,6
CWF19L1,7
TRAPPC4,4
DENR,2
SIL1,0
TAF1A,7
SETD8,6
SWAP70,2
POU4F2,4
SLC25A17,0
GPR37,0
PTPRH,0
TAOK2,3
HERC4,2
THNSL1,5
MTF2,6
CHD6,6
TRIM65,3
ZNF592,6
NCR3LG1,0
CEPT1,0
PHF19,6
TM9SF1,0
RGPD8,3
FOXJ2,6
ATXN7L1,4
AHDC1,6
TMEM38B,0
YPEL5,5
FAM20B,0
GPR21,0
CACHD1,0
SOX7,6
LETMD1,0
TSPAN5,0
OCIAD2,5
TCIRG1,0
TSSK3,4
ZC3H8,7
MORC4,6
SLC5A6,0
SLC17A9,0
KDELC2,0
NINJ2,0
PBX4,4
SLC38A10,0
MTX3,0
GRAMD1B,0
ZNF526,4
SOX17,6
KRTAP15-1,4
Rbm14,7
KRTAP4-4,4
MIR145,7
FNTA,3
PSEN2,0
LSM5,7
FHOD1,2
NCS1,4
WAS,2
NEDD9,4
NADK,3
CDKN2D,4
KRTAP3-2,4
SDC4,0
PAAF1,2
ALDH16A1,2
IRS2,3
EFHD1,3
TOR1A,0
SHROOM3,3
TRDN,0
CNTNAP1,0
PSENEN,7
ACTL6B,6
NRF1,6
Htt,5
TGFA,0
CTTNBP2NL,3
PAX2,6
ARL5A,0
PRKAG3,2
SETD7,6
DNAJB8,2
RNF13,0
UBE2T,4
PRICKLE3,3
ESCO2,6
HIST1H2AA,6
Ranbp2,6
MORC3,6
AAMP,7
FKBP9,2
RNF169,6
PXDN,0
GLRX5,5
ZNF2,7
HBD,0
C19orf70,0
FAM161B,4
PWWP2A,6
AGAP3,3
LCE4A,4
B4GALT7,0
DUSP2,2
CRYBG3,3
LMBRD2,0
C3orf58,0
FOXE1,6
MIR143,7
TNNT1,4
BMX,2
GPHN,2
PGR,6
RABIF,0
CNOT8,3
PLSCR4,4
FZD7,0
ZNF707,5
CCDC67,4
SMCP,4
APTX,1
SYT1,0
METTL13,0
ARHGEF5,4
ANAPC10,3
POP4,7
CDT1,6
CXCL9,0
GSC,6
RFX1,6
CELSR1,0
SH3GL2,3
IL17B,7
DLGAP4,3
CETN3,3
PTPN5,0
MAP3K4,3
KCNJ6,0
IL12RB1,0
GJB1,0
GAS6,0
LIMK2,2
AFAP1,2
POLR3K,6
MARCH2,0
ACADSB,5
PGAM2,2
RSPRY1,0
MSL1,6
HOXD13,6
FAT4,0
P3H4,0
CKMT1B,2
ZNF71,7
RTFDC1,2
DSCR3,3
ANKRD40,3
BRDT,6
RPP25L,7
BPLF1,2
DNAJB14,0
NAGLU,0
PPP1R32,4
CD55,0
SLC35E3,0
KRTAP8-1,4
CCDC94,4
ZNF774,4
CT45A5,6
CACNA2D2,0
DNAI2,3
S100A7A,1
CEACAM21,0
SDR9C7,1
CNNM1,0
PLCH1,0
MIR222,7
KRTAP19-6,4
CTAG1A,4
MGC50722,4
ZNF837,4
MIR1-2,7
MIR34C,7
MIR206,7
IL1A,6
CBLL1,7
MAP3K3,2
PDZK1IP1,0
GADD45G,4
ING4,6
IQUB,4
SPC25,3
KIF5C,3
TAGLN,2
STK38L,2
TSSC1,3
KLHDC2,2
CNIH4,0
JUND,6
MKNK1,6
MED18,6
COG7,0
PPARGC1A,6
CBFA2T3,6
FOXP2,6
NECAP1,6
LRRC4C,0
AKAP5,0
PBX1,6
RAB32,0
CIR1,1
ARL3,2
PLCG2,2
SYNRG,3
AKT3,2
CD3D,0
CSRP2,2
EPC1,6
INO80E,6
EIF2AK4,3
RNF170,0
Rmdn3,0
LPHN1,0
CECR5,5
ADAM33,0
NOL7,7
MAN1B1,0
FAM118B,0
THAP4,0
REEP2,0
LETM2,2
GIMAP5,0
KYNU,2
CCDC51,1
CST9L,0
AGPAT2,0
SEMA3B,0
ADCK1,0
EFTUD1,2
SBNO1,6
TMEM218,0
IFI30,0
HSDL1,0
SLC26A6,0
FDXR,5
PPAPDC2,0
LPIN3,3
ATOH1,2
FAM19A3,3
C5AR2,0
MIR451A,7
MIR98,7
MIR92A1,7
SLC6A16,2
IL6ST,0
TGS1,7
BMPR1B,9
ALS2CR11,4
PGLS,2
SDCBP2,4
PAFAH1B2,2
TRAPPC3,4
WDR37,6
CHMP4A,2
RGS2,0
LEPROTL1,0
SDC1,0
DOCK4,3
SOS1,3
CORO2A,2
CHRM3,0
TRAK1,3
HBA1,2
SNAPC4,3
STAT6,6
ISYNA1,2
PISD,0
SEPHS1,2
PSMG2,2
EPHB6,0
CD80,0
MUSK,0
AXIN2,4
DUSP3,2
CIDEB,5
TNFSF14,0
GUSB,0
C4A,1
FGF12,6
TYROBP,0
SERPINB1,1
NPRL3,3
PPP3CC,3
CSRP1,2
CCDC50,2
MAP1LC3C,3
PHF20L1,6
UHRF1BP1L,0
Cd2ap,2
ZNHIT6,3
MRC2,0
ATRN,0
PIGN,0
PPP1R21,2
IMPA2,2
RSRC2,7
CRNN,1
ALDH3A1,1
KLHL11,1
ACAA1,5
KRTCAP2,0
IFT81,3
MRAP2,0
SSH3,2
NIT2,2
FGL1,3
ZFHX4,6
CYP1A1,2
SREK1IP1,7
TMEM171,0
KIAA1467,0
CD1B,0
MBLAC2,0
TFAP2D,4
LCE1C,4
MIR9-2,7
MIR200A,7
HSF2,1
MBD1,6
OBSCN,2
SP3,6
BCL2L11,2
ADAM15,0
POLD2,6
AKIRIN2,2
CPNE7,4
IFIT1,7
SNF8,6
EAPP,7
SUV39H2,6
SGOL2,6
RELB,6
BMP7,0
CASP1,2
SNTB1,0
CA2,2
RAMP2,0
SLC30A3,0
EPM2AIP1,4
AKAP2,2
DTX3L,4
KRT7,2
NGEF,7
MPHOSPH6,7
RNF146,6
DDX11,3
CREM,6
NID2,0
ITGA8,0
TRIM6,2
SRA1,6
SLC12A3,2
SOX4,6
FZD2,0
ATF6B,0
SRM,2
RNF6,4
CEP170B,3
TBX3,6
COBLL1,3
SIK3,3
MARC1,0
TRAFD1,2
NOMO3,0
CPT2,5
MTFR1,0
CTDNEP1,0
ANGEL2,5
CHPT1,0
KCNK1,0
ZSWIM8,3
GZF1,7
DKK3,0
TRAPPC10,4
ZRSR2,7
OLFM4,0
PCDH1,0
MFI2,0
ZCCHC9,7
DNA2,3
NRM,0
LCE3A,4
SLC6A20,0
ATP5J2-PTCD1,5
ABCA3,0
RPS4Y2,7
SLC35G2,0
C19orf54,4
SLC15A2,0
MIR16-1,7
SPNS2,0
CLRN2,0
MIR7-3,7
MIR199A2,7
MIR429,7
SLC2A4,0
ALOX5,3
DRAP1,6
TRO,3
TRAIP,4
BCL2L2,0
ND1,5
PTBP2,7
POLL,4
STAMBPL1,4
SERTAD1,4
SCGN,3
S100A16,2
TCEAL1,2
MPDU1,0
SMEK2,2
HIST1H3F,6
ALPI,0
GTF2H4,6
RUNX2,6
VIMP,0
TMSB4X,4
RAB3A,0
GRIN2B,0
FSD1,2
Ktn1,7
GM2A,1
PBX2,6
CCNB2,3
MOS,4
CLCN3,0
BCL11B,6
RBSN,0
SETD1B,6
USP42,7
KRT4,4
LRCH2,3
TOM1L2,2
SYF2,7
ABCC4,0
PSMA8,2
ITPRIP,0
ARSA,0
NAT14,0
MARVELD2,0
ARID5B,6
LITAF,4
NGLY1,0
UBFD1,2
CHRNA9,0
PCSK9,0
CDX1,7
RNF208,4
LSS,3
GALNT6,0
TMEM231,0
ZSCAN25,7
ZDHHC18,0
EFR3B,0
FITM2,0
TMPPE,0
SLC2A9,0
LYPLAL1,5
CHCHD10,5
PCDHGB1,0
MIR15A,7
KRTAP4-5,4
TSPAN8,0
BGLT3,2
IGFL3,0
GUSBP5,3
SLC28A2,7
L1,7
SYTL4,0
NEBL,4
Ppp1cb,2
PAFAH1B3,2
SETD5,6
TRAPPC2L,4
MID1IP1,4
TUSC2,3
SMYD3,6
MAP3K2,2
HDAC9,6
KLK7,1
ZDHHC23,0
RNF128,0
ZHX2,6
GLI3,6
MARK4,3
MICAL1,4
KIN,7
GFER,5
PLG,1
ARID4A,6
CCSER2,3
GPC3,0
CBLC,2
CTSG,1
SCAF8,7
COPRS,7
KCNN4,0
DCTN6,2
HIST1H4F,6
ECI1,2
TUBGCP6,3
Dctn3,2
GDF15,0
OAS3,7
NMT2,4
FOCAD,3
ZNF689,7
PPTC7,0
NETO2,0
GMDS,2
BHLHA15,7
CST11,0
LRIG2,0
GRAMD4,0
CWC27,6
SMG9,4
CLMN,0
VPS8,0
TMEM132D,4
GZMH,0
ABAT,2
SLC37A3,0
LYRM4,5
TRIM71,7
FBXO43,2
FUT11,0
LCE2D,4
CLSTN3,0
TMEM186,0
GTPBP6,5
MFAP3,0
MGAT5,0
ALG11,0
Tmed10,2
TMEM169,0
PCDHGC4,0
CERS4,0
MIR20A,7
CD27,0
FAM124B,4
VPS25,4
TMEM241,0
KIAA1683,3
IFIT2,7
EVI5L,0
S100A14,2
CAB39,2
CHST12,0
UBA3,2
PFKFB3,2
PTOV1,3
SH2D3A,1
EHD2,0
SCP2,5
MEF2A,6
POP7,7
TDP2,6
ACTG2,2
C19orf10,2
RBM48,4
DDX49,7
FCHO1,4
RPS6KA6,6
PKNOX1,6
EFNA5,0
ICMT,0
EYA3,6
VTI1A,0
TACR3,0
CLDN4,0
CAP2,2
ATXN7L3,6
MIOS,3
FN3KRP,2
C14orf169,7
ND4,5
ZNF384,6
PI4K2B,3
CCDC71,6
NABP2,6
ARV1,0
KANSL2,6
DHX35,7
PLXDC2,0
ZNF579,7
GJB5,0
CCDC88C,3
CHD5,6
CTU1,3
GALNT1,0
WDFY1,2
CTIF,3
C1orf86,4
ICE2,1
PDCD2L,2
METTL9,0
Smn1,7
DGCR6,4
SERINC1,0
PALM2,0
NSUN5,7
ALG1,0
LCE3D,4
MAN2B2,0
FAM193A,3
NUBPL,5
GID4,5
EMC6,0
HEPHL1,1
SLC2A8,0
GLB1L2,0
B9D2,6
TMED8,0
Srsf1,7
SLCO4A1,0
PTPDC1,3
FAM188B,7
ZNF438,4
MIR18A,7
MIR29B1,7
SLC4A9,0
BNIP2,0
COTL1,2
KDM5A,6
ARHGEF11,3
PAK6,3
TCP10L,4
SKA1,3
DFFA,2
FAM107A,4
RPIA,2
ARHGAP29,3
C1orf216,4
DDAH2,2
ITGB3BP,4
CDKN2B,4
RRAGC,0
TSPAN17,0
KRT36,4
FANCL,4
MIB2,2
GPX1,2
NKX2-5,6
PLK2,1
PPM1F,2
Dynll1,3
PRKCG,2
ASAP1,3
FBXO3,1
SSH1,2
CRLF1,0
OTUD7B,2
SDF2,0
GLTSCR1,6
DOCK6,3
HIBCH,5
FAM21C,3
PRR14L,3
MARCH1,0
KATNA1,2
NDUFAF7,5
COLEC12,0
COMMD8,3
NADK2,5
CTH,2
AK3,5
LRP1B,0
QSOX1,0
ACAT2,2
KRT83,4
ZKSCAN1,4
ZNF536,6
GPATCH2L,4
TMEM246,0
SLC7A8,0
PLEKHG1,3
MORN3,4
TIGD5,3
TMEM239,0
ISCA2,1
MAP7D2,3
ALG5,0
CLDND1,0
AKR7L,7
HS6ST2,0
GPRC5D,0
THBS3,3
C1QL4,0
PNPLA8,5
VSIG1,0
K8.1,0
Dnajc17,7
OR10H2,0
NRBF2,3
HUS1,6
RPGRIP1,3
AP1G2,3
GOLGA7,0
DRG2,2
GEMIN7,7
PPP1R2,2
PODXL2,0
NPAT,6
DMXL2,0
MTMR2,3
SUPT7L,6
PAEP,0
BTBD2,2
CX3CL1,0
SHOC2,2
PPP3R1,3
F12,3
PAG1,0
CASQ2,7
SEMG2,1
KCTD6,4
ACTR5,6
VGLL3,4
CCZ1,3
DIP2B,0
FAM53C,3
MBTPS1,0
UNKL,4
FAT3,0
RORB,6
PCYT1A,0
ABCG2,0
PRDM10,7
PARP16,0
TANGO6,3
KATNB1,2
GINS3,6
TRIM59,0
ZNF462,6
KDELC1,0
FAM184A,3
MAPKBP1,4
SERP1,0
ZFYVE27,0
ORMDL1,0
CHAC2,2
NLN,5
CD1A,0
SLC26A2,0
PPAT,2
TMEM120A,0
HPX,1
BCAT1,2
KIF9,4
CA14,0
MCOLN3,0
PIH1D2,4
DHTKD1,5
SLC35F5,0
FRMD5,0
BTN2A1,0
GPR156,3
ANO7,7
nsp1ab,7
KRTAP5-7,4
MIR29B2,7
MIR122,7
MIR140,7
GNAZ,0
PDE4D,3
DUSP10,2
SNX4,0
MBD3L1,4
TLR9,2
ASUN,6
RALYL,7
NR1H2,6
NPDC1,4
INPP5K,4
GMPPB,2
SGK1,3
RSU1,2
ZAP70,2
PAN3,7
RRM2B,0
PLN,0
CD47,0
ASIC1,0
HMGCL,5
NEU1,0
NIT1,5
NR0B2,6
CRP,0
CYBA,0
CTNNAL1,0
MYOZ3,4
NLK,6
ESRRG,6
IREB2,2
WT1,4
PMP22,0
OSMR,0
HERC3,0
FANCM,6
PSD3,0
ND5,5
SIRT5,5
AICDA,7
FBXO21,0
PCDH20,0
RNF187,2
ANKRD13D,0
TRIM44,4
CFAP97,3
AGTPBP1,3
CEMIP,0
APOBEC3F,7
SLC25A15,0
PDXK,2
LYPLA1,5
XXYLT1,0
SEPN1,0
SLC25A32,5
ANKRD39,2
PTGIR,0
NFATC2IP,6
PPP1R16B,4
CHRNB4,0
CDKL2,7
SLC17A5,0
AMACR,5
ZNF292,6
ATP5E,5
LRFN4,4
RALGAPB,0
ME1,2
TBCE,2
TMEM79,0
ZNFX1,3
KIF18B,6
ORMDL2,0
LCE1D,4
MIR9-3,7
BAGE2,0
COG5,0
ADAM17,0
PRKAG2,4
MALT1,2
NECAP2,3
UBL7,2
GINS4,6
FAM46B,4
DSTYK,0
FIBP,0
LTA4H,2
MYH4,4
CLN5,0
SMAP1,2
CLP1,6
CDK17,3
GRIN2A,0
ERN1,0
CTDSP2,0
SOX10,6
CAMKK2,3
ARHGEF40,3
PDDC1,3
ATF7,6
NPHP4,3
PTPRM,0
FNBP4,7
USP12,6
FRG1,6
KDM3A,6
NUDCD1,2
DCAF16,6
UVRAG,3
MTM1,2
HIST1H3B,6
COX1,0
AFF1,6
UBP1,6
DUSP7,0
INTS9,6
IVD,5
GEMIN8,7
CORO7,3
HACE1,9
VPS13D,0
ZNF696,4
ARHGAP19,3
CTDSPL2,6
CHD2,6
ARAP3,3
AKR1A1,2
MTMR3,3
LRIG3,0
OCA2,2
ISOC2,2
C1orf112,0
THUMPD1,2
RCCD1,3
ARHGAP12,3
EMP3,0
TSPAN2,0
DEFA5,0
CA6,0
MTFR1L,3
EVA1B,0
RRP36,7
ANGEL1,7
IGJ,1
LPPR2,0
GLT8D1,0
Tuba3a,2
TMEM80,0
CCAT1,7
ZNF835,4
SCN2A,0
AGBL4,3
CDHR4,0
FIBIN,0
MAP2K4,2
TDG,6
EVL,3
DCTPP1,2
RFX3,6
COX17,5
FOSL1,6
MTMR9,4
FAM214B,4
CWC25,7
C6orf165,4
GNPDA1,2
ATP7B,0
RAPH1,3
RNF167,0
BCAR3,4
PREX1,2
C6orf211,2
MED11,6
PPP1R12B,2
E2F3,6
ADCY6,0
EFNA2,0
IFNAR1,0
KCTD15,4
DAGLB,0
CHRND,0
CDH23,0
CHMP3,1
ESRRA,6
DOCK9,3
GCM1,6
MPST,2
DHX33,7
LRIG1,0
THAP3,7
IRF2BPL,6
FOXL2,7
ETV4,6
vpu,0
MARCH8,0
INTS8,0
KRT80,4
ARMC1,2
MYT1L,6
PDE4B,2
AQP2,0
CTU2,3
TRIM16,2
WDR45B,4
GPD1L,0
GFPT2,0
BCKDHB,5
ZNF185,1
CYBRD1,0
CCDC107,0
OSTC,0
THTPA,0
PPIP5K2,3
PDZD11,3
ZDBF2,6
DPYSL5,2
KIAA1468,0
SLC25A20,0
C1QTNF7,0
SRFBP1,7
FOXRED1,5
CLDN19,0
VWDE,0
ZNF503,6
BFSP2,4
LCE2A,4
ZNF317,7
FMN2,0
C1orf106,3
JPH4,3
ZBTB42,4
TSPYL6,4
P2RX2,0
IDUA,0
LCE1E,4
TNFSF18,0
MIR138-1,7
PDZK1,0
ZNF174,6
SLBP,7
BNIP3L,0
ZBTB7B,4
FAM50B,4
LPXN,3
MAD2L1BP,4
C20orf195,4
DDI1,2
DLGAP5,2
TAB3,2
TSC22D3,3
UBE2Z,4
POLB,6
CRTC2,3
KRT85,4
ELOVL1,0
UFC1,2
AK1,2
RAD52,2
SLIT2,0
TWIST1,6
IRF1,6
ADH5,2
TDGF1,0
MYL9,2
DOCK2,4
FZD6,0
CASP7,2
NLGN2,0
DOK4,6
UBE2R2,2
TACR1,0
CNOT4,3
PAIP2,7
TBXA2R,0
EVA1C,0
LTBP4,0
USP3,6
ING2,6
SURF2,7
TMCO3,0
VPS41,3
NDUFB6,5
KDM4C,2
CRTC3,3
ASH1L,3
PUSL1,3
Cep135,3
MOB1B,3
GNPTAB,0
CRELD2,0
SEP15,0
ARRDC1,4
RPS26P11,7
DESI1,2
MAPK4,2
ABCG1,9
SH3PXD2B,3
FBRSL1,6
ANKMY2,2
TMEM14C,0
RELT,0
LRCH1,3
CDKL3,4
SNX21,0
SH3BGRL3,5
LPAR3,0
SULT1A1,2
FIGNL1,3
CDS1,0
TENM3,0
FSTL1,1
STK10,0
CD83,0
COLGALT2,0
ABHD14A,0
CARKD,4
LCE3C,4
HSPA12B,3
TSPAN33,0
ZFP62,7
NUS1,0
MAN1A1,0
SERPINB7,1
GPR55,0
LPAR6,0
SUCO,0
LOC101929876,7
C14orf119,4
Bag2,2
CMTM8,0
CCDC125,4
LCN6,0
DPH1,3
FCHSD2,4
SDPR,7
C19orf43,7
SCAND1,4
GPX7,2
FRYL,3
MMS22L,6
CD151,0
DCC,7
LIPG,0
VPS37B,4
SCNN1A,0
PCLO,6
RLF,6
NDFIP2,0
IL27RA,0
CCNL1,7
POLR3F,6
SLC9A4,0
GC,1
CRCT1,4
ABCB8,0
PIM1,6
TNKS2,3
ARHGAP26,3
CHML,0
HLA-DRB3,0
SIKE1,3
ORM1,1
GJB2,0
EPC2,6
RPL3L,7
KRT79,4
ARHGAP23,7
RBFA,5
ZNF184,7
ENDOG,5
IDH3G,5
ACOT8,2
ZCCHC7,7
ARHGAP22,3
PRPF39,7
MVB12A,4
ALDH5A1,2
POMP,2
PHRF1,6
KDM4B,2
CADPS,4
WDR55,7
SNX33,3
MYH7B,2
KLHL14,3
TUBAL3,2
AIG1,0
ABHD11,5
CSGALNACT1,1
PIEZO1,0
ZNF280C,6
SLC39A1,0
PLLP,0
C17orf75,0
CIB3,4
PNMA5,4
ZBTB44,6
ZNF550,1
TMEM115,0
TRIML2,4
WRB,0
SLC25A14,0
SCD5,0
THRSP,6
MAGEB10,7
FZD10,0
TPCN2,0
MILR1,2
INPP5E,3
MFSD6,0
nsp8ab,7
KRTAP5-3,4
KRTAP5-11,4
LEF1,6
TUFT1,3
PEX16,0
ZBTB32,4
CINP,4
BAZ2B,6
CCDC130,4
ZMIZ2,6
ZSCAN20,1
DUSP12,2
DPEP1,0
HCLS1,6
MMP14,0
CFLAR,2
RUNX3,6
PPP2R2C,2
MLNR,0
MPC2,0
PTPN7,2
MAL2,0
SEMA6A,0
SLC6A1,0
MAPK12,2
BCHE,0
DYSF,4
LYST,3
PLAGL2,4
PELI1,6
OSBPL10,0
SSU72,2
KDM1B,6
SLX4IP,6
SLC4A4,0
Set,6
MFGE8,0
MYH1,4
C1qbp,5
MEMO1,4
CCDC85A,3
TPRN,2
MANEA,0
TUSC3,0
ZC3H7B,7
PRCP,2
EOGT,0
CD320,0
TSC22D2,3
PSKH2,2
ELMO2,3
ALDH6A1,2
SIAE,0
TXNDC15,0
OIT3,0
NRBP2,2
TSPAN10,0
TXNDC16,0
VSX1,6
LRP12,0
ZDHHC13,0
TTC26,3
POMT1,0
RNASE7,1
CHST14,0
Psmb5,2
UNC93A,0
IFI27L1,7
ZNF648,4
LRRC55,0
NKAIN1,0
ID1,6
PHLDA1,4
PHKB,3
GPSM1,4
TCEB3B,1
BEGAIN,4
PDE9A,4
IKZF5,6
GLYCTK,4
ZNRD1,6
TRAK2,3
CCNA1,6
SMYD2,2
ACTR3B,2
EML3,3
CBWD2,0
ENSA,2
PAPSS2,2
LAD1,2
SLC4A8,0
TXNDC17,2
MKL2,6
HCN1,1
MTMR7,3
DNAJC6,3
MUS81,6
PLA2G4A,2
DPYSL4,2
SUMF2,5
TSPAN6,1
IFNGR2,0
MLH3,6
LAMA1,0
GDA,2
WNT5A,0
RGS3,4
SYNC,3
SGK3,2
GP5,0
EDAR,0
PITX2,4
APOA1BP,2
SPRED2,4
TBC1D7,3
DCXR,2
VPS36,3
ATAD2,6
HTATIP2,0
GPR56,0
UCK2,2
MRPL54,5
TBC1D1,4
AI837181,2
FAM110B,3
ZNF331,3
C1orf68,2
MSRB2,5
MR1,0
RAP2C,0
TTC5,2
GCLM,2
C10orf55,4
NAGA,0
KIAA1143,7
C12orf5,2
BSND,0
MAN2B1,0
CTSC,2
POTEJ,7
PCDH10,0
IFT122,3
ELOVL2,0
KRTAP10-11,4
CYB561,0
SLC44A3,0
FAM9C,3
FAM177A1,0
SLC25A16,0
PLEKHH3,0
CCDC102A,3
TMEM223,0
L2HGDH,1
TBC1D31,3
ANO10,0
GPR107,0
FAM111A,7
Flot1,2
ADAM21,0
MFSD9,0
MS4A13,0
PDE6D,1
MAGI3,3
MAPK8IP3,3
THRB,6
AP1S1,3
TROAP,3
PARD6A,3
RUNDC3A,4
HSBP1,3
TCL1A,4
SERP2,0
TPRKB,2
AP1M2,3
NSL1,6
EXT1,0
HTR1B,0
EPS8L2,1
HLA-DMB,0
BCAP29,0
CNPY2,2
SUPT4H1,6
RRAS,3
SH3D19,3
FBXL12,2
PRSS23,0
PSKH1,7
XRCC6BP1,4
C1QA,0
PTTG1,2
MYOG,4
ERCC5,6
SHC3,4
KIR2DL3,0
NXF2,3
FGF3,7
CP,1
UBE2Q1,2
TRAPPC11,4
ZNF397,4
KMT2E,6
MUT,5
NOXA1,4
PCSK6,0
PRRC1,2
CSNK1A1L,3
CNOT6,3
DMXL1,0
IER3IP1,0
DECR2,0
ZC2HC1A,3
STARD3NL,0
ADAMTS4,0
CHSY1,0
SLC43A2,0
PROSER2,3
SLC37A4,1
C1orf131,7
HIC2,6
PCDHGC3,0
IMPAD1,0
CXorf57,2
NEK8,2
Hoxa1,4
SMOC1,0
SLC9A8,0
CTNNA2,0
RAB23,0
LRRN4CL,0
JMJD4,3
SENP5,3
GGPS1,4
SMCO4,0
EMP1,0
KRTAP12-1,4
TARSL2,3
HDHD1,3
ZNF771,7
TAMM41,0
RASSF10,4
ATL1,0
Rcc1,6
PCDHGA5,0
VWCE,4
PMEL,0
RHCG,0
NPY2R,0
TSPO2,0
KRTAP5-4,4
F11R,0
CCNT2,6
CCDC185,4
RAD54B,4
KRT20,4
BAHD1,4
DEF6,4
RXRB,6
MAGEB4,4
RRAGA,0
CAV3,0
HNF1A,6
TOR1B,0
KDM4A,6
LYPLA2,2
ORMDL3,0
METTL18,2
SYNM,3
GLI2,6
ICAM5,0
PTTG1IP,0
ARHGEF4,3
HMGN3,6
CLIC3,4
UPK1B,0
NTSR1,0
GCH1,3
FBXO5,3
CDC26,3
PRSS3,2
ZNF143,6
USP46,2
RNF220,9
LONP2,3
ACTR8,6
ADNP2,6
PROP1,4
CRYBB3,3
EEFSEC,7
TUBGCP5,3
HIST1H4L,6
SIK1,3
Ybx1,7
Taf15,7
CEP295,3
GNG2,0
DAAM1,0
HN1L,2
HMCES,3
HIST1H2BE,6
SCML1,6
PM20D2,4
B4GALT5,0
FLYWCH2,2
RNPEP,2
TBC1D9,0
KCNB2,0
GCFC2,7
ECHDC1,2
DNAJC12,2
ZNF830,7
UQCR10,5
SLC38A5,0
ZNF792,4
TMEM230,0
JAZF1,6
KLHL34,3
TRIM4,3
MSTO1,2
ALG8,0
BMP10,0
ZNF572,4
SLC22A23,0
ZSCAN12,1
ANKRD36B,4
ULBP3,0
OAF,0
NDUFA11,5
Cdc26,3
VWC2,4
nsp2ab,7
KRTAP5-2,4
GSC2,4
SLC22A14,0
ARHGEF10L,7
IFT88,3
NGFR,4
ARHGAP5,0
PIKFYVE,3
RNF34,4
UBXN11,4
CRACR2A,4
MLX,4
MAGEA4,4
DNAJB3,2
FBXL18,4
USP18,2
TSEN15,4
AGGF1,3
SEC24D,2
SULT2B1,1
PPP1R16A,4
KIAA0907,1
RAD9A,6
TIMM8B,5
MX1,4
CCL5,1
ITGAM,0
MCM8,3
EME1,6
DCK,6
STK40,3
TAX1BP3,3
PCDHA4,0
APBA3,3
AMPH,3
PIGA,0
ELP4,3
FBN2,0
STATH,1
CABP2,4
FBXW4,2
AMER1,3
CETN1,3
FBXO17,2
DCBLD2,0
NTMT1,2
POLK,6
ASB7,2
MIS18BP1,6
ZNF593,7
NR1D2,4
FREM2,0
NRP2,0
KRT73,4
CTC1,3
ZNF124,4
MARCH6,0
MINOS1,5
GTPBP2,7
HIST1H2BI,6
DUSP28,2
GLCE,0
FAM160B1,0
ACSF3,5
TMSB10,2
FERMT3,2
KRT24,4
Yap1,3
MRPL34,5
BHLHB9,4
SCAI,6
ULK3,2
BLVRB,2
GPR50,0
PIM3,2
CROCC,3
SVOP,0
OTUD3,6
GALNT18,0
GRPR,0
RIBC1,3
C1QTNF2,4
CCDC114,3
SPG11,3
GALNT10,0
EMC10,0
PSG11,3
SEC11C,0
ABHD17B,0
P2RY12,0
MYH6,3
Ufl1,3
PCDHGB4,0
NAA11,3
KRT39,4
SPDYE4,6
PFKFB2,2
KCNA4,0
ITGB2,1
NCOA4,2
NUBP1,2
KIAA0408,4
KRT81,4
CEBPG,6
NOL4,6
THG1L,5
EIF5A2,2
ELAVL3,7
SLC22A6,0
ERCC1,6
PPP1R12C,3
S100A3,1
APH1A,0
CNTN1,0
L1CAM,0
DOCK1,3
SUPT3H,6
LAMA3,0
GRIA2,0
CARHSP1,2
MMP2,0
TEC,2
GP1BB,0
IL1R2,0
ROPN1,4
EBF2,1
GCAT,5
SCIN,2
TST,2
EXO1,6
USP49,6
KLHL24,4
ATXN7L2,6
EVI5,3
C14orf80,3
TAOK1,3
ZBTB3,6
DLC1,2
CENPN,7
KCTD2,7
COL4A5,0
TNNC2,4
TMEM159,0
ATP6V0D2,0
ZDHHC6,0
PGM2,2
ZNF483,4
ICK,2
COMMD6,3
STK17B,0
GATC,5
MAN2A1,0
CCDC167,0
FAM171B,0
TBC1D23,4
SYCE3,3
LCE3E,4
EDDM3B,0
CCNYL1,1
LRFN3,0
PABPC4L,7
LIME1,0
PTX3,5
SLC35A1,0
ZNF445,7
ATP1B4,0
EXTL2,0
PTGR2,1
Sec24c,3
Vps4b,0
FOXD4,5
SLC9A7,0
CERS3,1
KIAA1644,0
SMIM1,0
CTXN3,0
FLI1,6
AP1S2,3
PACSIN1,3
C10orf12,6
YY1AP1,6
BBS2,3
GCSH,2
ZBTB5,6
MVK,2
CASP9,2
FNBP1L,3
RPP25,7
MAP2K6,2
KCNA5,0
PLAT,0
CTSH,1
DIAPH2,3
DFNA5,0
PLEKHM1,3
CD3E,0
PTGFRN,0
TJAP1,0
BIRC7,4
B4GALT1,0
PPM1D,6
LAPTM5,0
ZNF195,3
BST2,0
HIST1H4B,6
POTEKP,7
MEGF8,0
WDR34,3
Nup98,6
RBAK,4
COX6A1,5
SHBG,2
ZFYVE1,5
LPCAT4,0
ADIPOR1,0
CREB3L3,0
VPS39,3
CHPF,0
P2RX6,1
BDH1,0
MYL1,2
TMEM248,0
WNK3,3
FAM9A,4
MACROD1,6
ABCC5,0
CTSZ,4
YIPF1,0
GNB1L,2
GPR98,0
PHOSPHO1,2
MINPP1,0
C7orf55,5
SLC16A2,0
ZFP41,0
LDLRAD4,0
SEMA3C,0
NSUN5P1,3
SLC35E4,0
C7orf76,2
POLE2,4
MVD,2
RIPK3,2
MAST2,3
Ppp2ca,3
MIEF1,0
TRAPPC6A,4
WDR25,4
HDHD3,2
SNAP25,0
PI4KB,3
KPTN,3
HSP90AA2P,2
INPP5D,2
GRIN1,0
MKL1,6
MAP3K11,3
SLC6A3,0
CHRAC1,6
CHM,0
CCDC106,6
RUFY3,3
SEL1L3,0
DMBT1,1
ITGB3,2
C1D,7
COL4A2,0
MAPK15,2
HELZ2,7
CIZ1,6
RAB33B,0
EXPH5,3
HRG,1
SCRN1,2
NEO1,0
JADE3,6
JOSD1,4
FAN1,6
TTLL5,3
ZNF92,7
TBC1D25,3
ZNF516,6
vif,2
SARM1,0
PRDM5,7
MBTD1,6
NUTM1,4
SLC25A31,4
HIST1H4K,6
RPS10P5,7
BPIFB1,1
NSMCE4A,6
IFIH1,3
AFTPH,3
MAGEL2,2
GFOD1,3
ALKBH5,7
C2CD2,0
ALDH1A3,1
SPPL3,0
FAM73A,0
ACAP2,2
CACNG4,0
EPN3,3
SACS,2
COMMD5,3
SH3RF3,3
CHRNA5,0
TRAPPC1,4
C11orf84,2
ANKS6,0
RNASEH2B,2
SELK,0
MAN1A2,0
DOPEY2,0
SQLE,0
ZSCAN26,4
TMEM245,0
FAM195B,7
LY6H,0
TMEM140,0
POMT2,0
PRR4,1
ARL5B,0
TVP23C,0
AKR1C2,2
SLC6A6,0
SLC44A2,0
UGT1A7,0
LIPH,0
CYP24A1,5
Flot2,2
GML,0
FAM168B,4
TMEM42,0
PRSS8,0
FAM24B,2
CRLF2,0
ATF1,6
ARVCF,0
MAF,2
NFYB,6
IFFO1,3
RAB3IL1,4
ARHGEF39,3
CDK5R1,4
HDDC3,4
EIF2D,7
TFE3,6
NUB1,2
TICAM1,2
EFNB3,0
KIF3B,3
WDR7,0
MLLT10,6
GBP2,2
COQ6,5
GDF9,4
ZNF410,4
SLC1A6,0
SPINT1,0
NPPA,1
ASGR1,0
KRT72,4
TADA1,6
USP43,3
ICE1,6
DNAJC4,5
KLHDC10,2
TRAPPC12,4
FBXO30,2
MYSM1,6
ANXA4,2
HIST1H4C,6
ACO1,2
GPATCH11,7
AIF1L,0
MPO,1
CPM,2
ACOT13,2
ENTPD6,0
MOXD1,0
NXPH3,0
PITPNB,2
CRYL1,3
AMD1,0
HEATR5B,3
TEX35,6
DUSP26,3
ZFYVE19,2
RPE,2
C11orf87,4
TATDN1,2
TRPM4,0
LHX6,6
SLC9A9,0
ZDHHC9,0
EXOG,0
ST3GAL4,0
ITLN2,1
ITLN1,0
TTC30B,3
SLITRK5,0
TMLHE,5
PCDHGB5,0
LYPD1,0
INSL5,0
ADAMTS7,0
GPR37L1,0
CSTL1,0
EGR1,6
ZNHIT3,7
MAPK10,2
RNF216,2
PLCB1,0
AP4E1,0
SPATC1L,4
ZNF496,6
TMEM222,0
FRMD6,3
LINGO1,0
TRIM2,4
TXNRD2,5
MLKL,2
JPH3,7
TAF11,6
GTF2H3,6
CCDC92,2
SEPT3,2
NR2F1,6
ICAM2,0
EEF2K,2
IRF8,6
PTPN18,2
PPP1R3A,2
ERO1LB,0
N4BP3,3
PTPRN2,0
KIAA0101,6
TWISTNB,6
TTI2,0
BRWD1,2
KIAA0226,4
KIF26B,0
CCDC97,7
HOXC9,6
Ddb1,2
KIAA1551,6
ZNHIT1,6
RASL10B,5
DPP8,3
C12orf43,7
GAS2L2,4
RAB39B,0
COL1A2,2
DUS3L,2
MPV17,5
SNX12,2
PTGR1,2
ALDH1A1,1
TIMM21,0
IGHG3,1
SPATA20,5
RECK,4
PLEKHN1,4
C1orf189,7
ZNF524,4
LYG2,1
RSAD1,5
ALG10,0
PCDHB11,0
SLC17A2,0
VSTM1,0
ARMC12,2
ARHGEF19,7
RNF148,2
TPRX2P,6
CSF1R,0
ITGA1,0
NFU1,5
COL4A3BP,0
PRR13,4
HOXB6,4
KCTD13,2
ZNF426,4
SYT17,4
TFDP2,6
CHFR,6
EIF1B,7
NTHL1,6
ARHGEF17,3
SASH1,3
Pparg,6
TSEN2,4
LIN7A,3
LSM11,7
COL5A1,0
PLTP,0
SNAP91,3
FAM195A,7
WASF3,3
BET1L,0
FXN,5
TLN2,2
IFT172,3
RRAGB,0
BCAM,0
PPIP5K1,3
RNF125,4
ZSCAN1,6
FOXN3,1
PYGO2,6
SPSB2,0
TTC33,7
Sgol2,3
C1orf52,6
MASTL,6
DOCK3,3
Mdm2,7
MAP9,7
AHI1,3
CGGBP1,4
SGPP1,0
BOLA2B,4
TRIM50,4
WBSCR22,7
COX3,1
DIS3L,7
FAM19A4,0
CST2,1
NDST1,0
EHBP1L1,0
GUK1,5
UBE3B,0
KIF18A,6
LMF1,0
ACSM5,5
SPANXN4,2
GYPB,0
RIPPLY1,4
GDPD5,0
ZNF507,3
XYLT2,0
PSMG4,5
FAR2,0
SLC35A5,0
TMEM39A,0
SFXN5,0
NHSL1,3
C1orf226,0
OXLD1,5
PGK2,2
PNLIPRP1,0
TMEM208,0
TYW3,3
METRNL,0
GOLGA6A,4
Brwd3,5
Max,6
GJB7,0
ADAM30,0
DEF8,3
SLC44A4,0
KLRB1,0
TRGV3,0
APLP1,4
CDK10,2
MYH13,3
RCBTB2,3
ZFP64,6
TREX2,1
TREX1,0
SFMBT1,6
NAA25,2
PDCD7,7
UBD,2
PMEPA1,1
VEGFA,6
SCMH1,6
FAM219A,0
FBXO34,4
SELT,0
WIPI1,5
CRIP1,2
PTPRE,0
SKAP2,4
FBLN2,4
SMO,0
Bub1,3
P2RX4,0
MS4A1,0
AP4M1,0
GMEB2,6
FOXF2,6
CEBPD,6
ANKRD44,3
TRIM38,4
EMILIN3,0
IFT140,3
CEP95,3
TRIM22,6
SCOC,3
SRXN1,2
Prpf8,7
Snw1,7
Cep72,3
Nup107,6
RAB31,0
BATF3,6
DHRS3,0
TMEM65,0
GAS2L1,2
MTFR2,0
FBXO10,3
RAB39A,0
HTR6,0
FAM127A,0
TMA7,7
C9orf41,4
LYRM7,5
GALE,2
TRNT1,2
OGFOD1,2
FAM154A,4
TMEM242,0
MTHFR,0
ALKBH3,2
RTP5,4
DOLK,0
UTP14C,4
ZNF169,7
COX20,0
MARC2,0
ENTPD7,0
KDELR3,0
SERINC2,0
MYPOP,4
PCDHA8,0
ANKRD34A,3
SLC13A1,0
CCDC13,4
PLD5,1
CDKN3,2
NPC2,0
SMIM3,0
TNNI1,4
ZNF232,4
NCALD,4
GMPPA,2
TDRD7,3
SERPINE2,0
NAP1L5,4
ITK,2
ARHGAP27,5
ZNF653,7
CD226,0
PLCD1,1
CARD8,6
NOS3,4
OTX2,6
ZBTB18,2
HES1,6
LGI1,0
ROBO2,0
ANXA3,1
CKMT2,7
SERPINB9,2
SPARC,2
NR1H3,6
TAF8,6
IRAK2,1
BEX1,4
TSPAN4,4
PKLR,2
TGFBRAP1,3
PTPN22,3
CASP8AP2,6
TAOK3,0
SERPINB6,2
SPN,0
DNAJC14,0
DUSP5,7
C1GALT1,0
OTUD5,2
JADE2,6
USP9Y,3
PARS2,5
KIAA1191,3
ZSCAN18,4
ZNF212,4
MFN1,0
TSPYL5,7
ZNF121,7
ANXA8,1
SPRR1B,6
DOCK11,3
ADAMTS2,0
NOMO2,0
PSRC1,3
ARRDC2,2
TSTA3,2
CLEC7A,0
CASKIN2,0
ANKRD27,0
TRIM10,4
GJC1,0
GSS,2
CCDC43,2
KLHL7,6
NHS,3
ZNF316,6
MDP1,2
CHST10,0
ZNF518A,6
RGPD3,3
RIC3,0
SPATA24,4
ELP6,3
Ruvbl2,6
BCL9L,6
SMYD1,4
UQCC2,5
ABCC6,2
OSGIN1,4
ZFYVE26,4
ADAMTS12,0
FGFRL1,0
RDH14,0
ALG3,0
NHSL2,3
FAHD2A,2
HPS5,3
COL12A1,0
Eif3i,7
FOXI2,6
LOC102724594,7
PPM1M,3
FRMD1,1
ZNF669,4
SLC14A1,0
TEX19,6
KCNMB3,0
IGFBP3,6
ETS2,6
SIVA1,4
RFX5,6
GKAP1,3
PLAU,0
SERPINE1,2
SMAD6,6
EPM2A,2
RYR2,2
STC2,0
HBZ,4
PBDC1,2
PTPN4,3
PPEF1,2
POU2AF1,4
UNG,6
KCNJ8,0
CELF2,7
SAA1,7
PELI2,3
PRMT7,6
TCEAL4,2
TUT1,7
BTBD9,2
PAGR1,6
TIMM17B,0
ACTR6,6
RGPD1,6
TRIM43,5
TRIM47,4
MARCH3,0
Samm50,2
CGNL1,3
SNAI2,6
INTS10,6
RMDN1,2
KIF21B,3
MIP,0
NELL2,0
CAMK1D,1
Ndc80,3
WDR60,3
TRIAP1,5
LDHC,2
TSPAN31,0
USB1,7
TMTC4,0
ARSB,0
LZTFL1,3
DOLPP1,0
NAPB,0
TBC1D8,0
ATP1A2,0
TMCC3,0
C16orf70,1
PAIP2B,7
SUSD3,1
UQCR11,7
PLBD2,2
CDA,4
IFT22,3
TMEM107,0
CRAT,5
HKDC1,0
GPR126,0
LHX8,6
UCKL1,3
KRTAP12-4,4
SLC23A1,4
SLC39A13,0
CT55,4
NDRG4,0
TEKT5,4
C5orf24,6
IL17RC,0
PPWD1,7
CNTNAP3B,0
SUMF1,0
TMEM59L,0
MGAT2,0
NEDD8-MDP1,4
ARHGAP25,3
C11orf98,7
PCDHA12,0
KIF2B,3
CLEC3A,7
ZIM2,4
THSD4,0
SLC5A8,0
GPR151,0
BCL3,6
MITF,6
SHANK2,3
PKD1,0
CYTH1,3
BBS4,3
IL1RAP,0
C11orf54,2
PHPT1,2
MAPK1IP1L,4
SSBP4,6
TRAF3IP2,2
GAGE5,7
DHRS1,4
RHPN1,4
GINS2,2
RSPH14,4
CKS2,2
HEY2,4
PLSCR3,4
ISG20L2,7
ELF3,6
RNPC3,7
PACS1,0
PNISR,7
SEPT5,2
MKNK2,2
MYLIP,4
FBLIM1,6
SPI1,6
CPNE4,9
ETHE1,2
BORA,3
C1orf174,6
PSG1,0
GFRA1,2
PRKCQ,2
KCNAB2,2
MAP3K6,3
CKM,2
NDOR1,4
TNFRSF19,1
OSBPL5,0
SPRED1,4
LGMN,0
SH3RF2,4
FOXA3,6
HSF4,4
OGFR,2
CAMK4,3
AKR1B10,1
MIIP,4
NUAK2,3
LIN52,6
Shoc2,3
ZFP1,4
CUTA,2
DBI,2
CADM4,0
NT5DC3,2
MCM9,6
BDP1,6
FA2H,0
LRP3,0
RITA1,2
TMEM126B,5
PARVG,4
MPI,2
NAPRT,2
PMM2,2
SDK2,0
RPS6KL1,2
METAP1,4
ZNF189,7
EGFL8,1
COCH,0
ASB14,0
ANKRD49,3
KLHL40,6
C21orf2,3
TAPT1,0
RBMS3,5
UPK3BL,0
TSR3,3
ALOXE3,1
INTU,2
SERPINC1,1
GYLTL1B,0
FUK,3
C1QTNF9B,0
GABRE,0
SLC25A40,0
SNX29,0
Lgals3bp,3
Cct4,2
Tpx2,6
ART5,0
SLC13A3,0
PPAPDC1A,0
DUOXA2,0
PAM,0
UNC13B,3
TCAP,4
RPGR,2
N4BP1,3
ZBTB25,4
ACY1,2
TEX37,4
RADIL,3
SEPT1,4
APIP,1
TBC1D17,0
METTL1,2
SEMA4G,0
MXI1,4
C9orf163,3
CASP10,2
SYNJ2,3
RAD51C,0
GNA12,2
GTF2H2,6
SNRNP48,7
ZMAT5,4
BLOC1S1,3
CASP2,2
CABLES1,0
SERPING1,1
NR1I2,6
EID1,6
ARAP1,2
HN1,2
HGH1,2
MAPK8IP1,3
BFSP1,3
PPP2R3A,3
CCNG1,4
CEBPE,6
MAPKAPK5,3
KLK3,0
VNN2,0
P2RY1,0
Tnpo1,5
SLC6A5,0
PDK4,2
PRKD3,2
CHMP1B,2
RNF139,0
TRIM72,3
TRIM15,2
WDR45,3
MKX,6
ATP8,0
CDCA4,4
ZNF490,4
WDR5B,2
TMEM55A,0
PCDH9,0
HIST1H4J,6
PARP12,7
CASC4,0
Nhp2l1,7
Fgfr1op,3
DPEP2,0
CLCN2,1
IMPACT,3
RNASEH1,7
CCNY,0
LDHAL6A,2
IFI6,7
GRAMD3,0
RELL2,0
LAPTM4B,0
FUCA2,4
MYH3,4
BROX,2
CAPNS2,1
VWA5A,4
CAMKK1,3
LSMEM2,0
GON4L,6
TMEM177,5
LDHAL6B,2
MRPL33,5
HS1BP3,6
TP53I11,0
SLC22A16,0
Dync1li1,3
SYPL1,0
EXOC6B,0
NKG7,0
FAIM,4
LGALS14,4
NEU2,1
ST8SIA5,0
BPHL,1
MAGEA10,6
SUSD4,0
NAA35,2
CCRN4L,0
A4GNT,0
GTF2H2C,6
GPR173,0
ZNF865,3
IQCF1,0
UNC50,0
OXER1,4
PCDHAC2,0
CMTM7,0
TMEM86A,0
RGL3,3
ID3,4
RAP1GAP,3
PARP4,6
RGS17,4
CECR2,6
C6orf47,0
ZNF165,4
HSD17B14,6
AEBP2,6
CENPO,7
FAM124A,4
PIDD1,6
RMND5B,5
SLC35A2,0
MIF4GD,4
SERTAD3,4
IP6K1,0
TNFAIP8L1,7
FGF2,0
CASP4,2
DEAF1,6
STARD13,3
RAD1,6
XBP1,6
DSCC1,3
SPTBN4,1
LIFR,0
EDNRA,0
VAV3,2
CPE,0
KATNBL1,4
LDHD,5
DPM2,0
RASSF5,3
SH2D2A,4
FRK,2
TEP1,3
NKX3-1,6
SLC6A4,0
DYNC2LI1,3
TSPO,0
IGFBP6,4
CTTNBP2,3
SH3BP1,2
IRF5,2
MAPKAPK3,2
PTAFR,0
IL1B,2
KRT84,4
ZNRF2,4
KIAA1328,4
SIMC1,6
TTPA,0
KLHL21,4
SCFD2,0
ZNF787,7
DDAH1,2
C22orf39,4
CENPP,4
UHMK1,3
C16orf87,6
FOPNL,3
DPY19L4,0
PHLDB1,3
RAB40C,2
FAM188A,2
MITD1,2
SLC51A,0
TRIB2,2
MYO3B,2
CLIP4,4
MND1,3
DIRAS2,2
TIMM9,5
MSLN,0
TXK,4
AEN,4
CD160,0
JRK,4
CYHR1,4
B3GALT6,0
LTB4R2,0
GPALPP1,7
PATE1,0
TMUB2,0
CNKSR3,3
ZNF34,4
WDR54,3
CD99L2,0
SPRYD4,5
IGHG4,1
COQ3,5
SLC1A4,0
CHSY3,0
SFT2D2,0
KIAA1109,0
Fus,7
PRG3,0
HAPLN2,4
DKK2,1
ORF4a,7
SLC9C2,2
ANK1,0
DLG2,0
CADM1,0
CYTH2,3
TLR3,2
UPF3A,7
PRKG1,4
ZHX3,6
ARHGEF15,2
ZBTB43,4
MFSD3,0
IFT27,3
ELF5,6
CBFA2T2,6
VIPAS39,3
C1QTNF1,0
DERA,2
PCBD2,6
RALGPS2,3
PARD3B,3
ZMIZ1,6
GAD2,0
RPP40,7
KNG1,1
GRM1,2
WIPF2,3
GNB3,0
FAM134A,0
PDCD2,0
SOS2,2
PRF1,0
RCAN1,3
PTGS2,0
HR,4
IL2RA,0
TCL1B,6
IL1RN,1
AVPI1,4
HIST2H2AA4,6
SPRYD7,4
PTS,4
BRWD3,6
PPP2R3C,3
ZNF324,4
SRGAP3,3
CDK2AP2,6
PNPO,2
LRP11,0
SMARCAL1,3
MLLT11,2
PTGER4,0
INIP,6
MSMB,0
MRI1,2
SNX8,2
PHKA1,3
FOXD4L6,3
DPH2,4
BTNL8,0
LAMTOR4,0
NACC2,3
MTMR12,3
NPC1L1,0
SLC29A2,0
LAIR2,0
C4orf26,0
PGAP2,0
HPS3,3
RFTN1,0
ATP8B2,0
KIAA1919,0
RFPL4B,6
TEX29,0
GDF11,0
GPR89B,0
SFRP4,3
TMPRSS5,0
TMEM243,0
GPRIN3,0
DIRC2,0
KRTAP1-5,4
TMEM254,0
C14orf180,0
LOC100507537,0
KRTAP17-1,4
OR10H1,0
TRAV20,0
SLC24A3,0
SLC46A2,0
RNF25,4
HES6,3
ZBTB17,6
ORC6,6
GNB5,2
MYOZ1,4
ZC3H12A,1
CCDC174,3
SMUG1,4
ARHGAP9,4
NXT2,4
LCP2,4
ISCU,4
PIK3C2B,3
VCAN,0
CLK4,7
AKAP7,7
AMIGO2,0
TOB1,3
DPP3,2
FRA10AC1,7
CAAP1,7
ABCD4,0
MYCL,6
FCGR2A,2
FCGR1A,0
PRAM1,4
FBXL5,2
ITGAD,1
MUC13,0
PEX11B,0
CD14,0
RUFY2,0
PCBP4,4
NR4A3,4
CFB,1
SIPA1,2
PDZRN3,3
SEC61A2,0
RNF32,4
ASB2,2
ARHGAP31,0
MED12L,6
TSSK6,2
NLRP2,3
HIST2H4B,6
Cdc16,3
MZT1,3
SLC2A3,0
PAPD4,7
AGMAT,5
GBP1,2
PCP4,1
RIC8B,3
COMMD10,3
CASZ1,6
MARS2,5
PPT2,0
KIAA1211,2
CEP83,3
TMEM45B,0
ALDH1A2,3
SMPDL3B,0
RDH12,1
IFNLR1,0
TMEM150A,0
C16orf62,3
FKRP,0
GDPD1,1
MYH8,4
DHDH,3
SYDE2,3
SLC43A1,0
SLC46A3,0
PRSS16,1
Kifc1,6
SLC22A17,0
TM4SF18,0
FAM19A2,0
UFSP1,4
E1,2
ORF8b,5
KRTAP19-1,4
KRTAP19-2,4
DGAT2L6,0
DNAJB13,3
LEUTX,0
GSX1,5
TMEM257,1
CACNA1C,4
UGCG,0
APBA2,3
KAZN,4
MOAP1,3
NUDT18,4
RBM41,4
ZSCAN32,4
PPFIBP2,3
STAC3,4
LOH12CR1,3
ZFAND2B,2
SNAPC5,4
TNFRSF10D,0
MYH2,3
BIN3,4
CD82,0
RTN2,0
RPP14,7
GABBR1,0
PIP5K1C,0
NDNL2,6
IL4R,0
RASSF7,3
GCA,1
F2,1
CCBL2,2
MAFF,6
PNPLA2,3
TPD52L1,2
TNFRSF13B,7
SH2B2,4
VAMP1,0
EYA1,1
HOXA10,6
INHBE,0
CYR61,0
THY1,0
MLXIPL,6
PARP14,2
LRR1,2
SLX1B,2
SSX2,6
GLTSCR1L,6
ZNF35,4
ANKZF1,2
GIMAP1,0
PHF20,6
GDAP1,0
HIST1H4H,2
OSBPL1A,3
Cep131,3
Cdc23,3
TUBA3E,2
NSMCE2,6
NDRG2,1
CRIP2,4
MPP2,3
CBR4,5
LIPA,2
C12orf49,0
MEX3D,3
SCLY,2
COMMD9,3
RAB3D,0
SGSH,0
C12orf57,2
DDHD2,0
RAB43,4
WASH3P,3
OPA3,5
DNASE2B,0
FGD6,3
ADK,2
INPP5F,0
SLCO4C1,0
SEC61G,7
MTSS1L,3
ZNF564,4
NUTM2F,4
IGFN1,4
FOXR1,6
DHX32,3
C6orf120,0
PKNOX2,4
MANEAL,0
CTSF,0
CA10,0
DHRS13,0
ENPP6,0
CCDC61,3
RBM20,6
TVP23B,0
HPSE,0
Osgep,7
SSC4D,4
TMEM258,0
TOMM6,0
METRN,0
GALNT9,1
DPPA3,3
nsp7ab,0
LCE3B,4
HOXC5,2
H1FOO,7
Htatsf1,7
TGFB1I1,2
KALRN,3
CDK14,3
GYG1,2
NAV2,3
C19orf57,4
RNF183,2
AKR1C3,2
PRKRIP1,7
IL36RN,1
ASB9,2
TLDC1,0
HHEX,4
ZC4H2,4
YIPF2,0
USF2,6
E2F7,6
MEST,0
TNK1,3
KSR2,2
STMN3,4
COL2A1,0
S100A13,2
KLF10,6
PITHD1,2
ODF2L,3
CBR3,2
APOM,0
GNG10,0
IL3RA,0
MAP3K13,2
KLRC2,0
MYOC,2
SP2,6
CCS,2
GLRB,0
RARG,6
ARHGDIB,1
SIX4,6
GULP1,3
ISL2,6
RAB27B,0
SSH2,2
PRKX,1
SSR2,0
IRAK4,1
TMCC2,4
Rrp1b,7
ATG2A,3
MYEOV2,2
FAM122B,3
UBE2J2,1
FBXO31,2
XIRP2,2
SESN2,3
FOSB,6
POFUT1,0
SAMD4A,4
Cct3,2
Cul3,2
KANK1,3
KIAA1107,3
GAS2L3,2
UAP1,2
DOK3,4
AUTS2,6
CC2D1B,6
KRT71,4
FAM64A,4
LRRC8D,0
GBA2,0
APOC3,0
KLHL10,2
TMEM139,0
SLC16A7,0
CARTPT,5
OGDHL,5
MOCS3,0
FAM63A,0
WDR90,3
CCNJL,3
LGALS9B,0
ARHGEF26,5
LRRC8C,0
SC5D,0
TBC1D24,0
FAM35A,6
CC2D2A,3
Kcnk1,0
CPEB2,7
HECTD4,3
LRRIQ1,0
TRMT5,5
MFAP5,0
CST8,0
C2CD4B,3
Nudt21,7
Tyr,4
WIPF1,4
PEX12,0
TLR4,2
TIFA,4
DPPA2,6
TMEM19,0
ASMTL,2
NDUFB1,5
RFX6,4
CUEDC2,2
ARL11,0
DOK1,2
RAD51B,3
TLR2,2
CBX7,6
EPS8L1,1
CYTH4,4
GHR,2
SNUPN,7
LAPTM4A,0
TIMP1,0
NET1,3
CFP,4
NEFH,1
FDX1,2
JAG1,0
SLC22A1,0
ADAM12,4
QDPR,2
RRN3,6
TGFBR3,0
TIRAP,2
BDNF,0
IMPA1,2
NFE2L1,6
PPM1E,5
COG8,0
REV3L,6
RNASEL,0
NCOA7,0
ZNF398,4
FGD1,0
PELI3,2
JARID2,6
SSNA1,3
TMEM203,0
DTYMK,2
CCDC88B,4
SENP6,6
HIST1H3J,6
ZC3HAV1L,2
ALDH1L2,5
NFATC3,3
Bub1b,3
Cep55,3
KIF24,3
Ect2,7
ZNF8,6
CDH13,0
CERS1,0
Psmb4,2
Itgb1,0
TMEM68,0
ZNF800,7
HDGFRP3,6
CAPN7,2
KCND3,2
PILRB,0
ORAI1,0
SVOPL,2
MTMR10,3
LRRC61,3
CLCN5,0
PCDHGB2,0
HEMGN,6
SEZ6L2,0
GIP,0
KRTAP13-1,4
FLVCR2,0
SLC25A30,0
FAM115C,0
TMEM184B,0
CERS5,0
PRSS50,0
SAMD11,4
RALGAPA2,0
ZNF497,4
C2CD3,3
ZDHHC20,0
MROH1,0
PCDHB7,0
FADS3,0
SFT2D1,0
nsp12ab,3
TMEM229B,0
ZNF474,4
FCN3,0
PPP1R15A,2
CNKSR1,3
GRIA1,0
PRTFDC1,4
FAM120B,2
RASD1,4
ZNF646,7
TEX9,3
WDR24,3
CTNNBIP1,4
PRR14,3
GLRX,2
ADI1,2
SNCG,2
STYXL1,2
EML2,2
ASAP2,3
HDAC8,6
RNF14,4
TNS4,3
BLOC1S5,3
KCNH2,2
MAP3K10,3
RASSF2,3
STX1B,0
HPS6,3
RUSC2,3
SYN1,3
ZNF20,4
CPLX1,2
KLK1,0
FCGR3B,0
NLRP1,2
WBP1,0
C4BPA,1
COL8A2,0
SP4,4
CCL22,0
NR3C2,6
IRF9,6
TRIB1,6
IFRD1,6
NR2F6,6
USP45,7
KLHL18,2
FOXC2,6
APLF,6
ZBTB20,6
FOXJ3,6
WDR35,3
SRRM4,7
Haus1,3
AMHR2,0
SPAG1,3
ENOPH1,2
DYRK3,2
AQP9,0
BAHCC1,6
SLC16A6,0
TMEM14A,0
TMEM189-UBE2V1,0
SLC25A23,0
ZNF362,6
QPCT,2
ABR,4
AGXT,4
VPS54,3
HTRA1,0
LOC254896,0
NXPE3,0
IFT46,3
PTER,2
FBXL13,4
DGAT1,0
ATP11A,0
Strn3,2
GNPTG,0
FAM222B,4
C17orf53,3
NDUFA1,5
NUDT12,5
ATP6V1C2,4
KIAA0100,3
SMAGP,0
NPEPL1,2
PLEKHG6,1
MEF2BNB,3
C10orf32,3
CCDC183,3
NHLRC3,0
IL36G,1
EPHA6,2
ARRDC5,0
MYBPC2,4
SLC13A2,0
HIST2H2BC,6
SMIM5,0
AMZ1,3
CRISP2,0
XAGE1B,6
LRRTM1,0
nsp16ab,3
DUX4L9,2
SEMA6B,0
DEFB136,0
SLC6A7,0
CA8,1
LOX,5
GPRASP1,0
NSMAF,2
KRIT1,0
ERI1,7
MAPK11,6
PPP1R37,0
FAM160A2,0
GABPB1,4
ELAVL4,7
TBPL1,6
KRT32,4
STK36,6
RMI1,6
NPAS2,6
SYT16,0
PRDM2,6
C11orf1,4
PROCR,0
C4orf27,6
MAFG,6
APOC2,0
BLNK,2
CHRNA1,0
CD46,0
HPCA,4
CCR4,0
FMOD,0
FMNL3,2
P4HTM,0
PROS1,0
OAZ3,1
DCLRE1C,3
UBXN2B,2
SBF2,3
AGR3,0
ZNRF3,0
BHLHE41,6
SUV420H2,7
TRAPPC13,4
KDM4D,7
ESCO1,6
CD276,0
CNNM2,0
SLC25A18,3
UBXN10,3
PRR5,0
Racgap1,6
SMTN,6
ZNF552,4
TUBG2,3
FAM178A,6
AZI2,3
ZBP1,2
EIF1,7
CSNK1G1,0
GPR180,0
SCAMP4,0
PIGM,0
FAM117B,3
HLCS,2
ITPRIPL1,0
BDH2,2
AAMDC,3
WARS2,5
NUDT9,2
UQCRFS1P1,5
SLFN5,3
SNX25,0
ACOX3,2
DZIP1,3
TFEB,3
NFAT5,6
ATP8A1,0
CCDC151,3
LAMC3,0
ZBTB26,4
COX11,5
FOXR2,6
ALAD,2
SUMO1P1,4
FAM83A,4
KCNK16,0
TEKT3,4
SECISBP2L,3
ZNF624,7
PTRHD1,5
B4GALT4,0
NT5C,3
ERICH5,0
NDST2,0
SEMA4F,0
LACC1,1
ABCB9,0
ELMO3,3
Jup,3
Spast,0
FGF17,7
FGF14,3
ZNF692,7
CACNG5,3
CCR2,0
ZDHHC19,1
TMEM63C,0
MS4A4A,0
SLC40A1,0
PDGFRL,0
NUP210P1,0
DEFB135,0
OPRD1,0
AKAP10,0
CENPK,3
LRRC7,3
Smad3,6
DYDC1,4
MYO1F,7
SIX1,4
MNS1,4
LRCH4,0
AP5B1,3
PCYT2,4
BAK1,2
CTCFL,3
HDAC10,0
SNRNP35,7
ZNF354A,7
PPFIA3,3
ALG2,2
ATP6V0A4,0
FGF1,6
CHGB,2
ANXA9,1
QTRT1,2
CELSR3,0
PHF23,6
NOG,7
GMEB1,6
FNIP1,2
ARL2BP,3
NR1I3,6
GDE1,0
ALDOB,3
IL25,0
MUC5B,1
XAF1,4
KIF13A,3
C1GALT1C1,0
HRSP12,2
IFRD2,7
TRMT11,5
SEMA4B,0
RNF144B,4
MBD3L2,6
PXK,3
TMEM39B,0
FBXL14,2
SRGAP1,3
TBC1D14,4
DUSP8,2
AURKC,2
UVSSA,6
OSBPL2,0
AP1AR,0
TMEM167B,0
OR6T1,0
ZNF264,4
NDRG3,0
FAM131B,0
MAK,5
KLHL36,2
TRAPPC6B,4
KIAA1161,0
Skp1a,3
C2orf49,7
PLEKHO2,3
BCAT2,5
OXSM,5
CXCL14,1
LRRC57,0
UNC119B,4
TAGLN3,2
ZNF3,4
IDI1,2
OTUD6A,2
HSD17B7,0
KIAA0754,0
MOCOS,3
BOLL,4
KRBA1,3
SOX13,6
TFPI2,3
TRMT10B,5
PCYOX1L,0
PALM2-AKAP2,2
LRRC8B,0
IFNA4,1
ATP5G1,0
CACNG1,0
TSTD2,4
SNX11,0
SLC41A2,0
HMGB1P1,2
MCOLN2,0
ALG6,0
CYB5D2,0
DCAF4L2,2
SLC34A1,2
MFSD11,0
Ptpn23,0
Ccdc9,7
DDHD1,3
FOXN1,6
MGST2,0
SLC45A4,3
NIPAL4,0
PCDHB16,0
CPNE5,3
PSG8,0
FLRT1,0
MICAL2,0
DHH,0
CYP19A1,0
ALDH1L1,2
SERINC5,3
TMEM72,0
CAPN3,4
FER,3
RAP2B,3
ABCA1,0
VPS37A,4
PROX1,6
MXD3,6
GNMT,4
UBTD1,4
EFS,4
HINFP,6
ZNF440,4
JMY,2
FBXO4,2
NOS1,0
TNS1,3
TSEN34,6
TSKS,3
JAKMIP1,3
ZNF423,6
MMP9,0
CIITA,6
CLDN5,0
VLDLR,0
STXBP5,0
REC8,6
E2F2,6
MXD1,6
IGSF21,2
STARD9,2
GPR183,0
PSMC3IP,6
SH3BP2,6
ELMO1,3
ADORA2B,0
F9,0
ZIC2,6
Csnk1e,3
SOCS7,4
FBXW2,2
MS4A3,0
MAGI2,3
EGLN2,6
USP29,6
RNF157,5
MYBPC1,4
ATG4C,3
BRSK2,3
BRINP1,6
ZNF747,4
HIST1H3I,6
TPPP,1
GUCY1A3,1
BCL2L12,5
WDR81,3
RORC,6
RBMXL2,7
PCDH17,0
Cep120,3
Cct2,2
ALPPL2,0
NAA16,2
TCTEX1D2,3
MGAT1,0
SLC23A2,0
TET1,6
UST,0
SMIM12,0
CCDC58,5
C1QL1,0
FAM217B,4
CCDC25,2
PEMT,1
CCM2,0
DNAH2,6
RPL39P5,7
TRUB1,2
Sept9,2
STK33,3
SZT2,3
LSP1,2
ZSCAN5A,6
GNLY,5
Eef1a1,2
OXR1,2
ABHD17A,4
TSSK1B,2
NSG1,0
ICAM4,4
TBX6,4
POLR3GL,6
TBL1Y,6
TOP1MT,7
FAM26D,1
TRMT44,0
EMB,0
PGAM4,2
SELO,5
DEPDC5,3
ST7L,0
TTC30A,3
TM4SF19,0
C17orf89,5
TMEM200A,0
NRN1,0
FGF4,0
VWC2L,4
MEI4,4
TMEM154,0
AQP12B,0
DNAJC22,0
LINC00624,7
CNGA4,0
MAN2C1,4
SHC2,5
SH2D1A,6
IGHMBP2,7
PLXNB1,0
LIN7B,3
C20orf27,2
NGFRAP1,4
DNAL4,4
APEX2,3
ZCCHC14,4
RAB33A,0
HACL1,2
NADSYN1,4
PLK3,7
HIST1H3H,6
LXN,4
Mta1,6
SCEL,1
A1CF,4
NPHP3,3
HGF,6
CASP6,2
INO80C,6
LAMA4,0
WNT4,0
PIGQ,0
CLIP2,3
ASB8,2
ADA,2
EPHB3,0
MAPK13,2
IGFBP4,0
STRIP2,3
CD244,0
UBE2G1,2
RAB15,0
RASSF9,3
FBXO44,1
SLC6A9,0
ZNF521,6
JOSD2,2
SDE2,6
KRT74,4
RNFT1,0
GAS7,3
MSL2,6
SERTAD2,4
CENPI,7
PRPS1L1,0
IER2,6
PPAP2B,0
NSMCE1,6
ACAD8,5
PAGE1,2
PGAP1,0
SCAPER,3
SESTD1,3
HIV2gp3,2
C9orf64,2
RASSF3,3
FBXO46,2
TBC1D2,3
GDPD3,1
FBLL1,7
RBM24,1
ANKS3,3
ZMYM5,4
DPP7,2
SARDH,5
L3HYPDH,2
CLN8,0
AGA,1
METTL21A,2
EPCAM,0
UNC5C,0
PRRG4,3
ABCC10,0
GNPDA2,2
RBMY1F,4
PRM2,7
C9orf24,4
C1orf21,0
TMEM164,0
ZSCAN23,4
CHIA,3
TSNARE1,0
HEPACAM2,0
FERMT1,2
C11orf31,7
Hnrnpf,7
USP35,2
Pcbp1,7
DUPD1,4
SLC13A5,4
WNT7A,0
FAM196A,3
TMED6,0
SLC5A12,0
L2,2
ZNF782,5
SHISA6,4
SLC5A4,0
Arhgap30,5
MS4A15,0
RAD51AP1,6
CDKN1C,6
PEX7,2
MT2A,2
ERC2,3
Cdc20,3
Inpp5b,2
ATP6V1G2,0
POLI,2
KATNAL1,4
NOL3,2
TULP2,3
TINAGL1,4
NXT1,1
TMSB4Y,7
NXN,2
TSPAN7,0
CDC42BPG,3
PAX3,6
CD247,0
JAM3,0
PDCD1LG2,0
COL4A1,0
GAP43,0
GUCY1B3,0
HIC1,6
ASCL1,1
NFATC4,6
WDR91,3
FLYWCH1,4
DMTN,3
C7orf43,4
CENPT,7
GLUD2,5
ZNF691,6
PHYHIP,0
WDR47,4
DIS3L2,7
THBD,0
FIGF,0
NR5A2,6
HOXC4,6
SNAPC1,4
COL17A1,2
ISL1,6
IL17RB,0
TBC1D10A,3
RGS12,3
FAM57A,0
SDC3,4
CABP5,4
Nek2,3
PRUNE,3
RASA3,0
NKD2,3
SGIP1,1
GPT2,2
CEP85L,3
UROD,2
WNK2,3
PAPOLG,3
NR2E1,6
FAM109A,4
ANKRD12,0
Naa10,2
ZNF711,6
FAM83F,2
SPSB3,0
SAPCD2,4
MCF2L2,5
CCDC24,4
MPPED1,2
PFKFB4,3
UBE3D,4
SERPINF1,0
SETD3,2
COA1,0
SAYSD1,0
CRLF3,4
DEPDC1,0
UBAP1,4
SOGA3,3
FDX1L,2
HS3ST1,0
TPRA1,0
CDPF1,4
INPP5B,0
TMEM35,0
TFDP3,3
MIER2,6
CYP4F2,0
STARD7,5
SYNGR3,0
CMA1,0
MAOB,0
CMTM4,0
SDR16C5,1
ATAD3C,7
COQ4,5
GALNT3,0
NAA38,5
CORO6,3
HLX,4
MTFP1,0
GALNT11,0
ENPP4,0
HAPLN3,0
BOLA3,5
FAM126A,0
SEPT14,2
GCNT1,0
ARSG,0
ITGB8,0
ZNF724P,7
MSRA,2
VPS9D1,4
Ncstn,0
Prkar2a,3
MGAT4C,0
RIC1,0
ORF21,5
ANKRD34C,5
AFD1,2
CHRM5,0
nsp4ab,0
KRTAP7-1,4
DEFB109P1B,0
KLRC4,0
METTL10,3
Paxip1,6
LINC00632,2
MPP3,3
TFAP2C,6
PHACTR3,7
DLK2,0
TSPYL4,4
CCDC116,4
RXRG,6
ZCCHC12,6
RORA,6
ZNF136,6
DPCD,3
NFKBIE,3
GJA5,0
ALS2CR12,4
NUP62CL,3
SV2C,0
KRT82,4
BRF2,0
TNIP3,4
POP5,7
ZFAND5,2
TIPIN,6
ARHGEF18,2
EPOR,2
KCNQ3,0
STMN4,4
CCL21,1
LPL,4
HIPK1,6
MEF2C,6
KLF1,6
HIPK3,6
Cct8,2
ADPRHL2,2
ARHGAP44,2
TMPRSS3,0
IGF2,4
TPBG,7
GAST,0
KIR2DS2,1
PIGP,0
ELL2,6
RAPGEF5,3
EAF2,4
KCNS3,0
CST5,0
ACVRL1,1
RTN4R,0
APOC1,1
DCLRE1B,6
USPL1,6
TDP1,6
TSHZ2,4
ZNRF1,4
BFAR,4
SPSB1,6
ASB12,2
PARP10,3
LYPD6B,0
RHBDD3,0
HIST1H4E,7
BRSK1,2
ARMC10,0
Trim69,0
Anapc2,3
Pafah1b1,2
EDIL3,0
ZNF17,5
SRMS,1
HSD17B8,5
KLHL3,4
B3GALTL,0
SLC18B1,0
GINS1,2
QTRTD1,2
KCTD21,4
DBR1,2
TRNAU1AP,7
KCTD1,4
KCNE4,0
PRSS2,0
B3GALNT2,0
CHRNA3,0
FAM133B,7
C9orf142,6
ABRA,2
DCBLD1,0
IGDCC4,0
RAB12,0
DLX6,6
HIPK4,2
GALC,3
ABHD5,0
PPM1K,5
HK3,1
KIAA0195,0
SUSD1,0
KIAA1462,3
LCA5L,4
WBSCR27,4
IQCE,4
RMDN2,0
GOLGA6L2,3
Cul1,6
ARPC4-TTLL3,2
ASPHD2,0
LHPP,2
IFT52,3
C1QTNF9,0
TMEFF1,0
OGFOD3,0
CRAMP1L,6
ABHD14B,2
CD1E,0
WNT10A,5
Sesn2,3
Rbm8a,3
Gspt1,7
Hnrnpa3,7
Ankrd26,3
EMR2,0
TGIF2LX,6
CELF5,4
LRRC10,1
FAXDC2,0
RPL13AP3,7
RNF145,3
SYCE1L,4
SLC22A15,0
TECTB,7
PABPN1L,3
SLC28A1,0
A53R,2
NOV,4
FES,2
ZFPM2,6
ANKRA2,6
RAPGEF1,3
PEX13,0
HECW1,4
ARL6,2
TXNL4B,4
Sf3a1,7
PIM2,6
MIEF2,0
TNFAIP8,2
GMCL1P1,4
TSR2,4
LDLRAP1,4
CHTF8,7
A1BG,1
ACP6,5
PITPNA,2
CHMP6,0
CMYA5,7
PANK2,3
ATP6,0
ABLIM3,4
TSEN54,4
SLC31A2,0
POLE4,6
EDNRB,0
KAT6B,6
IKZF4,6
TRERF1,6
DHX34,3
AKT1S1,3
MCOLN1,0
C5,0
GNG13,4
COL3A1,0
FSHR,0
SPDEF,4
EIF4EBP2,7
CCL3L1,0
COL10A1,0
POLR3G,6
Bcas2,7
AIPL1,2
PROSER1,6
USP50,2
PHLPP2,2
FAM175A,6
TYSND1,2
US3,2
ASB1,2
RAB24,0
PLEKHA6,5
CCDC186,3
SSX3,4
ZNF70,7
HIST1H4G,6
HIST1H4D,6
LPAR4,0
ANAPC13,3
Cep78,3
MAGEF1,4
SULF1,0
ZADH2,4
FUT1,0
CAMKMT,2
REEP1,0
IQSEC2,3
UBL3,1
MTURN,4
C19orf47,7
FCER1A,0
RAB40B,2
EIF1AY,7
TUBA4B,2
Mbp,4
MMADHC,5
KCNK5,0
CCL26,1
CCDC40,3
NTM,4
KCNJ10,0
MPLKIP,5
DENND2D,6
HSFY1,4
FAM169A,0
RAB30,4
PADI3,1
KLK8,0
DSE,0
ZNF16,7
TBC1D22A,0
POLG2,1
CCDC74A,2
ZNF618,3
GCM2,4
CCDC103,1
SLC25A48,4
VWA2,3
SLC35B3,0
SFMBT2,6
TMCC1,3
DNAJB7,2
TMEM129,0
ZDHHC8,0
RBFOX3,2
GPC6,0
FOXF1,6
TMEM143,0
FAM43A,3
C5orf34,3
FAM45A,3
ISY1-RAB43,7
ARAP2,3
SFTPA2,0
PPCS,1
BSPRY,3
MMP15,0
Vps28,0
Kif19a,3
Rprd1b,6
PCDHGA4,0
SLC24A5,0
NSUN3,0
SLC13A4,0
APOL3,0
CNIH1,0
MSGN1,4
CXorf66,1
TMEM130,0
HCRTR2,0
SLC26A4,0
ADAM7,0
Traip,4
NR5A1,6
CITED1,6
IFI35,3
PEX10,0
AP5Z1,3
DYNLT3,2
SFI1,3
ASB13,4
GLIS3,4
TRAPPC2B,4
SH3BP5L,3
DBF4B,4
FAM86C1,4
GAGE2E,7
NRDE2,3
BOLA1,5
FEZ2,3
RRAGD,0
RYR1,3
CXCL6,1
KCNQ5,0
DGKH,3
DSG3,1
AAGAB,3
WDR89,7
GPR108,0
MGLL,0
SDHAF2,2
LOR,1
MAFK,6
AP3S2,0
VWF,1
MEIS1,6
SPHK1,3
NFIL3,6
ADAM19,0
WNT3A,0
MPL,0
SIX5,6
AP3B2,2
NRCAM,0
BACE1,0
REV1,6
Arrb2,3
ASB4,2
KLHL23,2
TCF19,4
TMEM189,2
CSN2,2
EMX2,6
ZBTB4,4
APITD1,4
LPIN1,3
KRT26,4
Mib1,3
ZXDC,4
NELL1,0
Tor1aip1,0
SNX24,3
SFR1,1
DYRK4,2
IFT80,3
C9orf156,4
GOLGA8A,1
DUSP15,2
TRIM45,4
CNGA3,0
GPR52,0
KLHL4,2
FAM111B,7
BOD1,6
RPUSD2,2
EEPD1,0
TICRR,3
C3orf62,4
SWSAP1,3
SNRPGP15,7
HEBP1,2
BTD,0
KCNMA1,0
GPATCH2,6
BTN3A1,0
FZD8,0
LOC81691,3
BTN3A3,0
CYP2J2,5
KRT222,3
DNAH6,2
AIFM2,4
CDC20B,4
LGALS9C,0
C14orf105,4
ZNF511,4
DAAM2,4
TMEM100,0
PLCB4,0
CTAG2,4
SAMD9,2
HS6ST1,0
CLEC12A,0
ST6GALNAC3,0
SLC16A13,0
NXPH4,0
ACN9,5
REXO2,2
CCDC66,3
SLC17A6,0
KCNC4,0
REEP3,3
Sidt2,3
Tube1,2
Smc3,6
SLCO3A1,0
PI4KAP1,1
IGLC2,1
POTEB3,4
SLC25A28,0
KRT25,4
L1RE1,7
EDDM3A,0
GREM2,0
EVI2B,0
NOTO,4
FXYD6-FXYD2,0
CACNG6,0
NPSR1,1
OR13C3,1
GPAT2,3
SNCAIP,2
PTPRB,7
PPP2R3B,3
AVEN,7
TAF13,6
CSPG5,0
Ppp6c,2
DCTD,4
RWDD2B,4
S100A1,4
PRUNE2,0
ENOX2,4
EID3,6
ZNF101,4
TEAD3,6
HSPB11,3
TEX28,0
CDAN1,6
SUV420H1,6
USH1C,4
CHRDL2,4
RAMP1,3
ZNF74,4
PARP9,2
ARSE,0
CD48,0
LEPR,0
GMIP,3
F2R,0
CISH,2
NID1,0
TNFSF11,0
APCS,1
HOXB1,5
IL18,2
TMED3,0
AVIL,3
ANGPT4,3
BAI1,0
LAMC2,2
TESK1,3
RAB4B,0
CARD11,2
INPP5A,1
FAM84B,0
USP17L2,6
FAM210A,0
OAZ1,6
CSN1S1,0
NAV3,3
NCKAP5,3
E2F8,3
NAP1L2,3
BCL6B,4
DEC1,6
SKA2,3
HOXB2,6
CRIM1,0
Ercc6l,5
ZWILCH,0
C1orf123,2
DCUN1D4,2
GCLC,2
AMMECR1,4
CCDC28A,4
DGKG,6
IPP,4
ZRANB3,6
ARMCX2,0
URGCP,2
IL24,6
TOR4A,0
TOX2,4
RAB38,0
NECAB1,4
FAM160B2,3
MAT1A,2
ABCC3,0
ATP6V0B,0
EMID1,0
PRSS21,0
ASB15,4
LINC00238,4
TMEM8A,4
CCL4L2,0
ALKBH4,4
PTCD2,0
CELA2B,0
ZSCAN22,4
SMYD5,2
TMC6,0
PLEKHA3,0
WDR19,3
FAM160A1,3
DTWD2,0
IL20RB,0
CAPN15,2
C4orf29,0
CCDC84,7
PIGW,0
MAGIX,3
TGM5,1
HVCN1,0
MBOAT2,0
SFT2D3,0
CELA3A,0
MBOAT1,0
BICC1,7
Atp2a2,0
SLC22A8,0
PCDHGA9,0
ZNF354C,6
PROZ,0
IL20RA,0
STS,0
ABHD15,2
FSTL4,0
vIRF-4,3
KRTCAP3,0
HIV2gp4,2
LRRC73,4
SLC10A4,0
CHST5,0
LYZL6,0
MYPN,3
RALGDS,3
PTPRC,0
KCNIP3,0
VSNL1,4
CUTC,4
MAGEA12,4
MOB3B,3
SYT11,0
SNRK,4
GTF2H5,6
SRCIN1,3
IL1R1,0
SEMA4D,0
FABP3,2
STAT4,3
Sin3a,6
CDX2,6
NSMF,4
BSDC1,0
SYBU,3
SERPINA5,0
TRIM46,4
NCF2,2
FCGR3A,0
GRIN3B,0
ZNF335,6
TNFRSF21,0
RANGRF,4
IRAK3,1
PPP2R5B,3
GALNT14,0
FBN1,0
KLK2,0
REPS2,3
RBP1,2
NMB,5
FCN1,1
POMC,4
PAK3,3
ETV5,6
GMFB,2
PARD6G,3
CCNO,2
TH,6
SCHIP1,3
Ppp4c,2
FILIP1,3
PADI4,6
USP38,6
SPRYD3,3
METTL16,7
C12orf45,6
MZT2A,3
ZNF428,6
TGIF2LY,2
SAP30L,6
PPP1R3C,2
RGPD6,3
Tubb4b,2
SPRR2E,1
Dtl,2
AIDA,4
ZNF827,6
FBXL2,2
C5orf15,0
MUM1,0
TMEM101,0
MBNL2,7
ZBTB39,6
Cul4a,2
KLHDC4,2
TEX14,1
WWC2,3
HIST2H3D,6
HAVCR1,0
NYNRIN,3
FAM32A,7
SPX,0
TCEANC2,3
DNAH14,3
TBC1D21,4
UGT1A10,1
ZBED4,6
PLEKHB1,0
SDR39U1,5
ATG4A,3
DCLK2,3
KLHL29,3
ZNF107,7
TRIM62,4
ASB10,2
MOCS1,5
ARSF,0
CCDC74B,2
MUCL1,0
EIF5AL1,2
FUNDC1,0
CEP112,3
GEN1,3
MORN4,4
HEMK1,4
CRYBA4,4
KTI12,3
ZNF385C,4
SHISA3,0
ARL14EP,3
JMJD8,0
TPCN1,0
KLK11,0
P3H2,6
CLEC10A,0
TMEM161B,0
WDFY2,0
LYPD6,0
C19orf53,7
IP6K3,4
FAM13A,3
NBEAL1,0
ZNF845,7
ANKRD36,4
Spire2,7
Med22,6
PCDHA3,0
PNPLA5,2
C16orf71,6
SLC25A29,0
SYS1,0
ZFP90,4
SLC18A3,0
nsp9ab,2
TGM7,4
RSPH6A,4
CHODL,0
Arhgap1,7
CTXN1,0
Wdr82,6
SLC11A1,6
GRIK1,3
CMIP,0
CTNND2,3
BEND5,4
ZNF580,4
EPT1,0
ITPK1,2
EML1,2
MAF1,6
MATK,2
ZNF202,4
ZNF276,4
TNFRSF14,4
IRGQ,2
WBP5,5
PLEKHJ1,4
C15orf41,6
SPIRE1,3
FANCE,6
FKBP1B,2
SNRNP25,7
CCL2,1
PDK2,5
PTPRZ1,4
DTX1,4
CHN1,3
ROGDI,0
GDF5,1
MBL2,2
PRELP,0
RPS6KC1,0
ATOX1,2
CRIPT,6
BCAN,0
TNFRSF6B,0
TNFRSF9,0
SVIP,0
HIVEP2,3
PTGDS,4
USP31,3
KRT23,3
LDB2,4
ZNF420,6
ZMAT3,7
CCDC134,0
FAM122A,3
SGK2,2
Nup214,6
POGK,3
Pcna,6
Naa50,7
CDC37L1,2
CLEC4G,1
ZNF784,6
SMPD1,0
JTB,0
B3GALT4,0
CCDC69,5
DNLZ,5
MAGEE1,6
STAC,4
PPIC,0
C3orf33,0
ZNF664,4
SPIN3,7
C5orf30,3
SNX30,0
GABRA3,0
GAMT,2
DCUN1D2,2
SMTNL2,3
DCDC2,4
GPAM,0
NARFL,2
LOC255308,7
SEPHS2,4
KATNAL2,2
MGAT4B,0
CRYZL1,2
ISX,6
MLYCD,0
FAM63B,0
ZNF329,4
MAST4,3
DPY19L3,0
SLC5A5,0
ANKRD54,3
ITIH3,0
PPP3R2,3
PQLC1,0
CILP2,0
GPR25,0
ZNF286A,4
NXPH2,0
PXYLP1,0
SLC12A5,0
SLC8A2,2
LCMT2,2
VSIG2,0
BTN3A2,0
LMLN,0
RAB9B,1
ECT2L,4
DDX60L,7
ETAA1,6
ACSL5,0
Zbtb48,6
Snrnp70,7
Psmd6,2
DNAH10,6
HTN3,1
TBC1D30,4
NAA30,2
NPTXR,0
SLCO1B1,0
BTNL3,0
KCNT2,0
ATP6V0E1,0
LHFPL4,0
Hnrnpk,7
CCDC180,6
DNAH5,2
GOLT1A,0
ANKK1,2
TM4SF5,0
MFSD2A,0
BDKRB1,0
Vav2,7
LILRA5,0
GPR110,0
SLC5A9,0
Bbs5,7
MFSD6L,0
HAND2,6
NARF,6
RABEPK,3
EPHB1,0
NR1H4,6
MECR,6
CYTH3,3
FAM193B,3
CFAP53,4
BATF2,6
DGCR6L,4
CYB5R2,4
CCDC112,3
C5orf22,2
PLCD4,6
ZNF473,4
CLDN2,0
AGT,1
LUM,2
CAB39L,2
NOD1,2
FOXO4,6
ARHGEF25,2
OLIG3,4
PPFIA2,3
SNTG1,0
BTLA,0
GRIA3,0
CYB561D2,0
ACP5,0
FKBPL,3
SH2B1,3
GRK4,1
TNFRSF8,4
CXCL12,1
MYF5,4
CES1,0
NMUR2,0
SLPI,4
CREBZF,6
PARG,2
BDKRB2,0
AVPR1B,0
VEGFB,0
BIRC8,4
CNN1,4
COLQ,0
FBXO18,2
GZMB,2
NAB1,6
CD93,4
AP4S1,0
ARHGEF28,3
UBE2Q2,2
UEVLD,2
Ubr5,5
Actr1b,2
FSIP2,6
SYNPO2,3
TNP2,4
LMX1B,6
HDX,4
C19orf44,3
PNRC2,6
MANBAL,0
Mad2l1bp,3
ITIH4,1
SLC25A33,0
TMEM108,0
PLXND1,0
PHACTR2,2
CTBS,0
RDH10,0
C5orf51,2
FBXL15,2
SCRN2,2
THYN1,6
MNX1,6
PPP1R14B,2
PSTPIP2,0
ZGRF1,6
ZMAT4,1
TET3,6
HERC2P9,3
DHODH,5
NT5DC1,2
ERI3,3
PDXP,2
B9D1,2
C1QC,0
DTD1,2
CCDC127,0
FKBP11,0
CAPN10,2
GNPNAT1,2
ABHD6,0
FAM114A1,2
GPR161,0
ARMCX5,3
CDKN2AIPNL,7
TEKT1,4
KRTAP9-4,4
PRR22,4
SPATA8,4
KIZ,3
SPATA1,3
IL17F,0
MAP10,3
CHCHD2P9,7
C4BPB,0
PRMT9,0
SGCZ,0
CHST7,0
ZNF430,7
SLC10A7,0
LRRTM4,0
CCDC71L,6
Fbl,7
Wdr5,6
Prkacb,3
IFNA21,0
PCDHA9,0
IZUMO1,0
ST6GAL1,0
ZBBX,3
P2RX5,0
SLC10A2,0
NAT8,0
AIM1L,6
PLEKHM3,3
ARHGAP11B,2
SLC17A8,0
DUOX2,6
UBTFL1,4
C6orf222,3
KRTAP21-2,4
MCCD1,4
CGREF1,0
TMIE,0
PTCHD3,0
OCLM,2
DRD3,1
RGS19,4
TNNC1,4
KCNJ2,0
SHANK1,3
C9orf89,0
MYCBPAP,1
RIBC2,4
GPRIN2,4
CCDC7,0
GAD1,4
C10orf54,0
ZFP36L1,3
CCDC91,3
DOCK10,2
TTC14,7
KDM8,4
NQO2,4
GYG2,2
BMF,4
BBC3,2
JPH2,6
PHLDA3,0
CCDC82,1
PIK3CG,0
Rassf1,3
VGLL4,6
CLIC6,2
PF4,1
ADAM11,0
SGCE,0
PPBP,1
SGSM2,3
URM1,3
GIPC2,3
ITGB1BP1,0
EHD3,0
CHRNE,0
MSTN,0
CD36,0
Sept6,6
CTGF,0
Hdac6,5
NAGPA,0
NTF3,0
SPAG4,0
PLA2G2A,2
TNC,2
SH2D1B,4
NRXN3,0
STRADB,2
MUTYH,6
SETBP1,6
ADCYAP1,5
TNNI2,4
MNT,6
PLEKHG2,6
SNX13,0
PRKCH,2
LONRF2,3
CDKL5,1
GTF3C6,6
Immt,2
MAGEA2,4
MSL3,6
TUBD1,2
STRA13,6
ARHGAP20,6
UBTD2,4
KRT28,4
WNT16,0
LTBP3,0
Haus4,3
Cep170,3
Ckap5,5
HLA-DRB5,0
BPGM,2
ZNF282,3
CMTM3,0
METTL23,2
WDR73,4
NKIRAS2,0
FBXL16,3
MAGEC2,6
CYP26B1,0
DIRAS1,3
ZBTB46,6
ANGPTL4,0
SETSIP,2
TBC1D16,4
PCMTD2,2
PGP,2
KCNK18,0
PLA2G4D,1
TOMM7,5
TMBIM1,0
TIMM23B,3
ZNF213,4
HAO2,4
MAP3K9,3
RCOR2,6
CLNK,4
KLK6,1
Prkci,5
RNF135,4
B3GALNT1,1
CD68,0
SHPK,2
ZNF223,4
IL32,0
MAB21L3,4
TRMT2B,5
PGBD1,4
WNT11,4
LRRC29,3
MN1,6
AMZ2,0
SPIN2B,6
SLC8A3,0
FZD3,0
FPGS,5
EPHX4,0
GLT8D2,0
S1PR2,0
HSD17B3,0
ZNF296,6
COMMD3-BMI1,6
ERAP2,0
CLDND2,0
TRAM1L1,0
Itga5,2
Lrrcc1,3
Mapre1,3
ZBTB34,6
CES2,2
CDH19,6
C10orf107,2
RNASEK,0
ZNF485,5
TMC4,0
PRPH2,0
KIR3DL3,0
KRTAP4-1,4
ILDR2,0
C1orf210,0
DBF4,6
RGL2,3
ARFRP1,0
ARHGEF9,2
FOXA2,6
RAB22A,0
SPAG7,6
HOXA9,4
DHX58,7
HPCAL4,0
THAP10,1
ELOF1,6
LCMT1,2
EEF2KMT,4
HYI,4
TGIF1,6
CNST,0
STRADA,3
ICA1,4
DFFB,2
RASGRF2,7
KIAA0930,3
KCNJ12,0
CST3,1
CREG1,1
RPH3A,0
APOH,1
GATA6,6
ADAM22,0
ULBP2,0
CA12,0
F10,0
PNMA6A,3
MTSS1,2
YAE1D1,2
TMOD4,2
IFNAR2,6
SH3BP5,3
POU1F1,6
RAG1,6
ODF1,4
FZD1,0
ARHGAP10,6
ITGA9,1
CD33,0
TNN,6
CHST15,0
MZF1,4
TNFSF13,1
APBB3,2
MLC1,0
RNF103,2
DERL3,0
SPRY3,4
FUCA1,2
USP6,4
PRICKLE1,9
FANCB,4
LZIC,2
PHF7,4
RASAL3,4
SALL4,6
ZNF23,4
SOWAHC,0
WDR53,2
SAP25,6
INO80D,6
Mcm3,6
MYOM2,4
ASPRV1,1
SENP7,6
SPANXN3,4
Anapc13,3
Tipin,6
Cetn2,3
Mad2l2,6
RGPD2,2
Kif4,3
PLIN2,0
DONSON,6
ZNF133,5
ANKRD35,2
EIF2AK1,6
THSD7B,0
UL27,2
RABL2A,3
TANGO2,2
GRPEL2,5
C2orf68,4
OLR1,0
LGALSL,1
C9orf91,0
CCDC117,2
INPP4B,3
FEZF1,4
RBMY1A1,4
ATP1A4,0
HTR2B,0
PTRH1,5
ERP27,2
AP3M2,2
CDH16,0
PACRG,2
GIMAP8,5
HINT3,5
MYL10,5
TMEM183A,0
TUBB7P,0
TIMM10B,4
SPATA18,3
ECE2,1
C11orf74,3
L1TD1,6
METTL20,5
FAM92A1,3
STX19,4
SLITRK4,0
ARPIN,2
GLRA2,0
ALG12,0
GKN1,1
ART3,0
HYAL1,0
VGF,0
MMRN1,1
FAM129A,0
CRB3,0
TTC23L,4
TRIM58,2
ACTL8,6
ZKSCAN3,4
C17orf96,6
SMDT1,0
PRELID1,5
RASEF,0
SPRR3,1
TSPAN18,0
PCOLCE2,0
ASNSD1,6
C14orf2,0
GALNT16,0
FOXD2,4
OXCT2,5
CEP41,3
GREB1,2
TLCD1,0
TOX3,0
PCDHB15,0
Atp7a,0
Pcgf1,6
Ccdc12,7
Pfdn2,6
PAQR3,2
PCDHB6,0
CNIH3,0
RRD1,4
PLEKHG4B,3
HORMAD2,3
ALPK2,3
ANO4,0
SLC2A13,0
Ptrf,2
RBMY1J,4
CLRN1,0
HHIPL1,5
CHRNB1,0
OR4N2,0
LOC388882,3
E8,6
A18R,7
PPARGC1B,6
ATRNL1,0
DMC1,4
MYO7A,2
XRCC2,0
STK19,5
KCNB1,0
TDO2,4
RSRP1,7
NEU4,4
NPPB,4
ASL,2
HEYL,4
TRPV5,6
BTG2,2
AMY1A,6
ZNF277,4
RIMS1,3
DEDD,6
FAM83G,3
ITFG2,3
ST5,2
CACNB3,4
RNU11,7
BSN,3
AVP,0
IKZF2,6
GPSM2,7
DGKD,4
ADORA2A,9
MUC7,1
MSH5,6
C16orf45,2
C7orf26,6
CD58,0
CGA,4
THAP8,3
BBOX1,1
PECAM1,2
PDGFA,0
CACNG2,0
GRIA4,2
COL7A1,0
RARB,6
TNFAIP6,0
KIR2DL1,0
TAS1R2,0
GRB14,0
KLRC3,0
HTR1A,7
MYO1A,2
CCL11,1
PIK3AP1,2
NPB,1
FTCD,3
HOMER2,3
LAMA2,6
EMILIN2,0
ETV7,6
SHQ1,7
FIG4,0
UBXN2A,2
GPM6B,0
TRIM34,2
ARPP19,2
CRTC1,3
GAREM,3
TBX2,6
DACT1,3
SETMAR,6
CYLC2,6
FAAH,0
ITGB1BP2,2
OLIG1,4
Dctn1,2
Kat8,6
Plk1,3
Erh,7
Nrip3,7
FAM172A,3
Csk,3
DIXDC1,2
MAGEA2B,4
MOB3A,3
THSD7A,0
Mta2,6
Ring1,6
FBXL7,2
GLTP,1
DCUN1D3,2
ND6,5
CNTLN,3
SOCS4,4
ARHGAP4,3
PID1,4
TTC7B,0
CCDC168,3
ACY3,4
INSC,4
TMEM54,0
NAA20,2
H6PD,0
ULK4,3
SERAC1,0
SIX2,6
FAM3A,0
LBX1,4
KIAA0586,3
ZBTB49,4
DAPP1,4
ATP11B,0
LYVE1,0
PLAC9,0
ST3GAL1,0
LZTS3,3
SLC25A21,0
CCDC172,4
TRMT10A,2
ZMAT1,4
CRTAC1,3
ZNF750,6
HBQ1,1
SPINK2,3
GSTO2,2
ETNK1,0
BPIFA2,1
LYRM2,5
TTLL4,3
FAM153B,1
PLXNA4,0
FAM132B,0
AGBL5,0
ARHGAP8,2
ANKRD9,2
FRMD3,0
RNU12,7
ARX,3
CT45A1,4
Dennd6a,7
Smc1a,6
FOXD4L1,4
KCNC3,0
SOWAHA,6
ZNF517,0
FLRT3,0
IL31RA,1
ENPP7,0
PSORS1C2,4
ZC2HC1B,2
GPBAR1,0
Pik3r2,7
IGHD,0
ZNF154,1
ZNF252P-AS1,3
DCN,0
SIM2,6
GNG4,0
PDLIM4,4
MEA1,3
COL20A1,4
RCN3,4
FASTK,4
ZNF439,4
C1orf111,4
GADD45B,3
SOSTDC1,2
PDIA2,2
ARNTL2,6
AGAP2,3
CLDN1,0
POU2F2,6
CD72,0
CHRNA7,0
FAM173A,4
UTY,6
IL2RG,0
RYR3,2
ANKS1B,3
STK35,2
FST,4
SLC26A3,0
SRY,6
SYN2,2
SCN5A,4
RBP4,1
FBXL3,2
IL37,1
CCNE2,4
ZNF302,4
RARRES3,4
IGKV4-1,7
ZNF639,4
RNF152,1
TCF7,2
SENP8,2
FGD2,9
MTERF4,5
Espl1,6
Anapc16,3
Papss1,5
MOK,2
Crnkl1,7
DFNB31,3
TBC1D20,0
PDSS2,5
MIA2,0
IFNE,0
PDLIM2,3
FAM212B,2
KLHL28,4
NCBP2-AS2,0
EPSTI1,2
DEFB127,0
SCARA5,4
ZNF740,6
COMMD7,3
SLX1A,6
CDYL2,6
Sod1,7
ASAP3,3
HBG2,1
CYP20A1,0
ODF4,0
ANGPTL7,2
CYP2C18,0
FOXD3,6
APOC4,0
BAAT,6
Gsk3b,3
LY6G5B,3
ANTXR2,0
CEP68,3
METTL22,2
GSTCD,4
PDLIM3,3
SNTG2,3
LRRN2,0
ZNF677,7
TINAG,5
ENTPD4,0
ACADS,5
TMEM5,0
ZNF576,4
ZDHHC21,0
PABPC1L,7
ASB18,7
FRAT2,3
GPR101,0
FAM74A4,4
BEX5,1
NT5C1A,1
TEX13A,3
AACS,2
C7orf49,6
ZNF320,7
ZSCAN29,4
RAB20,0
TPST1,0
DPH6,0
DDX11L8,0
PTPLA,0
LPHN3,0
TMEM181,0
GXYLT2,0
SLC46A1,0
KIR3DS1,1
MEIS3,4
TMEM87B,0
TTLL1,3
PDE8A,0
RASA2,6
LRRCC1,3
PTGES,0
Fbxo21,7
IAH1,2
LAYN,2
C8orf59,7
PPIAL4G,0
SCARF2,0
SEC14L2,2
SCGB1D4,0
HBM,1
MSS51,4
PAPL,1
LRRC32,0
ST8SIA3,0
FUT3,0
SLC9C1,0
ST13P4,2
ADRA1A,0
TMEM176B,1
ZNF319,4
ZNF575,4
KLHDC7B,4
KRTAP10-10,4
SPON1,5
LCN9,0
ORF4b,2
NMS,0
FAM110D,3
SLC38A8,0
TRPC1,0
AP4B1,0
ND2,5
PDZD2,3
ZDHHC3,0
TFF1,6
GABRD,0
HIST1H3G,6
IGLC1,1
CRYBA2,4
PLAC8,4
ARC,3
ITPKB,3
SNX7,4
C9orf16,3
KHK,2
CNTF,4
TTBK1,3
TTC25,4
RHPN2,3
CRADD,4
UNC13D,2
ELANE,1
ANKRD1,4
IL2RB,2
CXCL5,4
KCNJ11,0
SEPT4,2
TAF7L,6
PPM1J,2
PRPF40B,7
E2F5,6
Nono,7
SGK223,3
RFK,2
FBP2,6
PPAP2C,0
TNNT3,4
WFDC2,0
CHN2,3
GDNF,5
Rock1,0
SLA,2
PPEF2,2
HOXD4,6
CCL4,0
OSBP2,2
RILP,3
CRH,4
IL9R,0
TFPI,7
ZIC3,2
SLA2,2
PECR,4
BRINP3,0
TTYH2,0
FEM1C,2
YRDC,2
CADPS2,4
UBE2F,2
DYX1C1,3
RMI2,6
NABP1,6
MYL3,2
TMEM102,4
Trim28,4
Timeless,6
KIF3C,3
AKR1C1,2
ZNF775,4
ASRGL1,2
TMEM98,0
TTC38,2
CHDH,5
COA6,5
HERPUD2,0
TBCCD1,3
MMD,0
NEURL3,2
PLEKHG5,3
NKAPL,7
TRHDE,0
C3orf36,4
ZNF343,4
METTL2B,2
NEK11,5
ST3GAL6,0
ZDHHC7,0
SPATA7,2
SEPT12,2
ZNF558,1
ERMAP,3
HEATR5A,0
SH3BGRL2,2
ZFAND2A,2
RLTPR,3
HYDIN,2
HSP90B2P,0
MYL4,2
vIRF-1,6
PVRL4,0
TIGIT,0
AOC3,0
NBEAL2,0
RHBG,0
FOXJ1,6
CYTB,5
HMHA1,3
NRROS,0
AVL9,3
FAM204A,6
NUDT22,4
C1orf50,4
GOLGA8EP,4
NANOS2,3
XCL1,1
SSC5D,3
ACSS1,5
TMEM41A,0
DPH5,2
C9orf40,1
ZNF597,6
CKAP2L,3
VWA1,0
COX16,0
TYW1B,0
SUSD5,0
PDSS1,5
LRRC46,6
ARHGAP42,3
RSAD2,2
ALDH3B2,0
TREML2,0
DENND1B,3
CAPS,2
TEKT2,4
ZNF19,4
TTC31,3
MYH15,6
Ncbp2,7
Kif13b,3
Nhsl1,3
Wash,3
Naa11,6
Cenph,7
Magoh,3
COQ7,5
Cpsf6,7
IRGM,2
C6orf132,3
CPLX3,1
ADAM32,0
KLHL33,2
WDR86,2
ZDHHC1,4
C2orf82,0
DANCR,7
SLC35D2,0
A49R,0
ORF4,0
PRP45,4
MTL5,4
NFASC,2
ZCCHC2,7
CLSTN2,6
LCTL,0
KREMEN2,0
Myo9b,2
ORF8a,0
B3GALT5,0
PIGF,0
SLC51B,0
DCAF8L2,2
Arhgap18,2
GBAP1,6
EMR4P,0
OR1M1,0
FANCD2OS,3
ZHX1-C8orf76,3
OR1D4,0
SLC6A14,0
PBLD,4
Csnk1d,3
Stub1,2
Rhoa,1
RAI2,6
MTMR8,2
RGS14,0
JAKMIP2,4
KCNIP4,0
TSSK2,1
ULK2,3
IGF1,4
DLGAP1,3
ADAP1,4
F3,0
APOBEC3G,2
ST3GAL2,0
HMP19,0
FAM101B,6
AFP,2
SCG5,1
ELL3,6
SFRP2,5
CPLX2,4
PPP1R14A,2
PDE4A,3
DPM3,2
MMP7,3
CDC42SE2,0
KLRK1,0
IGFBP1,0
SERPINF2,1
DLL1,0
Crebbp,6
CNTNAP4,7
TRA,0
RNF19A,2
MYL2,2
SCN1A,0
TUB,3
AGFG2,3
IL22RA1,0
COX4I2,5
GTF2A1L,6
UCP2,1
JDP2,6
TCEAL2,2
RNF133,0
FAM13B,0
HES4,1
Wiz,6
C16orf59,3
ALS2,3
Nek9,2
GLCCI1,3
CREB3L2,3
CCSER1,3
SMR3B,1
H2AFB1,7
GAL,0
ANKRD10,4
ZNF532,6
CENPL,7
C12orf75,0
DMKN,1
SEC14L4,4
CPPED1,2
RCBTB1,2
Msn,2
CRYBA1,4
GLB1L,0
SCAMP5,0
CYSTM1,0
PPAP2A,0
GSTT1,2
SLC2A14,0
LMBRD1,0
GGN,4
CLDN10,0
RTTN,3
ASB17,2
SDCCAG8,3
GRM5,2
HNRNPCL3,7
ELFN2,3
ELOVL7,0
H2BFS,2
LNP1,3
Lin7c,3
NANP,2
PLA2G6,4
ST6GALNAC4,0
MUC20,0
GCNT3,0
ADCY7,0
ZNF177,4
UBE2QL1,0
H19,7
ALPL,0
RIMBP3,4
ZNF695,1
CYB561A3,0
SNX32,4
RGP1,0
R3HCC1L,3
GDAP2,3
GSDMD,2
IQCF2,3
GOLGA8G,3
SYT12,0
ZNF780A,6
PLAC1,6
TMEM219,0
CD207,1
ABHD3,0
LYRM5,5
LARGE,0
SPNS3,1
SLC7A6OS,7
WNT10B,0
GPR84,0
ERN2,2
CLCNKA,4
Sdccag8,3
Pqbp1,7
CYS1,0
PCDHGA7,0
INSL6,5
LINC01587,3
SEMA7A,0
BRINP2,0
LRRC27,3
LILRB4,5
PCDH19,0
AMTN,1
STK17A,7
TMEM50B,0
CLCA4,0
MRP4,4
COA4,5
FAM166B,4
C20orf85,4
TAS2R19,0
CCL4L1,0
ADAMTS13,0
HSH2D,4
PHYH,4
BCL2A1,2
HIVEP3,6
FYB,4
BTG1,2
UBOX5,4
RAB11FIP4,3
Wdr61,2
DKK1,0
ZNF670,4
RFX2,4
VIL1,7
ALX1,6
GALT,4
C1orf116,6
AKIP1,6
SGSM3,0
SERINC3,0
Tubb5,2
PPP1R3D,3
DCLRE1A,6
DOK6,4
RAPGEF4,2
PYGO1,6
RPH3AL,4
DRD4,0
CXCL11,1
NEU3,0
TGIF2,6
C7orf25,4
FAM69B,0
MAGED4B,4
CCL18,0
DDIT4,2
ZNF7,7
BGN,0
MUC5AC,1
NCR1,0
LTA,2
DLGAP3,4
AMBP,1
TRAT1,0
ENC1,4
IER3,0
BZRAP1,4
PCIF1,6
MASP1,2
MOCS2,2
PILRA,0
SLC7A7,0
TAF4B,6
EBF3,6
UCN3,0
RCAN2,1
GALNT5,0
IGSF1,0
TAF1L,6
NHLRC1,2
POLM,4
FBXW9,2
FAH,2
LMCD1,4
KIF26A,3
C5orf42,3
KIAA2018,6
ZNF273,7
FZD5,0
Cdh1,0
ADAT3,6
SCNN1D,0
Pabpc1,7
PRR5L,4
Poc1b,2
Cct7,2
C21orf58,4
TCEAL7,7
SDHC,5
FAM65A,2
DTX4,0
ZNF280D,6
FAM219B,4
ZNF77,4
FAM76A,7
COL11A1,5
RNU1-1,7
CLEC17A,0
NHLH2,6
KCNIP1,0
DDX4,7
DCAF4L1,2
TENM4,4
SDK1,0
KCNA10,0
ATAT1,3
C1orf115,2
HMBS,2
GPN2,3
MOBP,4
HIGD2A,0
CRACR2B,4
NMNAT2,3
NAT2,6
GTPBP8,5
RNASEH2C,2
ALOX15B,1
Ranbp1,3
C2orf27B,3
PPM1L,0
CDCP1,0
GGT1,0
RAB1C,0
HDDC2,2
Cbx4,6
NEK3,2
RBM38,7
GMPR2,5
ASB5,2
ZNF385A,7
BTC,0
GRAMD1C,0
IFT43,3
NAP1L3,6
CCL28,1
ZNF765,4
TM4SF4,0
ETFDH,4
FAM73B,0
MFSD1,0
B4GALNT1,0
DNASE1L2,1
HOGA1,5
WDR13,3
NICN1,3
MREG,0
SIGLEC12,0
GPHA2,0
ZBTB40,6
RFX7,6
DUSP18,0
MYOM1,4
ZDHHC11,0
KHNYN,2
PHLDA2,6
ATP5S,3
ITPRIPL2,0
Pdlim5,3
Ppp6r1,3
Wdr48,2
SPIDR,6
NUDT16,5
FAM221B,4
KANK4,4
P2RX1,0
SMPD3,1
ENDOU,1
PDGFD,2
LOXL3,0
ZNF275,7
NEAT1,2
SLC8B1,7
YLR108C,4
TRX3,4
Arhgap33,6
SLC28A3,0
HPSE2,3
MOSPD3,0
TPRG1,0
LHFPL2,0
CYP21A2,4
ARMC4,3
B3GNT7,0
TPK1,6
WDR72,0
CAPN12,3
PLEKHG7,7
LECT2,5
LYSMD4,0
PCDHGA6,0
FNDC1,1
GPR64,0
RARRES1,6
NXPH1,0
Rbm38,7
Sdpr,2
LRP2BP,4
GFI1,6
CCDC158,4
MAGEH1,4
HID1,4
RWDD4,2
HSPB7,4
ZMYND10,4
TPGS2,3
ZFAND6,2
PITPNC1,0
CCDC87,4
FUZ,2
ZBTB22,4
PPP1R11,2
TCHH,6
HBG1,2
FANCF,6
CDH3,2
NLRC4,2
SLC5A7,0
UNC5CL,4
AGER,0
EID2,6
CXCL1,1
CD200R1,0
CDON,0
BOC,0
KLF11,6
PRRT2,0
TNFSF10,2
CDC42EP3,2
CCDC113,3
Dynlt1b,7
PLAGL1,6
ETV1,6
MSR1,0
CHRNG,4
TGFBI,2
DMPK,2
ITGB7,0
ICAM3,0
SNCB,2
CFHR5,0
KIR3DL2,0
MTBP,3
RIN2,3
Hspa8,2
TFR2,0
GNGT1,0
C19orf40,4
TIMM17A,0
TMEM104,0
RGPD4,3
SRR,3
Dctn2,2
NR4A2,6
CFAP36,0
ZNF418,6
DENND5A,6
PRDM4,6
HOXC11,6
ANKRD22,1
KRT12,4
DNAH9,6
TBRG1,4
GRK7,2
SYCP1,2
Nup188,3
Gorasp1,0
PCMTD1,7
GNAT2,0
PFKFB1,4
CXCL2,1
NACAD,2
ODC1,6
DALRD3,4
ANKRD32,6
CMC2,5
CSRNP1,4
LPIN2,3
SLC45A1,2
MSANTD3,6
BLCAP,0
MT1X,2
FAM199X,3
SLC10A3,0
AKIRIN1,2
SLC38A6,0
SLC16A5,0
RBKS,2
KNDC1,3
AK9,3
NACA2,2
BMP8B,0
TENM1,6
KCNG1,0
Ndel1,2
LBH,7
TCP10,3
CCZ1B,2
OARD1,3
C19orf33,6
CCDC28B,4
SPAG6,0
L3MBTL4,2
TSNAXIP1,4
RAB28,3
COA5,1
DHRSX,0
MOGAT3,1
CNDP1,0
CCDC68,3
GSTZ1,4
PF4V1,1
NLRC5,2
MIER3,6
ZNF510,6
TNFSF12,0
RAP1BL,1
NINJ1,0
ZNF641,4
RSPO2,4
C19orf68,6
LONRF3,4
CDKL1,2
GCNT2,0
PGGT1B,3
DNAH17,1
ZNF341,4
ZNF704,6
CD69,0
PCDHB14,4
SPATA3,4
SELM,4
KIAA1147,0
TTC12,3
TMEM182,0
TMPRSS12,0
SHC4,2
POPDC2,0
RUNDC1,3
TRPM3,7
TTC21B,3
TTC8,3
BBS9,3
PTAR1,5
DHRS9,0
SLC45A2,0
C1orf186,0
PTGES3L-AARSD1,2
CMTR2,7
PKD1L2,3
LYSMD3,0
TTC7A,3
FGD4,2
Get4,2
Mllt1,6
Mtx2,0
Klc4,7
Sart1,7
RNF121,0
CACUL1,1
DOPEY1,0
AK6,2
C7orf60,3
USH1G,4
PCDH12,0
ZYG11A,3
ZNF491,1
B4GALT6,0
AADAT,5
BIT61,4
ATP9B,0
WDR87,7
LRRC48,3
SLC2A10,0
SLC12A1,2
C4orf45,4
SLC6A17,0
CPQ,0
FLRT2,0
Tagap,7
OC90,3
NTN5,0
OR13G1,3
MFNG,0
Dusp14,7
GABRG2,0
GRIK2,3
MAP3K8,2
CASR,2
F8,0
RIT1,6
RFXAP,6
STAP2,2
RGS4,0
LSM10,7
TNNI3,4
Cxxc1,6
ENOX1,4
UPRT,6
NTN4,4
PMM1,1
ZNF205,4
BATF,6
FAM13C,4
FAM71C,4
ITGA2B,1
C6orf15,5
DNASE2,0
TTBK2,3
GSKIP,1
AFAP1L1,3
RPP21,7
INHBA,5
MLPH,0
MCF2L,2
CCR5,0
NLGN1,0
TRPC5,0
MDFIC,0
TP53INP1,3
TNFRSF17,0
ZNF197,4
ARHGAP15,0
TRDMT1,2
EGFL6,5
BTBD10,2
LGALS4,4
PLCE1,2
CORO2B,2
GPD1,2
PSG9,0
PEX2,0
CDH8,0
RAB11FIP3,3
GP1BA,0
HSD11B1,0
Grb2,7
CD19,0
CD5,2
DLGAP2,4
PZP,0
SNAPC3,4
ELN,0
Tsc1,3
SYT3,4
F5,7
MMP10,0
CCL13,1
CLEC4C,0
PPRC1,7
PDHA2,5
HELB,6
HPR,1
GNAL,2
FCHSD1,1
OLFM1,0
MON1B,3
HOXC13,6
ZNF396,4
ZNF251,4
OLIG2,6
TICAM2,0
DHRS12,1
NR1D1,3
ZNF274,6
PNRC1,6
HHATL,0
Soga1,3
Edc4,3
Copa,0
Itsn2,7
Chmp3,6
Nup155,6
AZU1,1
SERF1A,0
INPP1,3
ZNF431,4
ZNF829,6
BTBD3,3
GLIPR2,0
MTRR,3
TULP4,2
ZNF543,3
RHNO1,4
K8,7
C9orf3,6
AFAP1L2,2
SULT4A1,4
LRRC42,2
BTBD6,3
ELP5,3
ECHDC2,5
CNRIP1,5
C1orf87,3
LURAP1L,3
ARMC9,3
GSTA1,4
GPR61,0
DEFA6,0
PCDHGC5,0
NME6,5
C14orf159,5
C11orf73,2
UQCC3,5
LRRC45,3
METTL7B,0
ZMYM6NB,0
ANKRD13C,0
RAB40A,2
ZNF215,4
UNC45B,2
SEPSECS,3
MPPED2,4
Cdc37,2
STRA6,0
ACE,0
FAM118A,4
HOXA7,4
MSANTD2,6
FAM58A,2
ZNF44,6
ZNF333,3
ASB16,2
PACS2,3
CYSLTR2,4
KIAA1958,4
GOLGA8F,4
CAGE1,4
DCDC2B,4
LINC01588,4
MX2,2
TSPAN12,0
CACFD1,0
JMJD7,2
ZNF786,4
DDX59,2
DAGLA,0
SETD4,7
CTHRC1,0
FNIP2,2
CHST11,0
RFPL2,2
GLIPR1,1
CNPY4,0
SUGCT,5
ATG9B,2
ALKBH2,3
NUDT8,5
IL36A,1
GALK2,2
BEX4,4
TIGD6,6
ABCA7,0
SPIRE2,3
2510003E04Rik,2
Atrx,6
Fbxw11,7
Pcm1,3
Nfyc,6
FAM81A,5
STXBP6,0
C17orf104,3
RAET1E,0
HGFAC,0
TM2D2,0
GPR141,0
DCT,0
ABCB5,0
FAM228A,4
AQP10,0
HHV8GK18_gp83,0
CAF40,4
HSD17B7P2,3
PRDM11,6
UL135,2
BHLHE23,1
FAM25A,0
BANF2,4
DAZ2,2
ENTHD1,3
LRRC17,1
CYP3A43,1
DUXAP10,6
B3GNT8,0
OR2M7,0
TSPAN16,0
C1orf95,0
SLC22A10,0
RAPSN,2
SYT9,0
NR0B1,6
GNG3,0
GNG7,0
DXO,6
ANKRD23,4
ATP5G3,0
SOX30,4
ANKRD36BP1,4
SNX20,4
IP6K2,4
PHYHIPL,5
INVS,3
ETNK2,4
RAB17,5
RASGRP3,2
DDT,2
KCNQ1,3
POLQ,7
EGF,0
RASIP1,3
CXCR2,0
SCNN1B,0
Tuba1a,2
UNC13A,3
KCNA1,0
IL6R,4
IGFBP7,0
TRPC3,0
CLDN3,0
KCNQ2,3
ATF5,6
SPOCK2,0
CD2,0
CD22,0
AMIGO3,0
TFAP2B,6
HOXB7,6
NFE2,6
RRAD,3
DLEU1,6
HSPBAP1,4
C9orf9,4
GRHL2,6
IL10RA,0
KCNF1,0
CRHR1,0
MMP3,0
KCND2,2
SGCG,2
KCNE1,0
APOA4,1
RAPGEF3,4
TLR1,0
AKAP14,4
IL13RA1,0
C8A,0
SH2B3,2
EDA2R,0
IL1RL1,0
NPTX2,0
MATN4,3
GSTM2,2
LIMS2,4
MOG,0
FRMD4A,3
TSHZ1,6
ACBD6,3
Gnb1,2
DDX26B,6
KLHL41,4
ZNF436,4
IRF6,6
CHURC1,2
DIO3,0
DCHS1,0
PSD4,3
KCTD20,2
PNMA3,4
Kif1c,7
Sass6,2
Capza1,3
Zwint,3
IFFO2,3
Cdca8,6
Eea1,3
ZNF211,3
BBS10,3
ZNF227,6
METTL2A,5
NEIL2,4
SALL3,6
MAOA,2
GLIPR1L2,5
PLCL2,2
C2orf73,2
DESI2,0
PROSER3,3
SMIM11,0
ZXDB,6
SZRD1,7
SEC31B,2
ID4,6
BTN2,4
DACT3,3
JSRP1,0
FBXO33,2
KBTBD8,7
NAALADL2,0
DCST1,0
CDY2A,6
ADAMTS17,0
ANXA13,5
CCNB1IP1,4
RNF24,0
KLHL1,3
HSFX1,5
ZNF488,4
PDZD4,4
Hsph1,2
ACKR3,5
PSH1,4
PRB1,0
RAB26,4
DZIP1L,4
PRICKLE2,9
TCP11L2,2
SPEG,3
IFNA5,4
EVI2A,0
ZNF518B,6
DENND5B,2
TATDN2,3
DNAH7,3
XAGE3,6
TRIM73,4
PDIK1L,2
MTMR11,2
DOHH,2
TEX15,0
SLAMF7,0
FNDC4,0
SPRR2A,2
AP1S3,3
ZNF514,7
PARP8,3
EXO5,2
PLA2G2D,5
XIRP1,4
MAEL,7
FUOM,2
SLC4A10,0
DPH7,4
SLC16A9,0
CCDC150,4
ITM2A,0
MIEN1,4
NUDT10,4
ZNF627,4
PIK3IP1,0
SYNDIG1,0
DEFB121,0
C10orf76,2
SRP1,4
ADO,3
ATP1B2,0
ZPBP2,0
FAM221A,4
COLEC10,0
NUDT6,5
TAS2R41,2
LPPR1,0
PIGB,0
FBLN7,1
SP6,2
PNPLA1,2
VMAC,4
B4GALNT3,0
COX7B,5
NCAM2,3
SLC35D3,0
ACRBP,3
Trappc8,4
Oxnad1,6
Tgs1,2
Prpf3,7
ZNF12,3
TMEM45A,0
DNAH8,2
MMP26,0
ZNF100,7
C19orf45,4
PRIMPOL,3
PHF21B,6
GBP6,1
SYPL2,0
SPATA33,3
ZNF791,7
SLC35C1,0
DNAH1,6
POLR2J3,4
NKD1,4
STARD8,3
NIPSNAP3B,5
nsp14ab,3
NHLRC4,4
SCARF1,0
HSPB2-C11orf52,4
C22orf15,4
TMEM69,2
PRR34,4
TPRX1,4
DNAH12,3
SLC47A2,0
CYLC1,6
PROKR1,0
TMEM136,0
NAT8B,0
PRR27,5
Pspc1,7
SLC25A21-AS1,2
LINC00675,1
MEFV,3
NEUROD1,6
TNNI3K,2
Anapc5,3
BAMBI,0
FAM46D,4
RASL11B,4
C19orf60,4
C11orf68,4
LINC00521,4
AZIN1,6
FABP4,1
PARP3,6
CYP1B1,0
PARVB,2
KRT33A,4
CYP2E1,4
ZNF350,6
BLOC1S4,3
Tsg101,4
CABLES2,3
TRPC4,0
Numb,3
ELMOD2,0
CXCL10,1
NTN1,0
CLIC2,2
KLF13,6
TMEM62,0
MAP3K12,3
HSPB3,6
PLA2G15,2
ST3GAL3,0
NAT9,3
ACAP3,2
CSF2RB,2
CD28,0
FAP,0
MLXIP,3
KCNJ5,0
TOB2,3
SFRP1,6
PITPNM1,0
ABCG8,0
PRB3,4
KITLG,0
PDP2,5
FHIT,4
CD7,0
ESM1,4
SLC16A4,0
CDK5R2,6
ICOSLG,0
NR2E3,6
CD209,4
CD3G,0
APBB1IP,3
SLITRK3,0
SPARCL1,3
RNF150,4
RNF122,0
AMMECR1L,3
MAP3K15,0
PROM1,0
Park2,4
CXXC5,6
ZNF383,4
PHTF1,4
SPZ1,3
FBXO27,0
GPR125,0
PCDHGA11,0
SERTAD4,2
Cdca5,6
Cep76,2
Bcl7b,6
Cdc6,6
ZNF566,4
GCHFR,3
TCEAL8,4
ITIH1,1
TMEM44,0
SULT1A3,4
RCAN3,3
DNHD1,2
GPNMB,2
TTL,1
COQ10B,5
C6orf62,6
SNX16,3
SPRR1A,1
SLC35E2,0
DEPDC7,0
LRRC4,0
EPHX2,2
SULT1C2,2
HLA-H,0
SHISA2,0
C14orf142,2
SLIT1,4
Spred2,7
PON1,1
Klc2,3
WWC3,3
FAM212A,4
IRGC,0
KLK9,1
METTL8,5
LOC554223,0
CCBL1,4
OPCML,0
HPDL,5
RANBP17,7
DDIAS,2
TBC1D19,3
Cep290,3
PSG3,0
VCPKMT,2
METTL21C,2
MPZL2,0
SLC25A42,4
HSD3B2,7
TMEM184C,0
CCBE1,4
FADS6,4
AMY2A,2
G0S2,0
ITPKC,3
THAP6,4
ASTE1,6
ZNF628,4
LRRC6,4
EML5,2
INPP5J,4
SULT1A2,4
RFPL3,4
BBS5,3
ZNF114,4
RIPPLY2,4
STAP1,2
TMEM234,0
FAM81B,3
RILPL1,0
GREB1L,6
TTC29,6
ACOT11,4
MAP1LC3B2,0
COLEC11,0
SLC25A26,0
SLC36A1,5
FAM170A,3
GALM,2
OXNAD1,5
PVRIG,0
ADH1C,1
ST8SIA1,1
TRHR,0
ZNF645,4
UGT3A2,0
SHROOM1,3
LRRTM2,0
CLEC5A,0
TEX33,4
CLVS2,4
COL5A2,7
MFSD7,0
KRBOX4,2
PLEKHM2,0
Bcl7c,6
Cnot2,3
Mtx1,6
Snap29,0
Mbd2,6
Sart3,7
Cdk5rap2,3
Ncaph,7
CPNE9,3
VRTN,6
SDHD,5
EFCAB3,0
PCDHA10,0
KERA,0
SMYD4,3
ALX3,6
CPA5,0
NIPA2,0
HMGCLL1,1
SCGB1D2,3
LRRTM3,0
SPAG17,7
Ophn1,2
SLC22A3,0
PRH1,0
MYRF,0
G6PC3,0
CORO7-PAM16,5
TEX12,4
FAM25C,0
LMNTD2,4
REP15,3
SYCE2,4
CACNG7,0
TEX13B,6
SLCO1C1,0
CCR9,0
SLC26A4-AS1,2
BMP8A,0
PCDHB1,0
AP5S1,3
HTR3B,0
KIR2DS3,0
H3.Y,6
ARHGDIG,0
PLCB2,2
Sqstm1,2
Tgfbr1,9
ZKSCAN7,4
MYOZ2,4
SAT2,6
TKTL2,2
TRPV6,4
SPPL2A,0
ZSCAN9,4
ACAP1,4
PSPH,2
Ctnnb1,6
TGFB2,0
BLOC1S3,3
SCNN1G,0
Dync1h1,2
PER3,3
TWIST2,6
SELE,2
WNK4,2
CNTNAP2,6
SPINK7,5
RELN,0
NPHS1,0
KCNC1,0
PLB1,4
F7,0
ADCY5,9
SYTL5,0
DNALI1,3
RGMA,3
Trp53,6
CD8B,0
SERPINA4,2
BCL2L10,2
F13A1,1
DLX2,4
WNT2,4
TNFRSF11A,2
C9,1
RCVRN,7
NFE2L3,6
FRAT1,3
PAPPA,6
ADRA2C,4
MYOT,4
FIZ1,7
DEDD2,6
KCNAB1,2
NPW,0
CORT,0
SECTM1,0
MC1R,2
GUCY1A2,0
HOXD12,4
POFUT2,0
BTN1A1,4
FRMD8,4
TRIM74,4
IGKV2D-29,7
ZNF142,7
ZNF224,4
CHRM2,0
ZSCAN31,7
HNF4G,6
TBX20,6
CAMTA2,3
ATF7IP2,6
ZNF395,3
CFAP58,4
FRY,3
MTERF1,2
Gm9174,3
FAM107B,7
Bap1,6
Lck,9
FBXO9,2
MVB12B,4
CCNI,6
KLHL5,3
DUS2,7
COL4A6,0
SETDB2,1
HIST1H3D,6
C6orf106,2
FAM120AOS,4
ZNF562,6
KLHL25,4
SPATA13,3
VPS37D,2
GJB3,0
C15orf57,3
CTRC,4
SLC6A2,0
OAS1,4
STAC2,0
CYBB,1
FAM126B,4
DDX43,7
CMTM2,0
LINGO2,0
CYP2C8,5
FBXL20,0
RNASET2,5
TRPM8,0
HOXC10,6
HDHD2,2
SLC6A13,0
SPEF2,2
XYLT1,6
PPP1R3B,2
MT1M,4
SCG3,2
Dynlrb1,2
TMEM92,0
C1orf122,3
PACRGL,4
GALNT15,0
HPD,9
ORM2,1
P2RX7,4
IGH,0
Wwtr1,3
PPP1R3F,0
MBNL3,4
RSPH9,7
AK8,4
Fbxl16,2
Rab5b,0
CCDC153,4
ZNF138,4
CCDC70,0
NYAP2,3
XCL2,1
KCTD14,3
ATP6V1E2,0
TNMD,0
EFCAB11,2
TM4SF20,0
KIAA1586,0
ANKRD29,4
RAVER2,6
TOR2A,0
EFCAB7,4
MBTPS2,0
DND1,2
PTGFR,0
HTRA3,0
ARG2,5
PKDCC,2
PLEKHA8,0
SEC14L1,0
WISP3,0
RHBDL1,0
CYP4X1,0
PGM2L1,2
SPTBN5,2
ERICH1,6
LRRC52,0
ZNF616,7
LOC100507703,0
LYSMD2,3
Tnks2,3
Chmp6,3
Cbx7,6
Prkcz,3
Ccdc77,3
Mgp,2
Dctn5,2
Kif2c,7
Isy1,7
Ypel5,5
Cdkn2aip,7
IL17RD,0
TPSB2,2
CCDC89,3
PAPLN,0
DENND4B,0
SLC12A8,0
PLA2G4E,1
STEAP2,0
SMIM8,1
VTCN1,0
DQX1,3
FAM163A,3
ENPEP,0
ORF45,6
ORF47,0
FAA2,4
PCDHGA10,0
TXNRD3,4
BKRF4,6
FAM25G,0
FNDC8,4
SLC52A1,0
ZNF776,6
B3GAT2,0
CUX2,6
HTR4,0
Stard13,2
LOC100506753,0
DEFB125,0
OR52B2,5
WFDC11,0
PLAC8L1,1
E4,3
SLC24A2,7
MC4R,0
PVRL1,0
KCNJ4,3
TLR5,0
RGS6,6
HEBP2,2
NANOS1,3
CNKSR2,3
Ppp2r2d,6
Aurkb,6
TPD52L3,4
SAMD3,4
AKR7A3,4
SNX15,2
CCKBR,0
CLEC3B,4
SUSD2,0
GTF2A2,6
ATG10,2
PCDHB5,0
APC2,3
BMP2,0
MYOCD,6
Ube2k,6
PRX,2
HUS1B,6
WIPF3,3
PIWIL4,2
CXCL8,0
GJA3,0
GALNT4,0
AKAP6,3
GHRL,0
SYTL2,2
NREP,2
CPNE6,4
TMEM256,3
REXO1,6
PDPN,0
TP53I3,2
CD8A,0
GNAT3,7
CDC42EP2,0
TJP3,3
KCNH1,0
IL10,4
IFNG,2
DLX5,6
LBP,1
INSL3,2
TWSG1,0
DOC2A,3
DGKQ,4
TCF7L1,6
SLAMF6,0
MAML3,6
SIT1,0
THBS2,0
SHD,4
ACSM3,5
TECPR2,3
U2AF1L4,7
UL48,6
SPHK2,3
ALX4,6
MB,2
POLN,6
ANKIB1,3
HAS3,0
ABTB1,2
HIST1H2AK,2
FOLH1,0
Cdc5l,7
Mki67,6
SPRR2D,1
Shcbp1,0
Ttll12,3
Zw10,0
Mzt2,3
XDH,7
STOX2,3
ATXN3L,6
ZNF365,3
TM7SF2,3
PRAP1,1
ZBED8,4
NOVA1,6
ROBO3,4
ZFP42,6
ABCA13,1
CIPC,6
CHST3,0
ATAD2B,6
MYO18B,2
DACT2,6
NUDT14,4
OFCC1,6
PXDNL,4
CCDC110,2
RIMBP3C,4
RBP3,4
RGS9BP,0
MMACHC,2
MAGEC1,5
OAS2,3
SLCO2B1,0
LIPT1,0
KIAA1841,3
ATRAID,0
ACADL,5
THUMPD2,2
CROT,1
DPYD,2
DDTL,2
TMEM176A,0
CDIP1,2
TXNDC2,3
S1PR5,0
SHROOM2,3
ZNF557,6
PPP1R26,7
GRXCR1,4
TUBE1,3
PLEKHH2,3
TMEM174,0
UCK1,2
LY6D,0
TSPAN1,0
ADCK5,5
C3orf38,2
ACSS2,2
ADARB2,7
OTUD7A,2
Trip11,0
SOX3,6
NPBWR2,4
ZNF69,4
TAPBPL,4
DCANP1,0
TTC39B,5
PAX4,4
PWWP2B,6
ZNF544,4
GAL3ST2,0
AZIN2,3
ZDHHC22,0
C15orf52,7
NEK10,2
LRRC28,2
ARL17A,0
NUDT13,5
BVES,0
TAS2R7,0
WASH6P,3
SLC25A35,0
PDE7A,3
PCSK1N,0
GRID1,0
ST3GAL5,0
GATSL2,3
DUS1L,2
NYX,0
FABP7,2
METTL5,6
HSD17B1,0
ST6GAL2,0
FAM53B,3
ZFX,7
PRSS12,0
ACTRT1,2
SGMS2,0
Sacm1l,0
Atp5a1,5
Smek1,7
Tnks,3
Lrr1,2
Ewsr1,7
Tubgcp6,3
Smchd1,3
HRH1,0
CFAP44,2
COL6A3,2
FOXO6,6
Nufip2,4
C7orf55-LUC7L2,5
C1QTNF8,0
C2CD4C,0
PCDHAC1,0
PCDHA11,0
C6orf58,1
PODN,0
MTHFD2L,1
CAPN6,6
CELA1,3
CHST6,0
LRRC3,0
ZNF708,7
KLHDC8A,2
SEMA6D,0
SLCO5A1,0
ORF24,6
ANO8,0
ESPN,3
HOXA13,6
NOXO1,2
COL16A1,0
FILIP1L,6
CLCN4,0
Pef1,7
KRTAP19-3,4
ZNF559-ZNF177,4
CNFN,4
BEST2,0
CLDN9,0
KHDC1,4
TBX19,4
HIGD1C,4
SPATA25,6
FIGLA,6
C16orf92,0
FAM163B,3
IL31,0
TAGAP,2
TMEM95,0
Abr,0
MAMDC4,0
Sf3b2,7
DPRX,6
DUXB,6
SLC17A3,0
A19L,3
C22L,5
F16L,2
CITED2,6
NBL1,4
COL23A1,7
DIO2,2
DOK5,4
FAM131C,4
EBI3,3
C2orf88,6
C11orf16,4
M1AP,4
RWDD1,7
VIP,4
C21orf91,3
G2E3,3
UBA7,6
MAFA,6
MKKS,4
OGG1,6
RASGRF1,0
SPA17,4
SELL,2
SUMO4,2
TRPC6,0
SCN1B,0
APOBEC1,4
CNTN2,6
RIT2,6
SYCP3,6
PRLR,2
CACNA1B,2
CLEC4M,0
MUC16,3
GABRB3,0
PCYT1B,0
MSX1,6
C4orf17,4
TMEM50A,0
TRIT1,5
NDUFA4L2,2
TAC3,5
MRVI1,0
CDC42SE1,5
PTCH2,0
ADRBK2,2
ADORA1,0
DRD1,0
ARHGEF3,4
CASP12,2
HOXC6,3
ARL4A,3
GIF,0
BMP6,0
HOXB8,5
SYT7,6
MMP13,5
C4B,1
MAG,0
CYTIP,3
CLIC5,2
MCF2,2
UTS2,7
ICOS,0
EPO,3
MAML2,6
ZFPM1,6
GSTM1,2
GZMA,6
CYP3A4,0
GAS1,0
RNF180,6
STAG3,7
LRRC14,2
UBE2NL,7
PCNX,0
DCAF17,2
NEURL1,4
ABLIM2,2
HOXA3,2
ZNF714,6
DACH2,2
ANKEF1,2
CYP17A1,2
SAMSN1,3
HELQ,0
SIRT4,5
MYLPF,6
FOXN2,6
MAP6,6
STK31,0
Cnot3,3
RTN4RL2,0
FBN3,4
CSAD,3
ABHD4,0
NRGN,4
PRR16,2
PRRG1,3
PHTF2,3
ADRA1D,0
GDPGP1,2
C4orf46,3
ZFAND1,2
TRAM2,0
TMEM134,0
SPIN4,6
SERPINA10,0
DNPH1,2
PHYKPL,4
GPA33,0
SAPCD1,4
ZFAND3,3
MAGED4,2
KCTD18,2
CCDC39,3
GALNT13,0
SCG2,2
DPP6,0
KCNG4,0
NNMT,2
TMEM255A,0
CATIP,4
LIPF,2
NEGR1,0
PCDHA2,7
ZBTB8B,4
NCKAP1L,3
SPIN2A,7
TCTEX1D4,3
HBE1,1
Ccdc64b,0
KCNA6,0
FCGBP,1
FAM86B2,2
Hsp90ab1,2
ZSWIM7,5
GPT,4
APOA5,0
RPAIN,2
RBM18,0
C17orf82,4
ZNF57,4
SLC52A2,0
HOXA2,6
NANOS3,7
ENTPD3,0
ZNF697,4
KIRREL2,4
TTLL10,4
THEM5,5
ADAMTSL3,4
ZNF578,4
PIH1D3,4
TTC21A,4
LRRC20,2
NUDT4,2
CLEC18A,4
FAM206A,0
ATP5SL,5
CCDC27,1
IGLC7,1
METTL6,2
C20orf96,5
ENDOV,3
NRSN2,0
CER1,0
TK2,6
RAB40AL,2
CLEC1A,0
ZNF358,7
KIF27,7
NAALAD2,0
GTF2IRD2B,6
FGL2,3
PGPEP1,4
IFNA14,7
KIF4B,7
NLRP5,2
LRRC4B,0
Hax1,0
Sumo3,5
Aff1,6
Trp53bp1,6
Evpl,3
Cyr61,0
Clspn,6
Klc3,7
Exosc1,7
Tubgcp5,3
PGS1,0
EFCAB5,0
ROMO1,5
STH,4
Ostm1,6
CGB2,3
GBP5,0
CDH12,0
PCDHB2,0
FBXO16,4
HS3ST2,0
C11orf24,0
CDHR5,0
STK32A,2
BZLF1,2
SDHAP2,7
HHV8GK18_gp78,2
FAM19A5,0
C10orf67,0
LIAS,1
PIK3R6,2
CXorf67,6
PRICKLE4,4
PAFAH2,5
LUCAT1,2
VAX1,4
TMEM88,0
TMEM187,0
FOXD4L3,4
ZNF547,4
SLC16A12,0
EXOC3L1,4
LELP1,4
OR2G6,0
Arhgap6,5
SPANXN5,4
CXCL17,1
WDR64,2
USP2-AS1,4
ZAR1L,3
DEFB106A,1
PRELID2,3
SLC52A3,0
CDH15,6
HBEGF,0
BNIPL,2
ZNF10,6
RGS7,0
LOXL1,0
SULT1E1,4
ZNF337,4
TYMSOS,4
ARR3,4
CCER1,4
TMCO6,7
TRPT1,4
PCED1A,4
PARP11,4
XAGE2,6
BAALC,6
NHEJ1,6
PDX1,6
RNU2-1,7
CCL14,0
CDO1,2
CES3,0
GLRX2,2
RIMS2,3
HAND1,6
RGS16,0
FXYD1,0
CEACAM1,0
ASCL4,6
PIWIL2,6
SPIB,6
Cenpf,3
NEUROG1,6
UBI4,3
CACNB4,4
ADAP2,2
COL9A2,4
LPPR3,0
MYO3A,3
LIPE,2
PTPRCAP,0
EVA1A,4
CLDN12,0
CTSK,1
GSTM4,6
CSRP3,2
PROC,0
C6,0
CSF1,4
AREG,4
Cry1,3
GRIN2C,0
GYPC,0
VGLL1,4
LEP,0
MMP1,6
SIX3,6
CCNG2,4
OLFM3,4
ANGPT1,3
ANGPT2,0
CLCF1,4
PITPNM3,2
ASIC2,0
NCAN,6
TIE1,4
PNOC,2
CSN3,4
CCNB3,4
MYF6,6
COL4A3,3
PRRX1,6
SERGEF,4
EDARADD,4
POU3F2,6
TREM1,0
CSH2,6
FCGR2B,2
UCP3,7
PSD2,6
MTHFSD,6
PIWIL1,6
ODAM,4
TECPR1,4
RGL1,0
MYNN,2
ZFP2,4
ZKSCAN5,4
ZNF556,4
UL29,6
NAIF1,6
CFAP45,2
ANXA8L1,2
Sgol1,3
Lyplal1,3
TIAM2,3
ZNF91,6
ZNF266,4
ADCY8,0
SAC3D1,2
ZFP57,4
TC2N,0
TSPAN14,0
SUSD6,4
NSUN6,2
AFMID,6
DNAH3,7
IGKV1-5,2
ZBTB7C,6
TCN2,2
GJB6,0
TMEM168,0
ZP3,0
PIPOX,3
RSPO1,5
ULBP1,0
DPAGT1,0
TTLL7,3
CAPRIN2,7
KIR2DS5,0
CLIP3,2
GZMK,2
UL123,6
RAB7B,0
CRYGD,2
DYNLRB2,3
C3orf20,2
ERVFRD-1,0
PUS7L,2
C7orf31,4
RD3,0
DAPK2,3
STARD10,3
ART4,0
C5orf28,0
CIDEC,4
Brca1,6
RAB3C,0
Tmem109,0
ZSCAN4,6
INPP4A,2
ELFN1,5
RL1,2
K3,2
CALCA,6
FCRL4,0
GABPB2,4
Sept11,2
2700060E02Rik,7
GMFG,1
PLSCR2,4
TTLL3,2
ZNF32,4
SCRN3,4
PHF13,6
RSPO4,4
GTF2H2C_2,6
ZNF280A,6
Tpm4,2
Kif5b,3
U2af2,7
SPOPL,3
ELMOD3,0
FERD3L,4
TBCEL,4
PPP1R2P3,3
FAM218A,5
C1QTNF6,3
PPCDC,4
DISP1,0
RUFY4,4
CROCCP2,3
SYNPR,0
PTF1A,6
JMJD7-PLA2G4B,1
ATG4D,3
PRE5,4
GGNBP2,3
FAM187B,0
TYW5,4
ZBED9,4
NSUN5P2,2
PLEKHH1,3
ASPDH,2
HSD17B6,0
MYEOV,4
TMEM255B,0
A4GALT,0
OSCP1,3
BCAS4,3
CHI3L1,5
TESPA1,3
CABS1,4
TMEM260,4
CD96,0
PLCZ1,1
SLC5A2,0
RNASE13,0
PRRT4,0
LY6E,0
ZNF767P,4
GUCA2A,0
C12orf4,4
MSANTD4,3
UMAD1,4
Mus81,7
Scai,6
Cep85l,7
Esrrb,6
Pkm,2
Gtf3c4,6
Fam60a,6
Akap8,7
Klhl21,0
Slain1,3
Ptbp1,7
Emc6,0
EML6,2
TLL2,0
TSHB,2
PCDH18,0
PIANP,0
IQCC,3
CAPN13,7
ZNF816,6
ARMCX4,0
C15orf27,3
PNLDC1,0
LRRC24,0
CCDC65,3
MBLAC1,4
ISG20,0
TTLL9,2
C5orf46,0
GRASP,2
PMF1-BGLAP,4
PVT1,7
SBNO2,6
GTS1,4
GLIS1,6
ZNF718,3
RNF44,4
POU3F3,1
MXRA8,4
KIAA1324,4
LOC260334,2
FAM227B,1
PLXNC1,0
NDNF,0
IGKV2D-28,7
C5orf45,4
AARD,4
TMEM121,0
ANKRD33,4
ISM2,0
H2BFWT,6
NKX2-4,6
SLC26A5,2
IL13,0
PABPC1L2A,7
OXTR,0
SLC24A4,2
MFSD2B,0
DEFB123,0
LAG3,0
ADAM18,0
CELA2A,6
RETNLB,0
GPR88,0
Tsnax,7
LINC00240,7
SLC22A7,0
B12R,0
ZNF821,6
PYROXD1,7
C10orf82,4
C10orf62,4
MEF2BNB-MEF2B,6
CARD14,4
ZNF559,4
SH3YL1,4
CEACAM5,6
SERPINI2,2
AHSP,4
SIGLEC5,4
RGS10,0
KCNIP2,0
Dlg4,0
HOPX,6
DNTT,4
SCGB3A1,0
RN7SK,7
TNFRSF13C,0
NKIRAS1,0
MSH4,6
PIK3CD,0
SLC25A38,0
CIDEA,1
CCDC17,4
SPTSSA,0
HHT1,6
RHO,2
SCN3A,0
Sept7,6
Sept2,2
OSM,4
CRHBP,3
FABP1,2
CR2,0
CSF3R,2
C1R,1
VSX2,6
SGCD,0
TNR,4
CLYBL,5
FGF9,0
CSF2,7
CHGA,2
POU3F1,3
SCGB1A1,2
CCL19,0
PPP4R4,3
IGFBP2,4
IRAK1BP1,4
CCL20,1
CCL8,1
TNNT2,4
RBBP9,6
YY2,6
ABCC12,2
SPATA2L,3
ATXN7L3B,6
CACNA1H,3
MEGF6,6
RNF17,7
FAM65B,3
ZNF407,6
Gtf2b,6
VASH1,2
KBTBD2,1
JKAMP,2
FBXO8,2
Stag2,6
Anapc1,3
Naa15,6
RGS13,0
BNC2,6
MON1A,3
LCORL,6
CACNB1,4
TUBA3D,2
MEGF10,3
TMEM180,4
AUNIP,4
FAM102B,7
LEPROT,0
ZBTB41,7
BIVM,4
HNMT,2
BTBD7,3
NYAP1,3
TMTC2,0
UROS,5
ADH7,4
Asap1,3
SGMS1,0
DGKA,6
ODF3L2,4
TBC1D10C,4
PTTG2,4
TIGD1,3
CCDC60,7
TMEM53,0
DTWD1,1
CIART,5
STOML1,0
CAPSL,2
VASH2,3
TTLL6,2
ACBD4,4
SERTM1,0
LOC440434,2
PLEK2,7
ZNF625,4
LGALS13,4
MSRB1,4
GSTM5,2
FBXO24,2
FBXO40,2
STK32B,2
PREX2,0
CSH1,6
BAI3,3
GLS2,2
DENND2C,3
PTGS1,0
EFCAB2,3
GSTA4,4
PLVAP,0
CENPW,7
PLA2G12A,3
STOX1,4
CD300C,0
SEMA4A,0
BST1,0
CYP27A1,2
CYP2W1,2
ZBED6CL,2
CYP4F11,0
TMEFF2,0
FAM117A,3
NOL4L,6
PARP6,2
ENTPD1,3
SPATA6,4
FAM127C,4
ENTPD5,0
KRTAP4-7,4
LHX9,6
APOL6,4
UBL4B,4
LIMD2,7
FAM102A,4
DNAJC27,2
PRDM7,7
GATSL3,3
ZNF260,6
PPP1R1A,2
FMR1NB,7
ZSCAN30,4
MORC1,6
TRAC,0
NTAN1,4
AKR1B15,2
PRSS22,2
TRIM16L,3
SPINK5,1
EPX,7
TMCO4,0
CPA6,5
OSER1,2
IFI44L,1
PALM3,6
UAP1L1,2
Plekhg5,3
FAM179B,3
MICU3,1
KIAA0556,3
LBHD1,2
AASDH,7
PRSS56,7
Aifm1,5
Tecpr2,3
Dctn4,2
Iqgap3,0
Cep44,0
Pcdh1,3
Pten,3
Pxdc1,3
Gtf3c2,6
Myh3,2
Strip1,3
EPG5,0
METAP1D,5
ITIH6,4
NOVA2,6
IL1RL2,2
LOC102724023,5
ASPG,4
PCDHB12,4
PIF1,3
ACOT12,4
ZNF214,3
TLDC2,0
CFAP46,4
SLC22A13,0
PRSS37,0
FCRL5,1
C16orf54,0
ZNF813,7
CD300E,0
PDE5A,3
SNHG12,7
SLC2A11,0
ENKUR,2
TIMD4,1
nsp6ab,2
nsp10ab,5
HHLA2,0
CYP4F22,1
SPANXB1,4
KRTAP22-1,4
LEMD1,0
TMEM262,0
PADI6,4
TMEM18,0
PARM1,0
PCAT1,5
OTOA,7
CCR8,0
NPIPB6,6
LY6G5C,0
IGKV2-29,7
TMEM170A,0
TMEM150C,0
DEFB110,0
C9orf170,5
RPS14P3,2
OPTC,0
IL20,0
GPR34,5
PMCH,0
UMODL1,0
C3orf49,6
SPINK14,5
RPS2P32,1
Eif3g,7
Fez2,7
Ssbp1,7
Cstf2t,7
PRAMEF2,2
DHDDS,5
MSC,6
MRAS,2
ABI3BP,1
COPZ2,0
CDHR2,0
ZSCAN16,4
SLC22A24,0
KCTD4,4
C11orf65,4
PLA2G16,2
ELMOD1,1
KEL,0
GNG11,0
IL11,4
MTHFS,2
TMBIM4,0
GH1,2
EHF,6
CREBRF,3
DUS4L,0
ANKRD2,6
NGF,1
RASD2,0
CDH11,3
Pias1,6
EBF1,6
MYBPC3,2
Dnm1,6
ONECUT1,6
Notch1,2
CHP2,0
AK5,4
CTSE,4
ANKRD13B,6
PIGC,0
MYO15A,2
GABBR2,2
ITGB6,2
MYBL1,6
NPR3,4
TAS1R3,0
OMP,1
HOXD3,4
HOXD8,6
HOXD11,6
ZNF239,4
NRAP,4
IL22RA2,0
RGS5,0
KLF2,6
TFEC,6
CLDN8,0
NOTCH4,6
FMN1,0
GABRB2,2
FCRL3,0
SSTR3,3
CELF4,4
GNAT1,0
EREG,0
GCKR,2
HERC6,2
IGKV2-40,7
MPND,6
MYO1G,7
RNF165,4
RNF186,4
RNF182,4
AGBL2,2
TCP11,4
LDOC1L,3
Actr1a,2
Plk2,3
KIAA2026,4
RTKN2,2
ZBTB8OS,7
ZNF226,6
SOX8,6
HESX1,6
SSX1,4
ASCL3,6
CREB3L4,6
AFF3,7
RIMKLB,7
CCDC64B,3
IDI2,6
HMGCS2,2
PCSK1,5
ADORA3,0
Kif23,3
GPR113,0
Akt1,2
ADIRF,2
ZNF235,2
CRABP1,2
FAM213B,2
CA1,0
ZNF649,6
AMPD3,1
RNASE3,2
WISP2,0
RASL11A,2
SLC48A1,0
LDLRAD3,6
KIAA0895,3
S100PBP,6
NRIP3,2
SKIDA1,6
ORAOV1,3
CYGB,2
ASZ1,0
GTF2IRD2,2
CXXC4,6
ATG8,3
CRYBB1,4
KLHL17,0
C11orf70,2
DCAF12L2,6
CCDC184,4
EGFLAM,0
LRRC3B,0
GJD4,2
CTSO,5
RGS9,2
MACC1,2
RNU6ATAC,7
TMPRSS11A,0
HSPB6,3
Hsp90aa1,2
NOX5,2
NAT6,4
C6orf201,2
TASP1,7
C2orf57,0
IGSF10,7
FAM47B,6
EP400NL,6
ALKBH7,4
ALDH8A1,2
GAGE1,4
C19orf18,0
FAM200A,7
IFNA8,4
PDYN,5
SMIM20,5
PNLIPRP2,3
XYLB,2
ZNF773,4
C8orf34,4
PDXDC2P,0
Iqcb1,2
RBMXL3,7
SERPINA6,0
DBP,6
TIGD7,3
TLR7,1
ZNF267,6
ABCA5,0
OPLAH,2
FUT9,0
Vcp,0
VWA5B2,3
LGR5,0
CCDC121,4
CLCN6,0
ATMIN,3
LIMS3,4
ZNF18,4
SGSM1,0
MYBPHL,4
LYSMD1,4
ICA1L,4
MAB21L1,6
ZNF844,4
TBX15,4
ZDHHC24,0
TNXB,4
ZNF26,4
NATD1,4
ARMCX1,4
ZNF471,4
LINC00152,2
LACE1,5
ZFP69B,2
RHBDF1,6
GGT6,0
C22orf29,3
DNAH11,2
CTRL,2
NAT8L,0
C1orf159,0
DHRS4L2,5
UPK3B,0
GPR18,1
ZNF268,4
TTC39A,0
BOD1L2,6
LCN15,3
MCEMP1,0
ATP5EP2,2
ANO3,3
Smarcc1,6
Gpkow,4
Chaf1a,6
Smo,3
Cdk2ap1,6
Rab11fip1,7
Fam83d,3
Kif20b,7
Myl12a,2
Dlg5,3
Prdx1,2
Gpsm1,5
Pip4k2c,7
Nfya,3
Kif3c,2
Trappc11,4
ZNF84,4
ANO5,0
CELA3B,0
PDE1C,7
CHCHD5,5
TMC7,0
ACBD7,0
SNPH,3
LRRC36,2
ZNF843,4
ZNF284,2
SLC2A6,0
SLAMF8,0
VWA3B,1
LYPD5,0
C15orf26,6
CDADC1,3
MINOS1-NBL1,4
SORCS2,4
ZNF484,3
FAM184B,2
OSBPL7,3
RPC11,4
ZNF287,4
ZXDA,2
SLC17A7,2
RINL,3
C1orf74,4
FFAR3,0
SBK3,6
PROK2,0
IGLC6,1
UNC13C,2
IL4I1,2
FHAD1,6
SLC4A11,0
SCN9A,0
Srsf9,7
CACNG8,2
UGT1A5,0
CEACAM16,3
COX7A1,5
Rbm47,7
Srrm3,7
SLC36A2,7
MTTP,2
GCK,2
TNFRSF25,2
AKAP3,3
IFITM2,0
MXD4,6
FAM27E3,4
GIN1,7
FAM127B,2
PLEKHF1,2
RAB37,7
SNX22,3
PEX26,3
UNC79,2
NACAP1,4
PEG3,4
KLK13,1
OTOF,6
TCF23,1
SPDYA,2
HCN2,0
SIGIRR,2
CARD6,2
GRIK5,3
LPPR4,0
CCL7,1
HEXDC,2
OLFML3,3
TCF21,6
CELF3,4
PDGFC,0
CFI,1
CPB2,1
NOSTRIN,4
TNFRSF12A,0
SERPIND1,1
Thrb,6
PRKG2,3
S1PR3,0
Xpo1,4
INHBB,0
GFRA3,0
Eps15,3
NRXN2,2
PLAG1,6
C2,0
RALGPS1,4
SYN3,2
FZD4,0
GRAP,4
ADCY2,0
SLC4A3,2
FGF10,0
SSTR1,0
MATN3,4
REG3A,2
GNGT2,3
ZNF675,4
IFNA1,4
SEMA3F,0
GRIN2D,3
COL11A2,0
WTIP,3
ONECUT2,6
CEND1,2
Mark2,3
Caskin1,4
PEX11A,0
ZNF175,4
ZNF83,6
WFDC5,6
NLRP10,1
HOXA11,6
ZNF200,6
ZNF584,3
CDCA7,3
FAM109B,4
CTF1,4
FKTN,0
GUCY2D,2
HELT,4
TBX1,7
IER5,2
PAPD7,5
Tubgcp3,3
Cep350,3
Casc5,3
Ccdc15,2
Pds5a,2
GPC5,0
TEN1,3
SHISA5,0
FRZB,6
Batf3,6
SP140L,5
Tceb1,2
TCF15,6
LDB3,4
HIST1H2BF,5
MYO16,3
TTPAL,0
ZBED3,3
MESDC1,4
HECTD2,2
RNF141,1
TMEM127,3
TRMT13,2
HECA,3
PANK3,3
EFCAB14,6
RNU4-1,7
GABRA6,0
LMP1,2
FBXL8,2
BIN2,3
HIST1H2AL,2
CRYGS,5
PAGE5,4
AMPD1,2
RPL7AP27,2
UNC80,6
ECSCR,0
ZNF699,4
MGAM,0
RGS11,0
CD302,0
RNU4ATAC,7
Katna1,7
NXF5,2
FBXL22,2
TRAPPC3L,4
AKNAD1,1
ZNF684,4
DENND6B,6
TSPY2,4
CCDC15,3
GAL3ST1,0
NME8,3
MCTP2,0
METTL25,3
DRAM1,0
HPS1,6
LSAMP,2
INTS4P2,3
TBC1D13,2
HMCN1,2
RAB6C,0
FDXACB1,2
SPATA22,4
XAGE1E,6
ZFP82,6
NBPF1,4
LTC4S,0
IGSF5,4
VSTM4,4
PPP1R35,3
MLIP,5
ACVR1C,0
Invs,2
SVEP1,6
CAPN5,2
NT5C3B,2
RGAG1,6
TOPAZ1,3
ADAMTS6,7
FBXO15,5
Anxa2,2
PCP2,0
TTC32,4
C18orf32,0
PLIN1,3
PCTP,0
TMEM37,3
DPH3,4
RIMS3,4
ADSSL1,4
RNASE1,7
RSC1A1,2
WFDC1,2
FAM222A,6
NPM2,5
RNASE4,0
PKHD1,0
RTN4RL1,4
ACYP2,2
NUDT2,2
TMEM190,0
CLCN1,2
ZNF394,4
COMP,4
PRR19,4
ZNF79,4
PHOSPHO2,4
WT1-AS,4
HENMT1,4
SEC22C,1
ZNF555,4
GCOM1,6
AOC2,0
LIX1L,0
ZNF248,2
PQLC2,0
TOX,4
CLRN3,2
Pi4k2a,3
CFAP74,2
NFAM1,1
HEG1,0
PNPLA4,5
SMC1B,6
FRMPD2,4
AP5M1,3
OGN,0
LGALS12,0
ALG14,0
GDF3,3
C6orf57,5
CLPSL1,0
PIFO,0
C2orf48,0
CDKL4,2
PRODH,2
TBC1D26,4
ANO1,3
SAMD9L,7
AOC1,4
TBC1D12,0
GRTP1,0
TATDN3,3
Tnks1bp1,3
Ctnnbl1,7
Elavl1,7
Heatr2,3
Pard6b,3
Pcbp2,3
Ppp2r3a,3
Erp44,5
Ncapg2,3
FBXW12,2
CERKL,7
POU4F3,4
AFM,2
UGT1A9,1
CTAGE1,0
POTEC,3
PCDHGB3,0
TSPAN11,0
CST7,0
LRRC56,4
PKD2L2,0
TIGD3,2
CCDC83,2
ADAMTSL1,0
SMOX,2
LRG1,1
MORN5,4
CALN1,0
LRRC23,5
APOBEC3A,1
PTPRQ,3
LOC102724560,7
UL87,6
ORF17.5,6
HUA1,3
TRPM2,2
PCNXL2,0
SAMD12,1
RBBP8NL,6
GRINA,0
SLITRK6,0
ZFP30,6
DEFB103A,0
DEFB103B,0
ANKRD36C,6
ADAMTS3,2
ARHGAP40,7
ABCA12,6
LHFPL1,0
SPDYC,2
IBSP,5
C17orf50,4
SYNPO2L,4
SERF1B,0
TMPRSS11E,4
BHLHA9,4
SHISA4,0
KRTAP5-1,4
HRASLS2,4
CNIH2,0
CSF3,0
GPR97,0
GCSAML,4
RAET1L,0
ECHDC3,5
ST18,3
C22orf42,0
SLC22A25,0
MYCT1,0
KAZALD1,4
SLC29A4,0
HGSNAT,0
C2CD4A,3
CHIC1,2
DNAJC25-GNG10,0
C1orf158,5
HS3ST4,0
SCGB1C1,0
PRAMEF9,6
C10orf91,3
DEFB107A,0
C15orf32,0
C10orf53,1
MIOX,2
SLC35E2B,0
PPDPF,2
SLC26A7,0
L3L,2
LINC00667,4
SIM1,6
LYL1,6
SELP,1
AGTR2,4
BOK,3
IPCEF1,3
ASIC3,0
SLC22A12,2
THEG,4
Smap1,3
NME5,4
CNTFR,4
LRRN4,4
AQP5,4
RABL2B,3
CCDC42,4
ZNF607,4
DBNDD2,0
MAP3K7CL,4
DYDC2,4
GLIDR,4
RSG1,2
OAZ2,6
PKIG,3
HAS1,2
CRB1,4
XIST,7
DVL1P1,0
NAIP,2
CACNA1E,2
TGFB3,4
PHACTR1,9
OPRK1,0
RXFP4,0
JAM2,4
STAR,0
GNA15,2
AGRP,4
CCDC141,3
CXCR3,1
PDZD3,4
AKAP4,2
SYTL1,2
GRID2,3
Bmi1,6
IGSF9,0
DAP,7
MS4A7,0
Supt5,7
TM4SF1,2
REN,4
HHT2,6
Flna,2
C1S,1
IFNA2,2
ITGAL,0
PKIA,3
IGFALS,4
COL9A1,0
ZNF33A,3
HOXD10,1
SLC8A1,3
IL23R,0
F8A1,9
Ar,6
MASP2,1
NFKBIZ,6
CDH4,6
Mapk1,6
ROPN1L,4
GBP3,2
KISS1,4
KIR2DL2,0
SIRPB1,4
CRYGC,4
TPH1,6
MYT1,6
CCL17,1
CD40LG,1
CGB,4
AOX1,6
RSP5,4
FUT4,0
LGALS2,2
KIAA0226L,2
Cltc,3
Ywhaz,7
SESN1,2
LRMP,2
FAM214A,4
ARHGAP33,4
TBX21,6
ZFY,6
PPP1R14C,2
TNP1,4
BLID,2
OVOL1,6
CACNA1D,3
Prmt5,7
SCN8A,2
HOTAIR,6
ANKRD18A,7
Nedd4l,4
Bud13,7
B4galt1,5
Rad21,6
SPRR2G,2
GATM,4
C20orf196,6
QRFPR,0
CRYM,2
ADAMTS10,4
ATG16L2,2
MZB1,4
SEZ6,5
GABRR1,4
FGF21,4
ZNF80,4
Ubc,1
PPP1R3E,3
FRMPD4,2
CHKA,2
LARP6,7
ZNF554,3
SESN3,3
SPOCK1,0
CREBL2,6
TMEM207,0
ZNF623,4
TM7SF3,0
PDE7B,3
C2orf50,4
RPL36AP37,2
RPL7P32,2
FIGN,4
STAB1,3
MT1F,2
ZBTB6,4
NLRP12,2
Rab11a,0
Cit,3
ZG16,0
BEND2,4
PDE6H,4
TBCC,5
FGF16,4
C14orf93,4
KLHL32,4
TPMT,4
GSDMB,1
FAM3B,0
HPGD,1
LSMEM1,0
TTC39C,2
C16orf13,2
APH1B,0
ITIH5,6
SELV,4
ZNF569,4
Hnrnph2,7
ADH1B,1
ALOX5AP,0
NRON,6
FAM71E2,4
TRIM49,2
Fcho2,3
THAP2,8
KIR3DL1,0
CCDC148,1
NOX1,0
BHMT,0
C8orf74,4
Kif21b,2
MDM1,4
ANXA10,2
RN7SL1,7
CYP4F12,2
SPATS1,4
FAM110C,3
ADH6,7
GYS2,2
ABCB11,3
TCEA3,6
GBA3,7
B3GALT2,0
STON1,3
RAD54L,3
CCDC37,6
GNA14,7
ZC3H6,7
RGS8,4
SPHKAP,2
RPS10-NUDT3,2
AIF1,7
KLHL35,4
KRTAP10-4,4
SOD3,0
GSG1,4
SOX14,4
FCRL2,0
ZNF672,4
C8orf76,3
LY6G6C,0
ZNF808,3
CCDC34,3
WBP2NL,6
FAHD2B,5
AKR1D1,2
OR5F1,2
TLCD2,0
LRRC39,2
ZNF589,0
ALOX15,1
PGLYRP3,5
C9orf173,5
HSD17B2,0
SERPINB11,0
GPR137B,4
C12orf66,3
SAMD7,4
SLC16A14,0
HSPB9,3
GOLGA7B,0
GTSF1,0
DMGDH,3
GSTT2B,2
RBM46,4
CCL25,1
RBP7,4
SPATA12,4
IPMK,6
POSTN,2
KRBA2,7
ZBED6,3
Tox4,7
Tpi1,9
Cobll1,3
Wipi2,3
Gtf2e2,3
Hsf1,0
Tbck,7
Sptlc2,0
Csde1,9
Chmp4c,6
ZNF236,3
FN3K,3
DCDC1,2
TRPM1,6
DCDC5,2
FMO1,0
FAM186A,5
PTPN20B,0
GK3P,1
PRAMEF17,5
C10orf71,6
CHIT1,3
DEFA1B,1
PM20D1,1
PRTG,0
PRR36,3
DSCR4,3
EXOC3L2,5
ZPLD1,0
SPINK4,0
ILDR1,6
IDO2,6
TMEM40,1
ENOSF1,4
C2orf54,1
TMEM135,0
KCTD16,2
ABHD8,4
AXDND1,7
C15orf61,0
NOX4,1
RCE1,0
PARPBP,3
IGKV2D-24,2
TMED7-TICAM2,0
CCDC78,4
HHV8GK18_gp82,2
SNN1,3
YPL077C,4
SQT1,4
ABHD2,0
CMC1,5
RGMB,0
TMEM167A,0
C9orf85,1
HSBP1L1,0
DUX3,5
IGKV2D-40,7
COL13A1,0
PLCH2,2
SGK494,4
ARHGAP30,3
CCDC142,2
OLFML2B,3
ZNF611,6
TREM2,0
RAB19,0
SOWAHB,3
CLDN11,0
PGA4,0
TM6SF2,0
MYADML2,0
ODF3,5
LIMS3L,4
IRX6,4
FDCSP,7
IGLV6-57,4
ADGB,7
CACNA2D3,0
ZNF492,3
LAMP5,0
Arhgap28,2
TLR10,0
CXCL3,1
SPBC36B7.05c,4
CRYGN,1
IGHV3-64D,2
ZNF709,4
C17orf78,0
SPDYE7P,6
PIP5K1P1,0
RLN2,0
LEAP2,0
COX7B2,5
ST13P5,2
C19orf35,3
DUXA,6
H1L,2
ADRB1,0
PLXNB3,3
GRIP2,3
TRPV1,2
NPR1,4
Ap2b1,3
TESC,0
KCNRG,4
RGR,1
FAM153A,3
RHEBL1,4
ACCS,7
ZNF567,6
LILRA3,0
C18orf54,4
SAA4,1
SYT4,5
BCAS1,2
CYP4F8,0
PIP5K1B,3
Apc,3
CABP1,4
XK,2
SLC5A1,2
Vim,3
BAI2,3
ABCC8,0
RAD9B,6
IL6,4
EPB42,0
ROBO4,6
GTF3A,2
KCNJ3,0
Cbx2,6
P2rx7,2
RASGRP2,2
GLYAT,4
IL12RB2,2
S100Z,4
KLKB1,0
NECAB3,4
CNR1,0
MEP1A,0
GRHL3,4
CD38,0
KCNV2,3
Hspa5,2
NPR2,4
HOXD9,6
ZDHHC16,9
BANK1,2
TNFRSF18,4
TAL2,6
NEUROD2,4
NTF4,0
OMG,0
Cfl1,2
NR2C2AP,4
CYP1A2,0
CDH7,4
CACNA1S,4
FAIM2,0
GP6,2
Mcm2,6
Homer1,3
SAA2,1
TBPL2,6
SBK1,3
KCTD11,4
PRDM13,6
RPL41,7
TSLP,0
Ywhag,7
Calm1,4
Hspa9,9
PNLIP,0
RAP1GAP2,3
ZNF839,3
FAIM3,7
FANK1,4
HSP82,2
Atm,2
MRPL36,3
KIAA2022,2
C10orf90,2
CAMP,0
EIF4E3,7
IL17A,0
C11orf63,3
Haus6,3
Spag5,3
Mzt1,3
Ctcf,7
Kifc5b,6
Hnrnph1,7
Mau2,2
Kif20a,6
TCN1,1
SNF1,4
HLA-DRB4,2
ZNF230,4
SEMA5B,4
ZNF135,4
C6orf136,3
DEFB1,5
KCNN3,0
RS1,6
MAGEB1,6
KCNAB3,2
CCDC170,6
HHV8GK18_gp80,2
RPL13P12,2
GAREML,3
ADAT1,3
BCDIN3D,6
SYT15,0
GPR3,0
ZNF561,2
ZDHHC14,0
NAT16,2
RGCC,3
RXFP3,4
RWDD3,6
RASSF6,3
POLD4,6
TBC1D3,2
ATP8A2,0
ADPRH,7
SHH,0
RPSAP12,2
CCDC80,2
ARHGAP6,2
PKDREJ,5
MTRNR2L1,2
NLRC3,2
AIFM3,2
IGLL1,2
UL122,6
SIGLEC7,7
WDR83OS,0
C9orf43,2
ADAT2,1
ANKS4B,4
POMZP3,4
LFNG,2
KCNMB2,0
PTGDR,4
KIAA0825,4
PCDHA7,0
CLDN20,0
MCEE,5
VAT1L,2
HRASLS,4
C1orf105,4
ZNF606,4
TGDS,2
PPIAL4B,7
CASC1,3
GARNL3,4
ANKRD30A,3
MAGEB6,6
CFAP52,2
ABCA6,0
FHOD3,3
EID2B,4
CAMK1G,4
Sirt2,3
Smurf2,4
Nphp1,2
CHI3L2,1
SLC1A7,0
DBH,4
DOK7,4
Sars,3
TMEM252,0
NETO1,0
PXMP4,0
SULT2A1,3
NEUROD4,6
ZNF160,3
CAPN11,2
HYAL3,0
CYP3A5,1
ACSS3,5
NDUFB2,5
LYRM1,5
NUDT15,3
TCEAL5,2
DAW1,6
FBXL21,2
HSFY2,4
TDRD9,7
Samhd1,5
Spcs2,0
MST1,4
C4orf19,2
POM121L8P,4
CLHC1,4
ANKRD26P1,0
BCL2L15,4
ZNF449,4
PAQR5,0
TRMT12,4
GGACT,4
ZNF778,4
FAM153C,3
LOC100288778,2
SLC25A39,5
FAM186B,2
HSP42,4
SIGLEC10,2
FAM216A,3
MAMDC2,2
CA11,0
ODF3L1,5
SOX21,6
CALCB,4
ACTR3C,0
SLC25A52,0
ZNF783,4
OR51E2,1
ASTN2,2
NAPSA,0
CHST9,0
CIB4,4
IFNA13,4
PEAR1,4
ARHGAP28,2
TBC1D3B,4
LRRC58,2
C15orf40,2
DRC1,2
NLRP9,2
RANBP3L,4
ISLR2,0
MAGEE2,2
JRKL,6
Tbc1d7,0
Wbp11,7
L3mbtl2,6
Vbp1,2
Ttll7,6
Gbf1,5
Ints4,6
Dclre1b,6
Amot,3
Emc3,0
RASGRP4,0
ZCWPW1,4
SEMA3A,0
UBBP4,2
TDRD5,2
RCSD1,2
SLC29A3,0
DUOX1,0
IFI27,3
MYOM3,4
STEAP1,0
SSX7,4
LILRB3,0
CACNB2,4
IL17RE,5
C12orf73,5
ZNF852,5
ZNF658,4
ZNF563,0
SLC16A11,0
ZNF112,2
ZNF888,7
KIAA1324L,0
ESAM,7
ZNF221,4
FUT10,0
C11orf85,4
ANKRD30B,2
GJB4,0
PMFBP1,7
DNAAF1,2
C2orf71,6
LOC102724159,7
GAS5,6
FAM185A,4
COL27A1,3
CNGB3,2
ORF70,5
DOA4,4
YJR003C,4
MHR1,4
AIR1,4
FOLH1B,2
YJEFN3,2
RPL17-C18orf32,7
MUC19,2
RBM43,4
C12orf29,2
VOPP1,4
ZCCHC4,2
SEZ6L,4
HSPE1-MOB4,2
RP1,3
GRAMD2,0
BECN1P1,0
DUXAP9,3
KRTAP19-4,4
OOEP,4
FAM65C,4
STRA8,4
WFDC6,0
IGFL1,0
ZNF726,2
LENEP,7
ACSL6,0
LOC100505817,1
COL6A6,3
ABHD13,0
HEPN1,1
MYO1H,7
Arhgef2,2
ABCA8,1
Plekhg2,0
TUL1,4
FAM150B,0
TAS2R42,7
SPAG11A,5
POTEG,3
HOXA4,3
ACTRT2,2
ST8SIA2,0
ERVMER34-1,0
Cirbp,7
Sf3a3,7
Mrpl13,7
BIVM-ERCC5,7
ORF36,2
SLC36A4,0
A46R,0
C23L,3
SLC17A1,0
NXF3,4
INSM1,6
LY9,0
MAGEB18,4
PCNXL4,3
EIF4EBP3,7
EXD3,4
ZSWIM2,1
CRISP3,0
CABP4,4
RASGRP1,2
QRICH2,4
ALS2CL,0
Mapk14,6
EMCN,2
Uba1,2
STAB2,2
GRM3,2
ALG10B,0
LHCGR,2
MT1G,0
LILRB1,0
MARCO,7
PKIB,6
SLN,0
DRD5,4
EFCAB6,6
FSIP1,2
LIF,4
Cct5,2
IQCG,3
MPC1,0
RGS1,0
SLC38A3,0
CBWD5,2
PTH,0
Tmsb4x,6
SOBP,6
ANKRD24,3
SLC25A36,2
PDC,2
C7,1
GRM7,4
INHA,2
F11,0
DAZ1,4
CUBN,0
NPHS2,6
GRK1,2
SSTR2,0
KCNG3,0
AANAT,4
NPPC,4
HRC,4
WNT1,0
COL25A1,7
PAH,5
Mtor,2
Slc25a4,5
C8G,0
CXCR1,0
CCR3,1
ALOX12,2
NPNT,6
CA4,2
GATA5,4
IL12A,0
ADRA2A,0
Ywhaq,9
Ywhae,9
MAATS1,3
CPN1,1
IL10RB,0
Rbx1,2
PGM5,2
TYRP1,0
USP17L9P,6
USP32P2,4
MARCH10,4
Sptan1,3
Map1b,2
Stxbp1,3
EMX1,6
SSX5,6
DIP2C,3
ZNF41,4
CYP4V2,0
TERC,7
TDRD1,7
KBTBD3,7
Recql4,0
Clp1,4
Ppp1r10,7
Akap12,1
CD164,4
KIFC2,6
RUNDC3B,0
BARX1,6
HMGXB3,2
SYT5,0
SSPO,3
DSCAML1,2
SLC25A43,6
MYBPH,2
SLC25A44,2
ADAM23,2
PAQR7,0
ACER3,7
MEI1,5
PTCRA,2
C1RL,0
RIMS4,3
ZNF804A,2
RNF217,0
BGLF4,6
US11,0
IGHV3OR15-7,2
PTPRT,2
GVINP1,2
RPL7AP9,2
TMC1,6
ZNF140,4
DGKI,2
CACNA1G,2
CLEC4F,0
Dpysl2,2
CASS4,3
IL33,6
ZNF706,7
RASL12,7
OLFML2A,3
IL15,4
PCDHGA12,0
C11orf45,4
IL7,0
RSPH3,4
RBPJL,4
TLL1,4
ZNF75A,4
CACNG3,0
TMEM261,0
PDZD9,7
PDE6A,6
Prkca,2
Npm1,9
WBP1L,0
GALNTL5,0
OTOG,3
FETUB,0
CFAP43,3
ZCCHC24,7
DAO,4
PLA2G4F,6
PRSS3P2,2
CAMTA1,5
MYLK3,1
CYP2A6,0
ZBED5,6
RNF39,4
PPP1R27,4
PCDH11X,6
RNU5A-1,7
Gnb2l1,7
Lmna,2
NAT1,7
SERPINA7,0
ZSCAN2,5
CA3,4
PRRG2,3
PAQR6,0
PNPLA3,3
WNT7B,0
C19orf80,2
CPTP,6
ZFAT,6
TOMM40L,0
CCDC126,0
ERCC6L2,7
PRADC1,0
AMY2B,2
IGKV2-30,7
HSFX2,0
NPAS3,6
CDX4,4
GPR112,2
ENPP2,6
TMC8,2
CDR1,0
GSTA2,4
RFESD,4
ZNF180,4
SPON2,6
TMEM213,0
ZNF155,4
ZNF433,4
TCTEX1D1,2
PDE4C,4
SLMO1,2
MYL7,4
ZNF599,4
DRICH1,3
CCDC26,4
SEPW1,4
XRRA1,7
C20orf141,0
GJA4,0
CPA2,0
SSX2B,4
FAM3D,3
HLA-DQB2,0
RTBDN,4
PENK,3
THAP9,5
RWDD2A,2
C1QTNF3,0
MMP28,2
CBWD6,2
CBWD7,0
MESP2,3
CCDC122,3
TMEM38A,4
CCRL2,1
PRR5-ARHGAP8,2
CD164L2,0
C17orf105,1
DPYS,2
CDRT15,5
OBP2A,0
GUCA1A,4
PIGX,0
SULT1C3,2
LOC101060521,6
DHRS11,2
MAGEC3,4
DNAJC24,3
PKD1L1,2
C3orf14,0
ZNF766,4
C2orf69,3
Ppp1r3b,3
Stmn1,3
Hspa14,0
Gnpnat1,6
Ecd,5
Tapt1,0
Tyw3,2
Kif18a,6
Ccser2,2
Slain2,2
ERICH3,2
MXRA5,2
ZNF469,6
G3bp2,7
PLEK,1
SLC26A1,0
ZNF157,6
TRPV2,0
ZKSCAN2,4
PRB2,2
PROM2,0
RASGEF1B,4
ARID3C,6
ZNF254,4
GBP7,4
DKK4,0
ACSM1,4
BPIFB2,1
WHAMM,3
ZNF311,4
XKRX,0
CHRDL1,5
RFTN2,4
ZBTB12,6
CLMP,7
CCDC173,1
GLRA3,0
C14orf37,0
C1orf168,3
ATP6V1G2-DDX39B,0
BCL2L2-PABPN1,4
FAM173B,1
HFM1,7
ABCA9,2
K1,5
ORF16,0
NUP57,4
SEC24,4
LSB3,4
SPTLC3,1
CFAP69,0
KLB,2
PUS3,4
GALNT8,0
NDST3,2
KIAA1211L,2
ERICH6B,6
RPL37AP8,3
PRG4,7
CFAP57,7
ADAMTS15,0
SERPINA9,1
CRISPLD1,0
C1orf167,2
COL22A1,2
Nav2,3
ASTN1,0
TENM2,0
CCDC144B,3
TMEM75,7
CCDC171,3
KIAA1024,3
C18orf63,2
LMOD1,7
SLC38A4,0
COL4A4,7
TRAJ56,7
RNASE10,0
HES7,4
SRGAP2B,4
GPC2,0
EVX2,4
C7orf57,4
VCX2,4
LOC100131303,4
ODF3B,4
ZDHHC4,0
SHOX,6
ZNF441,4
RTP4,0
OTP,4
KRTAP13-4,4
PQLC2L,2
PPY,0
ZNF683,4
GUCA1B,0
TMEM47,0
SDHAF1,5
S100A7L2,1
PAQR9,2
FER1L6,2
BPI,1
Arhgap8,7
PDE6C,3
DNAJC5G,2
SCRT2,7
PFN3,2
LRTM2,0
COL21A1,0
KLK12,3
PLA2G5,0
GPR150,0
TPPP2,4
SCRT1,0
LINC01565,5
TMEM204,0
Srsf3,7
Fubp3,7
Cnn3,7
chn-1,4
TRIM64,7
MESP1,6
A14.5L,0
FENDRR,2
NCF4,2
RHAG,0
PPFIA4,3
Rasd2,6
Rps27a,9
Chek1,6
Fancl,4
Srsf5,7
SPEF1,4
SSX4,6
FAM156A,4
KIF6,3
KCNMB1,0
ACAN,4
EBLN2,3
HTR1E,2
ASCL2,6
KLHDC9,4
Nos1,2
Cdkn1b,6
CD84,2
LILRB2,0
CALB1,2
HTR2A,0
PDE6G,4
MYRIP,4
FICD,0
Stat3,3
CXCL13,1
RILPL2,7
IDO1,4
ANG,6
CDH10,2
TAC1,6
Snap25,0
LY96,4
GNRH1,0
Kpna2,6
RGS18,0
RDH5,2
SERPINI1,0
NLRP4,2
TNFRSF4,4
MFAP2,0
Rps6kb1,2
BEST1,0
IL15RA,2
GRIN3A,0
OPHN1,0
LAT2,2
ADAM2,0
NRL,6
SIX6,6
SELPLG,0
LIPC,0
PIK3R5,3
Melk,6
LAX1,4
Sp1,6
MATN1,0
CD163,0
Polr2a,7
BAIAP3,0
N6AMT1,2
SHE,4
Itch,6
ANKRD6,4
SRPX,2
HMX3,7
SHOX2,6
COL9A3,0
RNF113B,7
TRPA1,0
RASSF4,3
Map6,0
Hnrnpa2b1,9
PEX11G,0
WASH2P,4
SMOC2,8
ZNF45,6
ZDHHC2,0
ZNF513,6
RHD,0
SNAI3,3
NKX3-2,6
HSD11B2,6
MEF2B,6
KPNA7,7
RPE65,2
HTB1,6
Rnf111,6
RASGEF1C,4
TDRD6,7
RGN,2
Lin54,6
Top3a,5
Them6,1
Dync1i2,2
Smc6,6
Fam134a,1
SPRR2B,1
Cnbp,7
ULP1,0
ZFYVE28,0
KIAA1407,2
WFIKKN1,4
ZNF667,7
DPEP3,2
CNEP1R1,0
Psma2,2
TMEM141,3
SH3BGR,3
vIRF-3,6
KDM5D,6
ITPKA,2
DTD2,2
SLC25A37,4
DENND1C,2
ANXA2R,3
TUSC1,7
SLC50A1,4
OSR2,6
ZNF529,2
KRCC1,7
ADAMTSL5,4
TIMM22,0
TSPAN9,0
DRAM2,0
CCNJ,3
DZANK1,3
PLCXD1,7
KLRAP1,0
PAGE2,2
MT3,2
PDE6B,6
MEPE,2
TFCP2L1,6
RPSAP15,2
HMGB3P1,2
ABCA10,2
RPL29P30,2
ACSBG2,4
RGSL1,3
AKNA,3
KLK4,0
TLR8,0
GRIK4,3
UL49,7
PRR15,4
FSD1L,2
NIM1K,2
PRSS33,4
IL26,7
C11orf71,4
IGSF6,0
TP53TG5,4
TBX22,4
ADAD2,0
C1orf64,4
CCIN,2
KIAA0513,2
TMEM175,0
STOML3,0
RETN,3
MROH2B,2
Fem1b,4
C2orf42,4
BGLAP,6
R3HDM4,6
SP140,7
Marcks,2
TCTA,0
Ccdc64,0
ALPK1,3
C20orf194,2
Grasp,3
Nphp4,2
CCDC181,2
UGT1A1,0
PLA2G4B,2
LRRIQ3,4
HHIP,7
STEAP4,1
SPAG16,3
Dok1,6
KCNK4,0
SOX12,6
RPUSD1,6
TSSK4,6
SNHG1,6
ZFP14,0
ZNF30,2
C6orf89,0
ZSWIM6,2
ZNF480,4
RASAL1,2
ANP32C,6
Hspd1,9
DGAT2,0
BRI3,0
AMT,5
FAM104A,2
LRFN2,9
RAD6,6
WDR27,3
KIAA0141,6
PDCL2,3
C6orf226,4
ZNRF2P1,4
C5orf60,4
FRMPD1,3
KIAA0040,4
HPGDS,4
ZNF614,3
PMP2,2
ZNF772,2
FAM19A1,0
CT45A3,4
ZNF662,4
HYKK,4
MS4A12,0
KRTAP23-1,4
AMDHD2,2
GCSAM,4
C22orf23,4
ZNF419,4
KCTD19,4
RDM1,4
ATP10D,0
ZNF761,7
HORMAD1,6
TMTC1,0
FAM122C,1
Eef2,9
PADI1,7
UL36,6
MT1E,4
TOM20,4
C16orf96,7
SIGLEC9,0
Cask,7
GSTA5,4
CALB2,0
CADM2,2
ZNF500,4
VAX2,4
FAM49A,2
CXorf21,2
OR10H3,2
PGAP3,0
GIMAP2,0
TCP10L2,3
MTERF2,0
GFOD2,0
LENG9,5
ASTL,0
PLIN5,4
ZRSR1,7
SPACA4,4
TOMM20L,2
B4GALNT4,0
DNAI1,3
PEX5L,2
CHAT,2
NLRP14,2
Gdi2,0
ADAMTS18,1
XKR4,0
ERVK3-1,3
BTBD11,3
GOLGA8R,0
Rfx5,5
Setdb1,3
Vangl1,3
2310003H01Rik,7
Vamp2,0
Chmp2a,7
Terf1,6
Espn,3
Id2,7
Kif18b,6
Ccp110,3
Ptpn13,0
Ankrd28,3
Bod1,6
Tubgcp4,3
Cenpq,3
Vps41,3
Emc1,0
Smc4,2
Setd2,3
CCDC30,2
PNPLA7,0
ANKRD20A1,3
Hnrnpa1,9
G3bp1,7
TRPV3,0
PCDHGA3,0
CCT8L1P,2
PPIAL4C,6
IGLC3,1
FAM45B,3
HSD3B1,0
CTAGE8,0
IFNA7,4
TGM4,4
CAPN8,4
DEFB104A,0
RNPEPL1,0
BBS12,3
CHL1,0
ZNF28,2
KLHDC8B,2
KMO,3
ZNF721,7
REG4,5
ENGASE,2
C1orf162,2
SFTA2,0
SPATA19,0
PAQR4,5
C7orf69,0
IL1F10,1
CYP2B6,0
ZNF416,3
GPR137,0
CNPPD1,4
CHCHD7,5
TKTL1,2
VILL,2
MCIDAS,6
TMEM220,0
SLC25A2,2
NODAL,0
NEK5,3
Foxf1,4
Pfn1,7
MMD2,0
ORF2,2
PRP39,4
SPP382,4
HYM1,4
PRP4,4
IGSF9B,0
TMEM144,0
ENPP5,3
ZFHX2,4
ZNF793,3
ABHD17C,4
FTHL17,4
LMAN1L,0
MUC4,0
LRRC9,7
PDZD7,6
BTN2A3P,0
LRRC37A2,4
Slc25a5,5
SCN10A,0
Cpeb4,7
SLC6A19,0
CXorf38,6
LOC101060321,4
CTNS,0
TBX18,4
PSMB11,4
TEX43,4
ONECUT3,4
PANX2,6
DAPL1,4
CDH17,0
C20orf202,3
TMEM119,0
OTOP3,0
CR1L,6
LY6G6D,4
CD37,0
FXYD2,0
TMCO5A,0
PI16,0
CDHR3,4
LYPD2,0
OR5H1,0
NXPE2,0
CCL16,0
TDRP,5
ZNF674,1
ALPK3,2
ZNF181,2
PRDM9,7
TAAR3,7
NLRP11,2
DBX2,7
CCDC175,6
KIAA2012,6
AGBL3,7
CCL24,1
HS6ST3,0
GADL1,2
WDR17,2
WTH3DI,0
UBALD2,1
LINC01232,7
NAGS,3
ZNF66,6
EFCAB1,3
VNN1,0
OR13J1,0
ASIP,4
CES1P1,3
LCN8,3
RTP3,7
GAGE8,6
NPAP1,1
TPM3P9,2
GBX1,4
ASIC5,0
LINC00346,3
MMP19,0
CHRNA10,0
RDH8,2
ZP2,0
PCDHGB6,0
OVOS2,3
TMEM132E,0
SGPP2,0
GLYATL1,5
Mapre3,7
Rnps1,7
Lsm3,7
Mrps31,4
Edem3,2
FAT2,3
ARGFX,6
G5R,3
ITGAE,4
Fbxo3,9
Uhmk1,9
Wsb1,2
Gnb2,9
Smad7,9
Rac1,9
TSACC,6
C10orf10,4
SDSL,2
EXOC3-AS1,4
SEC16B,2
KLRG1,0
NTNG2,0
ABCC9,2
Gadd45b,6
Ppara,6
Ppard,6
RGL4,0
TREML1,0
RHBDL2,0
GPR124,0
Tubb2b,3
DLX1,6
OXT,2
EPS8L3,4
POU4F1,6
PIWIL3,6
LALBA,0
SFTPD,1
ADRA1B,0
EN2,7
Mycbp2,9
Sptbn1,9
REM1,3
ORAI2,3
FAM135B,0
PPP1R1B,2
LINC00341,3
TG,2
C8B,0
NPY,2
PYY,0
NTS,0
KIF17,3
Rxra,6
PTHLH,6
RLBP1,2
FCER2,6
KCNE2,0
GPLD1,1
CSF2RA,0
PITPNM2,3
GAB3,0
HOXB3,5
LAIR1,0
SNAPC2,4
IL23A,0
PI3,1
CD86,0
AHRR,6
MS4A2,9
ADRA2B,3
IL18R1,0
TRB,0
RAG2,6
SAG,2
MPZ,0
CLDN6,0
Axin1,3
CRYBB2,4
Nde1,3
Eps15l1,3
Lrrc41,2
HTN1,1
NFE4,7
UPP2,4
Traf2,4
Ikbkg,2
GRIK3,3
Tbk1,2
Nrp1,0
Pebp1,2
RIMBP2,2
SEPP1,6
Tubb4a,9
Tubb3,9
DMRT1,0
HLF,6
ZNF461,4
WNT9B,5
ZNF382,2
GAS2,5
Ep300,6
MACROD2,2
THAP5,4
Uhrf1,6
POU2F3,6
CSMD1,3
ERMN,4
Ikbip,1
Tpr,1
Nipbl,6
Tuba1b,9
Bsdc1,0
ZNF234,2
ZC3H12C,3
GPCPD1,6
Rnf7,2
RNU6-1,7
Adrm1,2
RPN10,2
ZBTB37,6
AMH,4
CASD1,5
VSIG10,4
XKR6,0
SLMO2,5
ZNF280B,6
CA5B,5
CAMK2N1,3
ARHGEF35,2
SETD9,3
PCSK7,4
LRRC37B,0
PANK1,6
LINS,7
PXDC1,3
TM2D1,0
NRIP2,4
TRIML1,6
ATCAY,2
HGD,0
OCM2,6
PHYHD1,4
BBLF2-BBLF3,6
RPSAP55,2
RPL10P16,2
RPS7P4,2
RPL21P19,2
RPL21P16,2
TCEB1P3,2
CNTN4,2
FOLR3,4
Ap2a2,3
Zbtb7a,1
TLR6,0
Fhl1,6
Nfe2l2,2
PCDHB10,0
UL35,6
FGD3,4
RNR1,3
Bax,2
HRASLS5,4
MURC,4
ETNPPL,0
BHMT2,4
NPL,4
IFNW1,1
KCNE1L,0
NMRK1,4
ACYP1,1
RAPGEFL1,4
C4orf22,6
TPM3P4,2
SULT1A4,2
CABYR,5
ZNF568,6
PRR23B,4
Rag1,4
HAO1,7
KCNQ4,2
IRX2,4
LECT1,4
GJC2,0
GZMM,2
IFIT1B,3
ANKAR,2
ZNF587B,6
TSKU,0
APLN,4
TRANK1,6
S100a6,2
Tcp1,2
KCNJ15,0
SLIT3,2
ATP8B1,0
CALML6,2
IGKV3-20,7
Prkar2b,3
AKR1C4,2
FAM84A,2
SNN,7
IL21,3
ATP4B,4
UL46,3
ELOVL6,0
ZFAND4,1
TMEM27,0
CHST4,0
ACKR4,1
PLIN4,2
MMRN2,4
EXTL1,0
RSPO3,0
ST6GALNAC1,2
GDF2,5
ENPP3,0
SLFN12,4
MYH16,3
CCDC157,5
N6AMT2,2
YPEL1,3
LINC00526,4
ASPA,2
SIGLEC6,4
KCNS2,4
SLC5A11,6
LOC149950,4
ZNF366,4
RAB41,4
IGHV4-31,1
C9orf171,2
ZNF85,4
CD300A,0
ZNF391,0
SPANXC,1
DRC7,1
ADCY4,4
SNX31,4
IYD,6
CD300LG,4
GIPC3,3
TTLL11,7
ANKRD33B,3
R3HCC1,6
XKR8,0
ABCG4,0
MAP3K19,6
Cops6,2
Smurf1,4
Cbx3,6
MAGEA9B,4
PSG4,0
NMNAT3,5
HS3ST3B1,0
LRTM1,2
ZNF501,2
CYYR1,0
GLB1L3,5
GK2,2
OPN3,0
ZNF621,4
CHRNB3,0
HTR3E,0
ANKDD1A,2
RIMKLA,3
NSUN7,4
PRAMEF5,2
KIF12,5
KLRF1,0
SMR3A,4
ADM,4
CPSF4L,7
IFNA6,4
TNFAIP8L2,4
MOV10L1,2
ABRACL,3
LOC101930400,2
NLRP13,2
PAPOLB,7
Usp9x,9
RTL1,2
VCY,4
ALKBH8,4
UL12,6
PLEKHS1,2
CARD16,0
SYCP2,7
SAMD8,0
FRMD4B,3
MROH6,3
AK7,7
Ormdl1,7
Otud5,3
Rab7,3
Kif1b,4
M6pr,2
Dlgap4,3
Phospho1,0
Kif2a,3
Pank4,2
Topbp1,7
Fign,3
Ezr,9
Kif7,7
Trim32,9
Orc2,6
Rtfdc1,6
Kif22,7
Vcpip1,3
Iffo1,7
ANKRD16,0
ZNF479,4
SH3TC1,3
Ddx3x,9
C8orf37,2
WNT6,0
AS3MT,2
Las1l,7
COX19,5
PRSS35,5
PYURF,2
CA5A,5
SWT1,4
LPO,1
UGT2A3,1
PCDHA1,0
CTAGE6,0
PROL1,1
SSX6,0
FAM198A,0
COX18,0
IFNB1,3
CT45A2,4
COX10,2
ZNF805,2
C1orf228,1
SERHL2,0
LRRN1,0
ZNF225,4
DNAL1,3
FOXN4,4
ZNF701,7
CYP27C1,0
ZNF432,2
Ywhab,9
Uchl1,2
MAMLD1,6
Ppia,9
AGBL1,7
SLC26A10,2
ORF1,7
K4.1,7
Vps35,3
YDL057W,4
ISU1,4
SKI6,4
APP1,4
GPR158,2
PORCN,0
GPR133,3
KIAA0895L,0
RGS22,2
ZNF652,6
NUDT11,2
KIF19,3
ZNF14,3
ZNF831,6
FAM166A,4
COL5A3,2
C1orf101,0
RPL36A-HNRNPH2,2
AMER2,4
PIEZO2,2
SAGE1,6
Ahcyl1,7
ANKRD18B,7
METTL12,4
TMEM232,7
TBC1D8B,7
HNRNPUL2-BSCL2,2
KCNH5,2
FKBP9P1,3
KBTBD11,2
NARR,0
Pum2,7
TRPM6,2
C2orf43,2
PRND,0
SLC7A10,2
GPR116,4
C10orf11,7
C14orf39,4
OR10G4,7
CLDN22,0
ZNF660,4
ZNF613,4
BAIAP2L2,4
STARD4,0
AQP8,0
OTOS,4
OR6B1,4
KCNN1,3
STC1,2
GKN2,0
CT45A10,4
SMIM19,0
LBX2,4
CA13,2
MS4A6E,1
TMEM196,6
PRRT1,0
PRR30,4
ZNF345,4
LOC728763,0
IGKV1D-33,7
IGLV1-47,7
APOBR,2
IQCF5,4
PLCL1,2
GDPD4,3
LOC728637,3
TTC16,3
SYCN,0
OSGEPL1,0
ART1,0
Kalrn,2
IGHV1-45,7
FLJ44635,3
STAG3L4,4
ANKRD20A4,3
INSL4,0
OR10S1,0
LOC338797,3
C1orf146,1
MS4A10,0
LOC100128554,3
NKAIN3,1
LIPK,0
FOXE3,2
DLL3,2
FAM181A,5
Ddx39,7
NEURL2,2
LINC00941,2
USP17L17,0
PDE1A,9
IL1RAPL1,8
TIAF1,4
Arhgef7,6
Map2k3,6
Rhod,9
Rras2,9
Rnf138,9
Chuk,2
TRIM51,4
HAAO,2
ZNF679,4
C16orf74,3
NBPF3,4
CHST1,0
TMEM123,2
LRRC18,4
C8orf48,4
Bcl2l11,2
HRK,2
LOXHD1,3
Asna1,2
Ctbp1,6
Nr4a1,6
Ap1b1,9
PEBP4,3
SPATC1,3
Ldha,2
Aldoa,9
Actg1,3
CD200,0
SCN4B,0
HCN3,0
SLX5,4
Igfbp7,1
CALCR,0
SPOCK3,0
GRID2IP,3
Hdac1,7
Hspa1b,2
Ppp5c,9
Rdx,2
Cbx5,6
HYLS1,3
CD101,3
FAM131A,3
CDH24,4
GPR135,2
ZNF585B,2
ZNF594,4
OGFOD2,4
ZBTB45,4
PGF,4
SCTR,5
SCT,4
Grap2,3
Shc1,4
KCNN2,9
GRHL1,4
Nr0b2,6
TNFRSF11B,0
CD1D,0
CYP11A1,6
LCAT,1
PLA2G1B,2
IL22,3
NR6A1,6
LPA,1
MMP8,1
FCAR,0
ITGAX,1
TIMP4,0
Rara,2
AQP4,0
Khdrbs3,7
CRM1,3
PRL,3
Socs1,2
CDH9,7
Pax3,6
FCN2,1
Traf1,1
Mcm6,6
UMOD,2
GSP1,2
Vhl,6
Rad23a,2
PGC,7
USP41,2
USP17L7,6
CASKIN1,2
BTBD8,2
Vdac2,5
PITX3,7
KIAA1549L,6
SCX,4
TSPY1,6
Ngfr,0
MSL3P1,6
CECR1,7
Incenp,6
Tbp,7
ALKBH1,3
BYRF1,6
DDX53,7
HOXB4,2
RASGEF1A,3
Tubgcp2,3
Mprip,2
Rmi1,6
Rab8a,9
Gtf3c6,6
Haus2,3
Prkaca,6
AEBP1,3
ZFP28,7
LRRC75A-AS1,6
ACSBG1,7
PYROXD2,0
DSK2,2
DDN,3
Actn4,9
ACT1,2
Skp2,2
COL15A1,2
SNX10,0
ZNF573,6
ZFP91-CNTF,6
SMIM14,0
GK5,4
EBNA3B,6
Sap18,7
TFF3,6
GABRB1,2
DSEL,2
HTR7,2
SPACA3,0
OR2L13,1
PNMT,6
NEURL1B,4
MARCH9,0
PCDHA6,0
RPS26P54,2
C9orf117,2
ZNF846,2
ZNF33B,4
DMTF1,6
WNT8A,0
PDZRN4,2
RAB36,3
CD52,0
ZCCHC13,4
Vps16,3
Vps11,3
Dnaja1,2
ATP5G2,0
PDE10A,9
SYCP2L,4
SPATA4,4
OR7A5,2
CD300LB,0
HMGB4,4
REG1A,2
C6orf118,3
SNURF,7
PTGIS,0
IFNA16,4
ANKRD45,4
PLA1A,0
CRIPAK,6
OVCA2,2
SORCS3,7
TCHHL1,2
Magi1,3
Taf1b,7
CDC5,4
USH2A,6
PCOLCE,4
CCDC176,2
Fgfr1,7
ANGPTL3,3
Ncl,9
CLCA2,1
APOLD1,3
SH2D5,2
SLC23A3,0
Hspb1,5
MAN1C1,3
PPP1R36,7
Caprin1,9
Calu,2
HHF1,6
TAAR1,6
Clasp2,9
Tardbp,9
MRC1,2
ELOVL3,0
SLC34A3,0
ESX1,4
ADTRP,0
ZNF468,7
GPX2,2
B3GNT5,4
PGBD3,6
SRD5A3,3
DDC,6
ABCB4,4
TLE6,7
RBP5,6
DCLK3,2
YPEL2,4
NBPF15,8
Tfrc,5
Bace1,7
RPL27AP6,3
WDFY4,2
Sel1l,9
Eef1b2,9
Prdx2,9
LMOD3,2
SOX1,6
NBPF22P,4
CCM2L,2
CRYGA,4
EFCAB12,7
BMS1P5,4
ARSJ,4
FIBCD1,0
NALCN,1
SMCO3,4
ZNF415,4
SNHG11,4
SPANXA1,6
PCED1B,3
RNF175,4
BBIP1,3
ADAL,4
FAM89B,2
CPEB3,3
SNORD3A,7
Rnf112,4
ARMC2,2
CXCR5,0
US1,7
TP53INP2,3
RPT5,6
GSAP,2
Mpp6,3
SBH1,0
CCNI2,2
LRAT,0
PRSS45,3
ARHGEF37,4
C22orf31,6
OR2K2,2
SCML4,4
PGBD5,0
GMPR,2
KIAA1456,4
BMP15,0
DOC2B,3
MGC39584,7
RASL10A,0
DNAAF3,3
THBS4,4
DDX25,4
CSHL1,6
C1orf220,5
IFNA17,4
RP1L1,3
EPPIN,0
TPPP3,1
CHURC1-FNTB,3
Rpl4,9
TTC9B,2
ESYT3,6
ATP10A,3
VN1R5,6
TMEM138,0
PDE8B,1
GANC,2
ZSWIM5,3
MPV17L2,3
Prmt6,0
Rad54l,3
Mast3,6
Taok2,7
Insr,7
Cep250,0
Zbtb2,1
Mphosph9,3
Map3k12,0
Klhl22,6
Slc6a8,2
Cep85,2
Mkln1,6
Cep104,3
Nme7,3
Setd3,3
Poc1a,3
Dda1,2
Setd5,6
Rab3gap1,7
Ten1,3
Kdm5a,6
FGF5,0
SHCBP1L,7
CCDC73,6
SPINK1,0
Igf2bp1,7
Hnrnpu,9
Fip1l1,7
USP17L1,7
PCDH15,6
PRSS42,0
MOSPD1,0
PCDHB13,0
GABRA5,0
ARHGEF38,3
NDUFAF6,4
ZNF81,3
ZNF610,3
SMCO1,2
GDF10,3
CYP8B1,0
PGBD2,2
IFNA10,0
PVALB,6
TMEM236,0
ACOT6,1
C16orf91,0
GPR155,0
MKRN4P,7
FMO5,0
IFNL1,3
FSCN2,3
TP53I13,0
SOX11,6
DUSP27,5
CCDC154,7
Acta1,7
Eif4a1,9
SEC14L5,2
MDGA2,0
PERP,3
SLC35D1,0
ZNF713,3
CXorf22,2
HHV8GK18_gp79,2
ORF28,0
ORF38,2
ORF49,3
CMC4,5
CPR5,2
VID24,4
YIL152W,4
ADY3,4
UBC1,4
SGD1,4
SMP1,4
PBP2,4
Shank3,0
TECTA,3
USP17L22,2
ZNF850,6
Trim59,2
Ywhah,9
C2orf72,0
SMIM4,0
CFAP54,6
TAS2R31,3
PPIL6,4
USP17L3,4
AFF2,6
ZNF749,2
NRK,3
FHDC1,2
ZNF615,2
DLEC1,7
UGT2B11,2
HABP2,1
RAD51AP2,6
Canx,7
SLC22A18AS,4
KLK14,1
ARMCX6,2
ACRC,0
PADI2,2
GHET1,7
Tia1,4
TMEM117,0
ezh2-a,6
LOC102724652,4
GTSF1L,3
C8orf46,4
KIAA1045,4
LOC102724428,4
MEDAG,4
KRTAP5-8,4
ZNF541,3
OTOP2,0
MS4A14,0
ZFP3,2
WFDC12,0
GALP,0
PRB4,0
HEATR9,6
TMEM71,0
B4GALNT2,0
TAS2R5,0
KCNMB4,0
TMCO2,4
GPHB5,0
PLA2G2E,2
MT1B,4
SLITRK1,2
IFITM5,0
DARS-AS1,7
FAM98C,9
IGKV3-15,7
DDX12P,2
C1QL3,3
C2orf78,7
SEMA3D,0
CC2D2B,2
ARMC3,4
ANKRD31,6
NDST4,0
SPATA31E1,7
DGKK,6
FAM228B,7
DUX1,4
HNRNPCL4,7
EFCAB13,7
TXNRD3NB,4
Tiam2,3
Arap3,0
Dock11,7
CCL15,4
CYP2U1,0
TPRG1L,9
echA1,7
Nlrp3,2
Nrk,2
RRP7B,7
Prmt1,7
TCAIM,5
Senp3,7
OR6M1,0
N4BP2L1,2
MEGF9,0
TXNDC8,5
NXNL2,2
ANKRD20A2,3
TEX30,3
DEFB116,0
GLT6D1,0
SUN3,0
ZNF253,2
LHFP,0
BLOC1S5-TXNDC5,4
TNFSF12-TNFSF13,0
LRRC74A,2
ARMS2,5
CPXCR1,2
TMEM116,0
VEPH1,2
HMX2,7
Txn1,7
USP17L18,5
Srsf6,7
Celf1,7
OTOGL,0
SBK2,2
ZNF680,2
UL138,0
SLC6A18,0
LOC100130520,0
SLCO1B7,7
SLCO2A1,0
A31R,6
B7R,6
K4L,6
grp,6
NPAS4,4
FGF7,2
UNC5A,4
Rab38,6
Rhobtb1,9
Wwp2,6
Rhoj,9
Smad2,6
Rab3b,9
Stat1,9
Ubb,2
Rab6b,9
Cdk4,6
Arhgap15,9
Ppp1ca,9
Map3k7,2
Srsf4,9
Rnf2,6
Rab14,9
FZD9,4
MTCP1,2
CD177,2
CLEC1B,2
ACMSD,4
RENBP,0
BPIFB3,4
Nr3c1,2
Jak1,2
WNT2B,6
Tsc2,7
Mlxipl,3
Mdh1,2
Pfkm,9
Grin2a,3
Dnm2,3
Clip2,9
Pgk1,2
KLF7,7
CALCRL,6
PIP5KL1,3
PHOX2A,6
PRE1,2
LY6G6F,2
EMP2,4
CNGA1,3
SYTL3,0
TAT,2
Myc,6
CITED4,6
Bicd2,9
git11,2
GDPD2,5
EDN1,2
PSD,2
PTCHD2,7
NMRK2,4
Eif4a2,7
REG1B,2
Net1,9
CX3CR1,0
Snap23,0
GUCY2F,2
LMX1A,6
ALAS2,5
FXYD7,9
Atp1a1,9
APOL1,1
Pick1,0
FSTL3,3
LCT,6
MEP1B,0
Hnrnpm,9
PSPN,4
CDC42EP5,6
VEGFC,2
UCN,4
IL3,3
ACR,3
SOX18,2
MIA,2
SYT13,0
CRHR2,0
KCNK3,2
DRP2,8
BNC1,0
ABCA4,7
CNGB1,7
KCNJ9,0
PLA2G4C,7
CFHR3,2
CDH18,2
CD24,1
Vdac1,2
Apbb1,4
Gab2,2
IRX4,4
Ago2,7
Dlg1,0
CPAMD8,5
MGP,1
CYP2C19,0
Gata4,6
NRG2,3
Igbp1,2
AHSA2,4
Pdgfrb,2
Ncoa2,6
Safb,7
Ube2g2,0
Psmd4,9
Rb1,6
LAMB4,2
CECR6,2
LOC613037,6
Capza2,9
Tubb6,9
Ap2m1,3
Ap2a1,3
Rps7,9
Map2,9
ZNF823,2
TIGD4,6
Cbl,9
MLANA,2
Ctbp2,6
VHLL,4
NKX2-2,6
HIF3A,6
Ilf3,7
Top2a,9
Ndfip1,0
Chek2,6
EME2,4
CDHR1,0
Rplp0,9
NUP82,3
Fam107b,7
Aif1l,7
Mical3,2
Ddx21,6
Haus8,7
Orc1,6
Nup88,3
MC2R,0
Fbxw7,6
LOC148413,4
EOMES,6
Grm5,2
Prkcg,2
GALR3,1
Mdm4,6
SETD6,6
RNA28S5,7
KIAA0319,3
Cdk2,6
HSP104,2
SRD5A1,3
FAM72D,4
RNF212,6
vpx,2
Psmc5,9
Lmnb1,2
Amph,3
Tap2,0
Dact1,3
Rnf4,4
Rptor,2
CDY2B,6
RPL10AP3,7
MMAA,5
UBC5,4
Rev1,6
Hip1r,3
CCDC149,2
ORF23,2
Syngap1,2
DPP10,2
RNR2,5
RIIAD1,4
KCNV1,2
MEGF11,7
VSTM2L,3
TMEM8B,3
Hspa2,2
Hspa4,2
GOT1L1,1
SPATA31A7,0
Myo6,2
PGLYRP1,2
GIMAP4,4
CSAG1,4
DLGAP1-AS2,7
IQCH,2
COX6A2,0
ZNF720,4
WDR88,4
SPIC,4
ADH4,5
SUN5,2
FGFBP2,4
GIMAP6,4
PMS2P1,2
AGAP4,2
CATSPERG,4
ATHL1,7
ZNF585A,3
ZCWPW2,4
Usp10,7
Grip1,2
ACOX2,3
ANKRD42,6
KCTD8,2
Hipk2,6
ITGA11,2
Rpl23,9
Blzf1,0
CSRNP2,7
Mms19,3
Tpm3,9
PCDHB8,0
Cfl2,2
Bag3,2
CEACAM7,0
MPZL3,0
Cry2,6
ZNF577,2
SCIMP,0
Matr3,9
Pygb,9
Bin1,3
Paics,9
Birc6,3
APOPT1,2
SOAT2,0
WDSUB1,2
SLC25A47,2
FJX1,0
THPO,3
TMC5,3
CYP39A1,0
DLX3,4
ADH1A,1
ND4L,9
GP2,4
CLDN15,3
PLA2G3,0
PIGY,4
ZBED2,7
PRR7,3
FAM71F1,2
Hk3,0
ZNF595,2
HKR1,2
RASA4,7
KRT87P,7
HEPH,0
C17orf97,7
Chrna4,2
Gsn,9
Eif5a,9
Plec,9
NXPE4,3
HAGHL,6
PIB1,2
FEZF2,6
Copb1,9
Hadha,9
Clta,2
Pgam1,2
Ncam1,2
Sirt1,3
GOLGA8DP,6
CPT1B,4
PAGE3,0
WFDC9,4
RUSC1-AS1,4
ERICH2,4
RP9P,4
TEF,6
LOC155060,4
C4orf33,4
COL24A1,2
SCRG1,0
SPANXD,2
SPACA6P,4
NRG4,0
ARSI,0
C12orf40,3
ZNF763,4
SNORA6,7
SCARNA5,7
EVC,7
SNORD22,7
LINC00657,7
YDJC,2
PHOX2B,4
SMT3,6
IGHV3-23,7
ZNF385B,3
RVS161,4
SUI2,9
GH2,3
UGT3A1,7
FAM78A,3
CXorf58,0
IL2,0
SPATA6L,6
MOGAT2,2
ZNF93,2
MUC15,0
SIRPG,2
VSTM2A,0
WNT3,0
AMDHD1,7
STKLD1,2
OPN4,0
STPG2,2
CATSPER4,0
CPZ,2
CST9,0
C5orf64,5
DPY19L2,0
GATS,0
C17orf102,2
ERICH6,2
WDR66,2
LEKR1,5
PUS10,4
GSTT2,2
ZFR2,7
TDRD15,2
Rab6a,2
IL27,3
LIX1,6
CSMD3,2
ZNF257,6
DENND2A,7
HMCN2,7
LRRC34,0
PRRT3,2
PLXDC1,0
DENND3,6
TIGD2,6
ARHGEF33,2
Ankfy1,5
AI314180,6
Tmem55a,7
Ptpn2,0
Nelfa,6
Herc2,3
Gtf3c3,6
Ska1,3
Ppp1r7,2
Ppp2r5c,6
Mtmr2,3
Terf2,3
NPIPB3,4
Cxxc5,6
CCDC105,4
BEND4,6
FOXO3B,1
Atp1a3,9
Syncrip,9
Hnrnpab,9
KAAG1,4
SEMA3G,0
ZIC5,6
Eno1,2
CCDC144A,3
FMO3,0
ZNF304,3
OPA6,7
GOLGA8B,7
Sfpq,9
SMTNL1,0
RASA4B,6
ZNF99,3
NLGN4Y,2
CYP3A7,0
CYP2A13,1
POTEB2,4
STEAP1B,0
SAMD13,6
GGT5,2
FAM78B,0
UGT2B15,1
APCDD1,1
HEPACAM,2
ANGPTL2,2
IFI44,0
OMD,2
FSCN3,2
ZFP37,0
TPH2,6
CKLF,3
ZNF571,3
CYP7B1,0
PLCXD2,4
GNRHR,0
CLDN18,0
FAM89A,0
C14orf79,3
FAM26E,0
ANO9,4
SV40gp6,6
ZNF836,2
SNHG3,7
Usp5,9
Ehbp1l1,0
Eef1d,9
DNER,3
NBPF26,6
P2RY11,4
SLC7A5P2,3
LINC01139,2
OCM,2
MARVELD1,0
ZNF25,2
K2,2
K4,7
ORF17,6
ORF27,0
ORF35,7
ORF48,3
ORF58,0
BIL1,4
DAL80,4
YJR011C,4
RRN11,3
YSA1,2
GMC2,4
MUD2,4
PRP3,4
YPT35,0
ISU2,4
BUB2,4
ATP11,0
CCP1,0
YCR087C-A,4
Lig1,6
MORN1,6
Tnrc6b,2
ABCC11,2
Klf4,7
C6orf10,3
ASPHD1,2
ATP10B,2
h2afx,6
FAM200B,7
C2orf76,4
POTEA,4
GSDMC,1
ADAMTS9,4
ADAM28,2
TRIM75P,7
IQCD,6
TTC6,3
GREM1,4
Lmo4,2
Cand1,9
KL,3
MROH7,7
ZNF90,7
CRNDE,7
SEL1L2,0
KCNK7,0
PCDHGB7,0
F2RL3,6
GABRQ,0
JAKMIP3,6
C9orf84,4
UGT2B28,2
AGAP6,0
MMP20,3
INO80B-WBP1,9
FSBP,7
TAS2R14,5
NBPF6,4
TVP23A,0
ZNF548,3
Igf2bp2,7
Tra2b,7
Eif2s1,7
ATP8B4,7
CHST13,0
TMPRSS11D,7
GDF5OS,2
C9orf152,4
GRAPL,4
CLEC2A,0
LOC102724488,0
CEMP1,4
TCP11X2,0
CORIN,0
CYB561D1,0
GAGE12G,4
AQP7,0
TSPY3,4
SLC35G5,0
CABP7,3
PROKR2,0
C1orf56,4
CCDC152,4
LOC400927-CSNK1E,4
DEXI,0
SPATA32,4
ZNF493,0
LOC100507462,4
ZSCAN5B,4
SEMA6C,5
SRD5A2,4
FAM47E-STBD1,4
OR10AG1,0
C1QTNF4,2
FUT7,2
ZNF300,2
OR7A17,4
SIAH3,4
MEG3,3
ASPN,0
FER1L4,7
UNC5D,0
Xbp1,2
nsp15ab,6
TMEM156,0
IGKV2-28,7
FER1L5,2
CEBPZOS,0
NBR2,7
OVCH1,6
ADAMTS16,7
TTC9,2
WNT8B,1
CCDC62,4
TBC1D28,6
WASH4P,3
SI,7
ENAM,2
MYO7B,2
PLEKHD1,7
CYP4F3,7
CTAGE15,0
MCTP1,0
MMEL1,2
CCDC178,7
KANSL1L,7
KCNH7,2
SIDT1,7
MSLNL,7
NIPAL2,0
TMEM110,2
CCL1,0
C19orf48,2
ORF5,0
TCEAL3,2
LRIT3,0
SLC7A11-AS1,7
HRD1,4
CDY1,6
PKHD1L1,7
IRX5,9
KCNH4,4
THSD1,0
NUTM2A,7
FAM47E,2
CTAGE7P,0
IGFBPL1,0
CXorf40A,5
OSTN,7
OR5C1,5
C15orf53,5
OR10A4,2
HOXC12,0
GSX2,0
RFNG,0
NOBOX,3
BEND6,3
PMS2P3,3
ZNF321P,1
CLLU1OS,4
ALG1L,3
FAM92B,3
MRGPRX4,0
ADAMTS14,0
TMEM158,0
Zcchc17,7
Utp3,7
Ran,9
Rnf166,6
C19orf24,0
LINC01420,4
IQCA1,2
ZNF729,2
Pelp1,7
Wdr18,7
Tex10,7
OR10G9,7
B13R,0
J2R,0
HNRNPA1P48,7
CASC11,7
KCNJ1,2
PKD2L1,4
Rab34,6
Rhebl1,9
Nuak2,6
Arhgef6,6
Trim35,6
Arhgef11,3
Plk4,2
Ilkap,9
Ocln,2
Nkiras1,9
Rab33b,9
Bcr,9
Ikbkb,9
Cdk14,9
Naa20,9
Ube2e3,9
Cul5,2
Fkbp4,9
Srgap1,9
Rapsn,0
LINC00663,4
WNT5B,0
HHLA3,4
CHAC1,3
CTBP1-AS2,2
Rap2a,9
SIC1,6
SSE1,9
CCK,0
WISP1,4
PKD1L3,2
DGKB,2
Hnrnpr,9
Nr1i3,6
Pik3r1,3
Nrip1,6
Cacnb1,3
Glul,2
Glud1,9
Dnm3,2
TRPC2,0
Sufu,6
MT1H,2
HCN4,0
HAPLN1,0
SSA1,9
SUP35,2
CASP5,2
ERAS,4
Pias2,6
Morf4l1,6
Hdac2,6
Sin3b,6
Nsd1,6
Map2k1,2
Ube2l3,2
GCN5,6
KIAA0087,4
KIAA1875,3
Dnaja2,9
Notch4,2
GFRA2,5
GDF6,0
APOF,1
TRPC7,0
Crhr2,4
HLA-DMA,0
UCP1,2
Grm7,6
PAPPA2,6
CCL23,1
Thra,6
Eif3l,9
CFHR1,1
IL21R,4
MUC2,4
HLA-DOB,0
CRB2,2
CDH6,2
NLGN4X,0
NGG1,6
CLCA1,2
RXFP2,0
IL12B,0
TACR2,5
Tpd52,2
Scap,2
Pkp4,9
NPBWR1,0
ced-3,2
MADCAM1,0
KAP104,6
SSTR5,0
Sstr2,3
CFD,1
ITGA10,7
GABRA4,9
Git1,3
Traf6,2
OPN1LW,0
Dlgap1,9
Il6st,2
Dlgap2,3
WDR82P1,6
Usp8,3
RPT1,2
SNRPEP2,7
SNRPD2P1,7
Egfr,2
Socs6,2
MYL5,2
Brsk1,9
Camk2a,9
Myo5a,3
Tuba4a,9
Atp6v1a,2
Slc25a3,9
Slc25a12,9
Slc25a11,5
Phb,9
Chchd3,9
Phb2,9
Ndufv2,9
TBC1D3F,3
HPS4,3
ZNF600,2
MUC12,0
ANKRD53,6
NKX2-3,6
INSM2,4
HRH3,0
Ngfrap1,4
HTA1,2
SP5,5
Arrb1,6
Cdkn2a,7
PFI0930c,6
UL38,6
Cdk9,6
Pdia3,9
CDC48,2
Tnik,9
Arhgdia,9
PHKG1,3
Tacc3,4
Top2b,6
Lsm14a,7
CXorf23,7
Stk38,3
Ttk,0
Fancc,4
Eif4a3,9
TCEB3C,2
Khdrbs1,2
CYP4A11,0
PDE1B,2
ZNF671,4
Socs5,2
Tceb2,2
Dusp9,2
Grm8,6
BEAN1,2
Shprh,6
Actn1,9
RNA18S5,7
Atf7ip,6
hist1h3g,6
RPO21,2
LRTOMT,3
ZNF528,3
TSPAN13,9
RRNAD1,2
C8orf4,5
SMIM7,0
CDKN2B-AS1,6
Psmc3,2
Acat1,2
XBP1P1,6
FGF23,0
TCF24,4
Ppp3cb,9
TYR,2
GABRA2,0
tcf7l1a,6
RHBDL3,2
ZNF790,2
NXNL1,6
FABP2,2
SULT1B1,1
Dll1,4
EBF4,4
VWA7,2
SNORA7A,7
HSD11B1L,2
SLFN12L,7
COL19A1,0
MOT2,4
Cblb,2
Far1,9
Ppp1cc,3
CLDN17,4
LGR6,6
UL54,7
Cops2,2
nxf1,2
nxf-1,2
Sorbs1,2
Pax6,4
Jun,6
Tap1,2
Tnfrsf12a,4
Trim24,6
NUTM2B,6
COL26A1,3
MRGPRX1,0
NBPF11,3
Vps18,3
PRDM8,2
SORCS1,6
SLX8,4
Rnf115,4
Ubqln1,0
Csnk2b,9
Cebpa,2
C1orf110,2
FAM53A,4
SASH3,4
OCEL1,7
C22orf46,4
C11orf53,4
GSTA3,4
FRG1B,4
IL18RAP,4
MROH8,7
CD300LF,4
AFG3L1P,3
R3HDML,2
MMP12,0
PARP15,4
NUDT16P1,2
OSTCP1,0
ACTL7A,2
ZNF322,4
ZNF454,0
FPGT,5
PCSK4,4
Fas,3
Taf1a,7
Sec61b,9
GUSBP1,3
CYB5R4,4
NAPEPLD,0
ZNF716,2
NT5C1B,9
ERVK13-1,6
TBXAS1,2
NBPF14,2
NBPF10,7
NBPF8,2
WFDC8,9
Dvl1,9
PTGDR2,0
SPOCD1,6
CACNA1I,7
IGL,2
CHKB,3
CYP2D6,0
PSG5,4
TBX4,8
hist1h4a,6
TMEM132C,2
ZSWIM3,2
K5,4
Arf4,9
Tmem33,9
Cdkn1a,6
Polr2b,9
IL9,3
TFF2,0
Cav1,0
Serpinb1a,1
THEMIS,2
Cdon,3
Capzb,9
Ppp3ca,9
Syn1,9
Syn2,9
Stau2,7
CMTM1,2
GPR119,0
pth4,5
TEKT4P2,6
UGT2B10,2
AGXT2,4
LEFTY2,9
DLX4,6
OVGP1,4
ZPBP,2
LTB4R,1
UGT1A4,0
C2orf74,2
CHRM1,0
ANGPTL6,6
Hk2,9
TMEM64,7
C16orf78,7
RPL39L,7
RNASE2,0
Trim21,9
NAMPTP1,2
SNORD24,3
MEIOB,4
LYNX1,4
BMP3,6
Stk11,2
PPP1R2P4,2
NAP1,6
WDR63,2
Serpinh1,9
LOC442497,2
HSF5,2
ROM1,0
CILP,3
Tufm,9
Tuba1c,9
Eif4b,9
Lmo7,6
Ptma,9
Psma3,9
Rplp1,9
Rps26,9
Psma4,2
anapc11,4
HHIPL2,3
CSNK1G2-AS1,4
GPX3,1
HLA-DOA,0
LINC00636,4
CSDC2,4
GEMIN8P4,4
LINC01547,4
URB1-AS1,4
REXO1L6P,4
GPR128,0
THEMIS2,5
PKD1P1,4
PI4KAP2,4
SPDYE2,4
CCDC108,2
EXD1,3
MORN2,4
IGLV2-14,4
CATSPERD,2
ZNF860,4
SNORA5A,7
MIR3652,7
C16orf93,5
RNF216P1,7
FIRRE,7
Sox9,6
CNTD1,4
ZNF667-AS1,4
Ulk1,3
Nsf,9
Senp2,6
Senp1,6
COP1,0
SEC27,0
MRP8,9
PRE6,9
SGT2,2
PGA3,0
SEC23,0
Lrrfip1,6
PRRG3,0
FGGY,3
ABHD12B,7
RFPL1,2
MAGEB3,4
ERI2,2
P2RY14,0
CHAD,0
PRSS48,0
SPATA17,3
TMEM185B,0
C4orf48,0
SYT10,4
FAM149B1,7
FAM90A26,1
ZNF582,2
CDNF,5
PLA2G12B,0
Brca2,6
CCDC64,3
GPR85,1
ADAM8,2
CAPN9,2
HYAL4,5
NUP210L,6
Tanc2,9
Cad,9
APOBEC3H,2
Nme2,6
UL42,7
UL17,6
FAM217A,4
ZNF586,4
CYP46A1,4
Cacybp,9
ptpA,2
Nek1,2
Baz2b,0
Gmnn,6
4932438A13Rik,2
Lin28a,4
Dicer1,9
Crocc,3
Kif15,4
Syce2,2
Snf8,3
Ambra1,9
Slx4,6
FOXD1,3
DHR2,4
ZNF182,4
Spop,6
Igf2bp3,7
Pabpn1,9
Hnrnpl,9
Fxr1,7
HIST2H2BD,8
USP17L5,2
APITD1-CORT,4
ME3,2
HCAR1,0
EGR4,2
Aco2,9
Dsp,9
C9orf131,2
Ckb,2
Cs,2
Gapdh,2
Prdx6,2
Gpi1,2
Eno2,2
Zfp36,3
Pcsk5,0
FGF6,4
PPZ1,9
Rnf126,6
HTR3D,0
BTBD18,4
IGHV1-2,0
C2orf61,3
IL1RAPL2,0
PPP5D1,2
NXF2B,4
PCDHA13,0
SEC14L3,7
SPANXA2,6
FAM71F2,0
TMEM194B,0
C9orf139,1
SMPX,5
PCDHGA8,0
PON3,0
ZNF738,3
BMP5,1
GLT1D1,2
SLC25A53,5
RNF215,0
AMBN,2
RNASE9,2
ATP6V1G3,3
FMO2,2
TEPP,5
ZNF549,2
TAS2R8,1
IFNL3,2
H1FX-AS1,7
Capn2,2
SFRP5,2
Palb2,6
Myo1b,9
Rpl23a,9
Hist1h1b,9
Nop56,9
COL6A5,6
Card11,2
Rps3,9
Nap1l1,9
Hsp90b1,9
Aars,9
Rpl18,9
Rpl11,9
LOC113230,7
C17orf51,3
KIAA1731NL,6
HNRNPCP2,4
JPX,3
SENP3-EIF4A1,7
BFRF1,3
UBQLNL,4
ADCY1,3
ORF11,6
ORF30,0
ORF52,7
ORF59,6
ORF62,6
ORF63,6
FRMPD3,2
ORF67,2
DLEU2,3
MUM1L1,4
AIP1,2
PHO85,4
GOS1,0
THP2,4
YHL018W,4
MAK31,4
YPK2,4
PAC1,4
RAM2,4
VMA8,4
CDC9,0
HRT1,4
CDC11,6
GET3,2
Fxr2,9
ZSWIM4,3
PCDH11Y,6
POLR2J2,6
LINC00467,4
Rpl26,9
AMY1B,1
ELAC1,7
CASQ1,4
PPP1R14D,4
OR2T1,8
ZIM3,2
CCSAP,6
CLDN14,0
PRA1,1
VN1R1,3
NEUROD6,3
DFNB26,0
USP17L12,4
CSMD2,4
COL28A1,4
TMEM200C,2
EXOC3L4,7
ZSCAN10,2
SH3D21,2
ABHD16B,6
ADCY10,7
Mnda,6
SLFN13,0
KDM7A,2
Lepr,2
FAM220A,4
Trim56,4
CALY,7
FREM3,2
ADAMTS5,0
NTN3,7
ZNF862,0
Ptpra,0
GPR179,6
Atp5b,9
Mif,9
Rps14,9
Rps15a,9
Rpl7a,9
RNFT2,4
ABHD14A-ACY1,2
IGKV@,2
ANKRD34B,3
NPIPB5,4
THUMPD3-AS1,6
ATP8B3,6
ZNF841,2
Trp53inp2,2
LST1,6
Adar,7
Ythdf2,7
Khsrp,9
Rpl27,9
Elavl4,7
Rps15,9
Rpl24,9
LOC93432,7
CHST2,4
CCDC38,2
GUCY1B2,8
MFAP3L,0
NPFFR2,0
SPDYE2B,4
TRPM5,0
DEFB124,0
CCL3L3,0
PRR32,4
C5orf49,4
TNFAIP8L3,7
LHB,4
SRL,0
DEFB131,0
ZNF229,2
GPR115,0
C10orf120,7
CELF6,4
CEACAM3,0
EPGN,0
CH25H,4
TAS2R10,0
ESPNL,4
C1orf61,4
NKX1-2,4
GPR162,2
SDS,4
LYG1,3
TRIM49C,4
HIGD2B,4
PLA2G2F,4
TMEM82,0
VCX,1
ZNF789,7
SPPL2C,4
C15orf65,0
AMN1,2
IQCA1P1,7
IGKV1-33,3
KIAA1614,2
Sfxn1,5
GJA10,5
Ngf,1
GPR171,2
FAM177B,3
SLFN14,7
GPATCH3,7
VWA3A,7
ZNF878,2
ZIK1,6
CCDC63,6
TRIM64C,2
OR9Q2,7
LRRC71,5
SYNJ2BP-COX16,5
ARSD,2
ADAMTS20,2
OR4D2,2
MMP24,7
MUC17,7
C2orf16,7
Srgap2,0
MRGPRF,0
GPR176,0
LY6K,0
USP17L24,2
Fndc5,0
OTOP1,1
LRRC10B,2
OR6K3,6
TRNP1,3
GDAP1L1,2
C9orf69,0
UNCX,3
NWD1,3
IGHV1-18,7
Tax1bp1,2
TRIQK,4
KANK3,3
ZNF879,2
IER5L,4
TMEM163,4
LRRC14B,2
GPR27,0
PRAMEF12,2
OR52I1,0
STPG1,5
LGI2,3
RARRES2,0
HS3ST6,0
GBX2,4
OR52N5,0
PATE2,1
PROK1,4
SLC5A10,2
IGKV1D-13,5
SKOR1,4
FAM169B,0
PSAPL1,1
OR4X2,4
ASAH2,4
OR5M8,2
F8A2,3
HES3,0
CPT1C,2
OR11G2,0
PAGE2B,7
IL17D,5
ATP5L2,5
DHRS4L1,5
LOC100509457,0
CALHM2,0
OR3A1,3
Npm3,7
Mapre2,7
Ddx42,7
Btf3,7
Srsf7,9
Lsm8,7
LCN1P1,6
ccnb1,3
Becn2,3
C3P1,1
ahctf1,6
GOLGA8O,0
MIR223,3
BPIFA3,3
IGKV2-24,2
EEF1E1-BLOC1S5,7
PSTK,2
DEFA3,7
PDPK2P,2
C4orf36,2
SCN11A,2
Nol9,7
ubi4,2
IGKV3D-20,2
SPDYE1,2
Rgl2,0
REC114,0
CCDC3,6
Tfcp2,6
ZNF730,3
SCN7A,2
Rictor,2
CXorf65,4
PCDHGA2,6
IGKV1-8,6
FAM13A-AS1,6
CYP2R1,3
CCDC81,7
GPR4,0
USP17L11,5
USP17L19,2
USP17L20,5
FPR3,3
A22R,0
A50R,7
E7R,0
H3L,0
CCR10,3
NPY1R,7
BPY2,2
Arl4d,9
Arhgef1,9
Rab13,9
Nras,9
Nek6,9
Stk35,9
Rnf14,9
Chn1,9
Atg16l1,9
Fbxw5,9
Csnk2a2,9
Plekhb1,9
Stx8,9
Usp45,9
Smad6,9
Rlim,2
Ubtf,3
Hdgfrp3,9
Dnajc7,2
Ppid,9
CARF,4
CETP,6
VPS4,4
RNU1-4,7
CACNA1F,4
BARHL1,6
Prkcb,2
H2afx,6
Ptk2,3
LINC01194,3
PROCA1,2
Dnmt3a,3
Pfkp,9
Pard3,3
Map1lc3b,3
AJAP1,2
Slc9a3r1,0
RLN3,0
ACKR1,1
Rps6ka3,2
SYT14,4
SLC24A1,3
MMP25,4
Mta3,3
Foxg1,6
Smarce1,6
Esr1,9
Ube2o,9
Skil,9
Bcor,9
Etl4,9
cbx2,6
Ubox5,2
ADA2,6
GLC7,2
DPT,4
GAL3ST4,6
RPL4P5,9
Ilf2,9
TRBV2,6
Nr1i2,6
NRTN,5
Ncor1,6
RMRP,7
Tjp1,3
GLO3,0
FGF19,0
SFTPA1,1
PRLHR,4
Atp1b1,9
TRN-GTT2-1,4
ADRB3,7
Nid1,0
Jak2,5
Dmd,9
ABCD2,0
Twist1,3
cgn,3
Kpna1,6
Rb1cc1,2
Cd3e,2
Grin2b,0
IL5,3
HTR1D,0
Eif4e,9
GDI2P1,2
AVPR1A,2
UTF1,3
GPR143,5
Vdr,6
HCFC1R1,4
TAH1,2
TNFSF15,0
Gstm1,2
CCR7,0
IL4,1
ACHE,4
Xrcc6,9
UPK3A,0
KISS1R,2
PAX1,4
Sh2d1b1,0
SIGLEC11,2
Scnn1g,3
CDC39,3
Dlg2,0
Tpm2,9
Synj1,9
SSTR4,0
Hmga1,6
Cap1,2
kpna2,2
Gria1,9
Rangap1,6
Lrrc7,4
Zfp128,6
Eif5,7
MC3R,8
Reps2,3
Camk2g,9
Per2,6
Shank1,9
plk1,3
Ckm,2
Psmc6,9
Rad23b,9
OSR1,2
TAH18,4
SIT4,3
RPTN,9
HNRNPA3P1,5
MEIG1,6
US2,7
UL30,6
C19orf12,3
KIR3DX1,2
UBE2DNL,4
Camk2b,9
Camk2d,9
Ina,9
Myl12b,9
Epb4.1l2,9
Slc25a22,9
Atp6v0d1,9
Cnp,9
Thy1,9
Map1a,9
Map4,9
Atp5h,9
Atp5c1,9
Gnao1,9
Slc1a2,6
Hk1,2
Ndufa9,9
Cox5a,9
ZNF502,4
HOXD1,3
RHOXF1,3
SP8,4
CKS1BP7,6
Gug,6
Act5C,6
Sncaip,9
ZNF506,6
BRLF1,6
Hmga2,6
Adrbk1,9
ALL1,6
NEUROG2,4
HSP90B3P,2
SLC2A4RG,6
Suds3,4
EBNA3A,6
SSPN,6
RBP2,6
CCDC23,5
Usp2,4
IQCK,6
HAS2,2
HSC82,8
SAM1,2
GCN1,2
Fbxo45,9
ZNF443,6
Mib2,9
GOLGA6L5P,0
ZNF233,2
Snca,9
1810055G02Rik,2
Knstrn,3
Obfc1,3
Haus3,3
Kpnb1,9
Eif2b5,9
MRAP,0
FBXO41,3
GPR39,0
LRP5L,3
PCDH8,7
Itsn1,2
PDI1,9
Cish,2
Grm4,6
Grm6,6
Pml,6
UL56,3
Ntrk2,0
Psmd14,2
Lama1,0
Mpdz,9
PET117,2
CARNS1,6
PGI1,9
AAED1,6
MPV17L,4
LOC93622,6
OSGIN2,7
OR14I1,4
FAM104B,6
ZSWIM1,3
SIS1,2
Trim30a,2
Dact2,6
Arf6,9
MAFIP,3
Rc3h1,4
Lyn,9
cdt1,9
Ddx4,6
REM2,4
U90,6
UL21A,3
CAMK2N2,3
Prkaa2,4
Gps1,2
HMGB1P10,7
OR2T35,2
CPN2,2
LOC285556,2
ZNF525,2
B3GNT4,0
RPS18P5,2
RPL29P11,6
SNORA67,2
TPI1P1,2
DCHS2,3
SMIM17,2
Kdr,0
Rad50,9
CDC4,2
MDGA1,0
SNORA74A,7
Cops3,2
Cops5,2
RGS7BP,2
sbr,6
MPP4,4
ASB16-AS1,7
Cbx8,9
Myb,4
ZNF256,4
TNAP,2
HCRTR1,7
Tnfrsf1b,2
Tnfrsf1a,2
VTRNA1-1,3
Gne,4
Ccng1,2
Btbd10,2
Akt3,2
Cacnb3,9
IL34,4
ERVK-6,4
SWI5,1
ELC1,2
Rab3a,9
Tcf4,9
Tcf12,6
TPRXL,4
DPY19L2P1,4
LMNTD1,6
CLDN16,4
DPCR1,4
SLFNL1,4
PPP1R17,4
FAAH2,4
RSPH10B2,1
PASD1,4
SPRR4,4
OR4S2,5
MT1A,3
GNN,2
Taf1c,7
Srr,3
ZNF626,4
NBPF12,2
Rpa1,9
HAMP,0
HDC,6
Pde4d,0
GHRH,9
PAOX,4
ACOT4,5
Acta2,9
TEX36,3
SMPDL3A,3
FAM83C,9
PPIAP22,2
DMRTA1,2
Mrps22,9
PCP4L1,2
Arf1,9
Lzts2,3
Rps3a1,9
Grn,9
Bid,6
Chordc1,2
PHEX,4
CSRNP3,2
SNORD3C,7
RNU5B-1,7
TRBV12-3,0
B3GNT9,4
Rcn1,9
Psmb1,2
Psma5,2
Ptges3,2
Stip1,9
Ppp2cb,9
Trpv1,3
Acaca,9
YGR054W,9
AMICA1,0
Ube4b,4
Cav2,0
Rtn4,9
IMPG1,3
LOC366310,7
Cdh2,9
Actbl2,9
Hook3,9
Fubp1,9
Nudc,9
Ddx17,9
Itpr1,9
Rab10,9
Ptpre,0
Sh3gl2,9
Sh3gl1,9
Syt1,9
Vat1,9
Pacs1,9
Basp1,9
UBC13,4
IGLV3-21,2
IL36B,7
Gabarapl1,3
ADHFE1,0
G6PC,0
GPR22,6
GPR20,4
EBPL,4
UGT2B7,0
Zswim8,2
Notch2,2
HS3ST3A1,7
SDR42E1,7
SERPINB10,1
OR6B3,4
LINC00312,6
LOC100342572,2
PTGER1,0
Gzmb,2
MGAT3,4
SNORD21,5
ABO,0
ERV3-1,3
ANKRD65,6
Actc1,9
Cald1,9
Cacna1b,9
CRLS1,5
Wdr26,9
Slc12a3,0
MMP27,0
ZNF804B,4
Sncb,9
Rpsa,9
Copb2,9
Gfpt1,9
Atp8b2,9
Psmd3,9
Ptms,2
Stoml2,9
Tnpo2,9
Purb,9
Ckap4,9
Gaa,9
Anxa5,9
Atp5d,9
Cox4i1,9
Sh3glb1,9
Pdia6,9
Myo18a,9
Ganab,9
Dbn1,9
Usp19,9
Sgk1,2
Crtc2,0
SIP2,4
LRRIQ4,6
ced-4,2
ube2nb,2
SED5,0
TMSB4XP1,5
TMSB4XP6,4
FLJ38668,4
HILPDA,7
C19orf73,4
LOC153684,4
MT1DP,4
C9orf106,5
TINCR,3
TM6SF1,3
INMT,4
STAG3L1,3
DSCR8,4
XKR3,0
LINC00518,4
GOLGA2P10,0
KRT8P12,4
COX6B2,4
SNORD76,3
SNORA63,7
NR2F1-AS1,3
SNORA13,3
SNORD54,7
AGAP11,2
SNORA8,5
SNORD104,3
PLEKHM1P,5
SNHG4,7
LOC100287042,7
SRRD,7
TGIF2-C20orf24,7
Ahrr,6
TMPRSS15,1
CDC53,2
Mfn2,2
Mapt,9
Sharpin,2
UBE2L1,4
ORF64,2
CWH43,9
RET2,0
SSA2,9
RBG1,4
ARP2,9
SEC26,0
SSA3,2
RPL9A,9
RNR4,9
RPL20B,9
SEC28,0
ASC1,9
SEC21,0
YDJ1,9
SUI3,9
GCD11,0
Kat2a,6
EBNA3C,6
FRMD8P1,2
ZNF891,2
RFPL4A,4
TSGA13,0
KIR3DP1,0
ST6GALNAC5,0
SUCNR1,0
C11orf42,0
PIGL,0
PLEKHA8P1,0
PLA2G7,2
TMEM155,0
CRYGB,4
C20orf203,5
OGFRL1,2
NANOGNB,0
Naca,9
CPR2,1
Phum_PHUM577390,2
AGAP5,2
AGAP7P,2
FAM71D,2
IPL1,3
LRRN3,1
LGSN,2
B3GALT1,0
Lep,0
Clu,9
Pdcd6,9
UL39,7
DCAF12L1,6
MPEG1,4
Daxx,6
ZCCHC16,2
LOC283788,5
RPLP0P2,7
C3orf67,3
LRRC2,3
Akt2,2
Sestd1,2
Odf2,4
Kifc3,2
Dut,6
Ssna1,5
Vps25,3
Rabep2,4
Map9,4
Cenpi,3
Uchl5,9
FLT3LG,4
NKX6-1,5
Larp1,9
Hnrnpd,9
Upf1,9
Prrc2c,9
Fam98a,9
Cdk5,3
Kpna4,2
DMRT2,4
RPL23AP5,7
Psmd2,9
Spata5,9
Huwe1,9
Hectd1,9
Acly,9
Map4k4,9
FAM71B,1
Idh1,2
Uba52,9
Ldhb,2
Hadhb,9
Suclg2,9
Etfa,2
Gstp1,2
YAF9,2
COQ10A,5
Slc9a3r2,0
UGT1A6,0
DGK1,0
IAPP,9
Rpl3,9
GRM4,0
EYS,3
TPSAB1,3
CGB1,4
PRAMEF10,5
GABRG1,0
LILRA6,0
LEFTY1,9
B3GNTL1,3
WDR49,6
ZNF732,5
BCO1,3
CHDC2,4
SBSPON,6
VIT,2
C1orf127,2
IFNL2,3
GGTLC1,4
Adap1,0
TULP1,3
Dstn,9
Myh7,9
Crmp1,9
Ctnnd1,9
Sorbs2,9
Ilk,9
Rsl1d1,9
Puf60,9
Tln1,9
Micall2,9
Ugdh,9
Eef1g,2
Mtap,2
Fasn,9
Arcn1,9
Snrpd1,9
Ahnak,2
CHADL,3
CREG2,7
MIRLET7BHG,3
MMP17,3
NPIPA1,3
RNASEK-C17orf49,7
SNORA73A,3
SNORA73B,7
SNORD13,7
SRRM3,3
STX16-NPEPL1,3
ZNF354B,3
C9orf62,2
FRMD7,0
DEFB130,2
ORF26,5
ORF34,9
ORF46,3
RSR1,9
C2orf40,2
PCBP2-OT1,7
CYP26A1,4
Prkd1,9
YPT53,0
FAP7,4
YOR192C-A,6
GIM3,4
YPR159C-A,0
YIL001W,4
YLR031W,4
DIG2,4
POG1,4
SPS100,4
FES1,4
MXR2,4
YFH1,3
SWC7,4
YAL044W-A,2
PSY3,4
DUN1,3
TLG2,0
FAR7,4
CEF1,4
YPR174C,0
DIG1,6
RNA15,3
YGR067C,4
DIB1,4
INH1,3
LAS17,4
TEL2,4
EFM1,1
SKI8,1
Fmr1,9
MMP16,3
ANKMY1,3
CDH26,3
KCNH8,3
CASC2,3
CD99P1,4
SCARNA17,3
SHISA9,3
LOC100133091,3
FTX,3
Baiap2,0
Gigyf1,2
Mlf2,9
Prrc2b,9
Rpl31,9
Rps24,9
Ubap2l,9
Yif1b,9
LMP2,6
Pacsin1,2
Cttn,9
ZNF727,4
Ahr,6
LOC401052,4
APOBEC4,4
ZNF678,3
HIF1A-AS2,6
Cfc1,0
Wdr41,9
hist2h3c,6
TMPRSS7,2
Ephb2,0
LRRC66,5
LINC00493,4
NWD2,4
CADM3,0
Rbm25,9
Rbbp4,9
TAS2R60,2
ARRDC1-AS1,2
FAM198B,4
CLVS1,4
IGHV3-33,7
IGHV1-46,6
ND3,5
PQLC3,6
SPO11,0
MCMDC2,6
Tpt1,7
EFHB,7
LRRC70,4
TMEM132B,2
EBLN1,4
TRIM43B,4
MROH9,2
IGHV3-30,7
PRDM12,1
LMOD2,8
IGKV1-27,7
Pgrmc2,9
Abcd3,9
Umps,9
TPT1P8,2
XPNPEP2,3
XOG1,0
LOC284930,3
C9orf172,2
DISP2,3
HERC2P3,3
PIK3C2G,4
FCGR1B,2
NRN1L,0
C1orf233,4
CTGLF11P,2
SHROOM4,2
Hus1,6
CGB5,4
FOXP4-AS1,6
TMEM178B,2
Mdh2,9
P4hb,9
Hist1h2ah,9
Tubb2a,9
Eef1a2,9
Hist1h1d,9
Hist1h1c,9
Rps25,9
Rps12,9
Rplp2,9
Ppfia2,9
Erc1,9
Phgdh,9
Nme1,9
Hspe1,9
Ubxn6,2
Atp5o,9
DAOA,4
WDR78,7
Fbxl3,2
SPRR2F,6
ZNF565,2
STON1-GTF2A1L,3
Csnk2a1,9
Slc8a1,3
SDR42E2,6
SNED1,3
XCR1,2
TRIM60,4
ZC3H12B,4
HCG18,6
NAA60,3
STAG3L3,2
IGHV3-72,7
OTOL1,7
ZNF470,4
GHSR,0
Alyref,9
Elavl2,9
Hnrnpdl,9
Pclo,9
Rpl18a,9
Ybx3,9
Ythdf1,9
Acsl5,9
Aup1,9
Fn1,9
Rpl6,9
Rpl7,9
Rpp30,9
Tdrd3,9
Ap1m1,9
Fbxo41,9
Hnrnpc,9
Surf4,9
Zc3h11a,9
Rps8,9
Dars,9
PRCD,6
Hoxa2,2
Zeb2,6
Got2,9
MYZAP,0
FMO4,0
C2orf83,4
GUCA2B,2
DEFB118,0
C1QTNF5,0
APCDD1L,0
ANKRD37,4
POU6F1,6
ACSM2B,2
IGFL2,3
LOC100505478,4
DEFB108B,0
ZNF710,3
C17orf47,3
LOC102723553,0
TSPY10,6
FAM26F,0
SMIM21,2
NKAIN4,0
LHFPL3,0
PPP1R2P9,2
KCNJ18,0
PAQR8,4
NPVF,2
ZNF534,3
FBXO39,4
FAM159A,0
FAM129C,2
FBXO48,2
GLRA1,4
WFDC3,4
OPN1SW,0
ACER1,3
GUCA1C,4
OR7D4,0
RBMY1E,4
PPAPDC1B,0
TBATA,4
C8orf58,3
CLDN23,1
DEFB112,4
DNASE1L3,4
C2orf15,3
OR1L3,4
GALR1,2
DEFB132,7
EIF4E1B,7
CCDC179,4
PLCXD3,0
LRRC53,2
MROH2A,7
CFAP70,2
FIGNL2,5
Ube3a,2
IGKV1-17,7
IGLV3-19,5
IGLV1-51,7
GOLGA8M,2
Glrx5,5
Sucla2,5
Abcb7,5
Abcb10,5
HOTAIRM1,3
UQCRHL,5
CPA3,3
NAALADL1,7
PPP1R42,7
LOC100506422,5
OR5A2,7
C7orf72,0
LOC100128274,6
PLA2R1,5
FAM69C,2
PAMR1,0
PATL2,7
TTLL13,2
IDI2-AS1,4
RBM44,7
ZNF37A,2
MST1L,6
PPM1N,4
LRRD1,7
REXO1L1P,7
CNTNAP5,4
ADAMTS19,0
FNDC7,4
LOC107983993,0
OR5M3,4
GABRG3,6
Rbm3,9
CYP11B1,7
IQSEC3,4
LOC285423,6
LOC100506127,2
HES2,7
Dock10,3
Arhgef3,1
SIGLEC1,6
ZNF43,6
SHISA8,5
CCL27,1
KIRREL3,4
TMPRSS9,3
ST20,3
LIPT2,0
nsp11a,4
Snx27,9
SPAG5-AS1,3
LINC00511,6
GOLGA6C,2
IGKV2D-26,7
Ctnnd2,9
Bsn,2
Rnf220,2
IGKV3D-7,5
Lppr3,9
Sipa1l2,9
Erc2,9
Wasf1,9
Trap1,9
Tab1,9
IRG1,7
PHC1P1,7
CYP27B1,4
ACRV1,4
TMEM81,4
PIGZ,2
SOX21-AS1,7
LINC01234,4
SEMA3E,7
LOC440570,5
ARSH,2
OR52K2,1
AWAT2,4
NUGGC,3
POM121L1P,0
FABP6,1
OR8B8,7
CDCP2,0
OR2T10,0
TRIM6-TRIM34,2
C2orf27A,3
SLAMF9,0
C1orf177,3
PLSCR5,2
TEX40,0
OSCAR,0
OR1E1,0
OR12D3,4
C7orf33,5
OR1A2,0
PDILT,0
NLRP8,2
LINC00266-1,4
STARD6,4
CPXM2,0
DBNDD1,3
UGT1A3,1
OR52N4,2
IL19,3
DUX4L8,6
TAS2R38,2
CATSPER2,3
OR14J1,0
GCNT4,0
RPEL1,4
OR4K3,2
ZNF527,2
ZNF682,2
Fam103a1,9
Eif1b,7
Cdc42,9
Sumo1,7
Srp54a,2
Utp15,7
Mrps23,9
Nsa2,7
Ptcd2,9
Eif3d,7
TRS1,6
Sry,6
SP9,6
SNHG7,3
IGHV3-7,2
IGHV3-15,2
ZNF583,2
CT45A6,2
IGKV1-16,1
S100a2,2
KBTBD12,3
ANKRD62,3
SRGAP2C,3
IGLV4-60,6
ZNF540,3
Spdyb,2
spdyc-b,2
Rgl1,0
Chtop,7
MARVELD3,0
RAPTOR1,3
ZSCAN5D,2
LDB19,2
FAM179A,3
Arc,4
G6PC2,7
GOLGA6B,2
CFAP221,3
TRABD2B,0
Zfand5,2
IGSF22,5
MIR124-3,6
MAPKAPK5-AS1,3
NXPE1,2
USP17L15,6
USP17L13,6
USP17L21,6
IGHV4-59,0
IGKV6D-41,0
A35R,5
BLACAT1,6
PTTG3P,7
N4bp1,2
Rgs3,6
Lhx9,6
Cdc40,6
Irak2,6
Lmo2,6
Wee1,6
Ripk2,6
Eif2ak4,9
Tssk3,9
Smad1,9
Itk,9
Apbb2,6
Git2,9
Gna13,9
Katnb1,9
Preb,9
Cdkl1,9
Tssk5,9
Mknk2,9
Csnk1a1,9
Cdk17,9
Cdk6,9
Bmpr2,9
Klhl1,9
Plek,9
Pard6a,9
Ppp3cc,9
Fkbp1b,9
Fkbp1a,9
Irf7,9
Rhpn2,9
Rtkn,9
Usp21,9
Fbxo34,9
Fbxo24,9
Rab17,9
Sh3kbp1,9
Pwp1,9
Ing2,9
Gar1,9
Aven,9
Ash2l,9
Ecsit,2
ZNF334,4
NUDT9P1,1
Fcho1,9
Strap,9
YRB1,9
BET3,4
RPL35P5,3
CLEC2L,0
Lsp1,9
Pdzrn3,4
Pmpca,9
Car1,9
Add1,9
Lin7b,9
UTS2B,0
SEC61,9
GPM1,9
MORF4,6
Smarca2,9
Hdac7,6
Clic4,2
Cpne1,9
Cdc42bpb,9
Ccdc22,9
Pitpnm2,9
Cep162,9
Ube2m,9
Stat2,9
Suv39h1,6
NPL3,9
Fam101a,7
THNSL2,4
FAM178B,4
Ncor2,3
Sh2b1,0
Pax5,6
Diap3,0
Diap1,6
Rasa1,9
Raver1,7
Rps6ka1,3
Dusp22,3
Arl2,9
Arl3,1
CD180,0
Nphs1,6
Nphs2,6
Psmc3ip,8
TP53AIP1,4
cdk1-a,7
Nucb1,9
Atf2,6
F13B,1
Becn1,3
TAS1R1,6
RAX,6
PRM1,7
Keap1,9
Apob,1
Map4k3,2
Tnfrsf14,4
Rae1,9
Rheb,2
ABCG5,7
Ephb1,0
CD34,3
Pak3,0
APOBEC2,4
C6orf25,7
CFHR4,1
Hes1,6
LTB,2
Tada3,6
RFX4,4
UBA4,3
Tnfrsf8,4
Tgfb1i1,3
Mybl2,6
Ptk2b,4
GUCY2C,5
Su(var)205,6
alien,6
Ucn,0
Exoc4,3
TDH,3
Pawr,4
Kcnd2,3
Stat5a,4
Stat5b,3
Cnot7,2
Ptpn6,3
SST,3
NMUR1,0
Tceb3,6
Nmu,0
P4ha2,9
Ndn,3
Stx17,2
DDO,3
NFI1,6
Crhr1,4
Bag6,2
spi1,8
Dync1i1,9
rna1,2
Traf5,1
IGHE,6
Traf3,1
Prdm1,6
Epn1,3
Per1,6
CR1,6
Pdzk1,2
Sept5,9
Wbp2,9
Homer2,4
NCR2,4
Esrrg,6
MEC1,6
Akap1,9
Psmd1,9
ERG6,9
RPT2,9
SIZ1,6
PAM18,5
EIF3FP3,7
LOC344382,6
HERC2P2,4
RPL6P1,7
pcn1,6
Trim27,9
Tdg,6
UL52,6
atr,6
NRARP,6
VPS20,3
Poli,9
FREM1,3
Bcas1,9
Nefl,9
Trim3,9
Tmod2,9
Epb4.1l3,9
Dynll2,9
Tppp,9
Srcin1,9
Slc25a1,9
Tfam,9
Rps10,9
Hist2h2ab,9
Syp,9
Slc25a13,9
Vdac3,9
Atp5f1,9
Atp6v1b2,9
Atp6v0a1,9
Syt2,9
Ndufv1,9
Ndufs2,9
Ndufb8,9
Ndufs1,9
Ndufs3,9
Ndufa13,9
Uqcrb,9
Uqcrfs1,9
Uqcrc2,9
Uqcrq,9
Cox6c,9
Cox5b,9
Vapa,9
Vapb,9
Dot1l,6
H3F3AP6,6
ZNF137P,6
DMRTC2,6
Fbxo32,4
ETV2,6
svp,6
skp2,2
Mbd3,6
TCFL5,3
esc,6
Tfdp1,4
Ppargc1a,6
UFD2,2
Kdm4c,4
RNQ1,9
Mcm4,9
Supt6,6
Atr,9
Zswim2,9
PYDC1,3
Myog,3
GCOM2,2
TAS2R13,3
Zfp521,6
AT4G24690,2
PPI1,2
HSP70,2
DNASE1,3
OTUD4P1,3
PANX3,6
Malt1,2
IGKV1-12,3
MIA40,9
Ddx41,7
Ogg1,0
Proser1,0
D16Ertd472e,5
Esco1,3
Gatm,4
Jak3,6
Pin1,2
TOM70,2
CPXM1,2
Ric8b,0
ZNF605,4
MCM3AP-AS1,6
RN5S1@,6
TRE17,6
Asb4,2
Rsad2,2
Anxa6,9
msl-2,4
Socs2,2
Socs3,2
Socs4,2
Socs7,2
HIST1H47,6
ube2i,9
NNAT,4
Trim2,2
RIM15,2
Ripk1,2
RNU6-6P,3
Myod1,6
Snta1,0
Actn2,9
PET100,5
Usp7,3
nedd4l,3
Scnn1a,9
clint1-a,2
KBTBD13,6
msl-3,6
IGIP,3
IRX1,6
DICER1-AS1,4
HMGN2P46,4
MIR600HG,6
CASC10,6
TMSB4XP8,1
LOC396905,9
AQN-1,2
Id1,0
UL44,6
Aacs,9
C5orf17,3
ATOH8,1
Dyrk1a,3
CLAM,6
Stam,9
Dact3,3
lnx2b,6
Syk,9
otub-1,9
Sae1,9
Uba2,4
ARPP21,6
OR2H1,3
March5,2
Pam,9
NT5DC4,2
EFCC1,7
FBXO22-AS1,2
ACOXL,2
SUPT20HL1,2
NUDT7,3
RPS15AP25,7
RNASEH1P1,2
KIR2DS1,1
CYB5D1,3
SPATA21,3
TTC34,7
Edem1,0
Ap1g1,9
PRD,3
Rbck1,2
UBC9,6
RAD23,9
Inppl1,3
Arhgap17,3
Micall1,3
Wasl,3
Dbt,3
Gcdh,9
Idh3b,9
Timm50,9
uspl1,6
GPR142,4
GIPR,0
SCARNA13,7
Cops8,2
mex67,2
Hif1a,6
ANIB1,6
Rapgef3,2
UL82,6
BRRF1,3
UL144,4
TRIM39-RPP21,4
VTRNA1-2,3
HIST2H2BA,7
PSG2,6
Ttc3,9
Cep57,6
CCDC159,6
Ranbp9,9
Vps39,9
NUP116,6
NSP1,4
Cryab,9
Hspa4l,9
Ccs,9
Tgfbr2,6
RCOM_2159910,0
rev1,6
Pld2,9
RPT6,9
CALM,9
PTP1,2
Rab5a,9
Klc1,2
Tcf3,6
Pou3f3,6
DPY19L2P4,5
TARP,4
DKFZP434K028,4
LOC142937,4
OR4D6,4
LOC403312,0
TBC1D3P2,4
C15orf43,4
ACTL7B,4
RNASE11,4
CFHR2,1
SPINK6,4
SCAND2P,4
RNLS,5
Nfatc1,2
hsp16,8
Akap7,9
Nxf1,9
PR39,2
Casp3,3
Disc1,3
Nmd3,9
Cubn,4
Lrp1,4
cki1,4
GUSBP3,2
BTBD16,4
Abl1,2
MAGOH2P,7
ZNF705G,9
LOC100130417,9
DMBX1,9
TTC36,9
NBPF9,9
Trhr,7
Mlnr,7
Cul2,3
GHRHR,9
Nr2f2,3
Agtr1a,2
OR3A2,1
Dab2,3
ZNF658B,2
fem-2,4
Trim25,9
rnf-5,9
CRISPLD2,2
GJA9,2
Htra2,6
Spice1,3
Deaf1,3
Map3k11,3
Nbr1,3
Prune,3
Vta1,3
Prox2,3
Krba1,3
Zbed3,3
Abi1,9
Prkag1,9
Maged1,9
Trip6,4
Rabac1,3
Eif2b1,9
Appl1,4
Aprt,9
Bhlhe40,4
Gm4779,3
ST6GALNAC2,4
GAGE12I,4
Itgb1bp2,2
TUBBP5,4
FCGR2C,7
SNORD10,3
SNORD1C,3
SNORD116-1,3
TRBC1,2
Cotl1,9
ZNF717,6
Rcn2,9
Apoa2,2
Gna11,2
Cse1l,9
Fkbp8,9
Psmb3,2
Sept3,9
Arnt,6
Snrpc,7
Anapc11,4
Aif1,1
Abt1,4
RHO1,9
PDR,0
GCD6,9
HES5,6
Polr2c,9
Polr2g,6
Camk1,9
HIV2gp5,6
TER94,2
CD300LD,6
Otud7b,3
UBC12,2
Rgs13,0
Tdgf1,2
Siglece,7
Su(H),6
numb,2
SNORD118,3
DUOXA1,2
Add2,9
Sv2a,9
Ppfia3,9
Pikfyve,9
Atp2b1,9
Atp2b4,9
Rab15,9
Napa,9
Rph3a,9
Cltb,9
Tpd52l2,9
Nckap1,9
Hspa12a,9
Cyfip1,9
Pcsk1n,9
Rtn3,9
D10Bwg1379e,9
Phf20l1,9
Wdr37,9
Mthfd1l,9
KCNK9,3
GPR15,4
Vmp1,2
OR8H2,6
PIGV,3
TMIGD2,3
WBSCR28,2
HIV2gp7,3
alp4,3
alp6,3
SNA3,9
LOC100158003,3
SLC26A9,4
UL76,9
Myo5b,0
FGF18,5
LINC00311,4
TMEM253,3
MMP23B,7
NPY5R,7
FAM86B3P,2
ADAMTSL2,0
SERPINA2,1
CEL,2
MROH5,0
ZNF596,6
RPL7AP66,3
smt3,6
Usp16,9
Hgf,2
ELA1,6
Mafb,6
C6orf48,3
Sec61a1,9
Dnaja3,9
SNORD36C,7
Erbb3,7
smo,3
Znrf3,5
Ptpn11,4
LOC100128588,7
TPS1,9
Vcl,9
cul1,2
Atg10,3
Grm1,9
Nf2,6
Pa2g4,2
Srebf1,9
Elavl3,9
Pja1,9
Nsmce1,4
CDC28,7
YUH1,9
UBP6,9
UBP15,9
Plcb2,5
RPS15P2,4
IGHV3-48,4
Kctd20,2
PRAMEF8,2
Os9,9
Sec16a,9
Gcn1l1,9
Grpel1,9
Atxn2,9
Atp5j,9
Dnajb11,9
Acad10,9
Copg1,9
Marcksl1,9
Mfap1a,9
Myef2,9
Nomo1,9
Pdhb,9
Sec31a,9
Sytl4,9
Pgam5,9
Srprb,9
Scfd1,9
Usp15,9
Hnrnph3,9
Cplx2,9
Lrrfip2,9
Nolc1,9
Psap,9
Slc7a5,9
Actg2,9
Ccar2,9
Pgrmc1,9
Hmgn2,9
Zc3h13,9
Mycbp,9
Ndufv3,9
CYSLTR1,4
EFT1,9
EFT2,9
LOC389842,7
RANP1,0
Eif4ebp1,7
Foxo1,6
Zranb1,9
TUB1,9
LOC100355886,0
SGT1,8
Rer1,9
SKP1P2,3
UBC8,3
cdc20,6
LINC01018,4
FAM72A,4
FAM74A1,4
C9orf116,4
FAM101A,2
C12orf50,4
DLX6-AS1,4
AQPEP,7
ZNF404,4
KIRREL3-AS3,2
LINC00908,4
BARHL2,4
ZNF205-AS1,4
VGLL2,6
POM121L4P,4
C17orf67,4
MGC34796,4
ATP6V0E2,4
LSP1P3,4
LRRC37A11P,6
KIF25-AS1,4
IGLV3-25,7
SMIM2,2
MIR4435-1HG,4
LINC00671,4
CDRT4,4
GSG1L,4
GAGE12B,4
ZNF702P,4
LOC728175,4
APOL4,4
KLF17,0
LINC00656,4
WFDC10B,4
LAC1,6
SNORA66,5
SNORA17,5
SNORA52,3
SNORA54,5
SNORA45B,3
GABPB1-AS1,5
LINC01000,7
TMED10P1,7
NFYC-AS1,4
Neurod1,6
Peli1,5
Spi1,9
Nfic,9
gw,3
NPFF,4
CENPBD1P1,4
FSTL5,1
E2f5,6
fzr1,6
Cops4,9
RUB1,2
Flcn,2
Rfwd2,9
PRE2,6
GLK1,9
YCP4,9
HSP30,9
SYP1,9
YPT1,9
SEC4,9
RPN11,9
GCN20,9
CPR6,9
VMA1,9
HMO1,9
HXT6,9
KRE2,9
SAM2,9
PRE7,9
SEC18,9
EHT1,9
PRP43,9
YGL082W,9
SCL1,9
PMA1,9
PIL1,9
CTT1,9
PUP2,9
KAR2,9
OPI3,9
URA1,9
VMA5,9
LHS1,9
MRT4,9
ADH1,9
STI1,9
PUP1,9
AYR1,9
PRE8,9
GUA1,9
ZRC1,9
ADE4,9
RAS2,9
POR1,9
GPH1,9
THR1,9
CDC12,9
DLD3,9
THO1,9
SCS2,9
Cyld,9
LOC100419906,2
F1L,2
Hgs,9
Sugt1,9
H3.1,6
MYO2,3
SNAR-B2,6
Dlg3,3
CTRB1,3
SPEM1,0
OR2S2,0
PSG6,0
FAM90A5P,1
PRAMEF4,2
IQCF3,2
LINC01561,5
TMEM89,1
Hspb8,9
ADCYAP1R1,0
ANKRD7,3
RNF103-CHMP3,7
TCERG1L,7
UPB1,2
Tanc1,9
Sh3rf1,9
Prkch,9
ZNF486,4
CPED1,4
Clasp1,9
Bcar1,3
RNA5S7,3
UL37,7
UL47,7
UL40,7
UL19,7
EPYC,3
Nr5a1,6
TAC4,5
Hapln1,9
Uvrag,6
RPL12P2,6
RPSAP19,7
GLRA4,6
GRM6,7
RAD21L1,7
LOC100129118,0
dbp3,8
LILRB5,7
CTSW,6
KLHL30-AS1,7
ZIC4,3
C15orf54,5
MIR3654,7
Aldh4a1,6
Pafah1b2,2
Parg,6
Ppp2r2a,3
Atg2a,3
Arhgef17,5
Nr4a2,3
Rabep1,9
LOC100996747,7
l(1)G0148,6
ALLC,6
Tbrg1,6
Zmym2,6
Rbmx,9
Atad3a,9
Atxn2l,9
Eif4g1,9
Ddx1,3
Larp4b,9
Mov10,9
Casc3,9
Dzip3,2
Enah,9
Vasp,9
ZC3H12D,1
FBXO36,3
ADM2,3
ZNF117,6
Jag1,4
Tyms,9
Pfas,9
Noc2l,9
Tars,9
Clic1,9
Gys1,9
Pkp1,9
Nup93,9
Ddx27,9
Usp14,9
T-cp1,2
CG5525,2
CG7033,2
Cctgamma,2
Tcp-1eta,2
Tcp-1zeta,2
CG8258,2
RNY3,2
RNY1,2
C10orf131,6
Pdha1,9
Aldoc,2
Dlst,9
Idh3a,9
Oat,9
Acadvl,9
Acadl,9
Acox1,6
Mccc2,9
Mccc1,9
Pcca,9
Sdha,9
Sdhb,9
Suclg1,9
Dlat,9
Etfb,9
Acy1,9
Cat,9
Alad,2
Prdx5,2
Ogdh,9
Gsta4,2
Gstm5,2
Hspb2,9
Hspb6,9
Myh4,9
Cps1,2
DEFB4A,0
SLC25A27,5
PTGER2,7
CYP2C2,4
LINC00998,4
SLC7A13,2
ADAM5,2
SPI,3
LINC00673,7
CLPS,9
LINC00269,9
SYNGR4,9
Psma7,9
OR2F2,2
ZCCHC18,4
MIR22HG,7
CES4A,6
LOC400499,2
OR2W3,0
HEATR4,2
SNU13,7
PTGES3L,3
CYP2A7,1
PCDHA5,4
ROPN1B,9
POTED,4
CYP4A22,0
CTRB2,3
POC1B-GALNT4,2
MGAT4A,3
RERG,4
HARBI1,3
CYP4B1,4
C16orf46,0
WFDC10A,5
ARL13A,5
TEX261,3
DCAF8L1,7
PTH2,0
GPR6,2
TTLL2,7
FGF20,5
FCRL1,0
ADARB2-AS1,7
C3orf70,7
Capn1,3
SHF,0
RSPH10B,5
act1,8
hht1,8
Cbfb,6
Usp11,9
Dvl3,3
Btg2,3
Ak1,9
Dusp3,9
Otub1,9
Gfap,9
Gmfb,9
Snap47,9
Mtfr1l,9
Acp1,9
Impdh2,9
Tenm3,9
Nsmf,9
Ctnna1,9
Daam1,9
Eif4g2,9
Clint1,9
Smarcc2,9
Ubr4,9
Ddx18,9
Rps19bp1,9
Eif5b,9
Cd3eap,9
Mrps12,9
Top1,9
Nop58,9
Gtpbp4,9
U14,6
Ehbp1,0
Ctps,9
Anxa1,9
Akr1b3,9
Esd,9
Psmc2,9
Rps4x,3
Lgals1,9
Rpl22l1,9
Rps17,9
Actr3,3
Psmc4,9
Lox,3
GCN4,1
C15orf38-AP3S2,3
C6orf223,3
EPB41L4A-AS1,3
GTF2IRD1P1,3
HOXA10-HOXA9,3
KRT18P15,4
LINC00324,3
MIR663A,3
MTRNR2L8,3
PPT2-EGFL8,3
RAB4B-EGLN2,3
RN7SL3,3
RNVU1-7,3
SLC25A5-AS1,4
SMG1P2,3
SMG1P3,3
SMIM13,3
SNORA53,3
SNORA76C,3
SNORA80E,3
SNORD101,3
SNORD14C,3
SNORD15B,3
SNORD17,3
SNORD25,3
SNORD26,3
SNORD3B-1,3
THRIL,3
TMEM91,3
WDPCP,3
ZFAS1,3
DMRTC1,2
FAM71E1,2
GRP,6
PERM1,2
ANKRD20A5P,4
BcRF1,6
K4.2,7
PRAMEF20,2
ORF39,3
ORF43,4
ORF56,3
ORF60,3
PGLYRP2,3
Ap3b1,9
Bad,6
Psme3,9
Parp14,3
HHF2,6
SBA1,8
CSM1,6
YLR177W,3
NSE5,4
YCR051W,5
REC107,4
PRS1,2
SGV1,4
YCH1,4
SNU56,4
DAD4,4
YHR140W,0
RPA12,4
FRQ1,1
EGD2,4
ATG11,4
ECM11,3
TIM10,4
YNL146W,0
BET2,3
BRL1,4
YIF1,0
ASP1,4
SEC14,0
YEF1,3
RTK1,9
YOR385W,3
CUE4,2
MAC1,4
RSC30,4
YML053C,4
RGD2,4
HSH155,7
HPF1,4
TRX2,4
APL6,4
AIR2,4
SPC2,0
VMA16,0
HRP1,4
NMA1,6
SST2,3
TDA2,4
GTT3,0
MTQ2,4
RGD1,3
URH1,3
YGR130C,2
SOF1,4
VPS9,4
POL30,6
CBF5,4
PFA4,0
HIS2,4
BSC1,2
CTA1,4
YLR118C,4
PXR1,4
TED1,0
MGS1,6
NGR1,4
ERV29,0
ASN2,2
YLR297W,2
HXT5,0
HUA2,4
YDR476C,0
PHO86,0
IRC25,4
FAU1,5
EGD1,4
RRP4,4
GPA2,2
POS5,3
NTC20,4
NUP1,4
DYN2,4
RFS1,9
PRP46,4
GRX2,0
EXO84,4
PDS5,4
IXR1,6
PTP2,3
EST1,3
Epor,3
NRG3,3
FAM149A,8
LOC100133669,3
TMPRSS6,3
GPR137C,3
TMEM212,3
LOC728323,3
ERMARD,3
SCGB2B2,3
HNRNPU-AS1,3
DTX2P1-UPK3BP1-PMS2P11,3
Plcg1,9
Fastkd5,3
Lamb2,7
Mrpl19,9
Rpa2,9
Stau1,9
Dnajb6,9
Dnajc9,9
Eif6,9
Fam193a,9
Hsdl1,9
Msi2,9
cdh11,2
Rtn4r,6
Mapkbp1,7
Sh3glb2,9
Lasp1,9
Hlf,6
SCUBE2,2
U24,9
Dido1,2
Fgfr2,2
Il17rd,2
hist1h2bj,4
TRIM48,3
Has2,2
MIR17HG,7
SNORD87,3
SNHG6,6
SNORD28,3
SBDSP1,7
ZNF551,3
ZAN,2
MGC45922,4
HOTTIP,6
GJD2,4
Robo1,0
Trim63,2
Prpf40a,9
Hat1,6
Rbbp7,9
TOR1,7
NBPF20,6
Rab35,9
DSPP,3
P2RX3,3
CNTN6,6
TCEB3CL2,4
LOC102723555,4
FAM47A,4
CDH20,4
OR52L1,4
KY,4
GFRAL,4
C8orf86,4
OR7A10,4
GALNTL6,4
RNASE12,4
LPAR5,4
GOLGA8J,4
IGDCC3,4
TDRD10,2
IGHV4OR15-8,6
Pik3ca,9
Gnai2,9
Gng12,9
Mmp14,9
Ndrg1,9
Ggt7,9
Tmed9,9
Tram1,9
Pcsk2,9
Slc3a2,9
Farsa,9
Atp6v1h,9
DMP1,7
LCN12,7
FAM57B,3
MIR217,3
RFA1,6
SNORD73A,7
Pdlim4,4
MICALCL,7
LYPLA2P1,3
FXYD5,2
atm,7
Kit,2
SCARNA2,3
SCARNA7,3
CCDC144CP,3
GLUD1P3,3
PWARSN,3
FBXL19-AS1,3
SSR4P1,3
CYP2T1P,4
CENPBD1,3
GPR157,3
ANO2,3
LRRC37A,9
LOC644961,3
TMEM200B,2
Mapk8,6
LINC00473,7
ARMCX5-GPRASP2,7
Mutyh,6
Ptprs,0
Rad51d,0
BPIFB4,1
DCST2,4
AQP7P3,3
FCRLA,3
GRX3,5
Mnd1,6
Sirt6,6
Sos1,2
Psmb6,9
GABARAPL3,7
fancd2,4
fanci,4
ZNF546,6
Hpcal1,9
Eprs,9
Fkbp3,9
Hint1,9
H2afj,9
Hist1h4a,9
Hist1h1a,9
Gria2,9
Gm8991,9
Mug1,9
Lrrc59,9
Rab2a,9
Psat1,9
Mthfd1,9
Mcm7,9
Luc7l2,9
Prkcsh,9
LDLRAD2,7
Cnot4,3
STARD5,5
Wdr77,9
RPSAP11,2
asp,3
C1orf53,2
HAPLN4,3
CHMP4BP1,7
SPATA9,2
TMC2,6
PP7080,3
SNHG21,6
SNHG5,4
C8orf31,3
LRRC37A3,8
FAM86JP,6
NUTM2D,6
Grin2c,3
Asph,9
Ddx20,9
Eif3h,9
Fam120a,9
Hnrnpa0,9
Hnrnpul1,9
Hspbp1,9
Rbm10,9
Rnf41,9
Tnrc6a,9
Unk,9
Ascc3,9
Calb1,9
Ddx6,9
Dhx30,9
Eif2b4,9
Kif1a,9
Tmem57,9
Pold1,9
Rars2,9
Rfc1,9
Rfc5,9
Rpl10a,9
Rpl36,9
Rtcb,9
Slc25a17,9
Zfp512,9
Aimp1,9
Aldh1b1,9
Dnajb12,9
Exosc8,9
Hnrnpll,9
Kars,9
Mrpl1,9
Mrpl4,9
Mrps2,9
Pisd,9
Slc25a33,9
Thrap3,9
Casp8,3
Tmpo,9
Myh11,9
Rpl19,9
Rps16,3
Tgm2,3
Mogs,9
Col1a1,9
Rps23,9
Arpc4,9
Ddost,9
Serpine2,9
Dab1,4
Lancl1,9
TMC3,3
SCARNA6,3
SNORA10,7
SNORD88B,7
KIAA1210,2
MIR182,3
MIR183,3
Car2,9
Col5a1,9
Myh1,9
Myh2,9
Taldo1,9
HIATL2,3
MLN,4
TBC1D3K,5
TBC1D3C,5
BARX2,4
AADAC,4
ERICH4,4
C9orf57,4
GJC3,0
GAGE2A,4
OR7C2,3
LRGUK,4
ZNF285,4
OR51E1,4
DEFB129,0
IFITM10,7
C6orf1,4
INS-IGF2,0
IL11RA,2
SPAG11B,4
FAM71A,0
TPSG1,4
WFDC13,4
C7orf73,2
CRIP3,0
ZNF134,4
MRGPRX3,2
FAM72B,4
FAM154B,6
P2RY13,0
NPFFR1,9
FAM156B,4
ACER2,3
TAAR9,0
TMEM114,3
C5orf56,2
DEFB115,2
AOAH,0
PRSS53,0
WNT9A,4
TRH,1
GOLGA8K,7
SSX4B,4
RAB42,4
CGB8,4
CLEC19A,2
CD200R1L,6
SLC38A11,2
LKAAEAR1,4
GPR148,1
ACTL9,4
ZAR1,1
NOTUM,4
POU5F2,4
CLPSL2,3
HLA-DQA2,0
FAM229B,1
KLHDC1,2
UGT2B17,2
C14orf183,7
NCF1C,7
LINC01198,3
IGKV1-39,3
Ern1,2
Fech,5
Steap3,5
Ppox,5
Alas2,5
MIR100HG,3
Frrs1l,0
DEFB126,2
NDUFC2-KCTD14,5
TMEM14D,2
MGAT4D,5
ZNF736,7
ENO4,7
ARIH2OS,7
C10orf25,6
KCNH3,3
ERVK-19,6
OR6J1,5
TDRD12,7
FAM157B,2
KCND1,3
VN1R2,6
OR13C5,5
GBP4,5
C4orf47,3
ASCL5,7
SSX9,7
OR5H8,3
CUZD1,2
SPATA16,2
ZNF442,8
OR4K17,6
PGBD4,2
SRRM5,2
TMPRSS11F,2
PPIAL4F,7
GOLGA8CP,3
SERPINA11,7
vIRF-2,6
SMIM24,7
ZNF654,4
ZNF619,4
ZNF530,4
DEGS2,4
LOC399491,3
OR7G1,7
ZNF487,4
ZNF665,8
Des,9
POTEM,7
CATSPERB,7
NPIPB15,7
HS3ST5,7
LCNL1,0
HTR5A,7
GPR146,0
GDF1,0
SAMD10,3
HHLA1,7
SPAM1,3
MMP21,6
HRES1,6
STRC,4
GOLGA2P5,4
LINC00905,4
MGC27345,3
RRN3P2,7
ITGBL1,3
LINC00263,6
CALML4,3
C6orf195,5
SCUBE3,7
LOC284454,3
BDNF-AS,7
LOC643201,4
MIR612,3
SNHG8,3
C19orf71,7
RTEL1-TNFRSF6B,7
ST20-AS1,7
DUSP5P1,7
CCNYL2,2
Wbp1l,7
LRRC16B,4
EVPLL,6
TAS2R39,7
OR2AE1,3
ZC3H11B,3
SWC5,6
Rnf213,9
STH1,6
MIR375,3
Dmxl2,9
DTHD1,6
CLUL1,4
IGKV2D-30,7
ACSM2A,2
KCNQ1OT1,2
GABRP,3
S100A12,3
MIR24-1,3
USP46-AS1,3
ASAH2B,3
SNORD69,3
GOLGA6L7P,3
C2CD4D,3
MIR1292,3
DYTN,6
ZNF814,6
ZNF570,6
LOC441155,3
UCA1,6
LOC441178,6
Clec9a,3
Arhgap39,9
Smg6,9
Dvl2,9
Phldb1,9
Lppr4,9
Cep170b,9
Zfp598,9
Luzp1,9
Azi2,9
Smg7,9
Evl,9
Pex5,9
Sipa1l3,9
Cnksr2,9
Wwc1,9
R3hdm2,9
Nyap2,9
Dip2b,9
Lpp,9
Smu1,9
Lrrc47,9
D8Ertd82e,9
Tab3,9
Myo16,9
Pik3c2a,9
Nckap5l,9
Gga2,9
Nyap1,9
Ibtk,9
Zfyve1,9
Fam168a,9
Qdpr,9
D430042O09Rik,9
Vps52,9
Exoc1,9
Cds2,9
Ttc5,9
Txndc17,9
Pdzd11,9
Dpf1,9
Vps29,9
Timm23,9
Agap1,9
Ptplad1,9
Tubg2,9
Lrrc40,9
Prps1,9
Mex3d,9
Dhcr7,9
Tamm41,9
Arih1,9
Rps11,9
CACTIN-AS1,7
KLLN,4
FAM43B,4
TMEM74B,4
TCTE3,4
TRIM52-AS1,4
FOXI3,4
LRFN5,4
C8orf44,4
ACT,7
PRAMEF22,6
LANCL3,2
CARD17,4
OR4Q3,2
PTX4,0
RSPH4A,4
TSPY8,4
DEFB114,1
FAM86B1,4
OR2T33,0
OR4E2,4
TAS2R50,1
BMPER,0
PCDHB4,0
MOGAT1,0
OR5M11,7
GPR160,2
UGT2A1,1
OR1A1,3
OR5L1,0
BPIFC,2
BTBD17,6
ZNF737,6
OR2H2,1
UGT1A8,7
PCDHB9,3
HCRT,5
FUNDC2P2,0
RTP1,0
TMEM178A,4
APOL5,2
SCP2D1,0
BPIFB6,5
PRM3,7
OR4A15,2
ST8SIA6,0
GPR83,0
S100A5,0
OPN5,1
SPATA31D3,6
Gap43,9
Cplx1,9
Vsnl1,9
Fscn1,9
Pfn2,9
LIPI,2
Nelfe,7
Ptcd3,9
Gltscr2,3
Pard6g,4
Mrpl41,9
Zranb2,7
Kif3a,5
Mrps21,4
Eif3c,9
Rrp1,6
Larp7,9
Syf2,9
FECD3,2
Zfp748,6
gmnn,3
parp1,6
PODNL1,3
GPR19,7
Lgals8,4
UL55,3
ZFP69,7
NNT-AS1,3
Faf2,9
Ncln,9
C4orf50,0
Mlkl,9
IGHV1-69,7
C1orf141,0
FBXO47,6
IGHV3OR16-8,5
Dhx15,9
OVAL,7
ZNF141,6
ZFP92,2
TMSB15A,2
Cxx1a,2
FRRS1,2
SMA5,3
BHLHE22,6
PCDHGA1,6
CFAP61,2
Hist1h2bl,9
Vprbp,2
S100b,2
ADPRHL1,6
Rab1,2
Calr,9
Csf2rb,4
AADACL3,0
MDH1B,0
LOC389895,2
Serbp1,9
Adsl,9
Mvp,9
Emd,9
Pfkl,9
Mthfd2,9
Rpl13,9
Psmc1,9
Rps6,9
Ddx5,9
Flnc,9
Txndc12,9
Rps27,9
St13,9
Scarb2,9
Rps2,9
Hmgb2,9
Aldh2,9
Rpl9,9
Rps28,9
Rpl8,9
Zc3h15,9
Ndufa4,9
Arpc1b,9
Fyttd1,9
Cars,9
UBQLN3,3
TMEM151B,3
RPL18P4,7
IGHV2-5,2
ZNF880,2
LINC00857,6
Meis1,4
ALKBH6,3
ANKLE1,3
KRTAP2-2,7
CFAP99,2
ORF29,6
LINC00491,3
LINC01468,2
ADAMTS8,3
LINGO4,2
IGHV1-3,2
SKOR2,2
MT1L,3
TP73-AS1,3
SLC9B1,2
Wdr1,9
TFAP2E,7
EEF1B2P6,7
SOX2-OT,6
LINC00460,6
LOC101060022,4
LGI3,4
MGC16025,7
LINC00963,6
Camp,0
CBLN1,6
NBPF4,2
IGKV1D-39,3
SPATA31A6,3
RNU2-2P,7
SNORD44,7
SNORD49A,7
SNORD74,7
SEC11B,3
SPATA31D1,7
EGR3,9
LINC01137,9
LRRC43,3
CTAGE4,0
GOLGA6D,2
ERVK-21,7
CARD18,4
SRP9P1,2
C3orf30,5
CCDC169,7
PGPEP1L,6
SPATA31C1,2
OR2B3,4
inc,2
LOC649238,2
SMCO2,2
FALEC,4
POM121L12,2
MMP11,2
LY75,2
ZNF367,3
ZNF806,3
TRF-GAA1-5,3
BCO2,6
SNHG15,3
IGLV2-8,3
LOC101928877,7
LOC101929745,7
LOC101927588,7
AZGP1P2,7
LINC01016,7
LINC00955,3
KIAA1257,0
IMPG2,3
GCNT7,2
OR56A1,4
SLCO1A2,7
C12orf42,0
USP17L10,5
VPREB3,2
LOC100996465,5
IGKV1-13,3
OR5A1,0
OR5D13,2
OR13C2,0
C11orf88,2
A40R,0
A41L,7
E9L,6
O1L,0
LOC100421372,6
C6L,6
Phf7,4
MIR148B,3
KCNG2,0
Clasrp,6
Gsc,6
Rhog,6
Rab2b,6
Rac2,6
Arfrp1,6
Arl5b,6
Pbk,6
Hdgf,6
Rsph14,6
Arhgap31,9
Chn2,9
Fbxl12,9
Prpf4,9
Nup37,9
Gnb3,9
Wdr13,9
Dapk2,9
Nek8,9
Eif2ak1,9
Ttc1,9
Enc1,9
Btbd2,9
Skap2,9
Sntg1,9
Dusp10,9
Dusp6,9
Rnf130,9
Noxo1,9
Samd8,9
Efna1,9
Cdc42ep4,9
Rgs19,9
Rrh,9
Rhoh,9
Ubd,9
Ajuba,9
Usp39,9
Ube2r2,9
Fgd6,9
Dcaf7,9
Lztr1,9
1700006A11Rik,9
Gng11,2
Rgl3,2
Tbl2,2
Pak1ip1,2
Rrp9,2
Osbpl3,2
Elp3,2
Etv6,2
Rit1,2
Lonrf3,2
Zbtb8b,2
Rnf141,2
Epha1,9
Irf3,9
Rab22a,9
Gng2,9
Ube2g1,9
Irf8,9
EEF1DP3,2
SOHLH2,1
PRP11,7
PRP9,7
RRD2,2
LIP5,2
GIS1,6
Myo3a,9
RPL21P97,7
ARPC3P1,2
Zfp788,0
Actr8,0
Oc90,0
Serpina3k,0
Sult1e1,0
Foxl1,0
Lmx1a,0
Mos,0
Twf1,0
Rabggta,0
Trpc1,0
Srf,6
Rbm39,6
Ifi204,6
Ap3b2,6
Bak1,2
Hras,7
Creb1,3
Bcl9l,2
Bcl2,3
Banp,6
Zfp780b,3
Gphn,3
Mastl,3
Mtr,3
Grin3a,3
Polh,3
Myo10,3
Mast1,3
Shroom1,3
Pafah1b3,2
Su(fu),6
UTS2R,0
Ltbp1,6
Igf2,6
Scn2a,0
Mtmr9,3
SCGB3A2,7
HEM12,1
NCL1,1
PEP8,2
KCNC2,0
Hipk1,6
Dnmt1,6
Smarcd1,6
Smarcb1,6
Smarca4,6
Ikzf3,4
Mad1l1,6
Chd1,6
Zbtb18,6
Actl6b,6
Actl6a,6
Hdac5,6
XKRY,6
SKY1,7
git5,0
CYP71,6
NRPD1B,3
LOC147791,7
RNASE6,4
HIGD1B,6
psmd14,4
Rab11b,0
Cggbp1,6
SPRR2C,2
Sh3d21,0
Mras,0
SKN7,0
mcm2,6
GCS1,0
Ssrp1,6
Apba1,2
Apba2,2
Stx5,2
GUCY2EP,2
Zpr1,2
Trpc5,2
Trpc4,2
Zhx1,6
Adrb3,0
HDL3,0
Sytl1,2
GFRA4,4
Hnf4a,6
sox3,6
ventx2.1-b,6
wee1B,6
pkmyt1,6
Atf4,2
Errfi1,0
Clip1,3
xlmo1,6
Pstpip1,2
tcer-1,2
Rad51,6
F11r,0
Tnfsf14,0
Cript,0
Kcna4,0
IL18BP,2
Rgs12,0
Ptpn12,2
AT5G46630,0
MMZ1,2
UEV1D-4,2
ERD10,2
GPR26,7
Polr1b,6
Grb14,0
ARTN,0
Gmcl1,0
CCC2,3
Itpr2,0
SYT8,7
FSHB,4
Il1r2,0
NMBR,5
Tsn,2
Stx7,0
Vti1a,0
GAL11,6
ADAM1A,0
Rxrb,6
Xrcc5,3
Slc7a7,0
Ccl3,0
Ccl2,0
CCKAR,0
Nfkb1,6
xpo1,3
Cd244,2
pparg,6
Efs,0
Foxm1,6
KIN3,3
Parp1,6
MGC53867,6
Fyb,4
TRS-AGA2-4,2
Ehd3,0
Uts2r,7
EcR,2
Mllt10,3
UCN2,4
Stx6,0
Sftpd,0
Exoc3,0
Ralbp1,0
Ncoa3,6
Nkx2-5,6
Map3k6,2
Pou1f1,4
Nptxr,0
Nptx1,0
Mkl1,6
Mkl2,6
Myocd,6
Gata6,6
Parp2,6
Ern2,2
Tnfsf13b,7
MC5R,4
Frs2,2
Schip1,2
Il1rap,2
kpnb2,7
per,6
Map3k3,2
APC11,4
Wbp1,2
Lphn1,3
Erbb2,0
Map3k2,0
SUP45,2
LINC00265,4
LINC00305,7
Rnf128,7
Trim54,2
RTT109,6
Polk,6
MIG1,2
Chrna7,3
NKP1,2
GRL,3
PIR121,0
ROP2,3
MCD1,6
FIE,6
PRL1,2
LRRC3DN,7
BRCA2(IV),6
NTF2A,2
NTF2B,2
RPN7,2
Nr1h4,6
SEY1,0
MMS4,6
SGS1,4
NTG2,4
HRR25,3
PRP8,7
SNU114,7
TIM23,5
EEF1B2P5,6
HNRNPA1P70,7
NUP145,2
GEA1,0
IRE1,6
Mecp2,6
Sgce,0
LOC407840,7
SWE1,2
Foxp2,6
FRA10F,6
UL9,6
PAT1,0
tti1,0
KCTD9P2,0
pin1-b,7
UBC35,2
UBC36,2
rnf138,4
BTG4,0
Cdc42ep2,9
Mark1,9
Ank2,9
Ctnna2,9
Map1lc3a,9
Ntm,9
Cntn1,9
Slc1a3,9
Lactb,9
Lsamp,9
Opcml,9
Agap2,9
Usmg5,9
Map7d1,9
Mtch2,9
Tomm22,9
Kcnab2,9
Kcnab1,9
Mgst3,9
Stx1a,9
Ndufa2,9
Cox6b1,9
Cd47,9
Icam5,9
Poldip3,9
Ndufb6,9
Ndufa11,9
Ndufs5,9
Ndufb11,9
Ndufs4,9
Ndufb3,9
Ndufs8,9
Ndufb7,9
Ndufa10,9
Ndufs7,9
Ndufc2,9
Ndufb9,9
Ndufa6,9
Ndufb5,9
Ndufb10,9
Ndufa5,9
Ndufa12,9
Ndufa8,9
Ndufb4,9
Uqcrc1,9
Cyc1,9
Uqcr10,9
Cox7a2l,9
Cox7a2,9
Cox6a1,9
Gyk,9
Tomm40,9
pop-1,6
gsk-3,4
pry-1,3
axl-1,3
Baz2a,6
AT3G49660,6
ZNF519,4
CAC2,6
Hoxa11,6
EOS,6
Xpo4,6
Ehmt1,6
Oaz1,6
csul,6
H2BFM,2
Nkx3-1,6
Smr,6
tubgcp3,6
pr-set7,6
epc2,6
dact2,9
Ncoa1,6
Epc1,6
chaf1a,6
POL1,2
pkn-1,0
Pbx1,6
Top2,2
LOC284412,6
Ube2n,2
SET1,3
E(z),3
USP12P1,0
Ankmy2,2
Ror2,0
Dsc1,2
Dsg1a,2
Sap30,3
PF11_0336,4
AT2G40650,4
smad1-b,2
UL28,6
AT3G03773,6
runx2b,6
H,6
lid,6
CKS1,2
Gli2,3
GGNBP1,3
PABPC1P1,6
Rybp,9
Fbxl20,9
park,2
pnut,0
Sep1,0
Glis3,4
K07C5.3,6
spry2,6
SIAH1P1,6
btbd6a,2
twist1-a,0
PHYA,2
VAMP721,2
GAPC2,2
GAPC1,2
LOS1,2
IAR1,2
KCS6,2
KCS5,2
UPL2,2
JAZ6,2
RHM1,2
MUM4,2
RHM3,2
AT1G80930,2
AT2G04520,2
AT5G35680,2
EMB2296,2
AT4G36130,2
RPN1A,2
AT2G36950,2
PAL1,2
PAL2,2
spf30,6
PAL4,2
PDX1.1,2
PPC2,2
PPC1,2
AT3G05900,2
AT3G08530,2
AT3G11130,2
AT3G53230,2
AT5G03340,2
MTO3,2
MAT3,2
SAM-2,2
BCAT4,2
DWF1,2
EIN3,2
ALDH2C4,2
AT3G50520,2
AT5G04120,2
AT3G62870,2
AT2G47610,2
OLEO1,2
CRU3,2
CYP81F4,2
RSR4,2
HSC70-1,2
Hsp70b,2
ERD2,2
AT3G09440,2
AT5G02490,2
BIP1,2
BIP2,2
UBP12,2
UBP13,2
OLEO2,2
CRA1,2
HCT,2
CB5-E,2
CB5-B,2
HSP81-3,2
Hsp81.4,2
HSP81-2,2
HSP90.1,2
AT5G60390,2
AT1G07930,2
AT1G07940,2
AT1G07920,2
BAG7,2
AT1G04410,2
AT1G09310,2
AT2G01720,2
AT2G30620,2
AT3G53870,2
AT2G31610,2
AT5G35530,2
AT4G24110,2
ATMS1,2
MS2,2
CYP71B7,2
DMT2,2
GLYATL3,2
CCT6P1,2
LOC390937,7
RPL12P1,7
CRSP5,6
Arhgdib,0
Bcl10,2
Atxn3,2
sbp-1,6
His2A:CG31618,6
His2B:CG17949,6
His3:CG31613,6
His4:CG31611,6
SNAP23P,3
NUP159,6
Fam129b,0
Eda2r,0
Ndc1,0
Cdc27,6
Anln,7
Cdc25b,3
Ube2c,2
Dsn1,3
Haus7,0
Yipf4,0
Tmem63b,0
Hsd17b7,2
Pttg1,2
MTCO2P1,0
Snai1,2
Agtrap,0
Gbp4,2
ark1,7
LOC284014,2
Cam,0
Klhl2,2
Pcyt1a,6
Jdp2,6
Camk2n1,4
Mapk3,4
FCP1,6
msl-1,6
HIST1H2A9,6
HIST1H2B7,6
Grm2,7
DYT10,4
Map2k4,2
Stat92E,6
MIR579,3
MIR125B2,3
EVX1,6
Acvr1b,0
PAH1,2
TON1A,3
Epha4,0
RNU6-50P,7
Mef2d,6
Mef2c,6
XRS2,6
syd-2,3
Actn3,9
OR1E2,6
Fgf1,7
Fgf3,7
cdc25a,7
AT3G12630,9
PPP1R3G,2
dll1,9
Vps36,9
lqf,2
hda14,2
cenpa,6
Rere,6
DREB2A,6
ctnnb1-a,6
pin1-a,7
RPS22A,3
RPS22B,3
dld,9
mib1,6
Itpr3,9
mad2l2,7
cdknx,9
Rel,6
BNA1,5
Kdm4A,6
Kdm4B,6
SDG26,6
RBPJP3,6
ced-5,0
ced-12,0
SPINT3,6
Picalm,3
Epn2,3
Agfg2,3
Agfg1,3
Amotl1,3
Hmg20a,3
Krt1,3
Krt71,3
Krt79,3
Ppl,3
Swap70,3
Sync,3
Plvap,3
Spry2,3
Tiam1,3
tor2,2
TP53TG3,6
LINC00272,6
spb1,6
CPA1,2
rpn10,2
Os05g0125000,6
Ezh2,6
HCVgp2,2
UL114,6
Sardh,4
UM03200.1,2
TCEAL6,6
CBP,3
Calmodulin,0
cdk2,7
cdk7,2
Crem,2
Mapk7,2
Stam2,9
tbc-8,4
BNIP3P6,2
Adipoq,3
cse1l,2
fen1-a,6
ube2v2,2
ube2v1,2
Spsb4,2
Spsb2,2
Mlst8,2
Sh2b2,2
LMP2A,2
Cbll1,7
Cntfr,2
Dll4,4
sina,7
MUSTN1,4
rlim-a,6
Atg3,3
BGLF1,6
BGLF2,6
BGLF5,6
LF1,6
BLRF1,6
BZLF2,6
LOC646377,2
KCTD9P3,2
NDUFA4P1,2
EPB41L4A-AS2,2
LOC100128400,2
C16orf89,2
RPL30P8,7
PfPK6,6
Ctnnbip1,2
tcf3,2
cdh3-b,2
Ube2e1,6
U95,6
Arih2,2
CBF2,6
CEP3,6
hus5,6
lwr,2
Id3,0
RPN13,2
Inpp5d,3
Blnk,3
Map4k1,3
Stap1,3
Pik3ap1,3
Pik3cd,3
Gtse1,3
Arap1,3
Sh3bp1,3
Rtkn2,3
Pdcd6ip,3
Wipf1,3
Impdh1,3
Shkbp1,3
Chtf8,3
Irf2bp1,3
Was,3
srgp-1,0
Ufd1l,9
Nploc4,9
SCARNA8,7
Gata1,6
Scnn1b,3
ST3,2
Klhl17,0
PPIAP11,4
PCAP,2
TRR,2
Pex7,2
AMN,2
Lnx1,0
th,0
Kcnip1,2
Kcnip2,2
Rapgef5,2
Rapgef4,2
Cd27,2
mdm2,6
mdm4,6
CD248,2
VTRNA3-1P,3
Eda,0
Diablo,2
Irs1,0
Bard1,6
Zbtb33,6
LOC401442,6
Bre,9
Snapin,9
Tspan7,9
Tub,9
Il1r1,2
Ppil2,0
MEX67,6
MORF4L1P2,2
HSP83_ANOGA,2
Hsp60,2
Ef1alpha100E,2
betaTub56D,2
pho,7
ZFYVE20,0
futsch,2
qkgA-1,2
Vps45,0
Prame,6
Nutf2,2
Nxt1,2
dvc-1,2
tpx2-a,2
FBXW4P1,2
CSF2RBP1,2
Map3k5,2
UBC4,2
ASR1,4
SCE1,6
UBC10,6
AT5G53140,2
AT1G18030,2
AT3G06270,2
AT2G25070,2
AT3G02750,2
AT5G10740,2
AT4G28400,2
AT5G06750,2
AT4G31860,2
AT3G17250,2
AT4G38520,2
AT3G05640,2
AT5G66080,2
AT1G79630,2
AT2G30170,2
AT5G24940,2
TOPP8,2
HAB1,2
AT1G34750,2
AT1G43900,2
AT3G15260,2
Fgr,9
Csnk1g3,9
Sstr1,2
Dlx5,6
Hhex,6
Utf1,6
Olig2,6
Egr2,6
SLIT1-AS1,4
PP2D1,4
OR2W1,4
LOC541472,4
VCY1B,4
LINC00982,4
LOC401068,4
LOC554207,4
TP53TG1,4
GPR78,4
CCDC144NL,4
BAALC-AS2,4
GTDC1,4
BIN3-IT1,4
FAM151A,4
GNRH2,4
FITM1,4
LOC90768,4
HCP5,4
OR8B2,4
LOC100132057,7
Nup62,2
MSS4,0
Nxf2,7
Amotl2,3
Rarg,4
Whsc1,6
Rfxank,7
Bcl6,6
Carm1,3
RBMY2BP,6
OOSP2,7
AMZ2P1,2
LOC729324,6
LOC653602,6
RPL26P30,6
RBBP4P1,6
Brpf1,2
Sirt3,5
c-raf,3
Bag1,0
UNC93B3,9
OR7G3,9
CDY1B,9
LOC100272216,9
HYDIN2,9
SEPT7P2,9
CDH22,9
Phf20,6
Adcy8,2
Tfap4,6
Scx,6
Twist2,6
Usf1,6
SNORA12,0
KCNK17,0
Pkd2,0
cic,2
Mdfi,6
mdfic,6
Hopx,6
Sertad1,7
Pkd2l1,0
Txnip,2
Map3k10,2
Flt4,6
Cstf1,6
Zfpm1,6
Arntl,6
Clock,6
Ccr2,1
Nr2f1,6
Nos2,0
Hr,6
Taf4,6
Pigf,0
Figf,0
Pdcd1lg2,0
Tes,2
C9orf50,7
ERVK-10,1
OR8D2,1
OR2T6,1
bcd,7
RPL23AP42,2
fem-3,2
Ppm1f,3
ZNF676,6
fem-1,2
elc-1,2
tra-1,9
Mrpl3,5
Casp12,3
Arpc1a,7
Dnm1l,6
Hand1,6
Zfp574,6
Slc23a3,0
Anapc7,1
Sde2,4
Mtfr2,4
Xrn2,4
Prkag2,4
Cherp,4
Emilin1,4
Arhgap22,4
Nab2,4
Nrbf2,4
Tfpt,4
Thap7,4
Wdr62,4
Sertad4,2
Siah1a,3
Cpe,4
H2-Aa,3
ERVV-1,6
sh3rf1,4
Pxmp2,0
nrarp,6
ubc,6
KCNK10,2
TMEM225,2
MEMO1P1,7
TRGV7,4
SNORD88C,7
SNORD95,7
SNORA34,7
SNORD50A,7
SNORD50B,7
SNORA57,7
SNORD19,7
SNORD116-18,7
SNORD116-24,7
SNORA71D,7
SNORD116-22,7
RNU2-4P,7
SNORD116-29,7
Cyp1a2,0
Sik2,3
Polr1e,6
Stk3,3
MS4A5,2
LOC100131689,6
Tpp1,2
Sra1,2
Fcna,2
Pcdh15,2
Pcmt1,2
Capns1,2
Tex16,2
Atp2a3,2
Shroom3,2
Fat2,2
Fat1,2
Wfs1,2
Emc2,2
Pde8a,2
Tro,2
Grik5,2
Esyt1,2
Actr10,2
E2f1,4
Prkg1,4
Ankrd32,7
SGA1,2
Pias3,6
ATG18,3
Esr2,6
GCD2,0
HMT1,0
SPT7,6
SPT8,6
HFI1,6
AHC1,6
TFP1,0
Polr2d,6
Polr2e,6
Polr2f,6
Polr2h,6
Polr2i,6
Polr2j,6
LOC100363176,6
Polr2l,6
NAB3,7
Mapkapk2,3
map2k1,3
Plcd1,3
Mapkapk5,3
LOC100289290,0
Wwox,2
Brap,2
SIGLEC8,6
rnf-113,4
Birc3,0
MDY2,0
RpII215,7
Kcnj10,0
Dtnb,0
Dtna,0
TFB1,6
SPT15,6
Mapk12,2
mapk14,2
Ifngr1,2
LOC576779,6
kif22,7
SNORD13P1,7
SPESP1,0
Cdh15,0
Ntn3,0
Musk,4
Arpc5l,9
Dync1li2,9
Dynlrb2,9
Nin,9
Sptbn4,9
Kif21a,9
Rogdi,9
Ssb,9
Rps20,9
Ube2v2,9
Ube2v1,9
Bai1,9
Pde1a,9
Pde1b,9
Camk1d,9
Diras2,9
Ngef,9
Gltp,9
Nf1,9
Pi4ka,9
Atp2b3,9
Rab37,9
Rab3d,9
Rab8b,9
Rap1gap,9
Dclk1,9
Strn,9
Camkv,9
Phkb,9
Mat2b,9
Napb,9
Sbf2,9
Mtmr1,9
Sbf1,9
Sept4,9
Sept8,9
Syt5,9
Mob4,9
Nipsnap1,9
Gbas,9
Gadl1,9
Acsbg1,9
Lonp1,9
Laptm5,9
Tomm34,9
Plxna1,9
Fnbp1,9
Vac14,9
2010300C02Rik,9
2310035C23Rik,9
Arhgap44,9
Tdrp,9
Vat1l,9
Trim46,9
Nfatc2ip,6
Slc27a2,0
MMS2,4
LYZL4,2
OR10G3,2
OR5T1,2
OR8D4,2
S100G,2
ALY1,3
SSM4,4
OST1,9
FUR4,9
Trib1,6
HB-1,6
AT5G35210,6
cdc2,7
Nck1,2
NAM7,2
SOG1,6
Gabarap,2
LINC01257,2
AQP11,6
FCAMR,6
CLEC18C,7
UGT2B4,6
IHH,0
FLJ20712,3
ABCC13,6
GLTPD2,2
Abhd5,3
Alox12,2
sax-3,9
GDU1,0
GDU2,0
GDU3,0
GDU5,0
GDU7,0
Notch3,0
EPS15P1,6
TNRC17,7
LINC01541,7
HERC2P4,7
LINC00461,6
MT2P1,3
Slc7a8,0
CYP2B4,9
Ptgir,0
Gnaq,3
Casp7,2
Ance,1
MIR671,0
SPCS2P4,0
MIR1181,0
MIR1257,0
SNORA41,0
SNORD36A,0
SNORD36B,0
tor1,2
TAAR2,6
LOC390760,6
CALM1P1,2
Ube2j1,7
OTU1,2
Cnn2,9
Csrp1,9
Unc45b,9
RPS15AP21,4
Serpinb5,2
OR51B4,7
sst2,9
Dcc,9
HIV2gp2,2
DCSTAMP,0
Hba-a1,4
Pcdha6,4
Igh-Np,4
Rnf146,6
Slc9a3,0
SLA1,3
PDS1,7
Rnf25,9
Nsmce2,4
Uch,2
UBP2,2
UBP3,2
UBP11,2
CLB1,2
Zbtb4,6
Zbtb38,6
L1cam,7
5830415F09Rik,2
PHOSPHO2-KLHL23,2
Gabbr2,2
U19,6
Dpp6,2
RPL32P18,3
LINC00189,3
LOC400682,3
RPS26P50,3
LOC730668,2
Plin3,2
Trim11,3
Stxbp5l,9
LOC100363737,9
Syvn1,9
Sel1l2,9
LOC100363904,9
LOC100365839,9
LOC290704,9
LOC100360154,9
Cope,9
Rnf13,9
Amz2,9
LOC100366016,9
LOC100363878,9
Fstl4,9
Tmem263,9
Itln1,9
LOC100360522,9
Cyp2c80,9
Dnah17,9
Abca4,9
LOC680161,9
Bst2,9
Ermp1,9
Fam96b,9
Hm13,9
Hmgn3,9
Hn1,9
Ins2,9
Kb23,9
LOC100360573,9
LOC100364368,9
Nbas,9
LOC297756,9
LOC501222,9
Babam1,9
Mlec,9
Nnt,9
Pgk2,9
Snrnp27,9
Snrpa,9
Sphkap,9
Tceal3,9
Tgoln2,9
Tor1aip2,9
Vwa5b2,9
Zmpste24,9
Eif3b,9
Iapp,9
Arsb,9
Gpd2,9
LOC100364825,9
LOC679835,9
Sec11a,9
Krt8,9
Fam114a2,9
Scgn,9
LOC681754,9
Seh1l,9
LOC100361067,9
Fam114a1,9
LOC100365196,9
Ttc22,9
LOC686499,9
LOC300303,9
RGD1563551,9
Hba2,9
RGD1566197,9
Rpl17-ps1,9
Vgf,9
LOC100361858,9
RGD1562284,9
LOC680039,9
Kifc2,9
Lmnb2,9
LOC100359517,9
Vil1,9
LOC286987,9
Ndufv3-ps1,9
Atp5g2,9
Timm44,9
Gorasp2,9
Hnrnpul2,9
Scg5,9
Glg1,9
Cd81,9
Atp1a2,9
Mroh6,9
LOC100359600,9
Dnaaf3,9
LOC100361427,9
LOC100363620,9
LOC100363860,9
LOC100366048,9
LOC689805,9
Hmgn5b,9
LOC100365943,9
LOC100359583,9
LOC100360508,9
Psma3l,9
LOC100361008,9
BRE1,6
SPT23,3
GRR1,7
Fbxl8,2
Fbxw14,2
Fbxo15,2
SNF4,4
SIP1,4
EFM3,2
PHGK,2
PSAT1P1,2
MIR548AJ1,2
FLJ22447,7
ced-9,2
Psen2,0
Psen1,0
RKR1,9
Btrc,5
GPB1,4
Pphln1,2
LSB5,0
MUC3A,6
SPATA31A3,6
SPT4,6
Rnf157,0
Spp1,0
TMSB4XP2,5
LOC729603,4
TCL6,4
C1QTNF9B-AS1,2
TRY2P,4
RHPN1-AS1,3
MT1P3,2
LINC00588,4
LINC00482,4
GOLGA2P11,4
SMLR1,0
LPAL2,4
RPL13AP17,0
RBMY2FP,4
TBC1D27,4
ABHD1,0
FAM151B,2
LOC727751,3
UCMA,4
ZNF425,4
LINC00242,4
SCARNA3,5
SNORA74B,5
SCARNA27,5
SNORA33,5
LOC407835,5
SNORA43,5
FKSG29,5
SNORD9,5
WHAMMP2,5
PIN4P1,5
SNORA30,5
SNORD7,5
SNORA21,5
SCARNA16,5
SNORD41,5
FTH1P3,7
PHKA2-AS1,7
HIST1H2A4,6
Tcf7l1,6
Gata5,6
Xrcc1,6
cbp-1,6
daf-12,6
Midn,2
Cited1,2
AT1G04360,4
Hmgxb3,7
Mbd4,6
Zfpm2,6
FUT2,0
VN1R10P,0
LOC401296,0
LOC554206,0
SPRED3,0
Cops7a,2
Cops7b,2
Grr1,2
Fbxo6,2
Ulk2,3
DCN1,2
Msh5,3
Rab11fip5,0
Rqcd1,6
DMA2,4
RNF222,7
Il17ra,2
Pdlim2,6
arl-13,6
Fabp4,4
Bin2,4
RRI1,2
HIS4,9
ILV6,9
CDC10,9
RPS14A,9
TUP1,9
EMP47,9
SEC53,9
TUB2,9
LPD1,9
HSP12,9
GSY1,9
RSC8,9
DUG1,9
HXK1,9
POM33,9
DPS1,9
RPL8B,9
ADE16,9
PDC1,9
SHM2,9
FRS1,9
STM1,9
ACS2,9
IDP2,9
HCR1,9
FRE1,9
YEF3,9
SSP120,9
GSY2,9
HSP60,9
DCS1,9
MET17,9
CDC3,9
RPP0,9
FKS1,9
KAP95,9
ILV5,9
ADE13,9
STE23,9
IMD3,9
VMA6,9
RPL6B,9
CDC19,9
FUN12,9
PMT2,9
CYS3,9
ACS1,9
FLC2,9
EFB1,9
ERP1,9
GDH2,9
SEC31,9
LYS20,9
SSB1,9
PAR32,9
GLT1,9
RPN5,9
RPL35B,9
LYS21,9
YDL124W,9
RPN6,9
PMT1,9
IDP1,9
PSA1,9
GRX6,9
SES1,9
KRS1,9
TPS2,9
SAC6,9
KGD2,9
CPR1,9
HOM2,9
CCT6,9
RVB1,9
AHA1,9
ATP5,9
YDR341C,9
HXT3,9
VPS74,9
YRA1,9
RVS167,9
RPT3,9
SXM1,9
PDR15,9
RPL12B,9
RPN9,9
PHO8,9
ITR1,9
EMI2,9
ATP1,9
ILS1,9
RPS8A,9
PRX1,9
SHP1,9
EDE1,9
COR1,9
PET9,9
IPP1,9
GRX7,9
MNN2,9
ETR1,9
RPL4A,9
PDX3,9
ATP3,9
YBR056W,9
HSP26,9
RPG1,9
MIS1,9
AAC3,9
PHO88,9
TEF2,9
GRS1,9
VMA2,9
SSE2,9
KTR4,9
KTR3,9
ISW1,9
SHM1,9
APE3,9
GUS1,9
CSE1,9
"ADE5,7",9
ZRT1,9
HXK2,9
CHC1,9
ARO8,9
RPS26A,9
AMS1,9
RPL1B,9
PYC1,9
TRP5,9
LEU1,9
ERG26,9
VAS1,9
PHB1,9
CYS4,9
CLC1,9
TYS1,9
TDH3,9
ADE3,9
YHB1,9
MES1,9
BGL2,9
ZUO1,9
BIO2,9
RPL17B,9
ERG20,9
INO1,9
RPB4,9
URA2,9
MTC1,9
ARG3,9
SCP160,9
TDH1,9
BBC1,9
TDH2,9
SSC1,9
MIR1,9
ATP2,9
HOM6,9
RPS4A,9
HMS2,9
SDS22,9
FAS1,9
SAC1,9
RPL17A,9
APE2,9
GFA1,9
APE1,9
TEF4,9
YET1,9
YKL063C,9
FBA1,9
UGP1,9
ATP7,9
VPS1,9
RPC37,9
DID2,9
PET10,9
RPL40B,9
CDC33,9
ZEO1,9
ATG19,9
MDM38,9
GLO4,9
CUE5,9
CYT1,9
RPS7A,9
KTR1,9
ADE2,9
RUP1,9
RPB2,9
PDR5,9
BFR1,9
RPT4,9
RPN8,9
VPH1,9
MPD1,9
MBF1,9
FAA1,9
SNC2,9
VMA4,9
ALA1,9
ALD4,9
GDH1,9
GUT2,9
RPL40A,9
OM45,9
RPL16A,9
KGD1,9
YIL108W,9
LYS12,9
THS1,9
SER33,9
RPS24B,9
GPP1,9
GVP36,9
BCY1,9
EPS1,9
TSL1,9
RPL6A,9
ERG13,9
TUB3,9
VAN1,9
DAK1,9
GSF2,9
TSA1,9
YTA12,9
ILV2,9
ADE17,9
SSO2,9
VTI1,9
CIK1,9
TOM40,9
SCJ1,9
YMR226C,9
BCH1,9
RPL20A,9
TIF11,9
TPS3,9
CUE1,9
LCB1,9
YMR315W,9
RPD3,9
RPL18B,9
YNL247W,9
SSB2,9
RHO5,9
PSD1,9
SRV2,9
LEU4,9
RPS7B,9
RPL16B,9
CIT1,9
ACC1,9
ARE2,9
ARC35,9
LYS9,9
RVB2,9
SSO1,9
FAS2,9
HSP32,9
FUM1,9
RPL1A,9
SAR1,9
CBP3,9
RPL7B,9
CDC60,9
SYH1,9
RPS9A,9
ATP4,9
ALD6,9
CAM1,9
ERG10,9
GLN1,9
VMA13,9
TIF5,9
TKL1,9
TEF1,9
RPL11A,9
RPC40,9
CTR1,9
SCD6,9
YPR148C,9
KRE6,9
QCR2,9
SBP1,9
RPL8A,9
ARD1,9
ARG4,9
DED81,9
YHR020W,9
DAP2,9
NCP1,9
SSZ1,9
HXT1,9
GRE3,9
TOM71,9
OYE2,9
GND1,9
ERG9,9
RPS4B,9
IMD2,9
RPL12A,9
GLY1,9
HYP2,9
ECM10,9
GLC3,9
PRO3,9
CHO1,9
SAH1,9
ERG28,9
ICL1,9
"ARG5,6",9
RPS24A,9
TRP2,9
MET6,9
RPS8B,9
KAP123,9
PAB1,9
HSL1,7
RPA43,6
UL97,0
Tmem173,7
PRT1,0
PCNA2,4
PCNA1,4
Pdgfra,2
Ube4a,4
Ccna2,2
Traf7,4
Ogt,2
HOG1,2
Rasgrf1,0
Ddx58,3
CAD1,6
MIM1,2
PUB13,0
TOM22,3
kpnb1,2
Hdac9,6
Tcf7l2,2
NUP100,6
AT1G59660,6
npp-10,6
Nup98-96,6
Mpp2,3
TRNI,5
IGO1,6
GGT2,0
MRRFP1,5
OR6C70,1
MAGEB16,4
OR7C1,4
CTSL3P,0
NOXRED1,0
PRSS46,0
LILRA1,0
PRAMEF15,2
CDRT15L2,5
OBP2B,0
chfr,0
Chfr,0
Grsf1,0
NPY4R,7
SPACA7,2
TCPT,2
Ripk3,3
Ppargc1b,0
Tet1,6
Tet2,6
Tet3,6
EB1A,3
mal3,3
HMGN1P30,7
GCNT6,2
POB3,2
SPT16,2
HTB2,2
Rabgef1,2
Erbb2ip,6
Tcf15,6
Pou3f4,7
wg,0
Nfe2,6
UL31,7
UL22,7
UL1,7
UL10,7
UL13,7
UL14,7
UL21,7
UL24,7
UL25,7
UL41,7
UL50,7
UL51,7
UL7,7
UL26,7
UL5,7
UL6,7
US10,7
Mavs,2
daf-4,6
Ank3,0
Nid2,0
Dynlt1,0
Fhl4,4
Agtr2,4
Inadl,3
Mpp5,3
LINC00528,6
RPS2P40,7
LOC100289097,7
RPS10P7,7
RPS10P11,7
RPS10P13,7
RPS10P4,7
RPS10P22,7
SUMO1P3,7
API5P1,7
VDAC1P1,7
RPL12P6,7
RPL12P32,7
RPL12P14,7
RPL12P35,7
RPL12P19,7
LOC729774,7
SUPT16HP1,7
RPS18P12,7
LOC727803,7
RPSAP18,7
RPSAP8,7
RPSAP9,7
RPSAP29,7
RPSAP61,7
CIAPIN1P,7
LOC644422,7
RPS19P3,7
LOC645086,7
SUMO2P1,7
RPLP0P3,7
RPLP2P3,7
LOC284685,7
UBE2MP1,7
RPS25P8,7
IGBP1P1,7
IGHV1OR15-9,3
LINC00322,7
PNMAL2,7
FAM189A1,7
LOC728026,3
LOC100506055,0
SPBC30D10.02,6
NEPNP,6
SLC22A20,5
GLOD5,2
Mbd5,6
Cdk13,3
Slitrk4,0
Cgn,2
Vrk1,5
Dlc1,3
Nrip2,6
Tbc1d9b,0
C16orf95,3
h4-A,2
wdr77,2
LINC00852,2
Rspo2,0
Afti,3
Grik2,2
WASF4P,4
ci,6
puc,2
FLJ25613,6
AOC4P,6
stk38,7
usp16,3
TUBBP2,7
Patz1,6
Cftr,6
Tfap2a,2
Hipk3,4
Isl1,4
H1f0,1
neur,3
L1td1,7
Mkrn1,7
Dhx9,7
Larp4,7
Srrt,7
KRTAP9-9,2
SLC17A4,2
KRTAP9-7,2
KRTAP9-1,2
USP17L,2
OR4X1,2
LOC644669,2
RPS17P16,0
Hap1,2
HEY,6
Dok3,2
Ppfibp1,9
Tmem66,9
LOC100760824,9
Vps53,9
Ikbkap,9
Rrm1,9
Copg2,9
Wrnip1,9
Nat10,9
Exosc2,9
Paf1,6
PRSS38,2
RNY4,2
xlf1,2
ATG1,2
CAT5,5
ATG32,6
Cst3,2
Pdha2,2
A2m,2
Aldh3a1,2
Fh1,2
Dld,2
Pdhx,2
Atp6v0c,2
Atp6v0e,2
Atp6v1f,2
Ldhc,2
Gsta1,2
Ppa2,2
Acsm2,2
Cpt2,2
Hadh,2
Acadm,2
Acss1,2
Ech1,2
Arg2,2
Sugct,2
Dhtkd1,2
Hibadh,2
Hgd,2
Suox,2
Fah,2
Eno3,2
Pgam2,2
Acmsd,2
Ces3a,2
Lrp2,2
Aspg,2
Asl,2
Ass1,2
Gpx1,2
Gstm2,2
Gstt1,2
Fabp1,2
Ivd,2
Adh4,2
Ndufa7,2
Car3,2
Acaa2,2
Gsto1,2
Acads,2
Acnat1,2
Hmgcl,2
Hmgcs1,2
Dl,3
ARP9,6
ear,6
yaf9,6
Mllt3,6
Pdrg1,2
OR1F12,4
Lipg,0
cib,2
CTGLF10P,2
Nfatc2,0
grf1,0
Pde4a,7
PPE34,2
Foxl2,6
Tak1,2
FLJ25758,3
MYO5,2
MMS21,6
AGPAT4-IT1,2
DPB11,6
ompA,2
NTH1,2
GOLGA6L10,2
Gab1,0
DCP1,2
CG1218,6
TBX10,2
NKX1-1,2
Slc12a1,0
tus,2
Dhrs7,9
Ebpl,9
Aph1b,9
G6pc2,9
Ly6e,9
Ms4a6d,9
Tmbim4,9
Bscl2,9
Sptssa,9
Slc2a5,9
Tspan2,9
Vamp3,9
Slc39a7,9
Slc39a13,9
B2m,9
Dpm2,9
Ergic3,9
Leprotl1,9
Laptm4a,9
Atp6ap2,9
Selk,9
Slc35b1,9
Use1,9
SDIM1,2
VSIG10L,0
Trim31,0
Drosha,0
PRP38,7
SPP381,7
KRTAP16-1,0
FAM66E,0
MRGPRG-AS1,0
GPR149,0
PMT4,0
C17orf64,2
RSA1,7
PPIAL4E,0
SIGLEC16,2
UGT2A2,1
DEFB104B,0
FRRS1L,5
OR52W1,0
SLC36A3,0
LIM2,2
POPDC3,2
CNTN5,6
TREH,0
Erbb4,0
Nvl,7
Ipcef1,3
Ccnd3,6
FPR4,6
ssb,7
alp14,2
csk1,2
CAK1,2
CCS1,2
Unc5a,6
ercc4,6
Spata2,2
Lpar1,0
slx4,6
rad51-b,6
Slc4a4,9
Rph3al,9
Rgs20,9
Abcb5,9
Tm4sf1,9
Gpr151,9
Mpzl2,9
Rasgrp4,9
Arrdc4,9
Neb,9
Cryz,9
Crym,9
Myo1g,9
Htr3b,9
Itgb4,9
Scn10a,9
Mapk10,9
Fbxl7,9
Rab3gap2,9
Gucy1b2,9
Rock2,9
Alox15,9
Brsk2,9
Gsk3a,9
Trip12,9
Ipo9,9
Lrpap1,9
Nap1l4,9
Prex1,9
Ptgs2,9
Rnf123,9
Ubqln2,9
Ubr1,9
Sptb,9
Kat7,9
Hdgfrp2,9
Bysl,9
Ccdc86,9
Abcf1,9
2810004N23Rik,9
Rrp12,9
D8Ertd738e,9
Aatf,9
Ttf1,9
Hmgn1,9
Dnttip2,9
Topors,9
Phf2,9
Gatad2b,9
Nol10,9
Ftsj3,9
Sfswap,9
1810009A15Rik,9
Chd3,9
Atp5j2,9
Gpatch8,9
Ubn1,9
Chd4,9
Hmgxb4,9
Scaf1,9
Bbx,9
Cwc25,9
Pogz,9
Clk1,0
Pex14,3
MPS1,2
Mical1,0
Optn,0
B1R,6
Acat2,2
Gm16470,2
Cct6a,2
Aldh1a1,2
Oxct1,2
Aldh1a7,2
Nars,2
Rpl31-ps9,2
Tubb4b-ps1,2
Psmd12,2
Gm8129,2
Lgals3,2
Srm,2
MIR3648-1,3
ABHD15-AS1,3
ACTG1P14,3
ADPGK-AS1,3
AFAP1-AS1,3
ALG9-IT1,3
ANKRD19P,3
ANKRD30BL,3
ANKUB1,3
ARAP1-AS2,3
ARHGEF34P,3
B4GALT1-AS1,3
CARS-AS1,3
CCDC144NL-AS1,3
CEACAM19,3
CERS6-AS1,3
CROCCP4,3
CRTC3-AS1,3
CTBP1-AS,3
DDX3P3,3
DISC1FP1,3
DLGAP4-AS1,3
EEF1A1P3,3
EEF1A1P6,3
FLNB-AS1,3
FTH1P23,3
GACAT2,3
GNL3LP1,3
GOLGA2P7,3
GTF3C2-AS1,3
HM13-AS1,3
HMGA1P3,3
HNRNPA1P33,3
HORMAD2-AS1,3
HOXA10-AS,3
HSPD1P11,3
IGHV3-49,3
INTS6-AS1,3
KRT18P11,3
KRT8P34,3
KRT8P39,3
KRT8P48,3
LANCL1-AS1,3
LARP4P,3
LINC00094,3
LINC00294,3
LINC00854,3
LINC00969,3
MIF-AS1,3
MIR1248,3
MIR27A,3
MIR3648-2,3
MIR3687-1,3
MIR3687-2,3
MIR4449,3
MIR589,3
MIR6087,3
MIR614,3
MIR663AHG,3
MIR663B,3
MIR6775,3
MIR7705,3
MKNK1-AS1,3
MKRN2OS,3
MROH7-TTC4,3
MSTO2P,3
TRNE,3
TRNV,3
NBPF25P,3
OR2A1-AS1,3
P2RX5-TAX1BP3,3
PGAM1P5,3
PPP1R14BP3,3
PPP3CB-AS1,3
PRC1-AS1,3
PXN-AS1,3
RALY-AS1,3
RBAK-RBAKDN,3
RN7SL2,3
RN7SL4P,3
RN7SL5P,3
RNA5S1,3
RNA5S10,3
RNA5S11,3
RNA5S12,3
RNA5S13,3
RNA5S15,3
RNA5S16,3
RNA5S17,3
RNA5S2,3
RNA5S3,3
RNA5S4,3
RNA5S5,3
RNA5S6,3
RNA5S8,3
RNA5S9,3
RNA5SP145,3
RNA5SP162,3
RNA5SP191,3
RNA5SP202,3
RNA5SP259,3
RNA5SP352,3
RNA5SP506,3
RNA5SP74,3
RNU1-11P,3
RNU1-18P,3
RNU1-19P,3
RNU1-2,3
RNU1-27P,3
RNU1-28P,3
RNU1-3,3
RNU4-2,3
RNU5E-6P,3
RNU5F-1,3
RNU6-8,3
RNU7-1,3
RNVU1-10,3
RNVU1-14,3
RNVU1-17,3
RNVU1-18,3
RNVU1-19,3
RNVU1-6,3
RPL13AP2,3
RPL18AP3,3
RPL18P11,3
RPS20P14,3
RPS2P46,3
RPS2P5,3
RPS3P6,3
RPS3P7,3
RPS4XP17,3
RPSAP14,3
RPSAP26,3
SAP30L-AS1,3
SDHAP1,3
SMAD1-AS1,3
SMG1P5,3
SNHG19,3
SNORA23,3
SNORD12B,3
SNORD14E,3
SNORD15A,3
SNORD16,3
SNORD18B,3
SNORD18C,3
SNORD20,3
SNORD3B-2,3
SNORD61,3
SNORD83A,3
SNORD83B,3
SUZ12P1,3
TMX2-CTNND1,3
TSNAX-DISC1,3
TUBAP2,3
UBE2Q2P2,3
VTRNA2-1,3
WWTR1-AS1,3
Pvrl4,2
Pvrl3,2
LINC00260,6
LINC01558,2
PNCK,2
PAP1,6
Pcgf2,7
Cbx6,7
KCNK13,0
IZUMO2,0
Akirin2,6
Armcx5,6
Bbs4,6
Cspp1,6
Elf2,6
Fam47e,6
Fbxw10,6
Fhad1,6
Homez,6
Hsf2bp,6
Nap1l2,6
Parpbp,6
Scnm1,6
Setd6,6
Usp33,6
Zmym3,6
Dcaf6,6
Zc4h2,6
Zmym5,6
fcho1,3
Rasa3,0
THEGL,6
K6,4
ORF20,7
ORF25,2
ORF31,5
ORF42,2
ORF55,0
Cdc25c,0
LINC00598,2
SHS1,0
VWFP1,2
C6orf163,4
Atg5,2
SSN2,6
TAH11,2
MET18,3
DPB4,6
NCB2,6
AIM7,2
MSL5,4
MAD1,3
ACM1,3
YLR224W,7
WTM2,6
YJL107C,4
MET30,4
ARO4,2
SUC2,0
POP3,4
SVF1,0
ISA1,4
VPS73,0
RMD9,4
DSS4,2
WSS1,6
DID4,3
NOP1,7
SPS1,5
CMD1,3
YPT52,0
DRN1,4
RPS31,4
NTA1,2
HAT2,4
PIS1,0
UIP3,0
COS12,0
MMF1,2
NTR2,3
VMA3,6
YTH1,7
MEP1,0
ASN1,3
YMR122W-A,0
IML3,4
VHS3,4
CBS2,4
CAT2,4
TIF34,7
MFT1,4
VPS55,0
DPB3,2
SSP1,4
MVP1,2
YKL071W,4
SFT2,0
MER1,4
YFL051C,2
NOP15,4
TRX1,4
YMD8,0
TIP1,2
OST2,0
SLM4,2
CSN9,4
PTC5,4
LCB3,0
POP6,2
AVT7,0
YPL108W,2
AIM17,4
DAL5,0
SPC1,0
YSY6,0
LAG1,6
ATG23,4
MAD2,4
YLR036C,4
OLI1,2
SRP21,4
ERV14,0
SLY41,0
POC4,4
YFT2,0
CYB5,0
HPM1,4
YKR011C,4
ADY4,6
OPY2,0
NIP1,2
GIR2,4
IMA1,2
GZF3,4
ATP10,0
VRG4,0
URK1,6
HOC1,0
YGR021W,2
PHM6,0
LDB18,4
SCS3,0
MTR10,3
CDC50,0
ARO2,7
NCE102,0
RSM26,3
GSH1,4
PHS1,0
YCR007C,6
YPR153W,0
MET8,3
YDR134C,4
FMC1,4
HSP150,2
YBR139W,2
RSM27,3
GMH1,0
YIL165C,4
PRD1,4
ECM19,4
SMF3,0
PFA3,0
DAL2,4
MON1,4
HTL1,4
LRS4,4
AVT6,0
ARO10,6
YBR197C,4
TFB2,3
SEC6,4
YJR039W,4
CYC2,3
YHR045W,0
ESC2,6
LDB17,4
STF1,3
HYR1,0
NKP2,4
MST27,6
IPK1,7
SRL2,6
YJL144W,4
CWP2,2
SLK19,6
ADD37,4
BAT1,3
PTC1,2
RMA1,6
VOA1,0
MPS3,0
NSR1,2
RDS1,6
MPA43,4
YHR022C,4
DIE2,0
YNL217W,0
ERV1,0
TUM1,6
YBR242W,0
YIH1,4
BOS1,0
SED1,2
RPS28A,3
EUG1,4
GPI14,0
ATG15,0
MDJ1,4
BZZ1,3
SEN15,4
THI20,3
SRP102,0
LAP2,4
CAF16,4
PRM15,7
PMT3,0
HEM15,3
OPY1,3
FRD1,2
SFB2,4
RNH70,2
TVP15,0
TCD1,2
TMA20,2
CRS5,2
YMR111C,2
YML108W,4
YMR31,4
BAP2,0
YVH1,3
LIP1,0
PRM8,6
MCM22,3
TRS20,4
SSS1,0
YGL176C,4
PRP2,1
AQY1,0
NCS2,4
FLO5,0
SCS22,0
FAD1,0
KIN2,4
YJR084W,4
MNN11,6
TYR1,6
NPP1,0
DBP10,3
USA1,0
TOG1,4
YCK3,4
NEL1,3
SHR3,0
PPS1,4
RIO1,4
UTP25,3
ILM1,0
ITT1,4
ASI1,0
BET4,4
Bcar3,3
Ncf1,6
MGS,6
CRYBB2P1,3
IPW,3
PMS2L2,3
TTTY15,3
TTTY14,3
POLR2J4,3
RPL32P3,3
LRRC37BP1,3
CIDECP,3
ESPNP,3
LOC100130691,3
LUZP2,3
LOC389906,3
LOC400927,3
IL17REL,3
CECR7,3
KLKP1,3
LOC645513,3
GTF2H2B,3
MIR570,3
SNORD116-4,3
SNORD116-8,3
LOC100130238,3
SERF2-C15ORF63,3
ASMTL-AS1,3
MIR99AHG,3
NBEAP1,3
BAGE,3
GTF2IP1,3
SNORD109B,3
MIR23B,3
TMEM183B,3
SNORD116-5,3
SNORD116-6,3
ST7-OT3,3
ST7-OT4,3
Fosl2,2
Gcnt4,2
Gpsm2,2
Otx1,2
Rpa3,2
Srcap,2
Vps4a,2
Aaas,2
Akap9,2
Atp11c,2
Cenpu,2
Cln6,2
Dnajc25,2
Erich1,2
Helb,2
Ilvbl,2
Ints5,2
Maz,2
Sdf2l1,2
Serpina3j,2
Taf6,2
Vkorc1,2
Vti1b,2
Wdr34,2
Wdr83,2
Zfp275,2
erbb2,0
Ndfip2,0
CALHM3,2
Fbxw15,4
Sh3gl3,2
Snx18,2
Src,2
Dbnl,2
Pacsin2,2
Snx9,2
Stac,2
Hif3a,6
CTK1,6
Vrk2,2
Epas1,6
CSAG3,4
TECRL,2
C20orf166-AS1,2
OR14K1,2
LINC01483,2
TXLNGY,2
US6,2
MEG8,6
HOXA-AS2,6
Lamb1,7
Smcr8,2
Hmg20b,2
Tbl1x,7
ebi,7
fbxw7,2
COX7A2P2,2
Setx,2
Iqgap1,2
Rab39b,2
Sec22b,2
Psmd8,2
Rab26,2
Psmd10,2
Snx6,2
Tbc1d22a,2
Snx8,2
Atl2,2
Wdr35,2
GAGE2D,2
Egln1,0
SERTAD4-AS1,7
FAM150A,7
SNORD30,7
SNORD29,7
SNORD5,7
IRX3,7
SNORD27,7
SNORD2,7
SNORD31,7
SNORA4,7
NDUFC1,7
LOC642852,7
SNORD6,7
SNORA32,7
SNORD75,7
ZNF283,0
fgf3,0
CENPVP1,0
CHRNA6,3
Macf1,4
Apoa1,2
Arl6ip1,2
RNF224,4
Pxn,6
Fhl3,6
OR5AC2,6
OR4L1,6
Mapk4,6
Orm1,6
Med29,6
Tceal5,6
Neurog1,6
Neurog2,6
Ascl1,6
dcp2,6
dcp1,6
ZNF735,7
VPS9D1-AS1,2
C6orf99,4
CT45A9,4
CT45A8,4
OR51L1,4
OR4B1,4
OR13C8,4
GIMAP7,4
AMER3,4
OR5M10,4
OR5B2,4
OR51A4,4
ANKRD20A3,4
OLAH,4
C16orf90,4
OR52N1,4
CXorf36,4
RDH16,4
LOC440786,2
IGHV3-13,2
ORF0,2
FGF22,5
Vav1,2
Pkn3,3
UL18,7
Fkbp11,9
Lman2,9
Epha2,9
Gnai3,9
Abcc8,9
Gnas,9
Arl1,9
Dhrs7b,9
Rap1a,9
Praf2,9
Tmx4,9
Krtcap2,9
Pycr2,9
Arxes1,9
Clptm1,9
Gdpd1,9
Dgke,9
Gak,9
Tmem65,9
Slc27a4,9
Nceh1,9
Reep5,9
Rab27a,9
Tm9sf1,9
Gm2890,9
Ncald,9
Adpgk,9
Ptpn1,4
KCNJ16,3
MGC15885,2
RBMY1C,2
HNF1A-AS1,3
ARP3,2
ARC40,2
LIF1,6
Wisp1,4
PRR15L,0
SLITRK2,0
TAF14,6
SPAC1527.03,8
SPAC17H9.12c,8
SPAC17H9.13c,8
SPAC1F8.07c,8
SPAC24H6.01c,8
SPAC25G10.01,8
SPAC25G10.08,8
SPAC27D7.11c,8
SPAC323.04,8
SPAC3A11.10c,8
SPAC458.02c,8
SPAC694.02,8
SPBC13E7.07,8
SPBC15D4.09c,8
SPBC16H5.08c,8
SPBC16H5.12c,8
SPBC1703.13c,8
SPBC25B2.10,8
SPBC26H8.11c,8
SPBC2G5.05,8
SPBC660.16,8
SPBC8D2.18c,8
SPCC1620.06c,8
SPCC1672.07,8
SPCC1827.05c,8
SPCC330.03c,8
SPCC584.01c,8
SPCC622.14,8
SPCC825.01,8
SPCPB16A4.02c,8
SPAC24C9.06c,8
SPBP4H10.15,8
adh1,8
adh4,8
ags1,8
ala1,8
anc1,8
arf1,8
arg4,8
SPAC30C2.04,8
atg8,8
atp1,8
atp2,8
atp5,8
atp7,8
bag101,8
bag102,8
SPAC23A1.17,8
bgs4,8
bip1,8
btf3,8
but2,8
cam2,8
cbc1,8
cbf5,8
cbp3,8
cdc31,8
cdc48,8
cgr1,8
chc1,8
cka1,8
clr5,8
cmb1,8
cor1,8
cut6,8
cys12,8
dbp2,8
def1,8
dfr1,8
dnm1,8
drs1,8
ecm33,8
efg1,8
efr3,8
eft201,8
egd2,8
elf1,8
end4,8
eng1,8
eno101,8
ent1,8
exo2,8
fas1,8
fas2,8
fba1,8
fft3,8
fhn1,8
fib1,8
gar2,8
gmh4,8
gpd3,8
gpm1,8
gus1,8
has1,8
hhf1,8
hmt2,8
hob1,8
hob3,8
hsp104,8
hsp90,8
htb1,8
ilv1,8
ilv5,8
imp2,8
imp3,8
SPAC19A8.07c,8
krs1,8
lat1,8
leu1,8
lys3,8
mas5,8
mcp60,8
met26,8
mlo3,8
mmf1,8
mpg1,8
mra1,8
mrps5,8
mrps28,8
mts4,8
myo1,8
nap1,8
nat10,8
nfs1,8
nhp6,8
SPBC646.10c,8
SPAC23G3.06,8
SPCP1E11.08,8
oga1,8
pab2,8
pda1,8
pdb1,8
SPBC19G7.10c,8
pfk1,8
pgk1,8
pil1,8
plb1,8
pma1,8
pol5,8
ppi1,8
prp2,8
prs1,8
psd3,8
pss1,8
psu1,8
pwi1,8
pyk1,8
pyr1,8
qcr9,8
rad13,8
rad24,8
rad25,8
rad3,8
rar1,8
rct1,8
rga3,8
rho1,8
rlp7,8
rpl1001,8
rpl1101,8
rpl13,8
rpl14,8
rpl1602,8
rpl1701,8
rpl1702,8
rpl1802,8
rpl1901,8
rpl1902,8
rpl2002,8
rpl2101,8
rpl22,8
rpl2301,8
rpl2401,8
rpl2501,8
rpl26,8
rpl2701,8
rpl2702,8
rpl2801,8
rpl2802,8
rpl301,8
rpl35,8
rpl3702,8
rpl39,8
rpl402,8
rpl4301,8
rpl44,8
rpl501,8
rpl6,8
rpl701,8
rpl8,8
rpl801,8
rpl901,8
rpl902,8
rpn11,8
rpp0,8
rps002,8
rps1001,8
rps1002,8
rps102,8
rps1102,8
rps13,8
rps1401,8
rps1501,8
rps1502,8
rps1602,8
rps1701,8
rps1801,8
rps1901,8
rps2,8
rps20,8
rps2201,8
rps23,8
rps2401,8
rps2402,8
rps2502,8
rps2601,8
rps27,8
rps3,8
rps401,8
rps402,8
rps403,8
rps502,8
rps601,8
rps7,8
rps801,8
rps802,8
rps901,8
rps902,8
rpt1,8
rpt2,8
rpt3,8
SPCC1183.07,8
rsd1,8
rvb2,8
sam1,8
sap1,8
sar1,8
sfi1,8
shd1,8
SPAC24C9.12c,8
shm2,8
sir1,8
sks2,8
snz1,8
sof1,8
spp27,8
srp2,8
srp68,8
ssa2,8
ssc1,8
SPAC57A7.12,8
ste13,8
sua1,8
sum1,8
sum3,8
tal1,8
tam10,8
tdh1,8
tef102,8
tef3,8
thi2,8
tif11,8
tif211,8
tif212,8
tif213,8
tif32,8
tif33,8
tif35,8
tif471,8
tif512,8
tim16,8
tom20,8
tom70,8
tpi1,8
tpr1,8
tpx1,8
trs1,8
trx1,8
SPAC589.10c,8
ura1,8
utp22,8
SPAC959.03c,8
vgl1,8
vma2,8
vma6,8
vrs1,8
wtf14,8
SPBC405.06,8
zuo1,8
dld1,8
SPAC1006.07,8
rpp203,8
ubc13,8
pub1,8
idh1,8
arp2,8
rpl3002,8
cox4,8
gld1,8
rps101,8
asl1,8
ssa1,8
cct5,8
iec1,8
ade2,8
SPAC14C4.11,8
sdh1,8
naa10,8
SPAC1635.01,8
SPAC167.05,8
SPAC1687.21,8
upf1,8
tif45,8
SPAC1751.03,8
qcr8,8
nhp2,8
rpl1502,8
sec62,8
mdm10,8
rps2602,8
aro1,8
ckb1,8
SPAC18G6.06,8
SPAC1952.08c,8
SPAC19G12.05,8
SPAC19G12.09,8
cpy1,8
erh1,8
SPAC1B3.01c,8
nan1,8
aut12,8
SPAC1F12.04c,8
SPAC1F12.07,8
SPAC1F12.10c,8
mug161,8
pdi1,8
tif224,8
ogm1,8
dak1,8
SPAC22A12.16,8
pam1,8
ipp1,8
rpb5,8
gpd2,8
SPAC23D3.12,8
SPAC23D3.13c,8
SPAC23G3.12c,8
SPAC24H6.13,8
SPAC25B8.12c,8
pan1,8
lrs1,8
tif51,8
smd1,8
SPAC27F1.06c,8
SPAC29A4.02c,8
prw1,8
SPAC29E6.06c,8
smd2,8
rpa49,8
rpl3802,8
lys12,8
tps1,8
vma1,8
met11,8
nde2,8
rpt5,8
cnx1,8
SPAC3C7.13c,8
obr1,8
grs1,8
rpl702,8
rpl3202,8
ade4,8
mnn9,8
sdo1,8
hxk2,8
adk1,8
arg11,8
SPAC4G9.12,8
SPAC56F8.03,8
sla1,8
pabp,8
sec21,8
SPAC5D6.13,8
SPAC5H10.10,8
snu13,8
moe1,8
cpc2,8
cit1,8
arc4,8
cfr1,8
SPAC821.05,8
SPAC823.04,8
rpl31,8
tif225,8
rpl2102,8
SPAC977.14c,8
SPAC977.15,8
leu2,8
atd1,8
plr1,8
rpl3001,8
SPACUNK4.10,8
SPACUNK4.16c,8
SPACUNK4.17,8
gua2,8
lys1,8
rvb1,8
syn1,8
SPBC106.03,8
tim11,8
cct4,8
lys4,8
rpn3,8
asn1,8
SPBC11C11.06c,8
naa25,8
fkbp39,8
sec26,8
fma2,8
rpb8,8
kap123,8
cog3,8
pgi1,8
imp1,8
ptr3,8
rps29,8
SPBC16A3.02c,8
nda2,8
rpl3201,8
sec27,8
lsd90,8
rip1,8
SPBC1703.07,8
SPBC1711.05,8
rpl401,8
nrs1,8
cdc73,8
rps21,8
lcf1,8
rpl35b,8
ape2,8
SPBC19F5.04,8
top2,8
cct3,8
gpd1,8
erg10,8
SPBC216.03,8
nrf1,8
rga7,8
rpp202,8
SPBC24C6.04,8
nda3,8
gas2,8
SPBC29A10.16c,8
nap2,8
SPBC2F12.05c,8
gua1,8
SPBC2G5.01,8
SPBC30D10.03c,8
lsm4,8
rtn1,8
lsb5,8
gpx1,8
SPBC32F12.10,8
erg28,8
ish1,8
dip2,8
leu3,8
ade1,8
rpl3602,8
arg12,8
met17,8
SPBC4C3.03,8
SPBC4C3.07,8
pre3,8
SPBC530.07c,8
arg5,8
rpl3801,8
stt4,8
rpn7,8
SPBC646.07c,8
sds23,8
ntp1,8
rps001,8
apl3,8
ubp15,8
thf1,8
irs1,8
sec31,8
nde1,8
tuf1,8
rpa2,8
SPBP23A10.11c,8
qcr1,8
lcf2,8
sld5,8
nce103,8
rpp201,8
SPBP8B7.18c,8
spt16,8
rpl101,8
SPCC11E10.07c,8
nmt1,8
bio2,8
ght5,8
rpa12,8
SPCC1281.06c,8
gdh2,8
fyu1,8
ade6,8
vtc4,8
SPCC1450.13c,8
snf22,8
yrs1,8
mcp2,8
gcg1,8
rpt4,8
oca8,8
rpl1201,8
SPCC1827.03c,8
SPCC1827.06c,8
pca1,8
rps1702,8
SPCC306.08c,8
srp72,8
ura4,8
SPCC338.06c,8
naa15,8
cox5,8
ser3,8
hsp10,8
toa2,8
smc6,8
hta1,8
gdh1,8
pup3,8
eis1,8
sti1,8
naa50,8
SPCC70.03c,8
qcr7,8
hmt1,8
ssp2,8
ctt1,8
mae2,8
psi1,8
yop1,8
gst2,8
SPCC970.03,8
ade10,8
Kitlg,2
dnaB,6
UBP10,6
LOC100348511,2
SCARNA9,3
SCARNA12,3
SLMO2-ATP5E,3
LOC652276,3
SNORD116-21,3
SNORA18,3
SH3GL1P2,3
SNORA40,3
KANTR,3
LINC00898,3
LINC00342,3
FLJ42627,3
SMG1P1,3
SMG1P6,3
SGMS1-AS1,3
C1RL-AS1,3
LRRC37A4P,3
ADAM20P1,3
NUTM2G,3
LINC01296,3
PMS2P9,3
NOP14-AS1,3
LOC202181,3
LINC01465,3
LOC101928841,3
COL6A4P1,3
DLSTP1,3
PWAR5,3
ADAM20,3
LOC101928728,3
ANKRD18CP,3
LINC00638,3
LINC00659,3
TOP1P1,3
EMBP1,3
AHCTF1P1,3
LOC101928279,3
LOC283922,3
BEND3P3,3
LINC01347,3
LOC100288069,3
LINC01108,3
LINC00842,3
MIATNB,3
LINC01572,3
SH3GL1P1,3
LINC00630,3
FZD10-AS1,3
LOC90784,3
SNAI3-AS1,3
SCGB1B2P,3
LINC01128,3
GMDS-AS1,3
TVP23C-CDRT4,3
WHAMMP1,3
LINC00087,3
FLJ45950,3
TRAP,6
H2B,3
Sirpa,2
Rnf170,0
Erlin1,0
Pck1,6
Ptprd,0
Xrcc2,4
RPC10,3
RPB3,3
cher,5
LOC101930047,6
C11orf80,6
Drp2,2
LINC00470,7
OR9A4,2
Psma1,2
Psma6,2
Psmb2,2
Psmb7,2
C2orf80,2
DCDC2C,2
AGAP9,2
TYRL,2
ROCK1P1,2
VPREB1,2
LIFR-AS1,3
Trib3,1
GRM8,0
PCAT6,6
LRRC69,2
TRBC2,2
KLHL30,3
BRCA3,6
Scyl1,0
Pgk1-rs7,9
Pgls,9
Prdx4,9
Kctd19,9
Gm10068,9
Hist1h2ag,9
Hist1h2af,9
Hist1h2ak,9
Hist2h2aa1,9
Hist2h2ac,9
Hist3h2a,9
Hist1h2bb,9
Hist1h2bc,9
Hist1h2bf,9
Hist1h2bh,9
Hist1h2bk,9
Hist1h2bm,9
Hist1h2bp,9
Hist2h2bb,9
Hist2h2be,9
Hist3h2ba,9
Hist3h2bb-ps,9
H3f3a,9
H3f3c,9
Hist1h3a,9
Hist1h3b,9
Ankrd6,9
Hspa1a,9
Zfp518a,9
Gria3,9
Fkbp2,9
Eml4,9
Rasal1,9
Eln,9
BC055324,9
Herc4,9
Prss2,9
Gng7,9
Scg2,9
Txndc5,9
Atp6v1g1,9
Idh2,9
Chga,9
Stmn2,9
Mug2,9
Cnpy2,9
Manf,9
Tmsb10,9
Fabp5,9
Nes,9
Vps13b,9
Chd8,9
Sdad1,9
1700009N14Rik,9
Usp24,9
Efcab6,9
Ttn,9
Myo9a,9
Rps12l1,9
Pkn1,9
Hist1h1t,9
DAO1,4
ENP1,1
hus1,6
rad1,6
rad9,6
Ighg1,7
OR8G5,7
NXF4,7
Epha3,0
Epha7,0
CG18769,5
mcu-1,5
DDB_G0286429,5
AT4G36820,5
Os03g0232600,4
LOC100505498,2
LOC101930123,3
Gnai1,9
Slc4a5,9
Trpm6,9
Vmn1r41,9
Clstn1,2
Ubr2,2
PE_PGRS29,9
Cdk5r1,3
dco,7
FAM196B,2
OR2T29,2
OR2T5,2
Tlr4,2
Nfatc3,2
CKS1BP3,6
DDR1-AS1,6
GAGE13,6
ZNRD1-AS1,6
PCED1B-AS1,6
TEX22,6
CSPG4P10,6
A55R,2
cno,0
Elmo1,0
Gpc4,0
FTMT,3
Cntnap2,0
Calcrl,3
Ramp1,6
GGTLC3,2
DFNB59,7
DIRC1,7
Fnta,0
Fntb,0
Icmt,0
Tp53,6
RPL7P23,7
MIR125B1,3
Sp100,6
Ebi3,6
SNORA81,7
SCARNA1,7
Adarb1,9
Ago1,9
Ago3,9
Ago4,9
Aip,9
Alyref2,9
Angel1,9
Ankrd17,9
Ascc1,9
B3galt6,9
Chpf,9
Cmtr1,9
Cpeb3,9
Ctu1,9
Dap3,9
Dhx36,9
Dis3l2,9
Dnajb1,9
Fam120c,9
Fbxo11,9
Gabrb3,9
Gle1,9
Ints1,9
Klhdc10,9
Krt24,9
Larp6,9
Med12,9
Mrpl44,9
Msi1,9
Ncoa5,9
Otud4,9
Pcbp3,9
Qk,9
Ralyl,9
Rbm4,9
Rbm4b,9
Rbmxl1,9
Rcor1,9
Rdh14,9
Rpf2,9
Rpl15,9
Samd4b,9
Smg5,9
Srsf2,9
Sugp2,9
Tarbp2,9
Tarsl2,9
Tmlhe,9
Tra2a,9
Zcchc11,9
Uck2,9
Zfp326,9
Acot8,9
Ascc2,9
C2cd3,9
Ccdc127,9
Cdc73,9
Cox15,9
Cpeb2,9
Crkl,9
Dck,9
Dgcr8,9
Dhrs1,9
Dhrs13,9
Dhx57,9
Dna2,9
Dnajb14,9
Dnajc11,9
Dnajc16,9
Dock1,9
Echdc1,9
Ei24,9
Eif4e2,9
Eif4g3,9
Emilin3,9
Ergic1,9
Exoc5,9
Exosc4,9
Fn3krp,9
Agpat6,9
Gpr158,9
Gtf3c1,9
Hmx3,9
Lsm11,9
Lsm12,9
Mag,9
Mast2,9
Mbnl1,9
Mbnl2,9
Mkrn2,9
Naf1,9
Nat8l,9
Nav1,9
1200014J11Rik,9
Nfib,9
Nsdhl,9
Nynrin,9
Obsl1,9
Orc5,9
Pan3,9
Parp12,9
Patl1,9
Pex16,9
Pigt,9
Tmem55b,9
Plekhh3,9
Ppapdc2,9
Prkra,9
Pycrl,9
Wibg,9
R3hdm4,9
Rabl2,9
Rnf214,9
Rpl13a,9
Samd4,9
Sfxn2,9
Slc25a19,9
Slc25a21,9
Slc25a31,9
Slc25a36,9
Slc35e1,9
Sqrdl,9
Stard3,9
Sybu,9
Taok1,9
Papd7,9
Tial1,9
1810026J23Rik,9
Tiprl,9
Tmed4,9
Tmem131,9
Tmem183a,9
Trmt61a,9
Wdr11,9
Wnk1,9
Wnk2,9
Wnk3,9
Wnk4,9
Ylpm1,9
Zcchc8,9
Zfml,9
Adam22,9
Adcy1,9
Akap8l,9
Aspm,9
Bckdk,9
Brinp1,9
Chsy1,9
Cnot1,9
Ctc1,9
Dazap1,9
Dnajb4,9
Dnajb5,9
Dyrk2,9
Eif3m,9
Elp2,9
Exd2,9
Exoc6,9
Exosc7,9
D15Ertd621e,9
Fibp,9
Fnbp1l,9
Fry,9
Gabra1,9
Gabra4,9
Gabrb1,9
Gabrb2,9
Hdac11,9
Helz,9
H13,9
Ints7,9
Ints9,9
Kcnq2,9
Kdm1a,9
Kif3b,9
Lemd3,9
Leng8,9
Marc2,9
Mrpl37,9
Mto1,9
Ncbp1,9
Ndufaf6,9
Nkrf,9
Osbpl5,9
Pacs2,9
Pdk1,9
Pld1,9
Plod1,9
Plod2,9
Ppp1r35,9
Prkab2,9
Prkd3,9
Prmt8,9
Prrc2a,9
Purg,9
Pwp2,9
Rad51b,9
Ralgapa1,9
Rbfox1,9
Rbfox2,9
Rbfox3,9
Ryr2,9
Sav1,9
Serac1,9
Ccdc101,9
Slc25a25,9
Slc25a42,9
Slc25a46,9
Srsf10,9
Strbp,9
Tbl3,9
Fam115a,9
Tenm2,9
Thoc3,9
Top3b,9
Trmt1l,9
Ubac2,9
Unkl,9
Xpo7,9
Xrn1,9
Xylt2,9
Ythdf3,9
Zkscan1,9
COX4I1P1,3
Ifi202b,3
Rps3a2,3
Snrpb,3
Itgb5,3
Api5,3
Eif2s3x,3
Col3a1,3
Rpn2,3
Pbxip1,3
Lgals9,3
Gm5745,3
Frg1,3
Hdlbp,3
Pdap1,3
Arf5,3
Itgb3,3
Tmem214,3
Lpl,3
Ap3s1,3
Dek,3
Snrpd3,3
Eppk1,3
LOC101928405,2
Nfx1,2
Rims2,3
Dmbt1,1
Kcnma1,3
YES1P1,6
IGLJ3,6
IBD8,6
IFN1@,6
RCD1,6
TNFAIP8L2-SCNM1,3
SCARNA23,7
SNORA11D,7
SNORA16A,7
SNORA5C,7
SNORA77,7
SNORA78,7
SNORA79,7
SNORA80A,7
SNORD12C,7
SNORD14D,7
SNORD23,7
SNORD33,7
SNORD34,7
SNORD35A,7
SNORD38A,7
SNORD59A,7
SNORD60,7
SNORD62A,7
SNORD62B,7
SNORD8,7
SCARNA10,7
RBMXP1,2
LOC100131294,6
App,0
IZUMO4,2
MIR22,3
MIR144,3
MIR4732,3
MIR142,3
MIR652,3
MIR103A1,3
MIR103A2,3
MIR340,3
GAPDHP65,3
GAPDHP1,3
Asah1,9
Sub1,9
Alpl,9
Pzp,9
Anpep,9
Apoe,9
Aspn,9
LOC313641,9
Bgn,9
Prg2,9
Cd59,9
Cp,9
Col2a1,9
Col5a2,9
Col11a1,9
Epx,9
Esyt2,9
Ftl1,9
Ahsg,9
Fgg,9
Fst,9
Gpi,9
Enpep,9
Pygm,9
Cga,9
Gzma,9
Gzmk,9
Gzmm,9
Grem1,9
Dkc1,9
Hist1h2ac,9
IgG-2a,9
Igh-6,9
Jph1,9
Jph2,9
Mfge8,9
Lxn,9
Phex,9
Mdk,9
Myoc,9
Mybpc1,9
Elane,9
Pglyrp1,9
Pip4k2a,9
Pip4k2b,9
Serpinf1,9
Pf4,9
Podn,9
Pbsn,9
Plbd1,9
A1i3,9
Sfrp1,9
Serpina3c,9
Spink3,9
Tf,9
Slit2,9
Slit3,9
Thbs1,9
Btf3l4,9
Prnp,0
GAL3ST3,0
HHAT,4
PSORS1C1,4
BEST3,4
PPP1R1C,0
C18orf42,4
ENTPD8,0
NOX3,0
IGSF11,4
FOXD4L4,3
AGMO,0
GAGE10,4
GAGE12J,4
GAGE2C,4
BOLA2-SMG1P6,4
AMELY,0
GGTLC2,6
LOC100507577,3
UBALD1,0
SPINK9,0
GMNC,6
PTPLAD2,0
C7orf62,4
SFTPB,4
PXT1,4
OR5K2,4
DBX1,1
MS4A6A,0
OTOR,0
DEFB128,0
C20orf173,4
FCRL6,0
C5orf38,5
ZNF705D,4
C12orf60,2
HFE2,0
OR7D2,3
FAM180B,0
UROC1,6
CXorf51A,3
CXorf51B,3
PRR23D1,4
PRR23D2,4
OR6C1,6
C3orf56,0
RRH,0
GS1-259H13.2,0
MBD3L3,4
DEFB105A,0
DEFB105B,0
ATOH7,4
OR5AS1,4
ZNF883,4
C9orf153,4
SCGB1C2,0
OR52E6,7
ETV3L,4
OR4F3,4
OR4F16,4
OR4F29,4
C17orf98,2
DNM1P34,7
ECM2,7
LINC00523,7
RPS4XP21,2
LOC401010,2
RPL23AP53,2
MT1IP,2
LOC646644,2
LOC727896,2
LOC100129492,2
LGTN,2
YWHAEP7,2
LINC01451,2
CCDC79,2
LINC00668,3
MIR188,3
IGKV1D-12,7
IGLV1-44,7
TMEM221,0
Gnrhr,2
Gmps,4
GRX4,2
Hmbs,2
Urod,2
Cpox,2
Tmem14c,5
H4,7
Itga7,2
KRT8P3,2
MIR100,7
ADAMTS9-AS2,7
LOC102723729,6
Ephb3,0
ZDHHC11B,6
KRT19P3,2
A3GALT2,2
C1QL2,3
RPRML,0
ISPD,2
GGTA1P,7
PMS2CL,5
SMKR1,2
LINC00471,7
NEXN-AS1,2
OR8U8,2
BSX,7
XKR5,2
OR51M1,7
NKX2-6,7
URAD,0
CMAHP,0
MPTX1,0
TMEM52,2
OR4F21,0
TGM6,5
RD3L,2
MT1HL1,0
OR14C36,5
OR4N5,0
LRRC63,2
OR1C1,2
C3orf35,0
OR51F2,2
OR6X1,0
UBTFL6,5
FRG2,7
SMIM15,4
VSTM2B,7
ANKRD20A12P,7
C5orf58,7
OR56A3,6
HILS1,7
TRIM77,6
LINC01556,6
ATP2C2,0
CCDC54,7
ZNF788,0
MAGEB5,4
CNBD1,6
ZNF840P,6
OR5B3,6
TMIGD1,2
VWA5B1,6
OR2T11,6
GPR111,5
ZNF385D,7
FAM227A,2
FAM90A27P,7
LINC00173,7
OR2AJ1,7
ANGPTL5,7
Nrd1,4
KREMEN1,0
KLHDC7A,5
C16orf47,4
METTL21EP,4
HRCT1,0
Lrp8,0
OR4A16,2
KCNK12,4
Lmcd1,7
Cenpa,7
Mif4gd,7
Eid1,7
Hand2,7
Pbrm1,7
Efemp1,7
Plac8,7
Ly6a,7
Fbn1,7
Igfbp3,7
Matn2,7
Loxl1,7
Ltbp3,7
Fbln2,7
Ppib,7
Gpx3,7
Sys1,7
Mrfap1,7
Plp2,7
Tmem254b,7
Mmadhc,7
Lonrf1,7
Nfkbia,7
Dmwd,7
FAM205CP,7
OR4C15,7
OR1D2,7
OR9G1,7
PPAPDC3,0
OR4N4,7
ANKDD1B,7
CCDC160,7
C1orf194,7
ERVFC1-1,7
TTC22,7
LACTBL1,7
FOXL2NB,6
PSMG3-AS1,6
GLP2R,4
TSPEAR,4
LINC00887,4
AKR1C8P,4
LOC100653049,2
Cdk7,2
LOC392364,7
ALOX12P2,7
SMA4,7
SNORD43,7
LOC100499484-C9ORF174,7
ANP32A-IT1,7
SNORD35B,7
SERHL,7
LOC148696,7
GNAS-AS1,7
PLAC4,7
HCG27,7
LOC283335,7
LOC285696,7
C22orf34,7
TMEM238,7
HOXB-AS3,7
LOC440300,7
LOC440910,7
LINC00602,7
SPRN,7
LOC646762,7
HNRNPA1P10,7
SNORA61,7
OIP5-AS1,7
LOC729732,7
LUZP6,7
ZNF37BP,7
PP14571,7
PSORS1C3,7
KDM4A-AS1,7
LOC100133315,7
LOC100190986,7
LOC100288637,7
GNG12-AS1,7
LOC100505666,7
LOC100506990,7
SLFNL1-AS1,7
LOC100507373,7
SDCBP2-AS1,7
ZNF664-FAM101A,7
LOC100630923,7
FDPSP2,7
LINC00894,7
SERPINB9P1,7
OVCH2,3
MANSC4,3
CASC9,7
Sgtb,0
Ccdc53,3
MIR769,3
Mcl1,0
Siva1,4
Farp2,4
Commd1,4
TRIL,2
GPR75-ASB3,6
SATL1,7
Braf,3
Raf1,3
Xpc,6
Trim47,2
Trim14,2
Rnf125,2
Myd88,1
Irak1,1
MIR299,3
Rims3,4
MSMP,0
MIR30C1,3
MIR139,3
MIR324,3
MIR204,3
Bdnf,0
MIR127,3
MIR4688,3
UL45,2
Rab3,2
Rab5,2
Nsf2,2
Syn,2
EndoA,2
Synj,2
shi,2
smid,2
ninaE,2
prom,2
rdgC,2
Cyp6a2,2
Opa1,2
Cmc1,2
Bdh1,2
Ncdn,2
Ighg3,2
F8a,2
Dpysl4,2
Lgi1,2
LOC100506797,7
PIRT,8
ATP13A4,8
LINC01549,8
SLC25A34,8
LINC00299,8
OR52P1P,8
MIR216A,3
MIR3118-1,3
HTR5BP,3
LOC145837,2
ercc8,6
ACSM4,2
RPL26P32,2
FDPSP4,2
CDC14C,7
DRD5P2,3
INE1,3
SNORD80,3
SNORD58B,3
SNORD58A,3
SNORD42A,3
SNORD55,3
IGF2-AS,3
MAP6D1,3
TRABD2A,3
PTCHD1,3
LOC154449,3
LINC00964,3
NAPSB,3
IL21R-AS1,3
LBX1-AS1,3
C12orf76,3
MIR132,3
MIR152,3
MIR203A,3
MIR26B,3
MIR30A,3
MIR30B,3
MIR323A,3
MIR326,3
MIR331,3
MIR484,3
LOC642943,3
SCDP1,3
LINC00273,3
FLJ38576,3
MLLT4-AS1,3
SCARNA4,3
SCARNA11,3
SNORA7B,3
SNORA14A,3
SNORA26,3
METTL24,3
RPS15P5,3
MIR454,3
SNORD58C,3
MIR877,3
MIR190B,3
LINC00910,3
CECR5-AS1,3
HOXA-AS3,3
C17orf99,3
LINC00092,3
LOC100289511,3
LOC100294362,3
MIR1275,3
MIR1301,3
BRE-AS1,3
RNY5P1,3
MIR3187,3
MIR3677,3
IQCJ-SCHIP1,3
LOC100506548,3
MIR4634,3
MIR5010,3
RNA5SP53,3
RNA5-8SP3,3
RNA5SP103,3
RNA5SP115,3
RNA5SP117,3
RNA5SP359,3
RNA5SP452,3
LOC101928464,3
CASC18,3
LOC102724539,3
RNU3P1,3
LINC00669,2
LINC01485,0
Fbxl21,4
MIR101-2,3
FMR1-AS1,2
NKAPP1,7
LOC100128429,7
OR13C4,7
OR6C75,6
Aurka,7
LINC00452,0
CAPZA3,6
CLEC9A,3
Sh3pxd2b,9
Trim9,9
Mb21d2,9
Afap1,9
Limd1,9
Sipa1l1,9
Myo1f,9
Zc3h12c,9
Peak1,9
Ctif,9
Pigu,9
Ap3m2,9
Dolk,9
Nup35,9
Rnh1,9
Zfp622,9
Slc35b2,9
Tab2,9
Agpat3,9
Psmg2,9
Wdr12,9
Wdfy1,9
Eif4enif1,9
Ppih,9
Arhgap32,9
Gkap1,9
Ppp6r2,9
Wwc2,9
Ptrh2,9
Coro1a,2
Trim67,2
Ablim1,2
Trp53bp2,2
Tnrc6c,2
Ldb2,2
Cep63,2
Stox2,2
Ppp1r13l,2
Ppp1r13b,2
Atg4b,2
Lats1,2
Zcchc14,2
Ddah1,2
U2af1,2
Hcfc2,2
Mrpl39,2
Rnpep,2
Morn4,2
Camsap1,2
Rbsn,2
BLM10,2
PRE4,2
PRE9,2
PRE3,2
PRE10,2
PUP3,2
RPL24P4,7
Brcc3,2
DMRTC1B,6
FAM83H-AS1,4
LINC00938,4
STARD7-AS1,4
LINC00909,4
TSPEAR-AS2,4
PCOLCE-AS1,4
SAMD15,4
C11orf96,4
NUTM2A-AS1,4
FAM157A,4
DNAJC3-AS1,4
TRAM2-AS1,4
SIK3-IT1,4
ZSCAN16-AS1,4
ABCA17P,4
ADM5,4
GPR50-AS1,4
LINC00649,4
KRT43P,4
C10orf95,4
ACPT,4
KRT18P31,4
DPY19L2P3,4
LINC00537,4
LINC00086,4
GOLGA8N,4
CASP16,4
LINC00472,4
LINC01024,4
PRKCQ-AS1,4
ISM1,4
FAM229A,4
STAG3L5P,4
SCOC-AS1,4
DGCR9,4
TMCC1-AS1,4
PSMD6-AS2,4
LINC00308,4
LOC729867,4
HNRNPH1P1,4
HLA-L,4
ENPP7P4,4
TAS2R3,4
CKMT2-AS1,4
EIF3FP1,4
LINC01158,4
FAUP1,4
LRRC75B,4
LOC100996437,4
AK4P1,4
DGKZP1,4
PHKA1P1,4
SERBP1P5,4
NR2F2-AS1,4
CGB7,4
TMSB15B,4
PRKAR2A-AS1,4
TNRC18P1,4
DIRC3,4
C21orf62-AS1,4
MIR4500HG,4
LOC101927359,4
MATN1-AS1,4
SAMD5,7
HSP90AB6P,7
TRBV13,7
HTZ1,7
ECO1,2
MIR1180,3
MIR27B,3
OR10J5,0
TRIM61,4
LOC100506688,2
OR56B4,0
RPL23AP64,2
FOLR2,4
LOC613266,4
PCDHB18,0
C2orf66,3
DPPA5,2
OR6C4,0
SULT6B1,0
OR51B5,4
CRISP1,0
LOC646938,3
OR2A25,0
TPI1P2,2
OR2T2,2
KIF25,1
ACTRT3,2
PRY,2
ARL9,3
ADAM29,2
C8orf22,4
OR13A1,2
SPDYE3,6
LOC146880,4
OR1N1,1
GOLGA6L6,3
OR2T12,0
OR2A2,0
PRR25,2
VNN3,0
HSD17B1P1,0
HOXA6,2
GAS8-AS1,2
OR7E24,2
POTEH,3
PMS2P5,5
OR51V1,0
NKX6-2,3
OR6N1,0
XKRY2,4
PRIMA1,2
OR6A2,0
OR10G2,0
RBMY1B,2
REG3G,2
FCGR1C,0
PRSS27,1
ZNF799,2
EPHX3,1
GPR65,2
TMEM151A,0
RPSAP52,1
MAS1L,7
TAS2R20,2
GPER1,6
Cbr1,2
Gstm7,2
Abat,2
Got1,2
Pdxk,2
Dbi,2
Arf3,2
Nefh,2
Prss1,2
Nrgn,2
Nefm,2
Scrn1,2
BC048507,2
Ppp3r1,2
Plp1,2
Krt6a,2
Pcp2,2
Noa1,2
Mt3,2
Tomm20,5
MRGPRE,0
LRRC3C,0
MIR378A,3
ACTA2-AS1,4
MIR302A,3
Utp18,7
Kifap3,7
Nop16,7
Gtf2f1,7
Krr1,7
Ccdc124,7
Polrmt,2
Gnl2,7
Kif9,2
Fastkd2,7
Yars,7
Syt4,7
Dcaf13,7
Imp3,4
Lsm1,7
OR51B2,2
AIRN,2
chk1,3
Psmb9,2
gtf3a,2
lap,9
Hip1,9
MIC19,9
ALR1,9
APM4,9
BOI1,9
BUD2,9
BUD3,9
CRP1,9
CSR2,9
EFR3,9
GIN4,9
GPA1,9
IST2,9
MDG1,9
OSH2,9
OSH3,9
PAM1,9
RAS1,9
RHO2,9
ROM2,9
SKG3,9
SLM1,9
SLM2,9
TCB1,9
TCB3,9
YBL086C,9
YCK1,9
YCK2,9
YPL199C,9
YPT10,9
APL4,1
APL5,1
SNORA24,7
SNORA75,7
SNORA64,7
GAB4,3
Ccdc88c,3
Tnfrsf4,2
PRH2,7
SNORD19B,7
Kcna3,3
Ube2d2a,0
MYRFL,1
PRSS58,1
PRSS41,7
Bnip2,3
Spag9,3
Rnf31,2
LINC00339,7
LINC01268,7
GUSBP4,7
PSMA3-AS1,7
LOC728743,7
LINC00847,7
LOC100129917,7
LOC100287015,7
SH3BP5-AS1,7
TTN-AS1,7
K3L,7
POM121B,3
TMEM251,0
RHPN2P1,1
IGHV4-4,2
IGHV1OR15-1,7
IFNK,2
Ankrd13a,2
Ubxn1,2
Txn2,2
Scaf4,2
Gypa,2
Hbb-bh1,2
N4bp2l2,2
LOC100507855,5
asna1,2
Bms1,6
Slc25a51,6
Scube1,6
Ubxn2b,7
bam,3
roq,3
Ift20,3
Inpp5e,3
Fpr2,2
MIR1236,6
ATP13A5,6
Zap70,6
OR6S1,7
IGHV3-73,7
LOC101929977,4
LOC100130075,6
Sec61beta,7
HOXC-AS3,7
IZUMO3,2
LINC01553,2
IGHV3-66,6
Ikbke,9
Dhx16,9
Dhx8,9
CALHM1,2
PRY1,0
HCG11,2
suc1,2
Cp190,7
LCA10,6
HHV8_gs01,7
UL145,2
gish,6
GOLGA6L1,6
FAM20A,2
AKR1E2,2
MRO,2
RFX8,2
OR8G1,2
OR10A5,2
GRXCR2,2
FAM47C,2
ORAI3,0
PRAMEF25,5
PDZK1P2,5
Pcp4,9
Hsc70-ps1,9
PDE11A,5
Jade2,7
Aox1,7
Otud3,7
Gpbp1l1,7
Ube2s,7
Slco4c1,7
Nr2c2,7
Foxk1,7
Tmem125,7
Lama5,7
Cep164,7
Cadm1,7
Cbfa2t2,7
FAM182A,6
GAFA3,7
IGHD6-19,7
LINC00336,7
USP17L23,7
Cd9,7
cdc27,3
Nadk,2
Bag5,2
Plrg1,2
Ifitm3,2
Rprd1a,2
Chic2,2
Rpia,2
Cdc37l1,2
Ctsg,2
Itm2b,4
Ifitm2,4
Fcgr1,4
Efcab14,4
Pnpla2,4
LINC00239,2
E3L,7
CLUHP3,3
OR1D5,0
MSANTD1,6
FGFBP3,0
IGHV3-53,0
Rdh13,9
Park7,9
Ccdc47,9
Scaper,9
Ctu2,9
Dchs1,9
Nup153,9
Hjurp,9
Utrn,9
P4ha1,9
Arid2,9
Farp1,9
Trps1,9
Zc3h18,9
Bsg,9
Dpm1,9
Yme1l1,9
Fth1,9
Emb,9
Ccnf,9
Rhox5,9
Stom,9
Rpl37a,9
Rpl22,9
Irs2,9
Arvcf,9
Lbr,9
Pes1,9
Bcap31,9
Insm1,9
Kif24,9
Clpx,9
Lrpprc,9
Mybbp1a,9
Rpap1,9
Srrm2,9
Cpsf7,9
N4bp3,9
Smc2,9
Gnl3,9
Afg3l2,9
Aldh1l2,9
Pom121,9
Rfc3,9
Gpn1,9
Cbr4,9
Abcf2,9
Rps21,9
Cep97,9
Shmt2,9
Kti12,9
Rpl34,9
Ebna1bp2,9
Alg2,9
Dnajb2,9
Rbpms,9
Adnp,9
Aldh18a1,9
Tfg,9
Nfs1,9
Nub1,9
Hmgb1,9
Thop1,9
Cebpz,9
Stt3b,9
Mrps35,9
Gtpbp6,9
Pdia4,9
Aldh16a1,9
Csrp2,9
Xpot,9
Rpl36a,9
Zmym4,9
Mdn1,9
Ppig,9
Cpsf3l,9
Nasp,9
Nup205,9
Arl6ip4,9
Glyr1,9
Acacb,9
Tex30,9
Mest,9
Eif2b2,9
Msto1,9
Tcea1,9
Atl3,9
Pigk,9
Urb2,9
Ddx47,9
Pds5b,9
Shmt1,9
Prim1,9
Emc8,9
Atox1,9
Gclm,9
Hsd17b12,9
Gcat,9
Rpl27a,9
Slc2a2,9
Slc2a1,9
Bcat1,9
Prkcd,9
Wars,9
Rab21,9
Por,9
Tkt,9
Eci1,9
Pura,9
Msh2,9
Adss,9
Gsr,9
Mcm5,9
Ahcy,9
Hsd17b4,9
Slc16a1,9
Slc16a3,9
Smpdl3b,9
Abce1,9
Rpl32,9
Rp9,9
Nsun2,9
Mrpl10,9
Hp1bp3,9
Hbs1l,9
H2-K1,9
Nlrp4c,9
Trip13,9
Xpnpep1,9
Nom1,9
Trmt10c,9
Arglu1,9
Tars2,9
Srek1ip1,9
Ttf2,9
Parl,9
Myl6,9
Hells,9
Hars,9
Fkbp10,9
Ssr4,9
Cstb,9
Map2k2,9
Rftn1,9
Islr,9
Pdcd11,9
Dhx37,9
Uggt1,9
Ddx51,9
Rps9,9
Rpl10,9
Rps27l,9
Rpl17,9
Try10,9
Fam185a,9
Ube3c,9
Dhx33,9
Mrps26,9
Pcid2,9
Psmd11,9
Echs1,9
Dcakd,9
Noc4l,9
Ahsa1,9
Mrps27,9
Srp68,9
Eif1a,9
Qars,9
Rassf2,9
Mrpl22,9
Nob1,9
Lmf2,9
Kntc1,9
Mina,9
Ttc27,9
Akr7a5,9
Tfb1m,9
Ipo11,9
Mrpl47,9
Cbr3,9
Mepce,9
Ahsa2,9
Sec63,9
Impa2,9
Lpcat3,9
Tbrg4,9
Mettl13,9
Ugp2,9
Scpep1,9
Fdps,9
Fads1,9
Sf3b3,9
Thumpd1,9
Mpst,9
Nampt,9
Ptdss1,9
2310033P09Rik,9
Ddx50,9
Pccb,9
Hsd17b10,9
Mrps5,9
Mrpl16,9
Mrpl9,9
Mrpl15,9
Lap3,9
Mrps17,9
Rpl21,9
Mri1,9
Mrps24,9
Bccip,9
Atic,9
Tecr,9
Ola1,9
Psmg3,9
Acsl3,9
Mpc2,9
Mtpap,9
Dimt1,9
Nkap,9
Mrps30,9
Ddx56,9
Mrps25,9
Mrpl28,9
Sec13,9
Mrpl21,9
Rtca,9
Mrps9,9
Mrpl12,9
Alg5,9
Srpr,9
Brix1,9
Cyb5r3,9
Erap1,9
Mrpl46,9
Slc1a5,9
Isyna1,9
Mrps34,9
Aldh9a1,9
Arpc3,9
Drg2,9
Slc25a10,9
Plod3,9
Galk1,9
Ak2,9
Rfc2,9
Coro1b,9
Vars,9
Stk39,9
Letm1,9
Slc25a20,9
FAM205A,3
C15orf62,3
TMEM61,2
LINC00696,3
cul2,2
vcp,2
nploc4,2
ufd1l,2
LOC400043,6
UL84,7
LOC100506562,6
ACF,7
MCTS2P,7
FAM103A2P,7
ASF1,2
OR1G1,6
SPECC1L-ADORA2A,2
ARL2-SNX15,2
CDRT1,2
IGHV4-39,0
ISC10,2
ZNF781,2
ZNF75D,2
ZNF780B,2
COPD,0
ZNF286B,3
chek2,6
CT62,7
MIAT,7
IGHV1-24,0
LOC100129924,1
SNC1,0
SEC9,0
Phc2,7
BCYRN1,6
US34A,6
ZMIZ1-AS1,7
RNF223,3
OXGR1,7
HOXA11-AS,6
IGKV3-11,0
NAS2,2
SLF1,7
LINC01537,2
Ptp4a2,0
Try5,0
Plaa,2
cdk1-b,7
ARVD4,0
IQCJ,7
Kcnh1,7
LINC00629,6
SIGLEC15,0
RAET1G,0
SATB1-AS1,5
MRGPRG,2
OR4K14,0
PLK5,2
KCNH6,6
SPATA31D4,6
GPR63,6
LOC649305,2
CYTL1,2
IGHV5-51,2
XKR7,2
NPIPB11,2
HNP1,0
Aldh1l1,0
Pygl,0
Pcx,0
NPIPA3,4
MUC6,0
AQP4-AS1,2
CHRFAM7A,2
CLCNKB,2
DAZ3,2
DAZ4,2
IGLV4-3,2
LOC494141,2
LOC541473,2
LOC641367,2
DEFB119,2
HAND2-AS1,2
OR7E91P,2
Myh6,9
LOC100911597,9
Rnf207,9
Xirp1,9
Nexn,9
Xirp2,9
Myl2,9
Myl3,9
Tnnt2,9
Myh14,9
Svil,9
Ppm1b,9
Tmod1,9
LOC498555,9
Ppp1r12a,9
Flii,9
Tnnc1,9
Myl6l,9
Lmod2,9
Tnni3,9
Rps18,9
Mybpc3,9
Clns1a,9
Myl4,9
Myoz2,9
Prpsap1,9
Tnni1,9
Rps19,9
Slmap,9
Mb,9
Myl9,9
Prpsap2,9
Mlip,9
Cdh13,9
Hnrpd,9
Alb,9
Eif2s2,9
Myl7,9
Nebl,9
LOC100362640,9
LOC100912032,9
Coro6,9
Rpl12,9
Ppp1r12b,9
Glipr2,9
Atp5i,9
Rps13,9
Synpo2,9
Dusp27,9
Kb15,9
Fbxo30,9
Gyg1,9
Serpine1,9
Rps3a,9
Synpo2l,9
LOC688869,9
Epb4.1,9
Synm,9
Hist1h4b,9
Rbmxrtl,9
LOC100360057,9
Hba1,9
Nrap,9
Rpl5,9
Vnn1,9
Specc1l,9
Limch1,9
Rai14,9
Nt5e,9
Hist1h2aa,9
Pacsin3,9
Hbb,9
Myzap,9
Ldb3,9
Synpo,9
Lyar,9
Spta1,9
Eif2s3y,9
RGD1304704,9
Col18a1,9
Rpl30,9
Pdlim3,9
Ltv1,9
Chmp4bl1,9
Eny2,9
Mphosph6,9
Amd1,9
Cisd1,9
Snrpf,9
Hspb7,9
Rps5,9
Uqcrh,9
Rps29,9
Ttr,9
Lamc2,9
RGD1308106,9
Cd99,9
Myl1,9
Banf1,9
Prps2,9
Hrc,9
Gpc1,9
Cacna2d1,9
Skp1,9
Akap2,9
Kctd2,9
H3f3b,9
Fhl2,9
Srl,9
Uqcc2,9
LOC728024,7
RPS27P17,7
PPIAL4D,7
IGLV2-11,4
ATG21,3
FPGT-TNNI3K,6
MCHR1,3
DLEU7,3
PfRh5,0
TRAV38-2DV8,0
Clec16a,4
LINC00083,0
Hspg2,2
Cmtm3,2
Usp50,7
Tnk2,7
RPN14,9
LOC338667,2
RRN3P1,6
OVOS,6
FSCB,6
OR10K1,6
CROCCP3,6
IGHV5-10-1,3
C4B_2,3
IGKV1D-16,3
CT47A1,3
HTA2,2
Emx2,7
Emx1,7
Gria4,0
MIR196B,3
Satb2,6
PKD1P6,6
tfiis,2
Tom1,9
Tom1l2,9
Mum1l1,3
Ppil1,3
Rars,3
Cdipt,3
Sec23a,3
Arpc2,3
SNORD63,7
SCARNA20,7
KIR2DL5A,0
MFRP,4
Kmt2a,6
ZNF355P,2
GOLGA8IP,2
GOLGA8Q,2
RBMY1D,2
ANKRD20A8P,5
chd7,6
snai2,6
sema3fa,6
sox2,6
runx2a,6
vim,6
fn1a,6
fbn2b,6
pdgfab,6
rhobtb2a,6
itga6b,6
arpc1a,6
igf2bp3,6
LOC101060621,4
LOC100508781,4
MIR181A1HG,4
FAM106A,4
Grin1,4
LCN10,5
SPATA45,0
GPR153,3
LRRC19,6
TMSB4XP4,7
ORF1a,0
DBET,7
LINC00113,7
FZO1,3
CD163L1,2
MIR5193,4
CCDC182,0
TTC24,6
TMEM150B,2
KCNS1,2
TCEB3CL,6
C4orf51,7
OR10G7,2
OR10G8,2
OR5AR1,7
C8orf88,7
OR13D1,7
HDGFL1,2
IGKV3OR2-268,2
IGLV3-10,2
IGLV3-9,2
DPPA2P2,2
DHFRP1,2
OR10V1,2
Cacng5,0
LINC01270,6
MIR130A,2
eag,4
KBTBD11-OT1,3
QRFP,3
LOC284023,3
MIR1469,3
SLC25A45,3
IGLV2-23,6
ASH1L-AS1,2
ZNF208,2
ZNF728,2
ZNF98,2
ZNF681,2
Hectd3,7
MIR205HG,6
IL20RB-AS1,6
C12orf56,0
MIR3622B,0
SNRPGP7,0
LINC01197,2
ZNF705A,2
WDR93,2
OR6C6,6
INAFM2,2
LOC388849,2
RHOXF2B,0
IGKJ2,0
IGHJ5,0
IGHD1-26,0
IGKJ1,0
IGKJ5,0
IGHJ4,0
Gbeta13F,2
Gyc76C,2
Ggamma30A,2
Gbeta76C,2
MIR525,4
PROB1,7
C16orf82,2
OR52E2,3
OR8B3,7
FCRLB,0
GFY,2
ZNF222,5
MIR192,6
Slc15a4,2
SEMA5A,2
SH3TC2,2
BTBD19,2
OR4C6,2
ZNF853,2
VN1R3,2
MUC22,2
NME9,2
SPATA31A5,2
PRODH2,2
OR4M1,2
C17orf77,2
ZNF826P,2
LOC101928108,2
ORF E6,6
HpV4gp1,6
Recql,7
TOA1,7
SWI1,7
SNF2,7
SNF5,7
SNF6,7
CDIPT-AS1,2
HpV4gp2,3
KIAA1755,7
GPX5,3
HRH4,2
VCX3A,2
LRRC30,2
CAPN14,2
C12orf71,4
PRORY,2
ERVK-5,2
OR2J1,2
TTLL8,0
MARCH11,0
Lsr,7
UBL7-AS1,6
LOC100506085,6
LINC01001,6
MMP25-AS1,6
TMEM254-AS1,6
PAX8-AS1,6
LINC00664,6
FGD5-AS1,6
LOXL1-AS1,6
MAP3K14-AS1,6
LINC00957,6
LINC01123,6
NRSN2-AS1,6
NUTM2B-AS1,6
THAP9-AS1,6
SNHG17,6
PCSK2,3
C5orf63,3
LOC100132015,3
KIF28P,3
OR51A2,3
C10orf32-ASMT,3
IGKV1-9,3
TRBV10-2,3
IGKV3D-15,3
NPY6R,6
Su(dx),4
Abi2,9
Actr3b,9
Ampd2,9
Anp32a,9
Anxa7,9
RGD1309903,9
Cadps,9
Calb2,9
Cpne6,9
Dnajc6,9
Dos,9
Dpysl3,9
Fmnl2,9
Gad1,9
Gda,9
Gdi1,9
Hprt1,9
Irgq,9
Kif5c,9
Lancl2,9
LOC100359593,9
LOC100912815,9
Mars,9
Mgea5,9
Mtpn,9
Napg,9
Ndrg4,9
Necab2,9
Nrbp2,9
Osbp,9
Osbpl11,9
Pdcd5,9
Pgm2l1,9
Phyhip,9
Plcb1,9
Ppp1r9b,9
Ppp4r1,9
Rab3c,9
Rab4b,9
Rnmt,9
Scamp3,9
Shroom2,9
Sms,9
Snap91,9
Sptbn2,9
Stx12,9
Sv2b,9
Tbc1d10b,9
Tollip,9
Unc13a,9
SNHG10,2
HLA-F-AS1,2
LOC285692,2
LINC01192,2
LOC101927314,2
LOC101927501,2
SNORD86,2
SNORD57,2
SNORD56,2
LOC101929709,2
EVX1-AS,2
LOC101927057,2
LOC100507642,2
LINC01132,2
LOC729254,2
LOC100505715,2
LINC00904,2
LOC349160,2
CCDC39-AS1,2
LINC-PINT,2
LOC101928509,2
LINC00877,2
ITGB2-AS1,2
LINC00506,2
LINC01584,2
LOC100506175,2
LOC102724776,2
LOC100507547,2
PCYT1B-AS1,2
LOC102724307,2
Evc,6
Evc2,6
Gli1,6
LOC339529,2
TNFSF4,0
GPR87,2
EEF1A1P4,4
UBE2L5P,2
OR6C3,7
LINC00261,6
Aim2,4
WEE2,4
DHRS7C,0
LINC00205,7
MEIS3P1,7
LINC00702,7
T05H10.1,9
math-33,9
LRRC75A,2
FAM174B,7
WSCD2,7
EFCAB9,3
GPR68,0
TAS2R4,0
DEPDC4,6
IFNL4,7
OR8B4,0
ADAMDEC1,2
ANHX,0
PGLYRP4,7
OR9K2,3
FAM183A,0
GPR75,3
NPIPB9,3
OR4C13,3
PTCHD4,7
FABP9,3
FAM181B,2
GABRR3,0
KCNT1,6
GOLGA8H,6
OR2G3,2
MTRNR2L10,6
SPINT4,2
OR4K13,7
TMEM191B,7
SH2D7,0
ANKRD63,3
FAM90A24P,1
FAM90A14P,1
FAM90A13P,1
FAM90A15P,1
FAM90A23P,1
FAM90A12P,1
FAM90A22P,1
FAM90A9P,1
FAM90A7P,1
FAM90A8P,1
FAM90A20P,1
FAM90A10P,1
MIR646HG,4
FAM132A,2
CYP26C1,2
NBPF7,2
SCART1,0
ACCSL,0
TSTD1,0
MRGPRX2,0
SSX8,0
TRBV18,7
LINC00633,2
OR4S1,0
ANKFN1,2
CXorf49,0
POTEB,0
OR2J3,0
CMPK2,0
RIMBP3B,0
TIFAB,0
OR4K2,0
CCDC42B,0
LOC344967,0
IGKV3-7,5
IGKV3D-11,5
IGLV8-61,5
IGHV4-28,0
IGHV3-9,0
IGHV2-70,0
IGLV4-69,2
IGLV3-1,2
DLL4,3
LINC00301,0
ERVK-9,0
IBA57-AS1,2
MIR126,3
LOC728819,0
SLC35G6,0
C3orf79,0
TMEM217,0
MIR760,5
LINC00313,7
A26L,6
D5R,3
F10L,2
F6L,0
I6L,7
CACNA2D3-AS1,7
SCARNA15,7
LOC102724015,7
ESRG,7
B15R,2
D1R,2
A24R,2
F13L,2
J6R,2
D8L,2
C14orf132,2
IGHV3-38,4
CNGA2,2
WWC2-AS2,2
ZNF723P,7
IRC4,0
MAK3,0
YJL028W,0
ARC19,0
COX6,0
KRTAP10-12,0
Tyrp1,1
LOC339685,4
LOC554174,4
HpV4gp6,3
IGKV1-6,7
IGKV1D-37,7
Mir135a-1,3
ARF1P1,2
RHEBP1,2
RPL7AP10,2
RPS26P47,2
VDAC1P5,2
MIR383,3
TRPM2-AS,3
MIR497,3
MIR544A,3
MIR6835,3
LINC00707,3
MIR370,3
MNX1-AS1,0
IQCH-AS1,0
GUSBP11,3
LOC389831,3
PCBP1-AS1,3
IGLL3P,3
LOC339352,3
LOC389908,3
TMEM198,3
LOC285812,3
LOC286059,3
C11orf95,3
LOC283454,3
LOC285442,3
LOC389765,3
ALG1L9P,3
ADPRM,3
FAM86GP,3
FAM86EP,3
ARMC10P1,3
LOC148430,3
SNORD52,3
LOC441454,3
ANXA2P1,3
LRRC26,3
OR7E156P,3
DSPA2D,3
OR7E104P,3
LYRM9,3
RPS10P29,3
OR7E31P,3
OR4K15,6
MIR676,3
Acap2,9
Nqo1,9
Tpo,9
Rab12,9
Ddx46,9
ZP1,2
OR11A1,2
SNHG20,3
MIR150,3
MIR638,3
PART1,3
Dbp,3
MIR424,3
MIR582,3
MIR410,3
MIR409,3
ROR1-AS1,3
SNHG14,3
LINC01138,3
INAFM1,3
NAPA-AS1,3
TRAF3IP2-AS1,3
LINC01122,3
LINC01534,3
PRSS36,3
YME1,5
