vertex,partition
21986,2
8009,5
2238,2
1064,2
67,2
2756,7
5876,2
9808,3
23493,0
8,2
68,2
8058,9
7911,3
109,2
20944,2
729,6
17,4
23492,0
1969,9
129,6
5663,2
433,6
732,2
8722,6
422,2
667,3
23504,0
4145,2
4232,3
3347,7
14033,0
10755,7
23508,0
23536,0
8752,7
8824,6
8129,3
100,0
18819,7
23491,0
2820,7
6289,6
23502,0
151,2
3700,2
7905,0
8292,7
798,2
509,3
15683,6
146,8
458,2
388,3
1056,2
2843,7
23510,0
299,6
2921,2
273,9
4277,7
5730,7
4858,7
551,0
549,7
2684,7
21073,0
6092,7
12101,2
11206,2
4629,6
2761,6
3810,2
23,6
71,3
760,2
19807,0
74,0
4720,7
4229,0
3406,7
216,0
426,0
8411,2
9567,3
2818,7
6986,7
6453,6
1670,3
3239,7
5948,7
39,6
937,7
309,0
1459,3
203,3
276,6
4380,7
3817,6
658,2
3505,3
2306,4
2796,6
4829,7
199,3
8698,7
23503,2
11318,7
2145,7
3120,3
8265,2
3858,3
4716,3
797,2
21041,7
60,2
2716,2
3326,2
23631,0
3797,7
3618,2
7048,7
3670,7
2789,2
4178,7
5101,5
3863,7
1390,2
3085,7
3189,7
772,0
2852,3
3438,7
8243,7
23507,6
54,2
8506,7
1531,7
477,7
5050,7
180,7
13958,7
875,7
2630,2
8193,6
3641,7
24307,3
345,6
3989,7
8815,6
7069,0
236,6
7,6
1509,2
1798,7
859,7
774,2
2799,2
2559,2
807,7
3679,0
9037,7
352,0
3664,6
8636,7
1005,7
3383,7
6904,7
23498,2
23509,0
736,6
3300,0
961,6
842,7
8355,7
3125,0
1394,7
496,5
8128,2
1792,7
968,0
3579,7
6827,7
908,3
177,5
3657,7
3843,3
19612,2
2782,0
910,2
2936,0
2510,0
308,0
1720,0
3628,7
2866,2
5685,7
2949,4
3895,2
1552,6
3783,6
1408,2
2836,7
4659,2
14926,5
23497,3
3788,7
6273,0
8264,7
501,2
6201,0
3637,7
77,2
816,4
5195,7
8574,7
2955,2
7880,7
3496,7
1049,7
1490,7
182,7
3514,5
21961,7
291,7
4992,6
245,7
3681,7
880,7
2616,7
3811,0
7254,7
5888,7
23499,3
23501,3
954,3
2394,7
3206,7
5743,2
122,2
5280,7
29,2
5319,0
3913,2
3740,9
2891,7
3813,6
5049,2
5858,7
23500,2
2244,2
82,2
2801,2
6378,0
1011,2
440,0
2745,2
5010,2
6712,0
4424,2
1648,7
3202,7
5689,7
9566,0
1016,7
6473,0
11972,6
2733,2
3387,2
5843,7
6647,0
1363,0
3323,6
3948,2
2272,2
8065,7
343,7
356,0
1115,2
3483,5
3007,9
4359,6
2273,4
3161,5
934,7
145,3
293,0
423,0
169,6
3999,2
8931,7
2157,7
23511,5
5231,2
4283,2
1362,6
6390,7
1638,7
3834,7
9616,7
1917,2
3123,7
13997,7
2819,7
9431,7
9946,2
1987,7
9270,7
9324,6
17727,4
5033,6
9641,7
11809,0
3736,2
3268,7
773,0
8992,7
3329,2
9894,7
2297,2
5192,7
11385,7
111,2
4054,7
3188,7
5612,7
3184,3
5925,7
3057,7
530,7
1649,7
3040,2
3118,7
2152,2
6337,0
5351,0
3222,5
8173,0
23512,0
3930,7
720,7
2841,7
3645,7
11548,7
3012,7
4487,6
23494,2
3815,6
9637,7
1577,3
2428,6
5302,0
434,4
560,6
2283,2
2193,6
2965,2
4769,7
3024,2
3929,5
217,0
5130,7
18512,0
5898,6
911,2
11172,7
7978,0
23506,2
597,7
133,0
6547,0
1361,6
2369,7
4124,6
5717,6
7258,2
6086,7
8700,7
3264,0
4695,0
476,7
502,0
3982,2
5803,2
8360,7
6583,5
3684,7
5519,7
1057,2
4820,0
10038,0
3167,7
7682,2
2822,6
10531,7
12178,2
3751,6
5671,0
7265,2
2899,2
5032,6
2898,6
5956,0
6119,6
8164,7
2981,5
787,3
2189,0
4185,0
4986,7
23505,3
607,7
1745,7
2880,0
3296,7
5915,2
446,7
645,0
4675,2
3424,2
3777,2
2815,7
15806,2
8683,6
1501,3
3466,2
8792,2
3219,2
9639,2
11038,6
1404,4
7814,0
6751,2
7472,7
3489,7
3535,7
5605,7
5954,0
3472,0
5187,7
8180,2
10548,7
615,6
7259,2
22022,0
2845,7
6532,5
2408,7
2642,0
5300,0
11681,0
427,0
8410,5
3231,7
3156,2
13888,2
1012,2
1299,2
2442,6
475,2
1445,2
9620,7
83,4
9,6
154,6
445,7
2339,7
2830,7
10406,7
1831,4
6829,3
11126,7
118,6
627,3
10063,7
752,2
238,6
5630,7
5591,5
5690,7
3020,2
3980,7
4300,7
24849,2
3004,3
4137,0
4370,0
4920,7
8620,7
13134,0
255,2
389,7
1524,4
2906,2
9713,6
2821,6
1425,7
2216,7
8282,7
6724,3
2202,7
3338,7
3912,2
6280,2
10303,5
3289,7
3422,7
5197,2
1950,7
3764,6
3144,7
4801,7
1876,7
2979,7
107,6
3232,0
3946,2
4518,0
8160,2
187,5
266,3
3559,7
5535,7
8599,1
14341,0
8575,7
1858,2
3827,7
5639,7
15597,7
23533,0
3662,7
727,2
3485,7
1647,2
19551,0
337,0
3475,7
4111,7
8274,7
747,2
1689,2
3758,2
2998,7
6152,7
3638,7
4418,5
5003,0
9026,2
10472,4
548,2
7815,2
857,7
1381,4
2894,7
5798,0
6830,2
1753,7
3238,2
685,3
3784,6
2903,7
9750,6
10013,7
3070,7
5601,5
119,6
3707,6
3779,6
2028,2
2824,6
4008,6
4298,2
4039,6
9689,7
89,6
3585,0
3636,7
2946,7
3698,7
10002,7
10375,7
2937,2
2974,0
192,2
1756,2
2076,2
3288,7
8461,5
9674,2
214,2
2840,3
3987,2
869,7
4903,5
8537,7
181,2
210,2
626,3
7689,2
9680,7
4393,7
2710,7
6235,7
15615,0
371,5
2833,7
3543,7
3653,5
664,3
159,4
449,2
4879,7
12709,0
13437,2
666,7
3256,0
3299,7
6639,3
731,2
2654,7
4048,0
3924,3
5897,0
7074,0
883,7
3065,3
10060,0
6889,4
8487,6
9287,2
4389,0
9591,7
11322,2
3033,4
3608,7
3642,3
3909,6
8717,7
614,6
953,2
340,2
1017,2
1549,1
5772,2
6424,7
718,7
1772,2
2932,7
4292,2
8246,7
12048,2
225,7
5366,0
7064,2
1949,2
4498,6
5602,0
10376,7
10121,2
354,0
1466,7
5146,2
11112,0
713,2
6533,2
289,2
357,2
819,7
3017,2
8919,7
1586,3
62,2
437,2
6987,0
9738,6
2186,7
3516,0
7245,0
2183,2
11111,0
11975,0
24690,0
306,2
5629,7
464,7
2835,7
3990,2
5613,5
6369,3
7708,0
212,3
413,2
1913,3
4586,2
8570,7
130,6
405,6
5713,0
9688,7
12656,7
26,7
2025,7
3396,2
4468,0
24861,0
5299,2
6570,2
10078,0
1972,6
3439,6
3461,2
5961,7
14012,6
689,2
5337,2
13252,2
583,4
281,7
3037,2
3598,0
10484,2
158,4
2814,7
3143,6
4666,5
5356,5
6115,0
256,6
474,7
6185,2
15684,6
599,4
1766,2
1922,0
2327,2
2695,2
3694,2
8517,5
22010,3
1966,2
3499,5
3939,2
5394,7
6871,7
1816,2
11031,7
970,0
2767,6
3807,6
10772,7
2378,0
3176,2
4036,2
3080,5
4525,2
8076,0
16392,4
5887,7
98,0
1454,4
1786,2
1846,2
5158,6
6157,7
1533,4
2122,2
2250,7
3805,6
7723,7
9438,6
190,7
6781,7
21698,2
500,2
2027,7
2114,6
4758,7
15281,0
962,3
1600,0
8179,3
1951,7
3083,0
6159,6
9302,2
3273,7
12216,7
213,3
2266,2
4105,6
4191,7
88,6
10050,5
12464,7
2666,0
2856,2
3022,0
3633,2
3508,7
10247,2
2493,0
701,7
2755,3
3242,7
383,7
7721,2
2221,2
3049,2
3655,3
4942,0
6527,0
7144,2
12921,7
1662,3
4186,7
11689,0
11823,0
20239,0
179,2
620,7
1813,7
8279,7
14431,0
3270,7
9051,0
10255,7
13130,2
866,7
3281,7
1391,2
7175,0
5580,7
10951,3
2797,3
3479,5
5183,6
8725,2
9993,2
385,7
1119,7
4910,6
8199,7
1030,2
3325,2
4062,7
10313,5
809,0
3423,0
5793,1
17224,5
1948,7
8443,7
11190,0
30,7
2367,5
3697,2
3837,0
5440,2
12425,7
18956,0
2348,0
3972,4
5700,7
2365,7
3180,7
3330,0
3824,6
10049,5
745,6
2055,7
3408,7
4983,0
11708,0
16395,4
737,7
2324,7
3088,2
4205,0
3767,3
6626,2
2884,2
10428,0
3333,0
4454,7
258,6
4297,2
13618,5
193,2
817,0
2656,2
2862,7
3011,7
3510,5
4610,6
5331,2
8492,5
11098,7
12778,7
3343,6
743,2
3648,6
8997,7
10287,5
13065,3
1357,0
2205,3
8231,5
8956,7
10256,7
15439,7
1092,5
1452,7
1711,4
1872,7
3327,7
3836,0
8373,7
459,6
3136,0
3588,7
4345,2
3594,7
4087,6
17249,2
215,2
828,7
7720,2
208,7
3361,7
4731,0
14427,2
131,7
1682,2
2120,7
2865,6
7016,0
14307,0
1431,4
2568,2
2945,6
4509,7
5087,7
8035,0
15668,5
19444,9
70,2
300,4
8892,0
9010,2
4343,4
5720,7
6055,3
9300,7
9570,6
13289,5
15895,2
8387,3
8462,2
8512,7
15542,0
824,7
3342,2
3470,7
7569,2
504,6
1580,6
2876,2
11891,0
14351,0
534,2
702,7
2963,5
5588,5
8712,7
4994,6
8757,7
15501,0
16657,0
94,2
2956,5
3350,0
3498,7
3625,0
3671,0
5552,3
8586,6
3709,3
4391,2
2226,0
5868,7
10571,7
12036,0
851,4
2929,7
3741,6
5637,5
24867,0
125,2
1456,4
3107,0
7736,7
10420,0
647,7
822,4
3341,7
3181,7
3593,6
8375,5
8502,2
211,7
974,7
1701,2
6383,0
7696,7
8674,7
9052,5
10530,7
2798,6
2825,6
2923,7
3427,7
3973,2
4683,7
124,0
227,0
348,2
703,7
1906,2
2837,2
3531,2
3649,6
9039,2
4618,3
515,3
1881,7
3841,0
4003,0
4009,6
11709,3
12366,2
16538,7
156,6
3520,7
16,2
141,0
766,2
1801,2
2262,3
2982,2
4600,0
5156,6
6677,0
10044,0
3597,5
3651,6
5312,5
10647,3
86,2
137,0
1353,0
2474,5
2703,6
2990,7
9691,5
1505,3
3336,7
5047,2
9015,7
2681,2
2996,2
3357,3
3467,5
3832,2
4353,2
5200,6
8713,2
9101,0
2056,7
2346,7
2872,7
9044,0
58,4
1494,4
3708,3
7741,2
8437,7
10341,5
15302,0
1142,6
2115,7
4373,6
17946,2
674,6
2957,7
3002,2
3449,7
5354,7
10343,5
432,4
3127,7
3460,7
3582,2
5372,6
8367,0
10006,2
20327,0
1936,6
3647,6
3796,6
6229,0
8600,5
9748,7
10000,0
10216,0
10355,5
498,6
13406,5
97,0
139,3
714,0
985,6
4098,7
4934,2
2108,7
3565,7
8714,5
769,2
2377,0
3149,2
3417,0
3812,2
4701,2
5201,6
6894,1
8429,6
8805,5
13892,0
18352,0
592,6
1820,2
3097,0
3749,6
6760,7
7937,7
11832,7
303,2
4038,2
9932,7
2717,6
2764,2
3334,2
3870,0
5030,3
8490,5
11105,0
659,6
1460,4
3584,0
14325,3
1882,0
2132,7
2209,5
4869,0
9745,7
3087,2
4437,2
5937,0
7715,6
12659,5
1610,0
1908,0
3183,7
4375,5
418,6
532,2
3497,6
8167,0
13303,0
788,4
2934,7
3380,5
3634,6
3699,5
4223,3
7760,0
18928,0
372,7
3305,6
3952,2
4593,3
6851,7
682,2
6186,2
6522,4
186,7
420,6
840,2
907,2
1499,6
2802,2
2854,2
2968,7
4628,6
5352,2
8396,3
9592,6
10383,5
11163,7
23495,5
55,6
2857,2
2868,0
3577,7
3604,0
3820,1
3902,6
4284,6
6137,2
9486,7
686,0
3558,2
3609,7
10478,7
15742,5
6368,0
11998,2
2366,3
2823,6
2848,2
5478,3
36,6
632,2
2492,7
6804,2
17268,0
1903,3
2783,2
3001,7
3192,0
3560,7
7965,2
23698,0
174,0
220,0
1061,6
2069,7
2264,2
8082,3
8729,7
8811,0
12439,0
505,6
554,7
561,0
5483,0
5864,2
6215,0
581,3
641,4
3224,7
4517,2
7047,0
15511,5
466,2
694,3
2062,3
3069,2
5531,0
8283,0
10046,5
4562,2
10284,2
3005,7
3229,5
3459,0
3658,2
9947,7
13223,7
1664,7
1754,4
2263,5
3591,7
4425,2
5551,5
6890,4
660,2
672,3
2888,2
3105,3
3850,2
7169,7
8719,7
9724,6
9957,7
10030,0
10220,5
11245,0
9733,7
10721,3
335,2
529,7
623,6
2154,4
2859,2
2864,7
3207,0
3739,2
8573,5
11706,0
2439,5
3237,2
3416,2
5317,7
6234,3
9396,2
9743,7
799,0
1716,2
1985,2
4719,7
6523,2
8528,7
50,2
2535,2
3226,7
3312,2
4386,4
6452,7
8896,3
10039,2
11174,4
14025,0
478,2
790,2
2313,7
3170,7
3411,2
5463,5
114,7
384,7
2032,7
4922,0
9514,7
12586,2
870,7
1349,6
2390,7
3587,7
4460,3
4622,2
5837,2
9050,5
10340,5
12658,0
1804,2
3563,2
5369,5
5894,0
8423,5
8794,2
2187,5
2931,7
4104,2
4884,2
7037,0
8036,7
8332,2
8407,7
8728,2
13435,0
41,6
495,4
1090,4
1914,7
2621,7
3092,2
3596,2
16918,0
1900,6
9690,5
1556,3
3009,3
4851,6
6765,0
8280,7
10286,0
17130,3
18065,5
656,7
899,6
900,6
3528,2
3592,7
11406,0
1737,2
1955,4
5398,7
12027,7
5266,3
5423,7
6236,0
8291,2
11896,0
12007,0
12124,0
12708,4
261,6
748,4
2817,2
2999,0
3382,2
1065,7
1699,3
1741,0
3043,2
4445,6
13976,0
2520,4
3162,7
4540,2
8288,7
135,0
3435,7
4184,2
4634,6
5433,2
8393,7
8469,2
9099,0
10929,4
239,6
2838,3
3074,6
20445,0
24122,0
57,4
178,7
730,6
849,6
2944,0
3554,3
5863,7
6440,2
1775,7
3095,0
3186,2
3504,2
5512,7
5625,7
6793,0
11108,0
11914,7
18645,6
3601,7
3704,6
5097,6
7527,3
14200,5
15963,0
17090,0
1366,0
1764,2
2083,2
2459,0
2952,5
7356,0
8964,7
10910,0
470,6
1765,4
3349,5
5310,3
5418,7
8655,2
10960,3
11228,0
11807,0
196,0
793,3
2997,7
6505,0
6899,4
8707,7
10894,0
11755,0
16396,4
136,6
205,3
4002,0
10505,0
13800,4
726,2
1438,4
5339,2
10211,0
20149,0
2689,7
4088,6
4204,0
5764,2
7080,2
11089,2
2588,7
4823,7
9475,7
10337,5
10549,7
12481,0
945,5
973,2
2985,7
3068,0
3521,2
6839,7
7653,2
8519,2
13368,0
13887,2
15040,7
19413,0
1417,7
1525,3
2107,2
3566,2
4161,7
7515,0
12211,5
12555,5
110,6
803,3
1850,6
2206,3
3650,6
8501,0
1387,4
1688,3
3362,4
17765,7
23136,7
734,7
1886,4
2601,5
7737,7
16347,0
1594,2
3031,2
3079,7
3318,2
3436,2
3522,2
3590,2
8555,2
9102,5
1921,7
2637,4
3075,7
3412,0
4057,2
7711,2
8812,0
9498,7
229,6
917,7
1451,2
1771,3
1909,2
2680,2
2889,2
3148,0
3539,7
5929,7
9692,7
10301,5
10306,5
1641,7
1844,7
2831,7
3272,2
9622,6
12592,0
13978,0
629,2
2010,2
2662,2
3138,0
7045,6
8094,0
8242,7
10518,2
19577,0
42,6
1568,0
2232,7
7984,1
10345,5
12613,5
24869,0
1528,4
3108,7
3307,0
3433,5
3806,6
5814,2
6487,0
7159,7
11281,0
12519,0
1430,2
2905,0
3283,0
3845,5
6056,7
6914,3
9965,0
13946,0
262,7
596,2
1853,6
2166,6
2870,2
5082,6
5662,0
6565,2
7589,7
8101,2
8734,7
9985,7
11258,5
12130,0
17796,5
18325,0
536,2
621,2
1654,3
3358,6
3490,7
8306,2
10003,0
1400,4
2994,7
3071,5
3172,1
3317,0
3444,3
5627,7
5872,2
6103,1
11300,0
15,7
166,0
188,7
2521,4
2879,0
4001,3
4015,7
7368,9
10302,5
397,0
2874,7
7124,0
441,0
1639,6
2757,1
3114,2
3818,6
6088,2
7447,7
12066,1
277,6
404,9
827,0
2494,7
3111,7
3488,7
8958,6
10291,5
728,6
938,2
3230,0
3233,7
3297,7
3367,2
3549,0
8249,7
2790,0
5172,2
6427,0
7013,6
7626,7
8736,2
15851,0
17817,2
4035,3
5712,2
8955,0
10546,0
12197,7
24871,0
1640,6
4496,3
5092,6
6704,0
10225,2
13367,0
683,2
1085,7
2125,3
5460,7
6964,7
8033,0
9744,7
18279,0
622,5
3269,6
5797,5
6011,2
7617,7
12652,2
17866,0
93,6
586,6
678,6
924,0
3225,2
3773,2
3879,3
4998,0
5039,5
7803,0
9741,7
10805,7
17827,0
2373,6
3917,6
6189,0
9998,2
11685,0
18553,0
563,2
818,7
845,7
2068,3
2218,2
4026,2
6290,7
7198,2
11624,1
11953,0
19810,0
1139,0
1923,6
2975,0
3571,4
3654,2
4511,3
4860,3
7078,2
8497,7
12164,3
13827,0
2161,0
3301,0
4396,2
9523,6
18388,0
167,0
414,7
1696,4
1835,4
2214,4
2598,3
3937,0
6601,7
8083,0
8404,2
10714,4
10935,3
20201,0
21665,7
1749,2
2858,0
2901,0
2911,2
3164,0
3860,2
4318,6
5598,7
8562,2
8864,2
10936,5
11741,0
634,6
687,0
786,6
2099,0
3210,6
3407,2
4005,2
5011,6
6297,3
6332,0
6563,0
6905,7
7118,7
8508,2
12650,7
15036,0
18909,0
717,0
1413,4
2155,5
3212,3
3409,0
3546,4
3873,0
3955,2
4287,6
4875,6
5763,0
9078,0
10858,0
14158,2
367,6
379,4
533,4
939,2
2793,2
2940,3
3816,6
5120,6
5776,5
6906,7
7422,3
8032,0
8587,7
10307,5
10769,7
11866,7
16121,9
2589,6
2839,2
2986,0
3072,2
3992,3
4374,5
6309,7
7174,2
25330,7
1135,6
3054,7
5538,5
5682,5
6667,0
6863,5
8558,2
10427,7
12116,0
10,0
1734,4
3400,1
3465,6
3576,5
3922,3
4880,0
6412,3
7149,2
9053,0
10473,0
10832,7
13183,5
13909,0
296,0
2097,3
2832,7
2948,2
3263,0
3763,3
4951,2
6014,0
6104,0
6184,7
6354,3
9290,3
10300,5
12748,0
246,7
744,2
2698,2
3073,5
3267,0
3313,5
5072,2
8215,0
15273,0
15958,2
18027,6
23538,0
102,6
3112,0
3432,2
5468,2
10405,7
11292,0
546,6
1650,6
2070,5
2678,7
4479,4
4558,5
5564,3
6805,3
9984,3
11022,0
162,4
537,2
590,3
598,0
1561,0
2769,6
3956,0
3979,6
4121,6
5593,0
6133,0
7738,7
8317,0
10776,7
11107,0
11726,0
16065,0
17992,5
3995,2
4594,0
4963,3
7367,9
10034,2
10065,0
87,6
366,6
547,7
1475,6
1947,7
4885,3
5825,5
8074,7
8584,7
10233,5
11751,7
13890,5
19571,0
20006,3
825,0
1633,0
2436,9
3678,5
4770,6
7160,3
8456,6
10297,5
11547,3
18345,5
1457,7
1504,2
3278,5
3518,6
7250,6
7461,3
10335,5
12866,2
127,2
185,7
1043,3
3175,0
3384,0
4099,4
5482,5
5515,0
5523,7
5636,3
5735,7
8296,7
8460,2
16394,4
20218,0
226,3
855,6
1396,1
2907,5
4475,0
4645,4
4830,2
4972,2
5714,0
8102,7
8172,6
9409,6
578,6
657,6
838,4
2225,6
3345,5
4341,0
4871,7
6271,2
7570,2
7739,7
8148,4
8790,1
10758,0
11870,7
12643,2
895,4
1500,0
1889,6
2658,7
3378,2
3524,2
3526,3
4534,2
4991,0
5741,5
6085,0
8257,6
8467,7
10810,7
11323,6
161,7
1058,7
6709,3
6958,0
9347,3
9696,2
9747,7
11114,0
12047,1
13115,0
499,6
1702,4
2488,7
2685,2
3241,5
3420,5
5865,5
7692,0
8702,3
9331,3
9890,7
10309,5
10338,5
16373,5
1,2
282,6
3106,7
3286,7
3390,6
3685,3
5096,6
5472,7
5917,0
6200,7
6679,9
8235,7
8290,3
8415,6
8863,7
10254,7
10281,0
12194,7
25699,0
710,2
2184,1
4203,0
6971,6
7001,2
10298,5
11906,6
14001,0
15847,7
17742,0
20807,4
421,3
2190,0
2340,4
2897,0
3032,2
3413,0
5102,6
6230,4
8507,5
8690,2
8804,0
9667,7
10239,0
10327,5
11075,2
12206,7
123,2
781,4
1960,0
2274,0
2784,0
3265,0
3324,0
3536,0
3583,0
4591,2
4630,0
4960,0
5879,0
6858,3
8673,7
8703,2
10704,7
904,0
1084,7
5740,0
6149,0
8222,2
8577,7
9443,6
10319,5
206,2
940,5
1840,4
1976,5
2612,6
5902,4
6003,0
8087,0
8511,7
8741,7
8908,0
9054,6
919,3
3282,2
3541,2
3819,3
4068,6
4450,2
4689,6
5140,6
5631,6
5802,5
5958,5
5962,0
9560,2
10027,7
10949,2
12105,0
13408,5
15216,0
221,3
591,3
846,7
1398,3
3137,0
3246,2
3262,0
4431,0
6945,5
8144,6
8548,7
8677,7
9084,7
9412,0
9423,6
9651,5
10891,1
11119,0
11149,0
12199,7
12301,0
12593,3
14800,0
903,2
1814,4
3015,4
3781,6
3814,6
5548,7
5675,7
6887,2
8444,6
9419,5
9961,5
11106,0
12645,0
453,6
1542,2
1981,7
2229,3
3754,7
5290,1
5963,7
6288,3
6682,6
7079,0
7856,6
8454,6
8527,3
8538,5
8776,6
9273,0
10332,5
10438,7
12973,7
1129,6
1562,0
2912,7
5018,2
5078,3
8763,5
9604,6
12187,2
17757,0
2034,2
2317,6
2958,2
5060,7
5151,6
5424,0
8526,3
8579,7
9073,5
9537,7
12566,5
1014,3
1021,0
2277,7
2368,2
3404,2
3951,6
4371,2
5332,5
5364,0
5622,5
7388,0
7572,2
9734,7
10123,7
11151,5
12188,6
12266,7
2928,2
3332,0
3574,7
3687,6
6380,7
8432,2
8887,0
9337,7
10503,0
11705,4
12356,0
16644,0
18757,7
18940,0
19081,7
27136,7
753,6
3631,2
4684,7
5673,3
7353,2
8583,7
12520,4
13831,0
56,6
353,2
1075,0
1104,5
1576,2
3331,2
4236,6
4668,5
5620,5
6042,6
8436,5
8688,6
9316,3
9837,6
10118,7
12916,0
600,6
1078,0
1449,7
2164,2
2550,6
3076,3
3203,2
3686,3
3750,6
5705,1
8114,5
10331,5
10432,0
23714,4
23741,4
539,7
979,2
1601,0
3765,6
4190,2
4945,2
5128,2
5545,2
7864,6
7983,2
9851,2
9976,5
10296,5
10321,5
12608,7
12626,2
15278,0
653,3
1619,4
1984,0
2708,6
2873,3
3517,2
3954,2
4723,4
4780,7
6224,0
8251,7
8640,7
9003,0
9936,3
10062,0
10366,7
12186,7
15479,0
17093,5
485,0
770,6
771,6
802,0
865,3
1416,6
2148,3
2697,0
3315,1
3359,2
3607,2
3701,6
3804,2
5041,4
8530,5
8608,5
11183,5
12010,7
12447,2
12711,2
1118,6
1782,7
2347,2
2396,0
2415,2
2475,5
3562,5
4724,0
8643,7
11371,7
20013,0
329,0
450,2
2207,3
2530,2
3035,1
3104,2
3319,7
3442,7
8991,4
9451,7
10326,5
15556,0
1532,2
2563,2
2659,6
2811,7
3453,5
4467,0
5546,0
7324,7
10315,5
10330,5
13519,4
17755,0
18255,0
280,2
677,2
1539,2
2672,7
3093,0
3379,7
3978,7
4561,2
4727,2
5263,7
5974,2
6187,0
7031,3
8138,5
8147,2
8214,6
8822,2
9108,2
10235,2
13465,7
13766,0
14675,0
2418,6
2961,6
3018,3
3036,3
3530,4
5238,7
7129,0
8513,0
8765,5
10214,0
10414,0
11236,5
15826,0
812,0
982,6
996,7
1779,0
2288,3
2583,7
2893,2
3061,5
5611,7
6027,5
10228,7
10339,5
11535,0
12877,0
14198,0
16900,5
18980,0
535,2
3555,2
3877,0
5338,2
5726,6
6109,7
6693,2
7271,3
8743,7
10931,7
10968,0
11977,7
13166,3
19098,7
20165,0
228,2
617,0
1680,4
3094,0
3285,0
5090,6
7855,0
8806,2
15812,3
665,3
2573,0
3610,2
4123,6
4590,2
4763,2
5780,0
6314,5
7161,3
8576,0
8631,5
9049,7
10271,1
10312,5
10853,0
10977,5
14066,0
15054,2
251,6
1691,3
2816,0
2954,7
3428,2
6544,1
8259,6
8345,5
9422,4
10051,2
10317,5
10876,3
11094,2
13738,0
23496,2
66,6
886,2
1347,6
1644,6
1679,0
1812,0
1935,0
2336,3
2432,7
3023,2
3933,6
6982,2
8340,2
9317,3
9899,2
10324,5
12172,3
13215,7
13963,0
14334,0
20429,2
48,2
559,6
691,6
1870,4
3663,6
4041,6
5678,0
5895,3
6963,5
7272,2
9507,6
11758,0
13373,0
14308,4
16949,0
16969,0
17988,0
317,4
584,4
943,3
1602,3
3028,3
3133,1
3165,7
3523,3
3688,2
3757,0
3809,6
3957,7
4020,0
5736,6
6051,0
6172,2
7342,0
7789,0
8089,0
8287,7
8466,7
8515,7
9055,0
10880,0
12591,2
13683,5
24737,3
25097,6
412,0
1668,7
1817,3
2271,4
2602,2
2647,3
3309,7
3511,7
3854,3
4826,4
4833,2
5400,3
5587,0
5848,2
10351,5
14191,5
14823,0
373,7
3780,6
3867,2
3935,6
4018,0
4049,2
5341,3
6166,5
8130,0
13666,5
643,3
780,7
1597,0
1735,4
1942,2
2596,7
3177,1
3866,0
4083,6
4768,0
4896,6
9895,7
11845,1
12550,0
15452,0
431,2
565,2
610,0
1467,0
1924,6
3010,2
3381,2
3425,2
4058,4
6850,7
7812,2
8524,2
9543,6
10191,3
11271,5
14133,9
16078,0
18017,0
19579,1
24906,7
398,0
462,0
2420,0
3401,6
3430,7
4126,2
5592,2
7695,0
9441,7
11643,2
13582,0
14188,0
14762,6
16725,0
23737,0
18,4
428,0
2980,0
3099,7
3294,0
3339,7
5878,2
6154,2
7137,3
7257,2
8544,3
9944,6
12191,7
12382,2
12845,2
13070,3
13939,5
20639,4
1379,4
1521,0
2096,7
2338,7
2664,2
3185,0
5237,6
6071,0
6967,3
8541,2
8578,7
9411,6
13476,2
16366,0
20159,0
362,0
920,2
1372,0
1498,4
2504,7
3403,6
3667,2
4409,2
4422,7
4476,3
4490,2
6365,3
8482,7
13452,7
14945,0
18319,0
19468,6
436,2
854,6
925,0
2701,7
3121,2
3275,2
3440,1
3525,7
4233,2
4421,6
5133,6
5737,2
9574,6
10764,2
12070,0
12371,7
12686,5
14498,3
16990,0
91,7
1540,4
3668,0
4021,0
4135,2
4815,3
5644,5
5661,2
7320,0
7649,3
7655,2
8361,2
8536,7
8750,6
9450,6
10064,5
10322,5
11456,7
13167,2
15992,0
17088,0
17826,0
19867,7
121,7
200,6
269,3
322,2
611,0
843,1
1134,4
1330,9
1657,4
1673,2
2584,3
3612,7
3696,3
3770,6
4177,3
4248,2
4651,7
5670,6
6367,0
6470,2
8428,3
9286,6
10289,5
10325,5
13684,0
14172,5
550,6
916,6
946,0
1110,2
1626,7
1660,2
2514,6
3923,3
4332,1
7660,0
9329,3
9653,5
9669,7
10218,2
10479,4
10529,2
12753,7
17226,3
17888,5
6,6
1428,0
1731,7
1821,2
2808,3
3126,2
3994,3
4403,6
4958,0
5910,7
6366,7
6900,3
7156,6
8394,7
8596,5
9440,7
10316,5
10334,5
11186,0
14393,3
23743,0
1477,7
1736,0
1910,5
2437,0
4071,6
4218,7
5088,6
6244,0
7071,6
7584,3
8629,3
10304,5
11819,0
11887,0
12458,2
235,2
319,1
355,3
416,6
1718,3
4077,6
4734,3
4856,0
5113,2
5596,4
6431,7
7073,0
7420,3
8386,6
9726,7
9971,3
10419,0
12669,4
13896,5
14059,0
17363,2
347,2
452,6
778,0
1429,4
4365,0
4898,6
5511,0
5883,0
6514,2
7601,6
7733,3
8307,6
11947,0
23692,4
633,7
1535,0
1560,4
3150,2
3160,5
3414,7
3418,5
4624,2
4661,7
4712,6
4839,6
5529,1
6983,2
11118,0
12370,0
13113,7
13698,5
14709,0
15055,7
285,0
750,6
960,4
1344,6
2919,2
3077,5
4024,1
4066,6
4798,2
5007,2
5916,6
6362,7
6728,6
8398,2
8602,2
8716,0
9376,0
9684,7
10215,2
10415,0
11040,0
13077,3
16521,7
295,0
3034,5
5107,6
8347,7
10258,2
11989,7
12485,0
13398,4
20135,2
21821,4
23944,0
484,6
779,6
1424,4
1847,2
2619,2
2661,0
2877,7
4999,7
5131,6
5426,7
5651,2
5788,5
6927,2
7776,3
8322,6
8422,5
8737,5
8742,6
9677,6
9687,6
10348,5
11468,7
11507,6
115,7
184,0
400,0
630,1
690,3
1678,2
2328,7
3772,3
4997,3
5817,0
6580,6
8195,6
8561,7
9378,7
10224,5
11097,0
12777,7
16522,0
18091,0
18395,0
489,2
655,3
998,7
1020,2
1044,2
1618,3
3802,2
4764,0
4850,2
5744,0
5751,0
7154,2
8974,7
9314,3
10421,0
11251,5
15816,3
17851,0
22084,0
92,3
106,4
948,0
950,2
1351,2
1545,4
1575,0
1746,6
1767,0
1952,4
2210,1
2924,7
3128,0
3605,2
3652,2
4299,2
4606,0
4919,3
5089,6
5495,5
5562,1
6342,3
6510,4
8236,6
8868,2
9366,4
9739,6
10320,5
10717,0
10780,7
11397,2
11822,4
11939,0
13015,0
13826,0
16708,5
24203,0
465,6
853,6
1038,2
1354,0
1486,4
2696,3
2746,0
3373,5
3861,7
3894,0
4802,3
5866,5
7957,0
8178,0
8255,3
8582,5
9012,2
9888,7
10510,6
11102,6
12614,5
16345,0
21930,7
1112,4
2977,0
3360,7
4718,5
5247,6
5254,4
5846,7
7148,0
7797,1
8521,0
9493,7
10195,7
10391,7
10511,3
12190,7
15662,0
16964,0
18321,0
20332,5
20480,2
2532,2
2646,3
2723,6
2834,7
3370,0
3578,7
3799,0
4361,0
4429,0
4652,7
4925,0
5321,5
6211,1
6749,6
7372,0
7553,2
8319,6
8642,3
8696,3
8749,0
9576,0
11305,3
12032,0
12200,7
12444,3
12653,7
253,4
359,0
1389,3
1608,3
2222,3
2902,2
2916,6
3778,6
4658,0
5485,3
6251,7
7167,7
8260,2
9310,3
9650,5
9742,0
10318,5
10483,4
11524,3
11554,7
11899,0
12123,6
12296,0
13247,3
14170,3
17843,0
874,6
2301,0
2501,7
2988,0
3885,3
4224,0
6718,3
8882,0
10305,5
10416,5
10799,3
11763,3
13222,5
13264,0
14445,0
19635,7
555,6
612,0
676,3
688,0
1010,3
1480,2
1727,2
1888,2
1896,3
2110,4
2197,2
2511,2
2676,6
3199,5
3431,6
3519,5
4050,2
5811,7
5839,7
5996,2
6363,6
8480,7
8484,7
9473,7
9773,6
11147,7
11980,0
12192,2
12521,4
13470,4
15822,3
16308,3
16540,0
240,6
260,6
1527,4
3502,3
3918,3
4202,0
4308,0
4987,6
7644,4
7963,4
9089,2
10504,0
13993,2
292,6
1530,3
1630,2
1932,4
2147,0
2960,3
3369,0
3527,4
5836,7
5941,7
8061,1
8400,2
8606,6
8618,7
8711,2
8766,3
9652,5
10741,3
11784,0
12203,7
18857,5
1027,7
1978,6
2939,2
2967,2
3580,5
3617,2
4691,6
5804,0
6671,0
7834,3
9110,2
9593,0
9807,7
10246,3
12119,0
15665,0
17759,0
17836,0
24,0
513,0
523,7
1433,3
1617,6
2920,2
3000,2
3052,6
3718,1
3761,3
4094,7
4977,6
5469,2
6344,0
7005,0
7326,2
9056,2
9322,6
9967,7
11020,0
11113,0
11830,5
11847,0
14184,0
21852,7
204,2
274,0
419,6
649,0
1003,3
1724,6
2021,2
2268,7
3534,7
4581,5
4640,0
5233,2
5288,6
5526,5
7371,6
8605,6
10516,0
10996,4
11037,7
15797,0
15903,5
18218,5
18359,7
587,6
1376,7
2380,7
2570,4
2913,3
3208,2
4495,6
5367,5
5786,6
6922,6
8861,2
9327,3
10032,2
10550,3
10685,2
12055,0
14077,0
14226,3
14412,0
17775,5
796,2
1018,6
1385,4
2131,3
3445,0
4110,7
4735,0
4774,0
5832,2
5959,2
7087,0
7166,4
7235,0
7268,4
8234,6
10004,5
11103,0
12510,0
13137,2
15973,3
16060,4
25393,0
2203,6
3135,7
3695,7
4206,6
4442,0
4444,2
4484,6
5619,5
5727,0
8275,6
8485,7
8593,6
9334,3
10627,0
13746,0
407,0
455,4
813,3
1406,4
1436,2
1622,3
2307,7
3544,7
3550,4
5555,2
6170,0
6870,6
8397,3
8802,3
9950,5
11815,5
12205,7
13217,3
18916,2
382,7
545,3
931,0
964,3
1042,2
2871,0
3441,5
4488,6
5409,2
5600,7
5610,2
10227,3
10347,5
10874,0
18349,0
608,6
947,3
1944,4
2105,4
2137,2
2590,3
3255,2
3385,4
3561,3
3747,0
3963,6
4030,4
6199,2
7260,2
7703,3
8318,2
8721,6
9751,6
10536,2
11320,3
11473,6
12966,7
13873,5
20004,3
25011,2
302,7
375,6
933,3
1108,6
1422,0
2503,6
3515,0
4369,7
4619,7
4988,6
5028,6
6126,7
6681,0
7034,0
8450,3
10031,7
10257,7
10847,7
11441,0
11894,7
12716,5
13000,7
32,2
364,4
396,6
942,4
1482,3
1719,3
1861,4
2087,6
3450,3
3464,2
3491,7
4130,6
4835,6
5493,4
6077,6
6213,3
6788,0
7002,0
7456,7
7706,2
7835,5
7962,5
8993,0
9305,0
10354,5
13872,5
14520,0
23703,4
24862,3
336,4
1015,3
1036,6
1052,2
1627,4
1776,0
2372,2
2456,3
2935,2
2976,0
3291,2
3487,5
3742,0
4725,2
5051,0
5243,6
5890,7
6615,0
6720,1
7192,7
8358,2
8448,1
8489,2
9370,3
10066,0
10665,7
11372,7
11538,6
11865,7
11965,4
12491,0
13759,5
15443,0
16407,4
318,1
829,6
2849,6
3146,7
3195,0
3693,2
4809,0
4982,3
6913,7
7588,5
7620,2
8652,3
8867,6
9074,7
9725,0
9846,0
10199,0
10749,0
11100,0
11818,7
13925,7
14784,7
17793,0
564,3
724,6
836,4
918,3
1458,4
1606,5
1856,2
2042,3
2112,0
2235,1
2544,4
2851,0
2991,3
5586,0
5805,0
5853,3
6294,3
6569,0
6657,6
7673,0
8378,6
8807,7
8836,6
10203,0
10402,3
11723,2
12204,7
13534,1
16333,0
16820,0
896,6
1022,4
1607,3
2495,7
2922,3
3748,4
4122,6
4282,2
4316,0
5669,0
5742,5
6831,2
7269,2
7333,0
7435,6
11109,0
11888,0
13245,0
17756,0
18284,5
25348,3
795,2
1048,0
1062,4
1079,7
1342,0
1434,2
2178,2
3132,1
3395,0
3882,3
4000,3
4119,7
5071,3
7222,7
7910,2
8303,6
8567,7
9580,1
11039,5
12600,7
14026,5
15200,0
365,0
733,3
941,4
1465,4
1492,6
1665,4
2357,0
3016,3
3316,0
3632,2
4120,6
5517,0
7544,5
7731,0
8324,0
8447,6
9964,5
10806,3
10879,7
11030,7
12207,7
12224,4
12255,3
12625,6
13143,3
14415,0
15494,5
25627,0
1672,4
2126,5
2498,3
3051,3
3553,2
3595,2
4093,6
4653,7
6101,0
6445,2
8499,6
8581,0
9072,0
10333,5
10365,7
10793,7
10845,5
10862,6
10995,3
11167,3
11175,0
11976,0
13138,0
14036,7
17808,0
17849,0
23985,0
358,0
1965,2
2610,2
2735,2
2781,2
3050,2
3293,3
3437,3
3473,7
5052,0
5982,4
6017,4
6049,4
6144,0
6557,6
7609,6
8477,2
10243,3
11773,0
13136,4
13961,5
14381,4
14411,5
14832,6
16486,4
679,6
751,2
994,6
1855,6
2438,0
2778,3
3086,3
3766,6
4091,6
4499,0
4736,7
5074,7
6256,2
7830,7
8030,6
8356,5
10804,0
11230,0
12256,5
16073,4
18045,7
18112,0
18530,0
20245,0
20306,1
33,0
175,3
330,2
1845,2
2119,7
2742,0
3397,2
3874,1
6701,0
8019,0
8103,6
8177,6
8671,3
8947,3
9071,0
9315,7
9659,6
10056,5
10922,0
10933,6
11768,0
12212,2
12,0
132,7
1507,4
1553,7
2242,7
2534,2
3570,0
4092,6
5081,6
5603,7
5733,3
6779,0
8310,2
8376,1
8726,2
8916,7
9705,6
9810,7
11984,7
12128,6
12680,6
14495,7
15061,4
16081,0
16762,0
17769,7
21834,6
3,4
96,2
342,7
789,3
1371,3
1643,4
2303,2
3575,4
3644,0
4335,2
4944,6
5329,0
5711,0
6001,0
6102,0
6993,5
7067,0
7414,0
7542,2
7997,7
8000,0
8003,2
8520,7
8708,0
10008,5
10288,5
13363,0
14759,4
15498,0
15931,2
21523,4
23542,2
254,2
376,6
448,6
873,0
894,0
956,6
1053,2
1435,2
1447,6
1815,4
2066,0
2159,0
2900,3
3335,4
4568,3
4750,6
4760,3
7197,0
8142,0
9094,0
10084,2
10482,5
11160,0
11694,0
12159,7
13122,4
13648,3
15743,5
17250,7
294,0
646,7
932,4
1025,7
1086,7
2004,3
2966,0
3026,7
3252,2
3259,6
3547,2
3589,2
3921,3
4302,6
4755,0
4847,0
4861,0
5399,6
5928,7
6528,0
6593,0
6936,3
8625,2
8733,6
9644,7
10353,5
10451,3
11725,2
13843,0
13974,5
14342,5
14756,0
15688,0
15820,3
16692,7
23548,5
14,0
51,0
531,0
651,0
923,0
1377,4
1625,4
1828,3
2089,2
2791,0
3091,7
3880,3
4136,0
4733,0
5283,3
5667,7
6031,2
6040,1
6241,6
6370,0
7786,3
7838,2
8758,7
8841,6
9588,6
10283,0
11517,5
12149,7
14130,0
14177,0
15314,0
15809,3
18059,0
18147,0
23715,4
26038,2
487,0
1063,6
1089,0
1587,4
1616,4
1728,2
1799,4
1862,0
1866,6
2023,7
3038,3
3623,0
3682,7
3705,6
4067,6
4089,6
4535,2
4560,2
4641,2
5368,0
5645,5
6994,5
8020,0
8284,0
8372,1
8514,0
8641,1
8692,2
9081,0
9083,0
9088,0
9266,2
9298,7
10007,0
10280,4
10920,4
10926,6
11195,0
12373,0
12996,7
17847,0
19077,2
25356,1
95,0
120,0
775,2
1095,2
1621,3
1819,0
2243,5
2275,4
2538,3
2867,2
2973,5
3046,0
3194,7
3573,7
4453,0
4632,7
4895,2
5823,7
6205,7
6797,0
8141,2
8635,1
8857,0
9064,2
9571,7
9638,0
10071,0
10833,7
10928,0
11129,5
11572,6
12715,5
13881,7
14552,7
15086,9
15243,4
15361,1
18152,3
18233,0
21714,0
831,6
1345,0
2175,0
2652,2
3659,3
3737,6
3904,3
4510,7
4551,3
4940,6
5207,2
5328,5
5371,2
7384,1
7647,2
7811,1
8901,1
9293,0
9483,6
10360,7
12033,6
12126,0
12398,2
13886,5
14451,7
18663,0
25390,0
575,2
579,2
1723,6
2018,7
2074,2
2094,7
3755,2
3862,3
4351,0
4721,0
4897,6
4978,6
5053,0
5507,3
7413,0
7697,6
7801,0
8190,0
8478,4
8598,2
8768,2
9848,0
10336,5
10349,5
10718,7
11298,0
11512,2
12183,0
12254,3
12526,3
13207,0
13748,7
14162,3
14809,0
16514,0
16959,0
20347,0
24335,2
148,3
194,6
209,2
1623,7
1693,7
1971,1
2044,3
2247,4
2749,2
3048,3
3089,3
3122,0
3569,0
3606,1
3964,2
5026,6
5886,0
6054,3
6404,0
6673,0
6698,0
6932,0
6974,6
7466,0
7667,0
7734,7
8112,0
8233,6
8418,2
8554,2
8998,3
9632,3
12337,3
13090,5
14920,0
17931,5
18012,6
18258,7
20433,7
53,3
506,7
640,6
927,4
928,0
1512,6
1612,6
2663,2
3100,7
3556,4
4878,3
5286,3
6312,0
7145,6
7337,7
7365,7
7576,0
8232,2
8927,1
9695,0
9714,2
10042,1
10418,0
11399,5
13106,7
14517,3
14528,0
15415,0
16709,4
18067,0
34,2
971,0
1091,6
1558,3
1595,2
2687,3
2969,3
3443,3
4804,1
5719,0
5725,2
6577,3
6780,6
6789,4
8556,7
8621,7
9100,3
9415,7
9698,7
9699,7
9824,2
10378,5
11158,3
12980,7
13530,7
14055,6
16475,1
17243,7
18438,0
20143,0
26992,0
301,2
514,2
725,7
1566,2
1744,4
2557,0
3456,5
3928,2
4340,2
4497,6
5256,4
6371,6
7029,1
7693,4
8370,2
8475,7
8981,2
9775,3
10621,3
10642,0
10789,3
12035,0
12135,0
12208,7
12375,2
14017,5
14044,0
15330,0
15564,0
16944,7
17991,0
18034,1
19084,2
19479,6
454,6
569,2
1380,6
2279,7
2319,2
3045,0
3690,7
3996,7
4033,6
4339,0
4452,0
4456,2
4533,6
5336,7
5396,0
5508,0
5681,3
5807,0
6543,0
6676,0
6699,0
7061,0
7215,7
7488,0
7573,7
9068,0
9494,6
9686,7
10048,0
10329,5
10501,0
10670,3
11099,7
11508,0
11617,6
11856,3
12349,0
12979,7
13938,0
14513,5
15283,0
15421,5
15458,0
20187,0
1343,3
1368,0
1726,5
1945,4
3692,2
3775,2
4793,3
5076,2
5125,6
5363,5
5377,2
6079,0
6231,4
7207,7
8258,6
9060,2
9374,7
9889,7
10314,5
10346,5
10563,5
11915,0
12372,0
12622,5
12693,0
13101,0
13591,7
13642,0
13864,5
14204,7
17840,1
20357,7
126,2
134,2
223,2
341,2
606,3
673,2
1565,2
1811,3
2323,3
3486,1
3611,2
3640,3
4757,0
5273,0
5315,2
5388,6
5505,5
6135,0
6434,0
7605,3
7915,2
8063,7
8479,2
8568,7
8613,5
9291,0
9549,7
9636,2
9731,2
9975,3
10565,6
10826,3
10940,5
10953,3
11101,0
11510,6
11766,0
12215,7
13114,4
13285,0
13290,2
13606,4
15460,3
15815,3
18232,7
18963,0
144,3
471,1
871,2
1028,6
1392,4
1493,3
3452,7
3771,3
4116,7
4439,2
4635,6
5845,0
5847,3
6298,0
6943,6
7139,5
8107,5
8113,5
8628,4
9737,6
10231,5
10564,6
11091,7
11276,7
11691,0
11993,2
13033,4
13133,0
13442,6
13699,4
13905,7
14225,0
14231,3
14952,0
15436,6
16520,4
1055,2
1548,3
1867,2
2050,4
2302,6
2657,2
3277,3
3298,1
3366,3
3392,3
3886,3
3907,0
4754,0
4924,2
5330,2
5403,2
5795,2
6078,2
6134,4
6190,0
6303,3
6509,2
7382,4
7427,0
7546,2
8302,6
8433,2
9282,2
9654,5
10494,3
11979,7
13885,5
14131,0
14990,0
15089,1
17178,0
17790,7
17872,0
18110,0
18225,0
25355,0
876,3
879,6
1526,3
1697,0
2249,2
2364,6
3234,1
4840,6
5851,2
6937,0
8108,2
8609,7
8684,2
10089,7
10295,5
11023,5
14110,2
14466,1
15947,1
16685,0
16961,4
18830,0
507,4
516,0
605,3
782,6
1081,6
2402,2
2423,3
3248,0
4037,2
4082,6
4411,6
4638,6
5969,0
7116,0
8533,0
8611,3
9553,6
10693,2
10915,3
11783,0
13212,0
13587,5
13959,5
14740,2
14853,2
15987,0
16406,4
765,7
1777,6
1968,6
2918,3
2993,3
3047,0
3620,5
3986,0
4051,2
4056,6
4090,6
4231,0
4995,2
5346,2
5365,2
5414,2
5554,0
5621,5
5623,6
6279,7
6472,0
7460,3
8268,6
8595,2
8610,7
8907,6
9540,6
10839,0
10925,7
11716,0
12174,4
12258,0
13266,7
13372,0
13921,0
15553,0
711,6
783,7
1109,2
1393,3
2016,6
2146,4
2483,4
2777,3
2933,4
3846,0
4053,6
4438,2
6716,2
6802,0
8382,0
8426,2
8732,6
8830,3
9093,3
9915,6
10294,5
10756,0
11354,6
12074,0
12634,0
13436,0
13438,3
13865,5
16062,3
17079,0
20252,3
439,0
544,0
661,7
1795,4
1964,1
2467,6
2524,0
2709,3
3646,6
3949,6
4153,2
4792,3
5304,3
5860,2
7238,6
7619,3
8135,3
8476,7
8557,6
9087,3
9434,6
10279,2
10878,3
11212,7
11301,3
12058,0
12276,2
12812,3
13866,0
13960,0
15017,0
16508,4
20078,7
63,6
78,6
312,6
542,0
1483,2
2138,4
2256,4
2892,5
2972,2
3266,3
3993,3
4084,6
4357,7
4753,2
5173,6
5316,3
5584,5
6399,6
6642,4
7052,5
7190,0
7754,7
8034,2
8571,6
8777,1
9033,2
9264,6
9390,3
9853,2
12257,3
12640,7
12919,7
13986,0
15252,6
15351,0
16046,0
391,0
613,0
983,4
1471,4
1652,0
2400,6
2780,3
3081,0
3261,0
3337,2
4133,1
4216,7
4333,3
4853,0
4899,2
5430,5
5771,6
5966,3
7076,0
7824,6
8311,4
9085,3
9109,5
9393,3
9432,0
9719,2
9804,6
10440,0
10678,3
11707,6
11967,2
12198,2
12300,6
13298,0
13957,2
15719,3
15731,0
15799,0
16851,7
17800,0
18317,0
81,6
451,9
528,0
897,6
1954,4
1975,4
2466,0
2668,0
3600,0
4328,0
4732,0
6020,3
7000,6
8424,6
9860,6
10851,6
11756,0
11814,5
11875,0
12140,0
12189,7
12196,6
12201,7
12261,6
12982,0
13056,1
13356,7
13496,7
13880,0
16966,0
18111,0
18165,0
61,0
73,2
510,6
517,3
864,2
1054,4
1136,6
1369,4
2553,4
2917,3
3130,7
5350,7
6310,0
8110,0
8545,7
8660,5
9292,4
9953,2
10022,0
10082,2
10259,6
10938,2
11944,2
15567,0
197,4
284,2
497,6
2059,4
2117,0
2212,2
2962,3
2983,6
4014,6
5095,2
5106,7
5442,4
5782,2
6030,2
6566,0
8346,0
9715,2
9959,7
11134,4
11368,6
12536,2
12642,0
13744,0
13879,0
14061,6
14176,0
14304,5
14523,2
15825,3
16843,0
17805,0
18128,0
18281,0
20182,0
21536,0
370,7
833,0
1487,4
1550,4
1873,4
2058,2
2116,6
3058,6
3151,2
3292,2
3691,7
4523,3
4711,6
4759,0
6162,0
6202,6
6496,2
7322,5
7966,3
8374,2
8441,6
8647,3
8689,0
8720,0
8975,7
9365,3
9921,6
10323,5
10601,7
11145,2
11982,0
12044,0
12923,0
13788,7
15906,2
16731,4
17062,0
17839,0
17910,2
17996,0
18077,0
20992,0
25318,0
72,6
403,2
568,0
877,2
936,2
1088,7
1551,7
2104,3
2177,7
2407,6
2484,4
2860,2
3200,4
3803,3
4384,0
4904,0
5543,0
5784,2
6010,5
6722,0
7018,0
7284,0
7558,7
7753,0
7860,2
8414,5
8675,1
9455,6
9968,5
10980,0
11542,7
11595,7
11821,0
12122,0
12171,6
13004,3
13805,0
14069,0
14328,3
14686,6
15005,3
15034,0
15056,6
15531,0
16784,0
17920,0
1113,7
1695,5
1755,4
1784,6
1890,6
2024,0
2371,4
3029,3
3223,6
3451,7
4022,3
4192,0
4346,1
4654,7
4827,2
6955,4
7184,7
7524,7
7551,2
8329,7
8705,0
9634,6
10848,2
10857,7
13249,3
13539,7
14814,4
15500,3
15892,2
16907,0
113,7
202,3
538,6
669,4
852,0
1124,3
1125,4
1378,5
1401,4
1631,2
1634,6
1675,6
1677,6
1703,6
1739,4
1800,6
2236,6
2908,2
3191,2
3355,0
4147,2
4169,7
4211,3
5248,6
5252,0
5428,0
5616,3
5680,7
5953,0
5955,0
6609,6
6753,0
6984,5
7355,4
7930,6
8395,0
8474,5
9294,0
9656,3
9740,6
9910,0
9942,2
10311,5
10487,2
10609,0
11386,7
12252,3
13421,7
13455,7
13545,4
13553,2
13904,0
14292,0
14303,4
15466,0
15636,0
16481,0
17875,1
18398,0
20278,0
25409,3
11,0
785,6
989,4
1348,6
1358,0
2051,4
2223,3
2704,3
2713,2
2951,2
2953,0
3276,3
3304,5
3455,2
3629,3
4767,0
5002,0
5098,6
5432,3
5809,3
5912,4
6680,0
6688,2
7041,0
7226,7
7293,3
8050,0
8585,2
8755,7
9057,2
9880,2
10423,0
10689,3
10733,7
12268,4
12967,2
13577,2
13871,5
14019,2
14700,0
14767,7
16239,0
18668,0
20299,0
142,4
1131,7
1522,4
2260,0
2270,0
2595,6
2604,7
2744,2
2766,6
2844,7
2930,3
3537,1
3599,0
4448,0
5936,7
5994,2
6323,6
6912,2
7270,3
7500,0
7548,2
8109,0
8363,6
8646,0
8835,6
8852,3
9342,6
9397,0
9621,6
9909,0
9979,7
10464,0
11104,0
11201,3
13498,4
14028,2
14216,4
15588,0
15899,2
16446,4
20098,0
20173,0
24343,7
25903,6
38,3
85,0
593,2
1591,4
1609,4
1887,3
2199,3
2318,4
2609,2
3119,0
3158,5
3551,0
3616,5
3798,0
4102,0
4222,2
4337,2
4502,2
5000,7
5091,6
5960,7
6214,4
6282,0
6330,7
6456,3
6568,6
6758,2
7659,3
7831,0
8405,0
8603,7
8959,2
9063,3
9341,0
9590,7
10053,2
10357,5
11262,7
11515,5
11555,7
11712,2
11810,1
12009,5
13882,5
13929,0
15844,7
17225,2
218,6
572,2
1806,3
1836,4
3469,3
3969,6
4399,0
4538,4
4773,0
4973,2
5063,3
5340,0
5427,3
5650,0
5968,0
6212,3
7242,2
7431,0
7481,4
7510,2
8029,6
8207,4
8368,2
8592,3
9373,6
9420,6
10513,6
11128,0
11872,0
12470,2
12509,2
12723,3
14600,0
17895,0
20183,7
20315,7
23808,3
1464,0
1818,0
1863,6
2065,7
2136,7
2591,5
2649,3
3346,2
3363,2
3557,0
5419,6
5520,0
5781,2
5896,7
6141,0
6336,0
6606,0
7403,0
7710,6
7884,4
7887,0
7986,7
8496,3
8632,1
8727,0
8785,2
10574,0
10592,2
10660,3
11290,5
11692,0
11824,4
11988,0
12193,7
13440,7
13906,2
15037,5
15924,7
16069,4
17086,0
20348,7
153,0
444,3
488,0
671,7
791,2
811,2
1007,3
1721,0
1841,2
2227,2
2255,4
3253,4
3910,3
4200,3
4696,0
5306,0
5528,2
5977,0
5978,0
6385,6
6778,0
8220,2
8451,7
8510,0
8523,6
8929,0
10370,7
10803,0
10837,2
11448,7
14663,4
15853,1
17844,0
17916,0
18942,0
20107,0
22818,0
850,6
1033,3
1350,7
1579,4
1974,4
2278,0
2526,6
2593,0
3129,2
3389,1
3744,6
4989,6
5360,5
5492,7
5585,2
7168,6
7716,0
8377,2
8399,1
8589,7
8990,4
10091,3
10856,7
10877,0
11125,0
11216,0
11403,2
11455,7
12219,5
12401,0
13002,0
13209,0
14016,0
14047,5
14808,0
17924,0
18585,0
23725,1
635,7
675,0
841,6
1116,0
1511,4
1614,2
1674,7
1829,2
2489,0
2567,2
2592,2
2653,2
2938,2
3462,6
3762,6
4064,6
4348,6
5380,7
5694,0
5901,0
6058,3
7474,5
7537,0
8156,7
8323,0
8531,5
8986,2
9911,6
10230,5
10746,3
12031,2
12214,7
12291,6
12570,0
13369,0
14409,3
16793,6
17251,0
17781,1
18049,0
19153,7
23753,0
270,7
977,7
1705,0
1849,6
2017,4
2382,0
2393,4
2671,2
3115,2
3279,7
3482,6
3997,0
4040,7
4069,6
4449,2
5174,6
5445,6
5728,3
5790,4
5922,2
6005,0
6237,2
6752,0
6961,0
7279,2
7442,4
7768,2
8253,6
8614,0
8627,0
8656,3
8904,0
9454,6
10679,3
10787,3
10830,7
10871,0
12289,6
12422,0
13030,6
13311,4
15011,0
15775,0
16415,4
17183,0
20191,0
24366,7
13,0
283,6
408,0
882,2
1059,4
1082,3
1099,0
1450,3
1517,4
2362,7
2566,4
3102,3
3159,4
3217,0
6450,2
6502,6
6790,0
7249,6
7586,6
8153,6
9435,6
10219,5
10431,2
11973,0
12029,2
12182,2
12647,3
13085,0
13238,3
13600,3
13920,0
14023,0
14052,0
14127,3
15736,4
15746,0
16059,4
16085,0
17192,4
18083,3
18169,5
18320,0
18933,0
20057,4
20366,0
24743,0
64,6
75,3
195,4
468,3
768,4
1934,4
2251,6
2330,4
2473,3
2827,2
2850,2
2887,6
2987,2
3228,1
3915,3
5766,0
6600,6
7181,6
7204,0
7755,0
8007,1
8200,6
8509,7
9398,3
9522,6
9973,7
10198,0
10278,1
10543,0
10724,2
10797,3
10930,5
11851,0
12305,3
12432,0
12754,2
13487,0
14673,3
15417,0
16445,0
16785,0
16902,0
17102,0
19615,7
23770,0
24415,0
79,6
435,3
692,6
815,2
901,3
1375,4
1437,2
1826,4
1925,4
2230,3
2409,2
2411,3
2587,4
2768,2
2804,0
3124,7
3501,6
3714,0
4103,6
4139,0
4457,2
4584,1
4667,0
4790,3
4952,2
5950,0
6198,0
6731,0
7104,3
7825,6
7861,7
8543,7
8552,3
8739,7
8823,2
8996,4
9046,0
9096,3
9351,3
9446,5
9812,0
10009,5
11011,3
11278,5
11419,6
11556,7
11761,0
11825,0
12537,2
13807,0
13987,7
15358,0
16048,5
16375,3
16848,0
18037,0
18483,5
20087,0
24073,7
22,6
171,0
604,3
926,2
1441,6
2118,3
2237,1
3639,6
3787,0
3859,2
4070,6
4072,6
4073,6
4644,0
4782,0
5062,2
5307,0
5323,0
5525,3
5723,2
5777,0
6432,2
6586,1
6807,3
6856,0
6941,0
7277,1
7491,6
7595,4
8314,6
8483,7
8701,3
8858,7
9931,6
10196,2
10710,7
11382,0
11440,0
11722,0
12053,0
12315,0
12644,7
13467,5
13966,3
14041,0
14152,4
15810,3
15819,3
15946,0
16671,0
16727,0
17853,0
19103,3
21110,4
24340,7
25367,0
521,7
699,2
723,6
878,3
1582,2
1658,4
1742,4
2728,6
2792,7
3492,0
3542,0
3572,2
3627,2
3823,7
3840,0
3932,2
4052,2
4075,6
4079,6
4752,0
5196,6
6067,2
6277,3
6381,5
6582,4
6777,2
6806,1
7285,0
7325,1
7490,4
7549,0
8077,6
8798,0
8834,6
8842,6
8906,2
8910,0
8952,2
9042,2
9676,6
9712,7
9778,0
9792,4
9982,0
10486,4
10686,2
11540,6
11564,0
11895,0
11987,2
12109,0
13129,1
13329,0
14004,0
15247,5
16305,5
18215,1
18219,7
19017,3
20079,0
24365,7
140,1
297,6
1001,0
1130,6
1426,4
1768,6
1879,3
2020,2
2724,0
3008,2
3249,2
3287,7
3950,6
4187,6
4531,4
4784,4
4946,0
5190,6
5214,4
5334,4
5874,2
5880,2
5998,0
6422,2
6501,2
6935,3
7030,2
7805,0
8163,0
8182,4
8403,2
8529,6
9058,2
9480,6
10093,3
10308,5
10393,0
10616,3
10725,2
11028,4
12016,4
12619,5
14043,2
15640,0
18243,3
20179,0
24357,7
31,7
279,3
707,2
814,6
839,3
1996,2
2041,6
2554,7
2943,5
3027,2
4078,6
4432,2
4464,0
4512,4
5004,0
5162,4
5289,0
5335,5
5889,0
6328,1
6439,0
6614,0
7162,3
7350,3
7766,2
8470,3
8650,3
9001,4
9313,3
9349,2
9529,4
9994,0
9996,7
10358,5
10452,3
10553,7
10821,3
12099,0
12738,0
13041,7
13449,0
13522,4
13601,0
13899,7
14475,0
15804,7
15813,4
17255,5
17825,0
18064,1
23732,4
24353,7
4,9
257,6
543,3
637,4
1004,3
1444,6
1656,3
1884,6
2113,3
2341,3
2718,2
3025,2
3174,4
3306,0
3613,0
3791,6
4194,0
4364,4
4956,4
5393,2
5787,2
6706,7
6759,6
6915,0
7004,0
7390,2
7642,0
7714,7
7961,0
8591,4
8760,2
9406,0
9606,6
9916,6
9969,6
10077,0
10222,5
10425,5
10580,2
11971,0
12744,5
14573,2
14589,5
15307,0
17125,5
17264,7
18373,6
20248,0
20979,0
21103,7
24878,0
108,6
231,3
648,3
835,4
1822,6
1941,2
2052,4
2200,7
2374,3
2389,3
2462,7
2486,2
2651,6
2779,3
3056,0
3155,4
3240,0
3328,5
3581,7
4320,6
4474,2
4713,3
5285,2
5503,0
5715,0
5931,2
7100,2
7671,3
8091,0
8463,5
8481,2
8840,6
8913,6
9030,2
9041,2
10061,4
10703,6
10760,3
10906,0
10947,0
11042,0
11087,3
11157,0
11181,3
11199,2
11764,5
11828,0
11936,0
12030,2
12157,6
12505,0
12761,0
13952,2
14329,0
14494,0
15454,0
15618,0
15923,7
15940,2
16712,4
18076,0
19091,7
20027,4
20670,7
24339,7
24361,7
27137,7
483,4
567,0
767,3
784,6
1083,3
1346,2
1415,6
1448,4
1489,4
1538,0
1624,7
2123,6
2135,3
2607,1
2883,2
3831,6
4074,6
4166,7
4280,7
4541,0
4789,3
4807,3
4916,0
5015,6
5296,2
5327,4
5559,3
5869,5
5893,6
6401,7
7345,0
7654,0
8162,3
8493,3
8549,7
8709,3
8820,2
8938,4
9095,5
10356,5
10380,7
10466,3
11929,6
11950,0
13248,4
13893,4
14998,1
15667,0
15801,0
15938,2
16833,5
17321,4
18047,7
19525,4
19815,7
23530,3
595,6
958,6
984,0
2926,7
3030,0
3041,3
3042,1
3481,4
3484,4
3702,5
4063,6
4146,2
4150,2
4636,2
5457,2
5566,2
6356,0
6754,6
7035,0
7138,2
8419,4
8540,7
8619,6
9754,2
9816,0
10509,3
11058,5
11259,7
11951,4
11954,3
12280,6
12435,4
12694,4
13564,7
13743,0
14180,1
15010,0
15343,2
15715,0
16107,0
16465,7
16765,0
17064,0
17968,0
17969,5
23719,4
24374,7
25445,0
267,2
321,7
1106,6
1655,2
1919,0
2204,4
2349,7
2487,7
2502,4
2788,2
3134,3
3391,3
3457,6
3545,2
3855,3
4212,0
4407,6
4583,6
5123,6
5255,4
5722,0
6208,4
7327,3
8092,2
8150,7
8161,2
8364,2
9036,3
10098,2
10404,6
10708,0
10921,3
11004,4
11461,0
13983,2
14951,0
15411,0
17221,3
17835,0
17932,0
18296,0
24371,7
349,3
589,6
792,4
930,4
1023,6
1050,6
1547,4
1774,2
1843,5
2771,7
3064,4
3211,3
3622,0
3878,3
3936,0
4209,3
4697,2
5516,6
5859,0
5924,0
6350,3
7267,3
7290,0
8409,2
8664,3
8888,6
9281,0
9297,7
9703,6
9783,6
10519,0
11018,3
11055,0
11933,7
12134,7
12750,1
13103,0
13991,2
15280,0
15435,4
15803,0
16502,4
18269,0
19616,7
19744,5
21746,7
22797,7
24338,7
24342,7
25552,0
700,7
823,7
1352,0
1474,4
1588,3
1898,4
2134,4
2702,4
3746,6
4329,6
4334,6
4521,4
4912,3
5686,7
5731,2
6284,0
6556,0
6734,7
6796,2
7239,0
7313,3
7727,1
8118,0
8301,6
8468,3
8559,0
8563,2
8818,0
10532,2
11265,5
11970,2
12633,3
12909,0
13124,7
13304,0
13459,5
13944,5
14802,0
15796,0
16931,3
17100,0
18447,0
24337,7
580,4
1117,0
1455,2
1611,0
1805,2
2160,2
2422,2
3960,6
4193,0
4968,6
5083,6
5209,2
5454,7
5871,2
6028,0
6293,0
6633,0
8157,0
8388,0
8430,2
8464,0
8738,6
8817,6
8933,4
9070,3
9326,2
9841,6
10059,0
10080,0
10969,7
11085,0
11234,0
11427,0
11566,0
11704,5
11804,5
11843,0
11886,4
12299,7
14070,0
14300,4
15420,0
15624,4
16067,4
16988,0
17096,5
17950,0
17962,0
18044,1
18308,5
21568,7
23734,4
23736,0
23752,4
26848,0
326,0
473,3
995,3
2001,4
2075,2
2211,2
2314,6
2425,6
2739,1
3308,3
3356,3
3675,0
4085,6
4347,6
4423,6
4582,0
4678,0
5093,6
5475,0
5563,3
5882,2
5957,0
6110,6
6534,3
6555,2
7039,3
7512,6
7514,2
7597,2
8365,2
8659,3
8710,2
8735,7
8833,6
9460,4
9784,0
10229,0
10813,0
10927,2
11021,5
11127,0
13269,7
13777,0
14313,0
14852,2
15057,6
16556,4
17896,1
18277,0
18420,3
18451,5
21530,0
24341,7
24358,7
310,6
323,0
339,0
639,6
764,2
889,2
1355,0
1412,4
1555,6
1940,2
2165,2
2253,6
2477,2
2509,4
2638,1
2774,3
3703,6
3800,4
3896,3
4012,3
4045,6
4221,3
5023,0
5359,0
5906,6
6094,0
6459,7
6611,0
6939,0
7146,2
7380,6
7823,6
7924,4
8185,6
8244,6
8551,7
8553,6
10785,0
10827,7
11268,2
11381,1
12222,2
12281,6
12287,6
12436,2
12764,6
13654,4
14195,0
14306,0
14733,0
15720,0
16710,0
17922,0
17984,0
18210,0
18234,0
18810,3
21717,0
24387,7
24389,7
27130,0
249,6
394,6
987,0
1995,6
2267,2
2398,0
2410,0
2882,4
3014,4
3463,2
3680,4
3711,6
3914,6
4059,4
4336,6
4522,3
4608,3
4865,0
5014,6
5043,0
6508,2
6516,3
6561,0
7202,3
7717,3
8008,0
8016,0
8099,0
8313,6
8471,5
8504,2
8505,0
8622,6
8731,7
8989,4
9048,3
9672,7
9966,0
10872,1
11117,0
12017,0
12989,4
13132,0
13950,2
13989,0
14521,4
14636,7
15365,0
16693,0
16877,7
17683,0
18408,0
18661,0
20984,0
23886,0
24373,7
24381,7
69,6
165,0
381,6
480,4
557,3
1024,4
1364,1
1382,2
1752,5
1760,5
2361,4
2424,4
2971,2
2995,3
3630,2
3891,3
3905,3
4489,3
4887,0
5115,6
5121,6
5249,3
6584,6
6826,3
7008,3
7092,3
7191,0
7459,3
7826,6
7889,0
8125,6
8269,6
8723,6
11156,1
11631,0
12060,7
12210,2
12475,2
12498,0
12710,0
12752,2
13139,0
14404,0
14927,3
16436,2
16527,4
16557,4
16821,0
17810,0
17882,0
18481,0
18654,6
19063,5
23728,4
59,6
311,6
912,0
1133,2
1534,4
2103,3
3665,2
4401,6
4771,3
5019,0
5149,6
5193,2
5287,6
5421,2
5877,5
6024,0
6430,0
6649,0
6737,4
7344,4
7664,0
7940,6
8353,6
8446,0
8658,7
8848,6
8987,3
9732,1
10558,0
10568,5
10698,3
10916,0
11416,7
11650,0
11771,2
12057,0
12139,2
13371,1
13633,0
13842,0
13967,2
14213,7
17860,0
18098,1
20298,0
23694,4
23695,4
23696,4
24345,7
24386,7
45,6
522,7
1503,2
1892,4
1998,2
2015,2
2091,3
2252,3
2258,3
2355,0
2541,2
2551,7
2677,2
3254,1
3372,4
3493,6
3503,6
3673,2
3947,6
4441,6
5027,6
6019,0
6757,0
6782,3
8459,4
8960,4
9418,0
10535,5
10662,6
10823,3
11192,5
11223,2
11413,0
11443,4
13092,4
13099,7
13878,0
13979,4
14092,3
14326,3
14572,0
14803,0
15814,3
15861,0
16302,4
16416,4
16449,1
16985,0
17099,0
17773,5
17829,0
18582,5
23599,7
23742,0
23823,4
24369,7
25915,5
26692,2
463,6
1405,6
1809,3
2019,7
2158,6
2333,6
2419,3
2775,3
2885,7
3251,2
3376,6
3398,7
3768,6
4176,6
4451,2
4931,7
5506,0
5633,0
5657,2
6272,0
6494,2
6529,0
6808,3
7108,0
7896,6
9080,0
9106,4
9356,6
9508,4
9569,2
9702,2
9720,4
9852,2
10092,4
10477,7
10715,3
10795,0
10966,7
11033,2
11695,0
11859,0
12170,2
13651,0
13918,0
13970,2
14169,0
14799,0
17170,2
17248,5
18490,0
23751,4
23824,4
24376,7
24378,7
138,3
704,0
1077,3
1546,6
1857,7
1883,0
1938,7
2092,6
2431,2
2558,1
3153,6
3280,6
3311,0
3925,6
4065,6
4207,0
4436,3
4492,0
4679,7
4913,3
5148,6
5691,7
6006,6
6266,0
6605,2
6635,0
7050,0
7746,0
7928,3
8152,4
8248,6
8486,0
8911,2
9388,0
10976,6
11096,0
11582,0
11981,0
12063,0
12088,0
12308,0
12588,2
12758,3
13003,3
13233,4
14159,3
14958,0
15018,0
15687,0
15902,4
16010,0
16050,7
16646,7
16713,7
18039,0
18102,0
18515,0
25344,3
20,4
90,4
170,3
1916,6
2170,6
2730,2
2881,2
3752,3
4025,6
4125,6
4394,2
4572,1
4665,7
4709,6
4832,7
5470,2
5818,2
5976,7
6373,6
6988,0
7479,3
8145,0
8371,2
8406,0
8564,4
8569,2
8597,4
9059,2
9815,6
11003,2
11043,0
11064,2
11458,6
11575,4
11618,7
11770,2
12014,0
12049,7
12445,0
12585,4
13296,0
13649,6
14071,0
14293,2
14794,5
15780,0
16280,0
16448,0
17247,0
17260,3
17964,0
18286,0
18945,3
19031,6
19747,5
23053,4
24360,7
198,6
298,6
512,5
867,5
1051,3
1571,4
1803,4
2284,0
2421,3
2600,2
3006,2
3864,3
4321,6
4777,4
4788,4
4914,0
5084,2
5100,6
5439,2
5739,0
5800,2
6726,0
6926,0
7338,0
7399,0
8047,1
8211,3
8289,0
8294,7
8449,2
8542,6
10613,3
10817,3
11024,0
11115,0
11257,1
11282,4
11717,5
12434,3
12595,4
12664,4
12703,4
12893,4
13240,4
13521,2
13839,0
14657,0
14983,6
15051,0
15309,0
15545,0
15578,0
15761,0
15915,2
15998,0
16410,6
16953,4
16997,4
18334,0
18401,0
18449,0
18960,0
20215,0
20254,0
20471,0
23601,7
23602,7
24349,7
24354,7
24356,7
173,0
252,6
1069,0
1453,5
1488,0
1516,6
2151,0
2561,0
2660,0
3944,6
4706,0
4915,2
5038,3
5262,6
5292,3
5813,5
6296,2
7106,5
7471,0
7939,2
8031,0
8106,3
8539,0
8706,4
9403,1
9575,6
9829,6
10043,2
10067,2
10690,6
10904,0
12429,0
12512,4
12725,4
14215,4
14294,2
14314,0
14816,3
15658,2
15679,0
16093,3
16104,0
16583,0
16930,0
17753,0
17768,7
18272,0
23597,7
23686,4
24347,7
24364,7
24382,7
24385,7
715,0
1442,4
2482,2
3190,2
3204,0
3753,1
3853,2
4080,6
4086,6
4929,6
5451,5
5796,0
5973,2
6320,6
6346,0
7273,3
7282,4
7394,0
7534,6
7675,3
8276,6
8472,6
8473,3
8694,3
8966,2
9727,0
9980,6
10382,2
10506,2
10869,6
11197,6
11321,0
11715,4
12601,1
12983,0
13307,6
13727,0
13758,2
13761,2
13780,0
13935,2
13962,0
14163,5
14234,0
14301,4
15522,0
15808,3
16476,3
16497,0
16553,4
16745,0
17074,0
17834,0
18416,1
20772,4
23059,3
24184,7
24241,0
24370,7
25523,0
189,6
963,3
1060,3
1706,4
1789,4
2196,2
2458,6
2574,6
2674,7
2686,2
3067,6
3920,4
4366,4
4672,0
5079,0
5117,6
5129,6
5194,7
5450,0
5632,2
5821,3
7054,0
7185,4
8897,2
9019,0
9306,5
9978,5
10018,4
10583,3
11923,0
12002,2
12146,0
12513,4
12681,6
13757,0
13913,2
14580,0
15433,3
15538,0
15880,5
16377,0
16421,2
18516,3
22866,0
23700,4
23779,4
24352,7
24844,0
316,4
374,6
406,2
708,0
712,2
975,4
1541,0
1557,3
1722,4
1895,4
2219,6
2311,2
2529,6
2542,7
3019,0
3131,2
3168,4
3656,3
3869,3
3926,7
4044,6
4157,3
4772,0
4932,3
4969,6
5042,3
5185,6
5420,7
5732,4
5861,2
6264,0
6458,7
6554,6
6833,2
6953,4
7165,0
7340,0
7408,0
7658,3
8171,2
8594,5
8832,6
8837,6
8941,3
9920,6
10201,0
10221,0
10359,6
10424,0
10781,3
11376,6
11570,4
11668,6
11720,0
12132,5
12142,0
13262,0
13295,0
13537,6
13544,0
13706,0
13811,5
13897,0
14542,4
14551,7
14687,6
14947,0
15360,0
15774,0
16651,0
16798,4
17921,0
18135,0
18457,0
19008,4
19013,6
19890,4
23421,7
24025,4
24380,7
5,3
47,0
116,7
331,2
490,4
518,2
868,4
1794,3
2011,4
2562,4
2743,0
2846,2
2890,2
2896,3
3084,3
3471,0
3884,3
4377,0
4446,0
4463,7
5168,6
5991,6
6702,5
6792,0
7263,3
7336,6
7604,0
8149,2
8316,6
8825,2
8898,0
8926,4
9505,3
9661,6
9736,6
10719,6
10849,6
11140,7
11966,2
12317,6
13301,0
13451,5
13460,7
13589,0
14048,0
14702,4
15204,6
15818,3
16552,4
16688,0
17004,2
17762,3
18051,0
18471,0
19449,6
24379,7
430,4
479,2
519,2
742,6
884,0
1645,3
1791,4
2121,0
2240,5
2287,4
2485,4
2760,1
2803,0
3683,0
3857,4
3919,3
4162,7
4756,6
4845,0
5016,6
5031,6
5402,0
5459,3
5462,7
5660,3
5914,3
6433,0
6641,3
6733,0
6995,0
7135,0
7248,0
7680,2
7698,2
7827,6
8205,0
8359,5
8427,2
9000,0
9662,6
9871,6
10205,0
10410,0
10485,2
11209,7
11238,2
11266,3
11395,3
11616,6
12604,7
12793,2
13227,0
13292,0
13404,4
13984,0
15259,0
16472,4
16518,4
16531,4
16718,6
17003,0
17163,3
17876,1
18061,0
18063,1
18264,0
18642,0
23085,7
23691,4
23710,4
23713,4
23760,4
24346,7
24367,7
24388,7
207,6
442,7
810,2
905,0
944,4
1094,6
2009,4
2776,3
3039,3
3171,2
3182,2
3365,3
3399,2
3507,0
3769,6
3958,6
4076,6
4195,0
4303,6
4312,6
4319,6
4349,6
4433,0
4599,0
4894,6
4967,0
5105,1
5911,2
6163,2
6420,3
6640,2
7027,0
7406,2
8270,6
8665,6
8679,3
8935,0
9253,0
9320,0
10293,5
10459,0
10979,7
11131,0
11226,0
11254,0
12263,0
13506,2
13535,0
13931,2
14862,1
15357,0
15477,0
15583,0
15596,0
15896,2
15914,6
16659,0
16811,0
17824,0
18257,0
18368,5
18805,0
18991,3
19806,2
20097,3
20104,0
21974,7
24344,7
24368,7
27143,2
603,0
1031,7
1291,9
1409,4
1569,2
1663,4
1683,2
1758,4
1991,6
2228,2
2455,0
2516,0
2740,0
3386,3
4472,3
4494,2
4828,0
4900,3
5009,2
5037,3
5235,6
5547,2
5647,0
5706,2
5760,2
5930,0
5951,0
6129,0
6232,4
6233,2
6295,5
6515,0
6612,0
7131,1
7225,6
7522,0
7859,1
8263,3
8791,3
8876,2
8894,2
9040,3
9856,6
10622,0
10652,2
10892,3
11013,0
11062,0
11116,0
11196,2
11275,2
11425,7
11426,1
12499,1
12581,1
13031,5
13253,0
13566,3
13646,0
13739,2
13928,2
14335,3
15058,6
16480,2
16652,7
16925,0
17947,0
17960,0
17963,0
18390,4
23727,4
24350,7
24384,7
168,1
250,6
393,2
756,6
762,2
965,0
1000,6
1708,2
1905,4
1937,7
2201,6
2298,7
2632,6
3284,6
3643,6
3908,0
4154,2
4213,0
4285,2
4307,0
4362,0
4849,4
4966,2
4975,4
5298,2
5361,7
5609,7
5684,6
5827,3
5984,6
6249,0
6278,0
6511,2
6801,6
7084,2
7400,6
7437,0
7519,0
8442,2
9008,4
9086,3
9301,6
9318,3
9330,3
10076,0
10083,2
10208,0
10292,5
11249,0
11463,0
11863,5
11910,0
11956,0
12195,3
12985,7
13086,0
13230,4
13501,7
13815,0
14354,0
14432,0
14760,7
14916,3
15785,0
16041,4
16887,0
17027,5
17863,0
17982,7
18367,0
18588,4
18731,0
19757,7
21978,0
23853,0
24348,7
24383,7
24390,7
155,0
233,3
417,6
481,3
631,4
761,0
1032,5
1418,7
1605,4
1929,4
2289,4
2379,3
2623,2
2853,2
2915,0
2989,2
3506,6
3552,0
3981,6
4006,6
4047,0
4097,4
4290,0
4729,0
5654,2
5989,7
6421,1
6610,6
7377,3
7469,4
7492,0
7587,6
7672,0
8250,6
8380,7
8416,4
8751,3
9379,2
9583,7
10033,0
10194,2
10734,0
11079,0
11166,0
11684,0
11806,6
12115,4
12177,0
12548,2
13081,0
14567,0
14965,7
15290,4
15312,3
15459,0
15798,0
17766,7
17873,0
17973,0
18000,0
18006,0
18729,0
18952,5
19743,5
19933,0
23600,7
23782,4
23986,0
25336,2
25407,0
25415,3
25470,7
26855,7
913,0
1111,4
1328,2
1684,2
1957,6
2191,4
2440,4
2869,3
3621,6
3868,2
3899,6
4132,1
4155,0
4352,0
4360,6
4412,6
4435,3
4836,4
4867,7
4955,5
5116,1
5144,6
5745,3
6091,0
6408,2
7899,1
8064,7
8550,7
10026,0
10036,2
10261,6
10299,2
10581,3
10726,2
11049,0
11095,7
11188,4
11280,3
11438,7
11701,0
12037,0
12150,2
12270,7
12975,0
13299,0
13665,0
13894,6
14128,4
14227,0
14674,0
14758,4
14964,0
15226,2
15563,0
15584,5
15950,7
16328,2
16632,0
16654,4
17128,0
17177,0
17821,5
17846,0
17986,0
17993,0
19088,2
19562,0
20038,0
20167,0
24359,7
401,0
1578,4
1615,4
1738,0
2013,3
2045,7
2386,0
2622,2
2758,2
2886,0
3257,2
3458,2
3876,3
3883,1
4060,0
4061,5
4131,6
4163,7
4415,6
4979,2
5379,2
5411,4
5434,7
5477,4
5693,6
6594,6
6766,0
6772,0
6884,6
6989,0
7179,0
7439,0
7854,2
8194,6
8532,3
8588,2
8590,7
9231,5
9466,6
9585,3
9835,6
9918,6
10052,0
10809,6
10818,7
11086,0
11141,7
11159,0
11205,3
11421,6
11622,3
11921,0
11949,2
11985,3
11995,4
12090,1
12769,2
12959,0
13050,7
13569,4
13919,0
13936,0
14090,7
14922,0
15730,4
15779,0
15805,3
16076,5
17094,5
17257,0
17777,1
17900,0
18004,0
18097,6
18266,0
18622,7
18961,0
18993,3
20499,7
23717,4
24355,7
24362,7
27142,0
224,0
234,2
380,6
492,3
553,3
1101,4
1604,3
1642,2
1743,4
1904,2
2173,3
2181,4
2344,2
2507,4
2533,4
2683,0
3147,0
3179,4
3965,4
4520,2
4671,2
4749,6
5001,1
5494,2
5992,3
6710,2
6810,3
6828,1
7562,2
7999,0
8010,2
8438,0
9338,6
9935,3
10012,5
10090,3
10238,3
10363,0
10434,2
10664,5
11027,0
11291,3
11696,5
11943,2
12095,5
12166,0
12420,0
12437,2
13241,4
13685,4
14919,6
15053,4
15598,0
15745,0
15807,3
16528,4
16593,3
16719,0
16807,1
17814,3
17867,0
17890,0
18198,7
18212,0
18314,0
18508,3
18602,0
19030,5
20063,0
21039,0
23556,7
25342,0
315,3
332,6
541,3
892,3
1138,0
2496,2
2673,7
3103,2
4685,0
4693,6
4842,0
4981,3
5734,6
5779,0
5808,2
6032,0
6153,2
6340,3
6353,3
7119,0
7467,7
7728,1
8657,4
8754,6
8853,4
9065,3
9097,0
9340,3
9426,0
9907,4
10217,0
10542,6
10677,0
10886,0
11334,7
11410,0
11585,3
12259,2
12344,6
12551,0
12574,6
12596,0
12685,3
13110,4
13177,0
13399,0
13636,0
13812,2
13816,5
14031,0
14054,0
14097,2
14196,0
14473,1
14708,2
15050,4
15381,0
15724,0
15925,4
17801,5
17869,0
17871,0
17927,0
20066,3
22730,7
23531,7
23826,4
24363,7
24372,7
24377,7
164,0
585,3
624,2
716,0
898,4
966,2
1559,6
1570,7
1958,6
2322,4
2345,4
2527,2
3113,3
3141,2
3776,2
4455,7
4458,0
4943,0
4947,0
5294,0
5615,5
5624,0
5870,5
6193,6
6405,0
6512,0
6761,0
6931,4
7012,6
7150,6
7196,2
7376,4
7404,0
7465,0
8170,0
8181,6
8788,0
9213,5
9271,5
9758,7
9952,0
10212,0
10408,2
10493,0
10495,4
10682,3
11006,3
11567,0
11601,7
11750,0
11919,2
12068,5
12092,0
12108,0
12133,5
12594,2
12879,0
13144,6
13282,4
13319,0
13704,7
13774,0
14382,5
14481,6
15467,5
15777,4
15817,0
15904,2
15911,2
16079,0
17010,3
17097,6
18268,0
21823,4
24351,7
25351,0
460,0
695,0
837,4
888,2
1667,3
2128,2
2180,6
2641,4
2947,0
3055,0
3117,2
3215,4
3377,0
3669,2
4143,6
4426,3
4605,0
4751,0
4909,0
4984,6
5029,3
5617,3
5724,3
6923,6
6946,3
7007,0
7525,7
8392,6
8401,6
8560,6
8617,2
8865,6
9043,3
9076,2
9112,6
9247,0
9280,6
9528,6
9666,0
9913,6
9972,5
10364,7
10507,3
10988,9
11565,0
11869,4
11882,3
12082,6
12202,6
12278,3
12452,2
12615,3
12791,0
13261,2
13714,2
13731,0
13981,2
14074,3
14598,3
15416,0
15464,0
15527,0
16064,0
16098,3
16721,0
17222,7
17783,7
18223,1
18415,0
19032,0
19150,2
21825,0
22007,7
22857,4
24436,0
25447,3
25452,0
25705,0
0,2
588,6
1123,3
1544,2
1669,6
1762,5
1871,6
1880,4
1990,4
2031,7
2331,4
2370,2
2726,0
2795,3
3351,0
3364,4
3419,2
3586,2
4081,6
4627,2
4877,6
4881,0
4996,0
5261,0
5556,4
5648,0
6300,0
6343,0
6382,1
7099,6
7976,3
8230,6
8421,2
8565,7
8784,0
8816,7
8924,6
9274,7
9478,6
9728,0
9761,0
9912,0
10270,4
10974,2
10994,6
11001,2
11331,0
11623,3
11630,2
11688,4
11857,0
12490,0
12638,5
12760,1
12813,0
13105,0
13260,0
13911,0
13995,3
14186,3
14229,6
14239,2
14332,0
14715,0
15230,0
15339,7
15669,5
15722,0
15802,0
15917,6
16427,4
16576,4
16690,7
18130,0
19862,3
19971,3
20003,4
20094,4
20266,0
20312,0
23685,4
24075,0
24375,7
390,0
456,6
800,7
1383,0
1463,4
1692,4
1832,3
1837,4
1920,4
2254,2
2259,2
2309,2
2450,3
2525,4
2770,6
2826,3
2941,4
3053,0
3187,2
3258,2
3844,2
4598,0
5177,6
5250,6
5326,2
5755,0
5867,2
6409,4
6622,0
6652,2
6736,0
6837,6
6862,2
7178,0
7624,3
7752,7
7828,0
8104,0
8186,0
8204,6
8267,6
8445,7
8884,0
8942,3
9260,5
9284,2
9358,3
9833,3
10350,3
10801,3
10808,3
11008,0
11191,0
11295,0
11337,4
11502,7
11642,2
11675,2
12127,9
12250,3
12290,6
12483,2
12546,0
13010,0
13225,3
13431,4
13657,0
13773,5
13846,0
13907,2
14039,3
14134,0
14699,0
14820,1
15038,0
15528,0
15771,0
15894,0
16574,4
16577,4
16585,3
17134,0
17791,7
17868,0
17891,0
18036,1
18118,0
18293,0
18336,0
18680,7
18992,4
19111,2
20730,0
23702,4
25432,0
152,3
1373,4
1637,7
1911,7
2008,4
2376,2
2705,3
3310,6
3839,0
3851,7
3943,0
4034,4
4225,0
4291,6
4427,6
4834,0
4889,0
5111,7
5124,6
5305,0
5510,1
5626,4
5701,0
5892,6
6164,3
6969,3
7053,0
7228,0
7266,3
7975,1
8027,0
8271,6
8435,7
8666,4
8704,7
9075,5
9479,7
9704,5
10223,5
10226,2
10361,7
10465,3
10481,7
10985,4
11035,2
11068,2
11424,6
11500,2
11583,4
12106,7
12282,3
12307,2
13168,3
13243,2
13279,0
13516,5
13900,1
13901,0
15201,6
15374,0
15571,0
16332,0
16391,4
16451,4
16683,6
16701,1
16828,0
17275,4
18084,0
18240,0
18524,0
18831,6
19973,7
20092,0
20108,0
20288,2
20493,3
22770,0
23532,7
23687,4
23878,4
241,6
582,3
616,0
980,4
1399,4
1572,6
1994,4
2002,6
2007,1
2334,2
2385,0
2469,6
2807,0
3250,2
3533,6
4642,2
5054,0
5441,0
6195,2
6497,0
6768,0
6919,0
7430,2
7621,0
7771,4
7829,3
8212,4
8224,6
8362,0
8518,2
8662,6
8686,6
9308,0
9449,6
10023,0
10047,4
10515,5
10998,4
11180,3
11531,2
12810,0
12945,0
13126,7
13293,2
13598,0
14241,0
14324,3
14515,2
14596,3
15536,2
15787,0
15800,0
16633,0
16951,2
17135,0
17258,0
17763,6
17771,0
17865,0
17957,3
18007,0
18035,1
18397,0
19220,2
21950,0
23705,7
23762,4
25369,0
25389,0
486,6
1411,4
1472,3
1563,4
1585,1
1685,4
1690,4
2085,6
2281,4
2443,6
2715,3
2722,6
2895,2
2927,2
2942,3
3221,0
3434,2
3474,2
3865,2
4286,0
4417,2
4473,6
4613,1
4676,3
4891,3
4907,6
5085,2
5453,2
5746,5
5758,1
6254,0
6384,6
6732,0
6756,2
6821,0
6864,4
6978,3
7094,2
7552,0
7645,0
7822,4
8133,2
8209,4
8229,3
8522,2
9022,3
9404,6
9800,0
10024,0
10081,2
10328,5
10556,4
10610,2
10759,3
10815,3
10909,2
11429,5
11646,0
11799,0
12013,2
12631,2
12736,4
13300,0
13611,7
13700,2
13837,0
13903,0
14002,2
14233,7
14237,0
14795,3
15328,0
16447,4
16479,0
16503,0
16749,3
17782,0
17838,0
17928,0
18032,3
18270,0
18459,1
18463,3
18937,0
18958,0
19036,7
19086,2
20212,0
20344,0
23716,0
307,1
334,3
562,3
746,6
891,3
914,3
1006,3
2156,4
2294,3
2332,4
2358,0
2444,2
2669,3
2787,6
3154,0
3303,0
4470,1
4607,0
4694,0
4776,2
4911,6
5040,3
5045,3
5474,2
5721,0
6127,7
6192,4
6406,0
6564,2
6588,4
6892,6
6992,4
7096,0
7173,3
7476,7
7496,1
8923,2
8948,4
9557,4
9849,6
10310,5
10474,4
10476,0
10636,2
10644,3
10846,3
10981,0
11219,0
11447,0
11752,3
11780,0
11790,0
11813,0
11959,0
12493,3
12970,1
13390,7
13508,6
13653,0
14027,0
14187,2
14251,2
14297,4
14309,0
14484,0
15006,0
15348,0
15723,0
15883,3
15990,3
16431,4
16437,0
16494,0
16509,4
16734,3
17111,3
17767,7
17899,0
18619,4
18738,0
19095,6
19975,0
20020,4
20188,0
20267,0
20269,0
23767,0
23935,4
693,0
909,6
1495,4
1497,4
1632,4
1687,4
1959,4
2286,6
2624,4
2682,0
2762,0
3169,6
4107,0
4493,6
5579,2
5634,0
5643,2
6043,3
6082,6
6274,0
6645,0
7055,3
7147,6
7172,4
7416,0
7432,0
7535,3
7640,3
7971,3
8018,2
8312,6
8366,2
8547,9
8601,3
8762,6
9319,6
9608,4
9694,3
9977,7
10045,3
10267,6
10367,3
10570,7
10599,7
11025,3
11080,0
11110,0
11231,2
11407,3
11552,6
11747,6
12076,4
12077,0
12145,2
12213,2
12430,0
13067,0
13094,7
13481,2
13664,2
13912,7
13927,5
14080,0
14265,4
14343,0
14421,6
14526,3
15291,3
15368,2
15370,0
15484,0
16523,4
16575,0
16800,1
16926,4
17722,0
17797,0
19002,5
19161,3
21939,4
23541,7
23688,4
23795,4
24147,0
24760,7
191,3
268,4
826,0
1076,3
1093,4
1103,4
1397,4
1529,4
1725,4
1757,2
1854,4
2077,2
2163,4
2224,3
2305,2
2381,1
2549,4
2634,1
2690,6
3198,5
3959,4
4381,1
4573,0
4859,3
4908,6
5429,6
5606,3
5753,3
5873,0
6037,3
6059,3
6461,0
6809,3
7253,0
7792,1
7816,4
8111,2
8354,3
8385,3
8630,2
8779,0
8962,2
8984,6
9031,2
9518,6
9556,7
9814,4
10202,0
10210,0
10272,4
10740,3
10834,4
10952,0
11019,5
11092,7
11553,6
11714,2
11842,0
12117,0
12318,5
12466,2
12480,2
12668,4
12904,3
13419,5
13556,4
14050,6
14079,2
14081,2
14132,0
14547,2
15206,3
15284,0
16051,6
16089,0
16090,0
16524,3
16558,4
16567,3
16868,3
17075,0
17106,0
17788,3
17794,0
18251,0
18299,0
18671,3
19094,3
19966,0
19970,3
23068,4
23785,6
150,2
328,0
346,1
552,2
618,2
1370,4
1388,4
1440,6
1802,6
2081,5
2234,2
2399,7
2404,0
2531,6
2794,3
3674,1
4019,0
4240,0
4595,0
4708,3
4993,6
5171,0
5276,0
5391,2
6148,0
6196,2
6817,0
7346,0
7363,4
7450,1
7678,5
7701,2
7719,2
8022,6
8384,6
8534,4
8639,6
9021,3
9061,3
9105,3
9456,6
9607,2
9811,7
10896,7
11225,0
11482,4
11841,0
12239,0
12247,0
12463,2
12522,4
12988,2
13006,3
13493,0
13964,5
14003,0
14346,0
15434,0
15616,4
16070,3
16554,4
16929,0
17070,1
17772,0
18013,7
18043,0
18163,5
18236,0
18289,7
18322,0
18426,0
18452,1
19104,3
19109,0
19445,5
20002,0
20476,1
20766,0
23739,0
23768,0
447,6
893,3
978,3
2030,6
2049,6
2261,3
2310,2
2426,6
2569,2
2675,2
4013,3
4164,7
4387,2
4559,0
4935,0
5293,1
5301,3
5435,0
5461,3
6725,0
6973,0
6991,0
7203,4
7914,0
8062,6
8797,0
9516,3
9729,0
10265,6
10282,7
10461,0
10655,3
10675,6
10822,4
11071,5
11074,2
11221,5
11742,0
12061,0
12217,0
12714,3
13014,0
13695,1
13720,0
13825,2
14148,0
14322,3
15046,4
15245,6
15488,0
15762,4
16885,0
17935,2
17953,0
17971,2
18060,0
18068,5
18148,0
18586,0
18605,0
19384,0
21558,3
23897,0
25942,2
856,4
872,2
885,2
1141,3
1296,3
1518,0
1759,4
1877,4
1943,2
2078,0
2863,3
3236,3
3635,2
3942,2
4183,0
4234,6
4532,3
4971,0
5126,6
5308,0
5541,6
5683,3
5774,0
6131,1
6145,2
6469,7
6495,0
7171,2
7187,7
7306,6
7378,0
7478,3
7888,1
8090,2
8158,0
8273,6
8381,4
8789,6
8954,3
9469,7
9627,3
9710,6
9730,2
9785,0
9850,7
9861,6
9879,4
10251,4
10262,6
10372,7
10658,1
10934,6
10959,3
11178,3
11394,2
11808,3
11839,7
11853,0
11930,1
12026,0
12051,0
12262,2
12389,0
12515,3
12907,2
13005,3
13042,3
13208,0
13231,4
13268,2
13479,0
13915,2
14311,0
14670,0
15325,0
15513,0
15576,4
15767,0
15988,7
16571,0
16905,0
17837,0
17841,1
17945,0
17995,0
18183,2
18190,0
18323,0
18391,0
18493,0
19001,5
19087,2
20346,0
20743,4
20988,0
21866,0
24181,2
25366,0
40,6
43,0
350,2
415,6
1704,3
1781,4
1967,3
2043,4
2430,4
2964,7
2970,6
3962,2
4188,2
4197,0
4761,3
4841,0
4870,6
5269,2
5349,5
5448,4
5527,4
5799,0
6052,0
6549,1
6648,0
8042,4
8078,6
8425,3
8498,6
8890,5
9079,2
9107,4
9362,2
9617,6
9770,2
9928,6
10540,2
10668,7
10811,0
10893,1
10907,2
11056,2
11153,0
11217,0
11296,0
11711,2
11796,3
11852,0
11934,3
12692,6
13362,3
13917,2
14086,2
15735,4
15900,2
16337,0
16781,6
17191,0
17879,0
18075,0
18113,0
18120,1
18168,0
18202,3
18282,0
19751,5
19967,0
20139,0
20276,0
22853,0
23870,0
25429,0
117,6
619,7
847,2
860,2
986,0
991,0
1026,4
1080,6
1356,0
1589,3
2248,0
2412,4
2694,5
3388,2
3602,7
3983,6
4046,6
5496,2
5553,2
5979,6
6762,0
6911,2
7152,6
7323,2
7511,2
7648,0
7925,3
7946,0
8134,6
8663,6
8718,0
8821,2
9045,4
9343,0
9371,7
9459,6
10634,2
11026,6
11029,6
11445,5
11733,3
12441,7
12881,4
12910,0
12971,2
13471,2
13930,5
13980,2
14053,2
14661,1
15217,0
15323,1
15600,5
16478,4
16695,4
16867,7
16914,4
17778,1
17970,5
18025,0
19929,0
20199,0
20996,0
22872,2
23970,7
24985,2
26654,6
28,0
443,0
609,5
1423,0
1510,4
1543,4
1707,2
1733,4
1961,4
2670,6
2800,6
2861,7
3173,6
3856,3
3881,3
3971,6
4140,4
4210,3
4550,7
4745,0
4794,0
4811,3
5594,7
6053,3
6191,0
6425,5
6636,2
6921,3
7616,0
7729,0
8127,3
8203,4
9462,6
9584,1
9999,6
10441,0
10651,7
10672,3
10816,6
10881,6
10973,3
11315,7
11676,7
11902,3
12104,4
12144,0
12176,4
12327,4
12624,7
13148,1
13251,7
13573,0
13847,1
14037,0
14072,0
14584,5
14585,0
14693,6
15022,0
15482,5
15734,2
16541,0
16609,4
16664,0
17911,3
17951,0
17978,5
18074,0
18088,0
18153,0
18220,0
18346,3
18455,0
18476,5
18674,2
18982,0
19029,0
19053,3
19064,0
19065,4
19099,5
19163,6
20029,0
20054,0
20157,3
24512,0
25535,0
25701,0
19,4
287,2
887,3
1659,3
1997,6
2100,1
2168,0
2171,6
3603,2
4113,7
4278,2
4650,1
4917,6
5122,6
5387,0
5476,4
5530,0
5557,5
5824,2
6034,0
6118,4
6396,4
6428,0
6873,3
6878,0
7112,0
7132,0
7666,6
7691,6
7869,6
8693,3
8939,4
9098,0
9311,3
9372,3
9467,6
9625,3
10285,2
10588,7
10590,7
10615,3
10754,6
11261,0
11327,6
11710,0
11858,0
12253,2
12607,0
12719,3
12912,0
12957,0
13100,0
13397,7
13401,4
13446,5
13615,2
14093,2
14175,2
14298,4
14345,0
15663,0
15728,2
16386,4
16489,0
16517,4
16845,7
17684,0
18078,0
18096,0
18133,0
18406,0
19640,4
19949,0
20503,3
23614,0
23755,4
25700,1
76,2
696,0
1603,0
2095,4
2329,4
2395,4
2528,2
2545,3
2738,0
3446,4
3626,2
4106,5
4631,7
4639,0
4817,1
4855,6
4961,4
5017,6
5166,2
5182,6
5275,0
5413,0
5794,1
5820,7
5891,2
6307,2
6403,6
6503,6
6578,1
6591,4
6750,4
6794,2
6972,3
7011,3
7307,6
7409,0
7516,2
7772,0
7833,0
7847,7
8121,0
8202,2
8272,6
8795,3
9090,5
9113,3
9500,4
9536,4
10020,0
10193,7
10232,7
10274,1
10575,6
10978,3
11052,0
11176,0
11299,3
11338,2
11404,2
12220,0
12260,0
12319,0
12326,4
12365,0
12446,2
12478,2
12549,6
13202,3
13994,6
13998,2
14165,0
14218,6
14270,3
14450,0
14590,4
14728,3
14878,6
14884,6
15052,4
15405,5
15506,2
16388,4
16401,4
16443,0
17121,0
17880,0
17893,0
18062,3
18105,2
18548,3
19009,0
19097,7
19450,6
19578,7
19911,3
20067,1
20089,4
24031,0
24224,6
25361,0
84,6
286,6
402,4
759,6
1773,3
2736,0
2737,2
3786,6
4637,2
4690,2
5325,0
5481,4
5656,2
5665,3
6351,2
6500,4
6595,6
6661,0
6672,7
7387,7
8225,3
8320,6
8453,2
8580,7
8626,2
8687,6
8691,0
8724,6
8761,6
8914,5
8940,4
8999,0
9257,2
9367,3
9645,6
9914,6
10011,2
10055,3
10237,0
10463,0
10492,1
10600,3
10713,3
11389,5
11420,2
11697,0
11700,7
11727,0
11960,0
11961,3
11974,0
12097,0
12386,0
12397,0
12706,0
13098,1
13286,7
13554,1
13889,7
13945,2
13996,4
14060,3
14312,0
14383,5
14662,0
15763,0
15879,6
16057,3
16555,4
16579,4
16697,0
16803,4
16819,0
16841,4
16873,6
17201,0
17244,7
17770,0
17929,0
17974,0
18073,0
18179,4
18485,3
18626,7
19950,0
20012,3
20080,7
20251,4
20326,0
20330,0
23784,0
35,6
242,6
288,3
325,0
386,3
625,3
821,0
1439,2
1515,2
1574,4
1891,6
1899,2
1992,7
2057,4
2061,4
2179,2
2265,4
2417,2
2500,4
2512,4
2572,7
3110,6
4112,7
4416,0
4462,7
4481,2
4669,2
4775,4
4959,6
5198,6
5218,9
5467,2
5479,3
5518,6
5881,0
5943,2
6012,2
6713,2
7170,3
7541,2
7802,4
7941,1
8093,0
8206,4
8431,0
8921,4
9489,6
9619,4
9693,2
9776,3
9987,1
10001,4
10368,3
10541,6
10650,3
10875,4
11067,2
11130,2
11135,0
11862,2
12788,6
13071,6
13104,0
13119,0
13409,2
13613,5
13616,4
13707,2
14030,2
14095,2
14156,0
14546,2
14672,4
15068,7
15369,1
15769,0
15959,0
16035,3
16300,6
16430,3
17761,0
17859,5
17870,0
17902,3
17905,1
17906,2
17908,1
17955,0
18042,3
18246,0
18263,0
18439,0
18456,0
19100,3
19185,2
19200,6
20453,0
20981,0
20993,0
25373,0
314,0
399,3
411,4
540,2
997,3
1414,4
1629,2
1797,4
1838,3
2014,4
2093,1
2433,0
2476,2
2540,0
2667,4
3214,3
3801,2
3888,3
3893,0
3906,2
4043,6
4114,7
4118,4
4156,3
4179,2
4379,0
4465,1
4649,6
5186,6
5345,2
5533,2
5570,2
5676,3
6708,3
6714,3
6859,4
6981,6
7017,3
7383,0
7531,0
7540,0
7636,5
7795,0
8159,2
8503,2
8891,2
8936,0
9004,3
9009,2
9035,3
9261,6
9296,0
9407,4
9538,4
9568,2
9992,0
10209,0
10263,6
10387,7
10545,0
10591,7
10796,3
11423,0
11534,1
11593,3
11811,7
11829,0
12021,2
12141,7
12148,0
12267,0
12379,0
12630,4
12730,4
12796,2
13480,1
13561,4
13647,3
13821,0
13902,6
13908,5
14073,2
14190,5
14330,6
14406,0
15078,0
15099,3
15308,0
15324,0
15573,0
15944,4
16510,4
16649,1
16813,0
17022,1
17744,6
18030,0
18108,2
18231,0
18292,0
18372,6
18412,0
18461,3
18477,0
18977,0
19871,4
20249,0
20986,0
20990,0
24070,3
201,4
264,3
959,6
988,4
1008,6
1365,0
1584,4
1676,6
1732,6
1868,7
1869,4
1927,6
1933,5
1988,0
2172,4
2291,4
2628,0
2650,7
2741,0
3142,2
3941,6
4327,3
4405,6
4574,6
4609,3
4791,1
4926,0
5086,0
5297,2
5412,0
5497,4
6046,5
6305,0
6437,3
6463,4
6479,2
6627,3
6861,6
6868,0
7093,3
7111,0
7243,4
7262,3
7462,2
7517,2
7539,2
7625,0
8059,2
8417,4
8903,4
9355,4
9395,6
9673,0
10508,4
10895,0
10945,7
10971,2
11123,4
11557,4
11678,3
11792,6
11800,3
12034,0
12251,3
12696,2
12929,2
12961,2
13096,0
13107,2
13370,2
13403,4
13466,3
13877,2
13883,5
13943,0
14664,4
14822,4
14971,0
15242,4
15529,4
15678,0
15752,0
15835,7
16700,0
16723,0
16782,3
16791,4
16823,3
16871,0
17042,5
17760,1
17894,5
17898,0
18230,0
18978,0
19044,0
19093,7
20232,0
23842,4
24164,1
24850,7
27146,2
377,0
576,0
705,0
805,3
861,2
951,7
1039,4
1107,6
1481,2
1485,4
1956,0
2143,3
2192,6
2292,6
2337,3
2451,0
2910,2
3220,6
3476,3
3852,3
3900,6
4108,0
4167,7
4237,1
4398,2
4524,3
5272,0
5913,0
6087,0
6139,2
6400,0
6504,3
6703,0
7097,4
7117,0
7330,6
7347,1
8979,4
9436,6
10073,4
10377,4
10526,6
10748,3
10843,4
11002,3
11297,6
11908,2
12175,0
12310,3
12597,2
13017,0
13078,6
13623,0
13934,2
13969,2
14011,3
14536,3
14917,4
14970,0
14989,0
15605,3
15823,3
15975,0
16546,0
16589,0
16615,0
16864,0
17119,3
17862,0
17864,0
17937,0
17979,6
18146,0
18217,0
18261,0
18324,3
18445,0
18984,0
19913,0
20426,0
21822,4
23757,0
23758,0
23776,0
23892,4
24454,0
25372,0
25404,0
27141,0
278,4
601,3
921,6
990,6
1070,2
1852,4
2208,1
2217,3
2427,4
2454,4
2655,4
2688,4
3871,4
3872,3
4686,0
4778,7
4964,7
5024,0
5284,3
5358,2
5373,7
5389,7
5447,0
6093,6
6099,2
6100,0
6117,4
6238,2
6684,1
7025,0
7164,0
7402,0
7690,0
7832,4
7921,4
7974,1
8256,2
8335,3
8546,0
9002,4
9028,2
9354,0
9416,6
9722,2
9774,3
10268,6
10659,3
10829,3
11778,0
11880,7
11917,5
12306,2
12460,1
12553,3
13008,3
13414,6
13552,5
13932,0
14252,2
14262,3
14339,0
14507,3
15008,0
15414,1
15696,0
16889,0
17738,3
17926,0
17989,1
18026,4
18114,3
18129,3
18448,0
18506,0
18669,1
19115,6
19532,0
20106,0
20745,0
21096,4
22075,2
23547,5
23726,4
23733,4
23744,0
23763,3
23771,0
24201,5
25512,1
46,4
681,0
832,3
844,4
1403,3
1468,4
1491,4
1506,4
1808,3
1989,4
2198,3
2215,2
2383,4
3109,0
3271,3
3495,4
3838,0
3961,0
4168,7
4310,0
4315,0
4440,6
4569,0
4787,3
4818,1
4921,1
5573,2
5582,6
5589,3
5767,2
6097,7
6128,4
6474,0
7107,1
7230,6
7389,0
7758,0
7913,0
8075,6
8223,2
8633,2
8685,2
8849,6
9332,6
9461,4
9525,2
9746,0
9855,6
10029,0
10264,2
10388,3
10589,3
10673,3
10773,2
10842,6
10961,1
11133,4
11220,3
11772,5
11802,2
11855,0
11968,3
12471,2
13009,3
13187,0
13302,0
13305,2
13468,0
13610,4
13655,3
13671,5
14259,0
14597,3
15450,2
15821,0
15832,0
16084,7
16341,3
16403,4
16536,4
16628,4
16638,6
16913,3
17256,0
17751,4
18003,0
18031,0
18206,0
18216,0
18394,0
18855,3
18936,6
18957,0
19024,0
19130,7
19570,4
19789,0
19832,0
20202,0
21725,1
21755,3
23535,0
23825,4
24022,2
24575,7
25825,7
147,2
313,3
1132,3
1470,2
1536,3
1537,4
1793,2
1860,2
1865,7
1901,1
1986,2
2079,0
2174,4
2231,4
2556,0
3066,6
3352,6
3394,0
3889,3
4547,2
4726,4
4744,0
4883,2
5160,6
5542,2
5560,3
5672,2
5822,0
6372,0
6477,0
6542,2
6616,0
6670,2
6815,6
6824,2
6832,0
6857,6
6881,1
6885,6
6930,3
7063,6
7088,0
7564,2
7580,1
7759,0
7960,1
8097,4
8285,7
8491,3
8648,2
8651,3
8995,1
9025,2
9082,2
9262,3
9805,6
10005,0
10551,4
10728,2
10731,2
10901,3
11279,3
12072,2
12098,2
12249,4
12288,6
12387,6
12663,4
12913,4
13426,0
13443,0
14353,0
14525,2
14710,0
14959,0
14973,5
15341,5
15661,0
15664,0
16118,3
16389,3
16482,0
17680,5
17758,0
17990,0
18171,0
18621,6
18929,3
19079,0
19407,7
19410,3
20176,0
22666,5
25354,0
25422,0
25487,3
25784,7
27209,4
290,4
642,0
862,2
1484,4
1554,6
1598,0
1751,2
1830,5
2037,4
2448,2
2627,0
3756,2
3892,3
4144,2
4368,6
4469,1
4633,4
4888,2
5687,7
5775,0
5932,0
5990,3
6041,4
6050,1
6629,2
6630,0
6650,0
6719,4
6784,2
6909,6
7014,0
7186,2
7364,0
7386,2
7434,6
7446,5
7643,0
7699,6
7722,0
7876,0
7878,4
7987,0
8174,2
8321,6
8457,3
8623,0
8756,2
9389,4
9605,6
9683,6
9949,2
10290,5
10512,3
10578,3
10640,3
10831,3
10870,7
10923,6
11263,0
11272,0
11483,2
11489,0
11724,0
11920,7
12472,6
12892,2
12950,2
14155,0
14288,0
14588,2
14682,3
14818,3
15233,0
15253,0
15342,6
15389,0
16515,0
16776,4
17046,0
17887,0
17915,0
18294,0
18302,0
18347,0
18405,4
18424,0
18659,4
18852,3
18964,0
19071,0
20019,0
20069,0
22880,0
23537,3
23863,0
23876,4
25377,0
263,2
957,3
1066,0
1395,4
1410,2
1496,4
1983,7
2064,3
2071,3
2142,4
2245,3
2725,2
3060,2
3082,2
3368,2
3402,2
3480,3
3826,6
3829,4
3890,3
4159,3
4501,2
4702,3
4890,3
5108,0
5608,3
5695,3
5899,3
5907,4
6025,2
6150,0
6210,0
6301,2
6493,0
6537,1
6705,0
6816,4
6920,0
7085,6
7214,6
7237,6
7480,6
7493,6
8383,7
8495,2
8855,6
9442,6
9484,6
9954,6
10399,3
10469,7
10611,3
10943,0
10963,3
11227,2
11375,2
11380,0
11577,6
11759,0
11846,0
11850,0
12080,0
12111,6
12665,2
12885,4
12944,4
13239,3
13276,0
13497,0
13793,0
14049,3
14067,2
14527,4
14886,0
15015,0
15142,2
15672,0
15706,4
15841,3
16303,5
16435,5
16526,4
16691,3
16722,0
16744,2
16904,1
16917,3
17780,3
17812,3
17952,0
18341,1
18535,2
18630,0
18835,4
18912,0
19531,6
19899,0
20096,3
20141,0
20151,6
20272,0
24302,3
24641,2
24991,0
25370,0
26967,0
52,1
244,5
305,0
344,2
360,0
801,7
848,6
1523,0
1636,0
1926,4
2405,7
3152,6
3260,4
3478,6
3931,6
4372,6
4824,0
5253,6
5378,4
5466,0
5550,6
5857,6
6009,0
6018,2
6179,0
6281,0
6304,4
6447,0
6735,0
6985,2
7234,0
7578,0
7751,1
7865,3
8644,2
8796,3
8844,0
8922,0
9433,6
9597,7
9847,4
9862,7
9893,6
10200,0
10204,0
10352,3
10520,3
10567,0
10784,6
10865,6
10905,4
10911,3
10975,6
11083,3
11084,2
11194,7
11200,0
11738,0
11801,0
11838,0
11999,3
12496,2
13089,0
13324,2
13494,3
13617,5
13686,2
13923,5
14084,3
14091,0
14380,2
14603,3
14658,3
14797,6
15013,0
15045,3
15362,0
15396,4
15524,5
15874,6
15898,2
16080,4
16417,4
16653,0
16756,4
16799,3
16835,7
17014,5
17071,0
17747,3
17861,0
17949,0
17972,0
18184,1
18692,0
19040,3
19118,3
19137,0
19774,7
19870,3
20070,7
20095,3
20155,0
20416,1
21533,0
23128,0
24618,0
24637,0
25347,0
25485,0
304,0
410,0
993,3
1097,3
1169,6
1479,4
1596,7
1769,4
1783,4
1824,0
2360,3
2460,4
2679,2
3760,3
3825,0
4115,7
4589,7
4626,3
4819,2
5006,0
5202,6
5320,2
5575,1
5576,2
5698,0
5729,6
6222,7
6891,6
6902,2
6975,3
7182,6
7311,0
7545,3
7777,0
7791,1
7953,4
7982,3
8122,0
8187,2
8452,7
8572,5
8778,0
8917,4
9752,6
10037,3
10057,0
10957,2
10984,3
11179,4
11185,2
11370,2
11628,6
11699,0
11912,0
11963,0
12012,0
12110,4
12125,0
12484,0
12508,5
12580,2
13234,4
13297,0
13364,3
13441,7
13454,3
13477,5
13716,5
13782,1
14010,0
14034,4
14096,2
14145,4
14147,2
14289,2
14340,0
14460,0
14461,3
14602,4
14646,3
14668,6
14684,3
15608,5
15786,0
15916,2
16113,0
16408,1
16432,0
16442,0
16699,4
16818,0
16954,0
17721,2
18123,0
18134,0
18327,0
18421,2
18829,2
18983,0
19139,0
19142,7
19403,3
19474,6
19813,0
19892,3
19916,0
19948,0
19994,3
20001,0
20018,0
20064,0
20081,0
20293,0
20428,2
20892,3
23929,0
49,4
338,3
363,3
571,0
722,4
735,6
1573,6
1834,4
2012,4
2022,4
2335,6
2468,4
2699,2
2855,2
3735,0
3808,3
4141,6
4199,3
4311,3
4395,6
4578,0
4604,6
4648,0
4662,0
4766,0
4863,6
4876,6
5145,6
5383,2
5401,2
5830,0
6339,6
6355,6
6499,3
7193,0
7455,0
7482,6
7606,3
7650,4
7683,2
7990,0
8002,3
8184,6
8390,6
8912,5
9013,4
9038,3
9077,3
9265,6
9558,4
9682,6
9896,1
9941,1
9948,5
10250,3
10453,6
10537,7
10544,0
10745,3
10868,2
10884,0
10913,2
11124,3
11267,0
11378,0
11457,6
11728,0
11774,0
11964,5
11996,0
12018,4
12064,2
12394,1
12501,0
12742,6
12782,7
12790,2
12850,2
13210,3
13316,3
13377,2
13513,6
13658,5
14141,2
14174,2
14305,4
14544,2
15712,0
15773,4
15884,4
16452,6
17242,6
17266,7
17779,1
17807,0
17852,0
17855,2
17939,5
18100,3
18124,0
18203,3
18803,0
19736,5
20056,0
20220,0
21669,0
21828,4
23718,4
23754,0
23769,0
24040,0
25084,7
25360,0
183,4
438,5
527,6
650,7
697,0
1100,3
1473,2
1590,4
1653,4
1671,3
1780,4
1885,0
2086,2
2290,4
2626,7
2633,6
3477,4
4245,6
4388,1
4670,4
4714,3
4936,6
5392,2
5704,6
5923,0
6000,0
6462,0
6575,3
6624,2
6700,2
7130,0
7224,2
7244,0
7264,3
7308,0
7341,2
7473,0
7502,3
7686,1
7794,0
7836,6
8439,2
8748,6
8808,4
8930,0
9307,3
9345,6
9400,4
9813,7
9955,0
10253,6
10396,0
10867,6
10900,5
10917,2
10939,0
10972,3
11090,3
11640,2
11781,2
12152,3
12408,2
12431,3
12702,1
12745,7
13109,1
13140,3
13400,4
13992,2
14022,5
14045,2
14310,0
14476,1
14738,2
14827,0
15041,0
15376,3
15666,0
15910,2
16463,4
16670,7
16824,4
16906,0
17113,0
17912,4
18419,3
18436,0
18488,0
18685,2
18951,7
19132,7
19396,2
19598,7
19875,4
19903,4
20032,0
20193,3
20317,0
20466,0
22076,2
23052,5
23747,4
23954,0
24729,5
25382,0
368,6
680,6
754,2
1037,2
1121,3
1215,3
1322,2
1367,0
1593,2
1763,4
1939,2
2072,3
2316,4
2434,1
2555,7
3448,2
3568,0
4055,3
4127,6
4279,0
4577,0
4673,0
4746,0
4816,0
4962,0
5152,6
5184,1
5245,6
5342,3
5443,4
5465,3
5487,4
5491,7
5513,5
5568,6
5640,0
5752,4
5862,7
6047,0
6379,0
6402,6
6539,6
6847,4
6990,2
7062,6
7086,0
7227,3
7381,3
7393,0
7809,4
7817,4
7819,3
7948,3
7979,0
8116,3
8337,1
8612,2
8672,3
8874,2
9361,3
9511,3
9629,6
9759,4
9763,0
9765,2
9883,6
10430,2
10442,0
10751,4
10937,5
11000,4
11009,2
11162,3
11360,4
11374,0
11503,2
11518,0
11785,0
11893,4
11941,0
12354,4
12576,3
13418,2
13457,0
13634,0
13692,4
13721,0
13764,0
14538,3
14593,6
14905,0
15264,5
15285,0
15319,0
15349,0
15505,0
15611,1
15979,7
16304,5
16512,0
16661,5
16861,3
17066,4
17798,0
17845,0
17848,0
17954,0
18107,5
18295,0
18306,2
18400,0
18402,0
18458,0
18462,7
18706,2
19019,4
19127,0
19258,3
20162,0
20827,0
21048,5
21830,5
21862,2
23042,0
23544,0
23730,4
24407,0
24481,0
25394,3
25900,6
26469,2
706,3
739,6
1114,7
1620,0
1651,4
1842,4
2185,6
2269,6
2296,6
2343,6
2429,3
2447,3
2478,0
2480,4
2631,3
2806,0
3205,4
3666,0
3991,4
4165,7
4281,2
4408,6
4516,2
4571,2
4680,0
4728,4
4747,1
4866,4
4928,6
5094,6
5139,6
5163,6
5204,2
5374,2
5534,2
5933,0
6021,4
6183,7
6260,0
6446,1
6460,0
6643,6
6770,3
6875,4
7113,0
7286,0
7349,1
7452,0
8131,1
8295,6
8369,6
8767,6
8847,4
8902,4
8928,4
8953,6
9032,2
9756,3
9991,0
10069,0
10266,7
10369,2
10429,0
10638,0
10669,3
10752,2
10885,0
11014,5
11373,1
11501,5
11687,4
11937,0
12085,0
12345,2
12376,2
12609,4
12787,2
12792,7
13012,4
13053,0
13284,0
13294,0
13317,0
13462,7
13814,6
14423,2
14430,0
14472,0
14506,0
14537,6
14543,2
14721,3
15306,0
15428,5
15514,1
15708,0
15795,0
15811,3
15878,4
15885,4
16071,4
16787,0
16978,3
17001,6
17118,2
17874,0
17919,2
18204,3
18245,0
18267,0
18305,0
18536,6
18728,2
18846,0
18887,5
19092,3
19152,3
19225,7
19231,7
19323,3
19390,0
19992,6
20217,4
20300,1
20977,0
21098,7
21969,3
23814,4
25365,0
25386,7
25480,3
27135,0
27162,2
259,4
425,2
524,6
573,6
628,3
644,0
721,4
1074,2
1120,4
1323,7
1874,6
1875,0
1912,2
1993,4
2133,4
2213,4
2552,7
2810,1
2875,5
3044,2
3244,0
3348,7
3689,3
3953,0
3998,4
4142,4
4305,0
4537,6
4937,0
5080,6
5179,6
5242,6
5436,3
5549,3
5590,0
6060,0
6168,4
6308,0
6658,0
6860,4
6886,7
6998,0
7305,0
7532,6
7898,7
8151,2
8308,6
8357,2
8434,2
8604,6
8661,2
8782,2
9029,2
9092,0
9321,5
9344,3
9470,4
9532,7
9735,6
10260,6
10390,0
10699,3
10800,3
11393,4
11439,0
11449,4
11674,0
11753,2
11854,0
11903,3
11926,1
12073,4
12228,7
12359,0
12411,2
12649,7
12655,2
13180,4
13236,5
13503,0
13550,1
13624,3
13772,4
13836,0
13910,5
14065,6
14299,4
14459,0
14505,4
14731,1
15372,0
15391,0
15590,7
15827,0
15849,1
15872,2
15983,3
16469,4
16641,1
16751,4
16760,3
17076,0
17082,6
17176,3
17204,2
17713,0
17892,0
18122,2
18141,0
18278,6
18283,0
18387,3
18510,3
18564,3
18677,7
18678,3
18690,0
18720,1
18932,3
18968,0
19138,0
19197,3
19330,6
19554,0
20370,0
20372,0
21981,0
23063,0
23783,0
23806,4
23895,1
23983,0
25426,0
25450,0
25616,0
26509,4
395,6
482,6
668,3
755,0
1513,3
1717,2
1740,3
1823,4
1859,4
1878,4
2169,3
2397,4
2597,4
2599,7
2984,3
3314,5
4326,3
4358,0
4376,3
4580,1
4682,0
4795,3
4923,1
5489,3
5522,7
5577,0
5607,0
5838,2
5856,1
6013,6
6084,0
6156,1
6325,6
6411,3
6546,6
6696,0
6819,0
6838,0
6883,6
7319,2
7579,0
7656,0
8053,6
8226,3
8252,2
8649,2
8780,4
9283,2
9289,2
9477,6
9762,4
9825,4
9872,3
10276,4
10443,3
10450,4
10462,0
10671,0
10919,3
10997,1
11414,2
11568,3
11615,4
11667,1
11721,2
12087,4
12167,0
12494,0
12583,2
13263,7
13391,6
13433,2
13448,0
13520,3
13688,4
13862,3
13953,7
14075,2
14264,0
14463,0
14751,6
14969,0
15087,0
15375,3
15468,0
15525,5
15877,3
15927,2
16092,4
16419,4
16483,0
16498,4
16562,4
16607,4
16624,0
16663,0
16761,4
17026,2
17975,0
17997,0
18181,0
18422,0
18479,0
18527,5
18704,2
18856,3
18913,0
18969,0
19061,3
19166,3
19187,2
19239,6
19907,0
19937,1
19951,1
19955,4
20333,0
20637,4
20702,7
23591,0
23612,0
23740,0
23781,4
23885,0
24308,0
24702,1
25411,1
25655,3
272,2
333,7
511,3
566,7
577,6
981,0
1259,2
1407,4
1419,4
1770,4
1788,0
1825,4
1864,6
2038,4
2101,6
2144,3
2635,0
2842,6
3509,6
3822,4
4171,4
4306,3
4949,4
4974,2
5348,0
5456,0
5855,0
5983,3
6004,0
6188,2
6247,0
6257,0
6538,1
6599,5
6747,2
6791,0
6933,3
7019,3
7033,0
7291,2
7312,3
7348,0
7485,2
7533,1
8115,0
8440,6
8637,0
8879,6
9288,0
9369,3
9392,3
9481,3
9503,3
9681,4
9881,6
10242,3
10448,6
10460,0
10711,5
10836,0
11252,2
11619,2
11690,2
11797,4
12052,4
12165,6
12578,4
12707,6
12794,0
12958,2
13201,6
13216,0
13392,4
13668,0
13676,4
13735,3
13895,2
14727,0
14960,0
15373,0
15765,0
15960,4
16588,4
16694,4
16768,0
16796,4
16827,0
16874,0
16896,4
17069,2
17175,0
17706,0
17786,3
18058,3
18085,0
18086,0
18131,2
18138,0
18139,7
18285,0
18297,3
18356,1
18475,0
18939,0
18967,0
18972,0
19006,0
19042,7
19134,0
19582,0
19976,0
20144,6
20160,0
20260,0
20273,0
20365,2
20399,0
21030,3
21674,0
22882,2
23861,4
24148,0
25392,0
25529,0
2,3
27,3
232,0
670,0
1514,4
1520,4
2387,4
2611,3
2618,0
3375,4
4042,6
4363,3
4621,0
4699,0
4902,2
4918,3
5154,6
5175,6
5539,4
5638,0
5692,3
5708,0
5769,4
6023,2
6327,0
6387,0
6407,6
6506,0
6524,4
6579,1
6604,3
7023,0
7044,0
7046,0
7065,3
7136,2
7157,5
7183,1
7229,4
7318,3
7425,6
7538,2
7634,3
7709,2
7897,6
8005,3
8014,2
8154,3
8247,6
8413,6
8615,3
8699,7
8715,6
8968,3
9421,6
9562,2
9598,6
9925,2
10433,3
10594,2
10738,1
10794,2
11289,4
11543,6
11638,2
11898,0
11909,0
11911,0
12079,7
12118,6
12416,2
12443,2
12824,1
12894,3
12942,6
13088,0
13093,3
13427,7
13472,0
13622,3
13722,3
13778,4
13781,1
14220,6
14413,0
14441,5
14514,3
14519,3
14530,3
14667,7
14689,4
15317,2
15429,5
15481,0
15873,2
15967,0
16056,2
16066,0
16342,3
16344,3
16418,4
16462,4
16473,4
16501,3
16548,4
16789,0
16952,3
17092,0
17754,0
17842,0
17958,6
18104,0
18300,0
18432,0
18576,0
18684,7
19012,4
19021,3
19038,0
19050,7
19066,4
19168,7
19191,6
19953,0
20171,2
20184,6
20506,0
21769,0
21813,4
22870,0
23540,2
23813,4
23999,4
24065,0
24728,7
25379,0
25901,6
27131,6
160,3
467,0
1068,3
1694,4
2053,4
2536,0
2537,2
2571,2
2578,6
2603,2
2636,4
2706,4
2878,4
2925,2
2978,5
3078,4
3274,6
3340,3
3710,6
3945,2
4117,7
4545,1
4781,5
4930,4
4976,4
5406,3
5919,0
6074,1
6270,2
6395,0
6410,0
6419,2
6423,6
6638,0
6686,0
6803,0
8300,0
8412,3
8877,4
9277,3
9335,3
9504,4
9643,6
9859,7
10074,0
10244,3
10498,2
10722,6
10828,3
10855,6
10912,7
10970,2
11046,1
11143,6
11187,0
11250,0
11293,0
11304,5
11324,5
11392,6
11444,4
11837,0
11885,0
11945,4
11948,7
11983,3
12245,0
12331,0
12455,2
12772,2
13385,3
13474,4
13523,0
13713,2
13916,7
13933,4
14013,2
14029,0
14062,2
14253,6
14388,0
14449,0
14695,4
14703,3
14801,0
14946,0
15066,3
15425,0
15480,3
15521,0
15768,0
16513,0
16924,4
17977,0
18005,0
18008,0
18029,2
18109,2
18209,0
18241,0
18311,0
18581,1
18597,4
18693,7
18900,6
18981,0
19082,6
19177,7
19337,2
19457,6
19539,1
19581,4
19919,2
20036,0
20124,0
20163,0
20227,0
20308,0
20340,0
20663,7
22061,6
23006,2
23800,0
24030,2
24140,0
24195,0
24693,0
24724,7
25014,0
25079,0
25570,0
25776,7
27129,0
80,6
219,6
503,3
654,0
830,6
1019,6
1583,3
1592,3
1661,4
1681,6
1712,4
1894,4
1930,3
2046,2
2304,6
2577,4
2581,0
2614,1
2785,2
3245,2
4152,2
4175,6
4182,2
4515,4
4625,3
4710,0
4831,0
5277,0
5313,0
5322,0
5484,3
5971,3
6250,1
6313,4
6464,1
6589,4
6613,0
6634,0
6711,4
6741,6
6775,2
6865,0
6929,0
7246,0
7274,4
7275,4
7622,0
7705,2
7774,2
7858,6
8023,4
8126,0
8304,3
8925,2
8985,2
9011,5
9144,2
9272,6
9383,3
9445,4
9506,6
9534,4
10079,3
10454,6
10471,0
10820,3
11066,1
11168,0
11198,0
11573,0
11693,2
11760,0
11779,0
12120,2
12410,2
12476,2
12575,6
12751,6
12789,2
13242,0
13430,6
13482,1
13584,6
13853,3
13940,5
14007,2
14018,3
14094,2
14171,2
14455,0
14582,2
14711,0
15385,0
15461,2
15546,2
15557,0
15907,2
15981,0
15986,3
15991,7
16439,4
16485,4
16537,4
16612,4
16625,3
16627,3
16932,0
17152,3
17832,7
17886,0
17948,0
17983,0
18080,0
18187,7
18440,0
18599,0
18853,6
19080,7
19131,6
19176,3
19928,0
19964,0
20130,0
20170,0
20236,3
20316,0
20456,0
20975,0
21994,6
22658,3
22760,2
22869,0
23519,6
23778,4
23798,3
23868,4
23873,4
23899,0
23905,0
24214,0
25443,2
112,1
163,4
429,4
662,0
794,3
890,0
1034,1
1432,4
1461,4
1700,0
1729,4
1928,0
1946,3
1970,3
2282,2
2392,7
2461,4
2580,4
2665,2
2750,4
2751,2
2763,6
2992,0
3512,1
3966,0
3977,3
4129,6
4539,2
4844,1
5324,0
5344,0
5410,1
5696,3
5801,3
5920,3
6007,0
6171,0
6178,0
6227,0
6245,0
6318,6
6321,0
6341,5
6436,0
6675,0
6742,0
6823,2
6849,2
7101,4
7123,0
7206,2
7585,6
7614,6
7725,5
7894,4
7952,6
7977,6
7988,0
7994,2
8653,3
8787,1
8813,6
9197,2
9596,4
9663,6
9716,2
9826,6
9970,6
10041,4
10275,4
10389,0
10470,0
10579,3
10629,3
10727,5
10992,0
11045,2
11138,3
11189,0
11222,2
11224,4
11248,0
11256,3
11391,6
11446,0
11450,3
11641,6
12223,0
12273,2
12433,4
12517,2
12531,2
13281,0
13491,1
13884,5
14038,0
14046,3
14283,4
14386,4
14548,3
14594,6
14665,4
14984,1
15296,5
15321,4
15384,1
15475,0
15565,2
15717,4
16336,0
16490,4
16496,5
16545,4
16603,4
16859,3
17202,6
17885,0
17909,6
18028,0
18154,0
18189,5
18214,0
18316,0
18328,0
18474,0
18577,6
18934,6
18955,0
18974,0
18975,0
19105,2
19146,3
19157,3
19446,6
20024,2
20270,6
20283,2
20855,0
21810,5
23064,0
23131,0
23684,0
24028,4
24446,0
25544,0
65,6
361,3
387,0
520,2
602,6
955,0
1359,6
1646,4
1827,7
1902,0
1962,1
2047,6
2195,2
2220,4
2352,4
2391,6
2471,0
2759,3
3021,4
3227,2
3405,7
3426,3
4208,0
4536,1
4601,1
4717,0
4812,1
5191,6
5274,0
5291,0
5357,0
5471,0
5595,3
5677,2
5812,2
5997,2
6174,6
6226,3
6416,6
6656,6
6743,4
6820,0
6968,6
7153,1
7208,0
7211,6
7332,0
7470,4
7526,1
7568,2
7679,0
8123,2
8191,0
8208,4
8402,2
8458,4
8810,9
8870,4
8961,2
8963,4
9359,4
9408,6
9515,4
9520,0
9572,2
9635,6
9782,6
9867,6
9974,4
10269,1
10397,6
10500,4
10577,3
10654,6
10729,3
10743,6
10802,2
10863,3
11060,0
11120,6
11193,5
11294,2
11319,6
11584,0
11589,2
11713,3
11731,2
11743,5
11745,4
11803,0
11861,1
11868,0
11878,2
11892,3
12346,4
12438,4
12637,0
12886,0
12917,5
13087,2
13214,2
13218,0
13366,2
13570,5
13603,5
13763,5
13844,0
13891,0
13990,4
14199,3
14258,1
14438,3
14707,6
14737,5
14812,3
15048,4
15069,0
15202,2
15418,0
15442,0
15448,1
15507,0
15520,0
15854,0
15863,1
15908,0
16054,0
16072,4
16329,2
16806,6
16946,4
17095,6
17110,0
17787,5
17820,0
17884,1
17987,0
18010,0
18022,6
18050,0
18079,0
18213,4
18521,5
18702,3
18832,2
18941,0
18950,0
19007,0
19112,0
19149,6
19165,7
19326,6
19541,2
20062,0
20991,0
21159,4
21557,3
21869,3
22716,3
22759,0
22782,0
23477,2
23820,4
23980,0
24033,5
24153,0
24451,0
25418,3
26858,6
27152,7
128,6
247,0
369,4
409,2
636,0
757,5
1046,0
1750,4
1982,7
2130,4
2140,4
2445,2
2543,4
2564,6
2847,2
3059,6
3157,4
3201,3
3213,6
3500,3
3532,3
3887,2
4095,4
4109,7
4288,3
4420,0
4588,6
4623,7
4796,4
4822,9
4862,1
5065,6
5370,2
5385,6
5397,0
5405,4
5756,3
5849,1
5875,2
5975,0
6063,0
6064,2
6132,0
6275,6
6348,0
6478,0
6560,0
6574,0
6617,0
6852,7
7276,2
7401,1
7504,2
7633,1
7702,3
7724,3
7843,6
8117,0
8254,6
8330,7
8336,0
8654,2
8880,0
8937,2
8983,2
9328,3
9357,3
9463,6
9573,3
9594,6
9981,6
10417,0
10456,2
10475,4
10573,2
10607,6
10635,3
10646,7
10701,7
10709,3
10766,3
10852,2
11390,4
11405,3
11431,0
11588,6
11607,6
11635,2
12028,1
12093,2
12295,5
12304,3
12424,4
12532,3
12554,4
12635,0
12729,3
12814,4
12872,4
12955,0
13185,2
13291,0
13469,3
13660,0
13756,6
13855,0
14112,4
14286,3
14532,4
14666,4
15016,0
15297,0
15347,0
15412,0
15704,3
15788,0
15866,4
15893,2
16402,4
16412,3
16477,6
16542,1
16572,3
16741,2
16869,0
16920,1
16923,5
17117,3
17917,1
18018,0
18309,0
18425,0
18491,2
18518,2
18618,0
18732,7
19005,3
19069,4
19113,7
19257,6
19448,4
19944,0
20022,6
20133,0
20137,0
20150,1
20172,0
23712,4
23857,2
24741,0
24762,7
25349,0
25399,1
25703,3
99,0
101,6
1071,0
1851,4
1918,3
2039,4
2054,4
2124,4
2188,4
2441,4
3927,3
4215,2
4230,2
4322,6
4491,3
4646,0
4692,6
4700,0
4882,0
5599,4
6076,6
6107,0
6283,2
6475,3
6691,2
6924,4
7057,0
7066,6
7423,2
7429,4
7565,1
7684,2
7773,1
7900,4
8096,4
8100,4
8516,7
8525,4
8909,1
9016,2
9578,2
10072,9
10344,5
10697,6
10737,3
10841,5
11253,2
11464,7
11576,3
11844,0
11994,5
12244,0
12399,0
12488,3
12540,2
12582,4
12712,0
12726,2
12741,0
12783,4
12915,6
13007,3
13049,6
13184,6
13193,7
13246,3
13724,1
13789,0
13820,0
13856,2
13859,0
14236,6
14337,0
14389,6
14419,3
14499,3
14701,0
14722,3
14744,2
15047,4
15203,3
15215,3
15386,0
15394,7
15424,5
15472,0
15508,5
15552,0
15586,4
15631,0
15857,7
15962,7
15984,3
16340,0
16492,4
16597,1
16903,1
16916,3
16935,2
16936,6
16987,7
17091,4
17129,0
17748,0
17936,0
17981,0
18021,0
18024,0
18071,0
18188,0
18280,0
18340,1
18342,4
18353,0
18446,3
18595,0
18723,6
18935,3
19018,0
19341,7
19521,2
19557,2
19559,7
19940,0
19974,0
20039,2
20091,0
20103,1
20123,4
20216,1
20275,0
20291,0
20337,0
20498,0
20959,2
21086,0
21770,1
21811,4
23761,4
23840,4
23947,4
24044,5
24136,0
24851,2
25374,0
25545,3
27140,0
327,0
992,0
1041,5
1067,3
1446,0
1787,6
1848,0
2035,6
2295,1
2479,4
2481,4
2490,3
2576,3
2579,4
2648,3
2914,2
2950,4
3139,3
3353,4
3615,3
4180,4
4324,2
4342,1
4459,4
4570,2
4579,4
4596,0
4933,2
4990,6
5022,2
5075,7
5176,6
5219,7
5444,3
5449,2
5473,6
5652,0
5688,4
5789,0
5819,3
5944,5
5985,0
6335,2
6352,2
6540,6
6666,0
6695,2
6717,3
6773,4
7195,0
7454,7
7483,2
7484,2
7871,4
8088,0
8146,0
8566,2
8746,2
8895,4
9005,2
9067,3
9827,6
9919,6
10411,2
10555,4
10624,4
10735,6
10993,3
11077,2
11121,4
11144,2
11184,0
11244,2
11287,5
11519,5
11682,0
11757,3
12046,0
12421,2
12544,3
12704,7
13274,0
13492,4
13511,4
13543,2
13557,5
13730,0
13733,0
13749,2
13809,2
13867,1
13942,3
14042,0
14085,2
14179,2
14203,3
14267,2
14331,0
14485,2
14792,6
14978,0
14979,0
15310,0
15326,0
15423,0
15491,6
15539,5
15632,3
15778,0
15842,3
15865,6
16390,4
16397,4
16428,4
16599,3
16714,1
16753,3
16909,5
16968,0
17005,2
17030,1
17189,6
17223,3
17792,0
17804,0
18054,0
18090,0
18161,5
18185,6
18248,3
18276,2
18338,0
18351,0
18381,3
18407,2
18468,4
18513,4
18604,3
18670,6
19083,7
19101,3
19121,3
19174,3
19193,6
19194,7
19235,3
19381,5
19513,7
19546,2
19866,3
20240,1
20250,0
20292,2
20318,2
20397,4
20721,0
20735,7
20896,0
20972,0
21059,0
21124,4
21520,4
21525,2
21721,7
21983,6
22067,0
23113,0
23398,2
23534,0
23850,0
23901,0
24132,0
24443,2
24758,2
24779,6
25012,0
25359,0
25396,3
25484,3
25499,0
26739,0
972,4
1233,3
1244,2
1274,1
2048,6
2497,2
2499,0
2639,4
3321,0
4198,1
4219,3
4507,4
4575,3
4674,4
4837,0
5333,2
5464,0
5532,0
5604,6
5697,2
5709,1
5831,6
5999,5
6026,4
6057,2
6116,3
6306,2
6311,3
6392,0
6393,0
6449,0
6507,1
6631,0
6694,6
7283,7
7294,0
7359,2
7417,2
7428,0
7652,3
7756,3
7770,0
7800,5
7919,6
8071,1
8124,6
8645,2
9006,0
9339,0
9519,1
9603,6
9626,3
10547,3
10641,2
10767,3
10924,3
11012,3
11432,1
11644,7
11736,0
11795,4
11820,6
11867,7
11901,0
12003,1
12006,4
12497,2
12646,2
13178,2
13275,4
13750,0
13868,0
13926,0
13956,0
14005,2
14078,0
14087,0
14160,4
14242,0
14247,3
14533,2
14732,3
14734,2
14736,7
14749,3
14778,0
15004,2
15067,3
15165,3
15225,2
15256,4
15263,0
15345,0
15408,0
15503,0
15591,4
15639,0
15697,7
15760,0
16061,4
16626,1
16711,0
16728,4
16802,0
16863,3
16894,3
16939,2
16971,3
16972,3
17007,0
17103,6
17776,6
17833,0
17877,1
17897,0
18156,5
18229,0
18350,1
18354,7
18369,0
18427,0
18697,2
18902,4
19227,3
19281,7
19898,0
20090,0
20166,5
20178,3
20181,0
20200,0
20225,3
20264,5
20329,0
20439,1
20935,7
20940,0
20978,0
21128,4
23046,5
23609,4
23746,4
23864,0
24774,0
25427,0
424,4
526,4
570,2
749,6
834,4
858,2
902,4
967,3
1222,2
1698,0
1953,4
2102,4
2129,7
2506,6
2519,4
2565,6
2754,6
2765,0
3090,0
3725,2
3875,3
3940,6
4007,4
4355,2
4400,6
4443,4
4542,0
4846,1
4893,0
5150,6
5375,4
5597,0
5641,4
5815,0
5826,2
5908,7
6239,0
6357,1
6386,0
6418,2
6573,4
6654,1
7038,0
7042,4
7070,0
7110,4
7120,6
7210,2
7352,2
7385,0
7391,0
7449,6
7451,6
7639,0
7813,1
7883,0
7903,0
8140,6
8219,2
8309,4
8607,2
8875,2
8967,4
9336,3
9360,3
9385,6
9546,7
9840,0
9842,0
9997,6
10447,0
10539,7
10569,4
10585,2
10723,2
11069,4
11213,7
11232,5
11274,2
11639,0
11645,6
11729,4
12004,4
12143,7
12154,5
12162,7
12248,0
12274,6
12393,0
12404,7
12674,2
12781,4
12871,0
13062,0
13411,3
13429,2
13504,2
13538,3
13583,4
13596,0
13625,4
13670,3
13682,6
13784,5
13914,2
14068,1
14111,3
14410,3
14446,0
14465,0
14554,0
14745,0
14798,2
14894,6
15210,2
15613,7
15909,5
15953,2
16108,7
16438,0
16458,0
16590,3
16648,6
16673,1
16698,4
16746,0
17072,4
17081,0
17120,0
17976,0
18081,1
18119,5
18235,3
18244,3
18478,0
18494,0
18534,0
18598,6
18799,6
18811,0
18923,4
18985,0
18997,2
19015,6
19028,3
19057,0
19147,3
19155,3
19186,2
19469,6
19914,5
20035,4
20044,4
20065,0
20186,1
20211,1
20224,2
20241,0
20349,7
20810,2
20898,7
21114,4
21149,4
21632,6
21955,0
23067,3
23103,0
23707,0
23869,0
23953,4
24163,3
24170,0
24217,6
24306,0
24449,3
24516,7
24538,5
24605,0
24859,0
25229,1
25387,0
25400,6
25489,0
25777,7
26039,2
574,4
1029,6
1374,4
1402,4
1747,4
1796,2
2080,4
2141,4
2239,3
2293,2
2353,0
2356,4
2465,2
2608,4
3145,2
3290,6
3677,2
3774,6
3898,2
4149,2
4173,0
4235,4
4397,0
4402,6
4543,1
4567,0
5020,0
5021,0
5157,6
5718,0
5759,2
5783,2
5850,3
5993,7
6015,6
6113,6
6242,0
6299,4
6389,2
6571,2
6655,0
6685,0
6879,2
6944,0
7247,0
7464,3
7674,3
7748,2
7879,0
8155,0
8183,4
8351,0
8535,0
8697,3
9017,3
9131,2
9269,6
9375,0
9380,6
9414,6
9476,6
9485,6
9554,1
10277,4
10398,6
10401,4
10502,2
10648,2
10663,3
10750,0
10838,7
10932,0
11051,4
11053,1
11146,2
11210,6
11215,4
11308,6
11396,5
11530,4
11539,3
11541,2
11775,6
11782,0
11787,2
11833,3
12045,0
12081,2
12102,0
12138,0
12487,2
12610,3
12671,3
12713,2
12724,0
12811,6
13018,0
13047,2
13206,7
13420,3
13524,2
13532,3
13555,6
13656,4
13681,0
13691,2
13694,4
13729,3
13741,1
13795,0
13798,1
13813,0
14088,3
14434,4
14478,1
14555,2
14595,6
14705,6
14997,0
15009,1
15398,0
15603,4
15651,4
15689,6
15691,4
15711,2
15856,0
15912,3
16042,1
16063,4
16374,6
16456,0
16547,4
16610,4
16838,4
16854,0
16882,3
16980,0
17165,0
17263,2
17752,0
17813,3
17854,7
18055,3
18069,3
18070,3
18207,5
18313,0
18505,0
18590,0
18664,2
18718,7
18910,3
18959,0
19034,3
19051,2
19129,2
19184,6
19209,0
19285,7
19298,7
19735,0
19859,1
19893,0
19918,2
19987,3
19990,4
20083,0
20134,3
20164,1
20407,0
20425,5
21139,4
21571,0
21743,7
21860,3
21870,0
22888,2
23807,4
24215,0
24334,0
24573,0
24731,7
25375,3
25434,0
25486,3
25534,0
25806,7
143,0
157,3
275,2
469,2
525,0
740,6
758,6
763,2
808,0
999,7
1127,4
1311,6
1421,4
1710,6
1748,4
2111,1
2167,4
2384,6
2560,4
2643,4
2700,1
2805,5
2909,0
3140,3
3166,1
3371,3
4170,7
4172,5
4189,0
4317,2
4382,0
4503,0
4528,0
4587,0
4739,3
4905,0
4954,4
5005,0
5431,2
5458,5
5514,2
5565,4
5649,2
5770,2
5921,2
5926,0
5927,0
6022,0
6070,3
6155,0
6246,0
6359,7
6488,0
6567,2
6572,4
6683,0
6848,4
6876,0
6907,3
7083,4
7121,7
7126,0
7398,1
7528,0
7612,7
7669,5
7694,6
7993,1
8408,2
8801,1
8889,0
9066,3
9457,6
9565,4
9624,4
9685,6
9786,0
9836,1
9927,3
10126,6
10457,6
10468,0
10593,3
10603,3
10612,0
10630,7
10786,6
10888,6
11047,1
11059,0
11233,3
11242,4
11437,6
11580,3
11718,0
11739,3
11905,2
11942,3
12062,4
12235,7
12297,6
12468,2
12495,4
12584,2
13019,3
13127,3
13312,5
13322,5
13396,3
13593,3
13605,3
13628,4
13630,0
13652,0
13667,0
13760,5
13797,5
13832,2
13941,5
13951,3
14347,0
14350,0
14416,0
14504,2
14541,4
14766,2
14793,3
14813,4
14877,2
15035,0
15079,0
15236,4
15534,4
15562,6
15621,2
15674,6
15887,3
15961,2
15971,3
16318,4
16413,4
16429,4
16440,4
16505,4
16617,4
16645,2
16742,0
16829,0
16912,2
16981,4
17065,2
17084,0
17133,7
17186,0
17230,2
17925,0
17944,2
17967,1
18253,0
18330,5
18470,2
18541,3
18561,5
18575,1
18699,2
18760,4
19004,6
19022,0
19046,3
19085,2
19096,6
19120,7
19145,3
19282,6
19533,5
19861,0
20026,3
20219,0
20222,0
20228,0
20323,0
20359,0
20430,0
20437,4
20985,0
21033,0
21115,4
21559,3
22784,6
22860,2
23129,1
23773,0
23815,4
24094,2
24142,3
24333,1
24513,1
25341,6
25385,0
25401,0
25448,0
25554,0
27132,0
738,2
777,0
806,6
1072,0
1073,0
1105,6
1137,4
1360,0
1714,4
1907,4
1915,4
2182,4
2315,5
2585,3
2625,4
3243,5
3429,2
3529,2
3660,3
3661,7
4023,0
4201,3
4220,0
4227,0
4255,2
4289,3
4447,0
4483,4
4508,0
4530,0
4647,0
4681,3
4785,6
4799,0
4948,0
5008,0
5025,0
5189,6
5232,6
5239,6
5279,3
5446,6
5540,4
5707,4
6269,6
6276,0
6377,0
6441,0
6454,0
6545,2
6608,2
6745,0
6764,1
6769,4
6795,0
6867,4
7003,0
7009,0
7026,2
7379,0
7745,0
7840,0
7875,3
7973,2
8012,4
8420,0
8764,3
8846,6
8980,3
9161,2
9384,6
9402,4
9468,4
9490,6
9555,2
10125,0
10207,0
10488,3
10559,2
10566,4
10587,7
10628,2
10632,3
10656,3
10667,3
10770,6
10790,3
11015,3
11136,3
11137,6
11264,5
11369,4
11472,6
11513,2
11537,5
11579,2
11614,2
11798,0
11873,3
11969,0
12059,6
12078,7
12161,2
12269,6
12293,4
12342,3
12440,0
12511,2
12589,7
12616,0
12672,0
12676,6
12722,0
12831,5
12977,4
12986,0
13038,3
13108,5
13118,4
13141,4
13196,2
13257,5
13287,4
13313,0
13323,4
13527,4
13602,9
13770,2
13819,3
13823,4
13849,0
13937,6
14064,2
14153,3
14287,3
14403,6
14534,4
14545,2
14669,2
14796,2
15043,0
15344,0
15382,0
15512,2
15604,3
15738,7
15824,3
15921,2
15995,5
16031,4
16044,7
16045,2
16105,0
16117,4
16493,0
16529,4
16621,0
16696,4
16737,4
16846,4
16872,0
16940,0
16989,0
17035,2
17589,4
17828,3
18040,0
18101,0
18157,4
18162,0
18172,5
18182,2
18191,0
18329,0
18357,1
18430,2
18464,2
18545,4
18600,0
18646,5
18721,3
18927,0
19047,3
19207,4
19244,6
19246,2
19314,7
19361,3
19395,0
19455,2
19786,0
19825,7
20093,4
20110,3
20244,6
20247,1
20284,0
20369,3
20375,7
20460,0
21528,6
21581,4
21816,4
22762,3
23051,5
23539,3
23723,4
23749,0
23794,4
23832,4
23903,2
23931,4
23991,4
24259,3
24304,0
24556,6
24612,0
25405,0
25410,0
25565,5
25780,7
26486,2
27227,1
461,3
684,6
1128,2
1283,3
1715,0
1893,4
1963,4
2003,4
2280,4
2508,4
3063,6
3101,1
3235,6
3374,0
3454,2
3672,4
3938,4
3988,6
4160,3
4241,4
4378,3
4529,0
4592,3
4707,0
4748,1
4797,0
4957,2
5159,6
5416,0
5504,3
5536,6
5581,2
5710,0
5829,3
5852,2
5947,2
5952,0
6083,0
6194,3
6364,0
6602,3
6620,6
6835,0
6960,0
7021,4
7115,0
7280,5
7445,4
7505,0
7530,4
7663,0
7707,6
7712,0
7718,6
7775,4
7798,0
8799,3
8854,0
8886,3
8899,4
8918,0
8978,3
9091,0
9309,0
9401,4
9452,6
9482,4
9495,4
9496,3
9623,0
10197,0
10213,0
10241,2
10582,6
10604,2
10666,6
10782,6
10887,4
11036,3
11073,4
11078,1
11152,0
11243,4
11488,3
11499,2
11669,2
11754,1
12019,5
12094,6
12096,3
12114,1
12129,0
12374,0
12390,0
12448,2
12462,2
12651,0
12890,0
12897,2
13112,4
13155,7
13277,1
13361,3
13542,3
13599,4
13734,0
13745,1
13753,5
13768,0
13806,4
13875,0
13968,5
14020,7
14333,2
14443,3
14579,3
14685,0
14739,2
14742,2
14981,0
15209,4
15316,7
15366,0
15388,4
15440,4
15495,2
15574,0
15581,3
15626,4
15834,6
15989,4
16043,4
16376,2
16495,4
16732,4
16764,4
16780,3
16804,4
16809,4
16858,2
16915,0
16927,3
17087,0
17101,6
17719,6
17784,4
17878,0
17966,0
18052,0
18089,5
18115,3
18176,2
18177,5
18194,0
18262,1
18332,1
18377,0
18393,4
18399,0
18497,3
18520,0
18563,0
18593,4
18689,4
18858,7
18986,0
19014,2
19026,0
19089,6
19123,3
19164,6
19170,0
19202,6
19250,7
19308,3
19327,7
19526,3
19639,6
19753,5
19904,0
19931,0
20008,0
20068,3
20111,6
20128,0
20230,0
20231,1
20265,3
20780,0
20933,7
21010,2
21517,0
21613,0
22097,0
22885,0
23545,5
23711,4
23775,0
23809,4
23846,3
24016,4
24020,0
24069,6
24671,0
24696,0
25106,2
25263,0
25350,0
25364,3
25380,0
25474,0
26823,6
351,0
922,2
1151,2
1242,9
1785,4
2098,4
2300,6
2350,2
2435,4
2517,0
2586,4
2615,4
3564,2
3712,6
4031,0
4158,3
4226,0
4262,2
4323,3
4367,6
4466,2
4478,2
4549,6
4554,5
4663,0
4722,0
4814,0
4821,4
4838,0
5058,9
5067,0
5318,3
5658,3
5934,6
6036,0
6151,2
6415,2
6518,1
6541,4
6621,4
6651,2
7015,1
7058,7
7075,6
7091,3
7143,6
7189,4
7200,4
7370,7
7509,6
7561,2
7632,0
7761,0
7799,0
7951,2
7989,0
8073,4
8494,0
8695,4
8970,4
8994,4
9027,7
9303,7
9424,4
9448,0
9471,7
9488,6
9559,6
9609,3
9755,6
9834,3
9960,4
10054,3
10342,2
10602,3
10620,7
10691,6
10898,9
10967,2
10986,4
11010,6
11139,3
11247,7
11398,0
11460,1
11546,6
11889,2
11890,4
11904,6
12153,4
12246,3
12303,2
12364,0
12504,3
12524,4
12806,0
13026,4
13125,0
13256,1
13412,4
13444,7
13507,0
13728,0
13858,5
13898,0
13948,5
13985,0
14082,6
14083,2
14405,0
14458,2
14488,6
14692,2
15007,4
15077,2
15098,2
15266,0
15346,3
15377,4
15378,0
15397,9
15402,1
15407,4
15535,0
15630,3
15705,0
15740,4
15845,7
15869,4
15976,2
16190,0
16460,4
16484,4
16519,0
16559,3
16733,1
16735,3
16795,0
16928,0
17089,2
17823,0
18053,0
18066,4
18082,6
18136,0
18144,4
18205,0
18254,2
18259,0
18310,0
18318,5
18326,2
18361,0
18385,0
18418,0
18467,0
18526,0
18719,2
18725,2
18886,6
18908,0
18915,7
18943,0
19062,3
19119,3
19126,3
19156,6
19158,3
19172,3
19175,2
19178,2
19195,7
19230,7
19270,5
19276,7
19464,0
19941,2
20033,3
20100,0
20146,0
20168,0
20206,1
20286,0
20338,1
20343,0
20350,3
20353,3
20392,0
21062,6
21065,0
21112,4
22729,0
22781,4
22803,6
23774,0
23830,4
23898,0
24161,6
24469,0
24537,6
24610,0
24736,2
24970,0
25449,0
25463,5
25558,0
25567,1
26854,3
26986,7
248,0
265,0
652,3
863,0
915,6
1009,2
1087,3
1098,3
1152,6
1229,6
1635,4
2299,4
2312,4
2472,2
2773,0
3013,4
3096,0
3193,6
3295,2
3447,0
3738,3
3897,0
4217,6
4272,6
4392,2
4406,6
4526,3
4655,2
4660,0
4810,0
4868,0
4965,3
5055,0
5069,2
5382,2
5415,4
5571,3
5635,6
5749,0
5765,2
6035,0
6169,7
6319,0
6349,3
6375,0
6398,4
6940,2
6954,6
6965,1
7334,2
7343,0
7436,3
7486,4
7518,6
7575,0
7892,6
7912,0
8021,0
8136,4
8838,5
9069,3
9267,7
9410,6
9425,3
9464,6
9757,2
9803,6
10068,3
10088,0
10403,2
10409,2
10422,0
10584,7
10598,6
10623,1
10643,0
10680,3
10706,0
10712,3
10835,7
10908,3
10950,6
11007,3
11061,3
11072,1
11169,4
11229,6
11442,4
11481,6
11487,1
11922,6
12113,0
12209,6
12237,2
12341,6
12453,4
12587,6
12621,4
12628,2
12949,4
13059,4
13154,0
13235,2
13310,5
13415,3
13549,0
13595,0
13669,3
13828,0
13874,5
13971,2
14009,1
14021,2
14040,2
14338,0
14408,2
14462,3
14559,0
14568,3
14676,6
14690,7
14752,4
15039,3
15075,3
15265,0
15356,2
15465,0
15550,0
15612,5
15628,2
15671,2
15985,7
16052,2
16249,0
16384,6
16534,4
16578,4
16581,4
16611,0
16630,5
16658,4
16677,6
16755,4
16836,0
16884,3
16994,0
17241,7
17685,2
17743,2
17881,0
17942,5
18033,0
18132,0
18159,3
18160,0
18196,3
18237,0
18249,0
18365,0
18410,3
18489,2
18496,0
18675,2
18711,6
18838,0
18987,0
18990,3
19016,7
19020,0
19056,2
19059,0
19128,0
19135,5
19189,7
19256,3
19261,2
19289,7
19291,3
19316,3
19420,0
19452,2
19454,2
19476,6
19497,4
19742,5
19858,0
19912,0
19934,0
19972,0
20017,1
20031,0
20058,1
20101,6
20213,3
20242,0
20262,0
20311,7
20334,2
20417,0
20899,0
21026,6
21535,0
21546,3
21744,6
21919,2
22096,0
22678,6
22751,0
23290,7
23697,4
23729,4
23731,4
23735,0
23738,0
23786,4
23787,4
23973,4
24001,6
24045,6
24081,0
24115,3
24169,0
24174,2
24205,0
24732,0
25531,0
25775,7
26651,6
26653,6
26798,0
27153,3
27166,5
27172,2
21,6
952,4
1002,7
1047,2
1384,4
1613,4
1713,3
1839,6
2036,4
2246,4
2325,7
2582,4
2605,3
2617,3
2629,6
2752,6
3197,4
3494,6
3842,0
4017,4
4027,2
4029,2
4238,0
4239,0
4480,4
4548,6
4603,6
4864,6
4980,2
4985,2
5036,0
5044,3
5061,0
5230,0
5234,6
5438,4
5488,0
5572,5
5574,2
5750,5
5981,0
6391,5
6429,0
6448,2
6525,0
6526,0
6632,4
6653,2
6842,3
6874,3
6977,0
7032,0
7056,5
7081,6
7127,5
7212,1
7304,0
7366,3
7468,2
7487,2
7628,7
7713,0
7872,3
7891,6
7917,6
7972,2
7991,6
8084,0
8119,0
8168,6
8245,7
8465,2
8753,7
8851,0
8866,2
8915,4
9364,2
9492,2
9521,6
9545,2
9550,2
9701,2
9857,3
9898,0
10120,5
10240,6
10435,6
10458,6
10496,0
10605,3
10814,0
11148,4
11155,3
11208,0
11312,4
11411,2
11412,3
11730,3
11777,0
11793,2
11864,3
11907,2
11952,0
12011,0
12043,6
12227,0
12451,2
12489,4
12503,0
12545,4
12547,3
12572,2
12590,2
12605,3
12747,0
12768,2
13064,0
13079,0
13529,2
13786,0
13808,4
13861,2
13870,0
13924,7
13965,4
14219,3
14232,7
14435,3
14500,1
14503,0
14535,0
14726,1
14735,2
14836,2
14903,5
14962,4
15355,0
15403,2
15446,0
15867,4
15889,4
15997,0
16068,6
16319,7
16454,0
16487,4
16499,4
16506,4
16598,5
16608,4
16613,4
16656,4
16702,4
16786,2
16801,2
16891,4
16897,0
17104,5
17159,1
17811,1
17903,2
17904,5
17933,3
17961,0
17965,0
17999,6
18011,2
18016,0
18046,7
18056,7
18192,0
18413,6
18454,3
18542,4
18570,7
18709,7
18714,2
18741,0
19114,0
19122,5
19160,6
19196,6
19208,3
19271,0
19283,6
19286,7
19329,7
19347,3
19374,0
19412,0
19749,5
19763,4
19817,6
19946,3
20011,0
20025,0
20040,0
20075,4
20148,0
20175,0
20287,0
20431,2
20646,2
20890,7
21080,2
21526,0
21892,0
21914,1
22003,2
22663,6
23003,4
23050,5
23122,2
23689,4
23772,0
23816,0
23887,4
23889,4
23902,0
23913,4
24057,4
24240,0
24733,5
24763,4
24772,1
24954,2
25281,4
25383,3
25481,1
25513,3
26444,0
44,6
105,0
222,2
457,6
719,0
1035,0
1420,4
1567,4
1628,4
1833,4
2026,4
2040,7
2153,4
2276,4
2321,4
2449,6
2457,6
2734,6
2753,6
2812,7
3415,0
3468,2
3713,0
4338,2
4356,3
4383,6
4385,0
4428,0
4506,0
4513,6
4657,6
4874,6
5217,3
5244,6
5282,3
5390,4
5404,2
5408,4
5490,0
5524,3
5628,2
5666,0
5702,4
5738,0
5834,1
5844,6
6045,2
6048,0
6061,0
6080,4
6255,4
6345,3
6397,0
6414,0
6426,4
6498,0
6592,6
6597,6
6603,4
6669,4
6689,3
6690,0
6744,4
6834,2
6888,0
6934,6
7020,4
7036,2
7140,4
7176,4
7216,6
7299,3
7499,6
7611,4
7646,4
7959,6
8001,0
8055,6
8070,2
8072,7
8793,6
8950,6
8951,6
8977,4
9034,4
9325,0
9352,2
9465,4
9551,4
9561,4
9885,6
9917,6
10010,2
10273,2
10614,3
10850,3
11005,3
11017,6
11237,4
11313,0
11359,2
11523,4
11762,0
11767,0
12015,4
12022,2
12069,6
12169,7
12173,2
12286,6
12361,2
12363,0
12395,0
12426,0
12492,3
12518,5
12569,0
12606,0
12690,3
12762,7
12766,0
12865,2
12898,2
12941,6
13082,0
13174,2
13450,3
13609,2
13635,0
13673,2
13674,4
13705,0
13740,3
13747,3
13752,0
13824,0
14327,4
14368,6
14587,0
14642,0
14677,6
14704,2
14748,5
14789,2
14790,2
14925,6
14976,0
15031,4
15158,2
15196,7
15409,1
15426,4
15489,2
15549,4
15561,4
15625,6
15653,4
15876,6
15886,6
15941,2
16171,3
16243,7
16570,3
16595,0
16600,4
16635,4
16668,3
16675,5
16724,3
16767,4
16769,0
16810,4
16958,3
16963,0
17138,6
17172,1
17227,3
17582,4
17728,3
17741,0
17901,4
17914,4
18093,2
18142,3
18145,2
18167,0
18170,4
18200,0
18250,0
18312,3
18315,3
18337,5
18339,3
18378,4
18434,4
18437,0
18442,1
18507,0
18544,0
18662,0
18773,0
18808,4
18850,0
19033,4
19045,3
19072,4
19117,7
19151,6
19205,7
19216,6
19228,2
19267,6
19269,6
19272,7
19280,0
19296,3
19310,7
19338,0
19896,2
20009,0
20034,2
20037,0
20061,0
20077,3
20105,7
20126,6
20229,0
20243,3
20263,0
20285,0
20294,3
20331,4
20377,0
20401,2
20432,0
20483,2
20817,4
20822,7
20888,6
21155,4
21554,6
21564,3
21751,4
21815,1
21817,4
21868,4
21895,2
21926,1
22095,0
22877,0
22883,7
23724,4
23780,4
23793,0
23859,4
23964,0
24085,6
24098,6
24204,2
24395,0
24679,7
24703,0
25236,2
25288,0
25368,0
25460,0
25488,0
25494,6
25500,0
25578,0
25790,7
26706,7
27134,0
27163,0
1502,6
1709,7
1761,4
1807,4
1810,6
1979,4
2088,4
2342,4
2351,6
2446,2
2463,4
2470,4
3098,0
3322,0
4264,0
4546,6
4565,4
4742,0
4762,7
4906,0
4970,0
5064,6
5355,0
5381,0
5407,1
5480,4
5773,0
5938,6
6044,2
6142,0
6316,6
6317,2
6417,4
6444,3
6455,2
6489,0
6552,2
6562,1
6598,6
6607,0
6637,4
6715,5
6771,0
6798,7
6979,2
7006,3
7205,2
7219,0
7261,3
7287,4
7292,4
7339,1
7397,1
7893,4
7995,6
8293,6
8624,2
8634,3
8682,6
8850,3
8873,6
8934,7
9312,3
9526,6
9795,6
10016,2
10525,1
10528,2
10533,2
10572,6
10617,3
10798,6
11057,0
11093,6
11269,3
11286,6
11367,4
11400,2
11586,3
11788,4
11932,4
11938,7
11962,0
12103,7
12137,4
12456,2
12602,3
12603,3
12623,0
12759,5
12779,4
12797,3
13120,0
13224,6
13270,4
13395,4
13410,4
13423,3
13473,7
13548,0
13575,1
13629,5
13662,0
13679,2
13697,3
13765,2
13818,4
13838,0
13947,2
13999,7
14209,4
14302,4
14349,4
14444,2
14522,2
14531,2
14550,2
14556,0
14671,6
14950,3
14954,2
15071,3
15224,0
15235,3
15239,4
15275,0
15301,7
15352,3
15359,4
15457,0
15469,0
15515,0
15554,2
15559,2
15602,2
15614,0
15699,0
15703,3
15739,6
15901,2
16033,3
16339,4
16405,4
16455,0
16551,4
16564,6
16568,4
16631,4
16684,7
16726,4
16743,2
16750,7
16875,3
16950,6
17717,2
17831,7
17913,4
17940,6
17985,0
18094,4
18103,2
18127,2
18288,3
18375,1
18376,7
18386,0
18453,5
18469,2
18574,1
18636,6
18673,2
18841,3
18903,3
18920,1
18995,3
19039,2
19055,7
19070,7
19107,5
19110,3
19179,2
19190,0
19219,0
19221,3
19240,3
19249,3
19265,6
19273,2
19332,3
19399,0
19409,5
19411,4
19441,6
19572,2
19745,5
19767,4
19930,4
20085,3
20088,4
20138,3
20226,0
20271,4
20280,0
20310,0
20319,1
20324,0
20336,7
20423,0
20497,3
20905,7
21542,0
21848,2
21853,1
23543,2
23583,5
23683,0
23799,1
23801,4
23855,4
23909,0
23910,0
23974,4
24139,0
24199,0
24403,5
24685,7
24695,0
24708,6
24767,0
24952,7
25002,0
25322,0
25345,0
25428,5
25430,2
25436,0
25454,0
25468,5
25492,0
25506,0
25522,6
25561,5
25566,1
25772,7
25778,7
25788,7
25795,7
25937,2
243,5
638,6
741,2
976,1
1096,0
1140,0
1443,4
1469,0
1564,4
1897,4
2060,2
2082,1
2090,0
2403,0
2606,4
2613,2
2904,0
3116,2
3247,6
3540,3
3967,0
4134,6
4228,1
4304,0
4390,3
4414,6
4872,6
4901,2
5206,6
5236,6
5251,2
5303,0
5386,4
5417,4
5501,6
5646,0
5833,2
5842,2
6358,2
6468,6
6548,4
6559,0
6590,1
6843,4
6844,6
6846,6
6882,4
6918,4
6948,0
7049,0
7412,6
7426,6
7441,0
7477,6
7523,0
7536,2
7607,0
7763,3
7837,4
7848,0
7870,0
7969,2
8169,2
8281,7
8616,6
8803,7
8900,4
8905,4
8920,4
8946,2
8972,4
9062,3
9145,2
9278,3
9381,4
9387,2
9391,7
9458,6
9499,6
9512,6
9524,4
9527,6
9615,6
9864,7
10058,7
10070,3
10392,6
10413,2
10534,5
10557,0
10653,3
10942,0
10982,2
11154,2
11170,2
11202,2
11235,2
11270,0
11436,6
11504,1
11511,2
11602,0
11812,2
11927,0
11958,6
11986,3
11990,6
11997,2
12065,6
12075,3
12279,2
12302,0
12383,2
12384,6
12418,3
12449,4
12579,0
12639,2
12673,6
12691,4
12701,0
12875,0
12882,2
12883,5
12932,2
12948,2
12963,7
13061,0
13200,3
13220,2
13229,2
13416,4
13417,2
13425,7
13541,0
13559,7
13604,6
13607,6
13614,4
13644,2
13650,4
13663,0
13817,7
13829,4
13850,5
13977,5
14056,3
14057,2
14210,4
14269,4
14508,0
14577,2
14921,7
15090,0
15272,6
15404,3
15451,1
15517,6
15560,0
15568,2
15599,0
15654,0
15675,3
15859,0
15870,4
16095,0
16298,3
16434,4
16450,4
16461,0
16507,4
16532,4
16566,4
16592,6
16618,4
16667,4
16703,0
16747,4
16748,4
16759,4
16772,4
16876,4
16878,2
16899,5
16934,2
17052,6
17145,0
17164,3
17173,2
17930,2
17994,0
18087,0
18151,5
18197,0
18201,1
18275,4
18301,0
18533,6
18540,3
18589,0
18648,2
19037,3
19090,6
19124,4
19143,6
19199,3
19201,6
19215,7
19222,3
19232,7
19234,2
19242,3
19247,2
19264,5
19290,7
19313,3
19349,2
19357,4
19565,4
19628,0
19828,0
19887,7
20112,5
20121,0
20198,0
20214,3
20277,2
20302,4
20313,2
20325,0
20387,0
20411,1
20444,0
20496,6
20501,3
20783,4
20932,4
20952,3
20969,2
21064,3
21141,4
21899,4
22747,2
22868,2
23030,3
23756,4
23811,0
23956,6
24121,0
24397,1
24493,2
24501,2
24525,6
24567,0
24606,0
24646,7
24784,2
25381,0
25497,3
25540,5
25770,7
25771,7
27139,7
25,2
149,2
881,2
929,3
969,0
1102,6
1386,4
1508,7
1581,2
2000,2
2241,7
2505,3
2645,3
3216,2
3218,4
3847,4
4331,1
4477,6
4514,1
4552,2
4614,0
4620,2
4854,2
5311,3
5376,0
5395,1
5498,2
5537,3
5754,6
5761,4
6081,0
6108,1
6136,1
6138,4
6331,0
6435,1
6467,6
6776,3
6854,0
6916,4
6925,0
6957,0
7098,3
7122,2
7180,6
7213,0
7255,4
7424,2
7438,0
7494,4
7543,0
7571,2
7582,0
7762,0
7874,4
7902,2
7918,3
7926,4
8025,4
8038,0
8197,3
8389,0
8831,3
8856,6
8885,2
9120,3
9170,4
9276,0
9304,4
9348,6
9399,6
9413,1
9428,6
9535,6
9542,3
9749,3
9760,4
9790,4
9793,0
9831,2
9933,4
9958,7
10245,2
10362,5
10597,3
10608,3
10696,3
10720,2
10765,2
10779,0
10897,3
11065,0
11303,6
11328,6
11409,5
11434,2
11506,6
11525,4
11551,5
11571,3
11734,0
11817,3
11827,4
11900,2
11925,1
11931,3
11991,2
12023,3
12054,3
12071,6
12163,7
12332,0
12350,2
12409,2
12459,3
12473,2
12477,5
12502,4
12662,2
12670,2
12737,6
12743,0
12775,4
12924,0
12952,0
12956,0
12962,7
13048,7
13163,2
13221,2
13232,4
13387,1
13453,4
13461,6
13486,4
13489,3
13638,0
13640,3
13717,0
13767,3
13802,0
13869,6
13876,2
13949,3
13954,2
13975,2
13988,0
14076,2
14167,4
14189,6
14217,6
14282,4
14394,0
14418,4
14437,4
14439,3
14489,5
14516,0
14576,2
14679,6
14724,2
14725,2
14829,6
14830,3
14949,7
14995,5
15149,2
15254,0
15268,4
15279,0
15305,3
15320,0
15401,3
15444,4
15463,4
15490,4
15544,7
15577,2
15585,2
15707,6
15718,5
15846,0
15972,0
16114,4
16387,2
16411,2
16457,0
16464,2
16466,4
16467,4
16586,4
16604,4
16647,4
16707,4
16758,4
16783,1
16844,4
17051,6
17057,0
17063,0
17083,2
17115,0
17174,4
17187,2
17218,3
17749,2
17774,1
17850,0
17857,5
17889,6
17918,4
18020,3
18072,0
18224,0
18256,0
18411,3
18528,5
18555,0
18591,0
18594,0
18596,2
18686,2
18756,4
18864,3
18926,7
18988,4
18998,0
19041,0
19054,3
19180,3
19188,7
19241,7
19279,3
19292,3
19293,3
19295,3
19303,5
19372,3
19443,2
19547,7
19802,4
19926,2
19954,1
19961,0
19984,3
19998,0
20047,0
20102,0
20129,4
20152,0
20177,2
20195,2
20268,0
20307,2
20309,1
20322,4
20419,0
20438,5
20461,1
20494,3
20724,7
21028,6
21045,6
21221,3
21519,2
21544,0
21578,1
21603,6
21771,0
22092,0
22659,6
22674,0
22675,0
22712,6
22761,2
22835,7
22999,6
23699,0
23722,2
23777,5
23829,4
23860,4
23912,0
23915,4
23938,4
23959,0
23972,4
23994,4
24029,0
24047,0
24054,0
24110,4
24166,0
24305,5
24540,3
24591,0
24706,0
24754,0
24786,4
24798,0
24873,0
25343,3
25378,2
25423,0
25458,5
25473,0
25478,0
25503,6
25507,3
25510,0
25511,0
25621,1
25626,2
25725,0
25846,2
27029,0
27180,2
27195,4
103,6
230,6
324,1
472,4
698,3
804,3
820,0
906,2
1013,4
1337,3
1478,4
1778,4
1931,4
2033,4
2073,3
2139,4
2150,4
2176,0
2308,4
2359,4
2388,4
2464,2
3062,6
3163,3
3538,2
3619,4
3789,7
3790,0
4011,2
4016,2
4032,4
4148,9
4181,0
4504,0
4576,4
4643,0
4698,2
4783,4
4786,3
4843,1
5046,4
5056,2
5066,2
5109,3
5119,6
5353,0
5425,7
5614,0
5747,7
5757,2
5854,4
5939,6
6105,2
6122,1
6175,2
6394,0
6521,3
6674,4
6785,0
6825,3
6845,1
6880,3
6996,0
7133,9
7199,6
7209,1
7317,6
7321,6
7354,6
7362,4
7373,2
7458,4
7506,0
7521,4
7603,4
7895,6
7901,6
7922,1
7992,1
7998,4
8139,6
8165,4
8869,0
8976,2
9047,2
9148,3
9149,7
9263,2
9295,2
9353,4
9377,4
9444,6
9530,6
9640,2
9806,4
9822,2
9854,6
9866,3
9882,7
10086,2
10384,6
10412,7
10439,4
10633,7
10687,5
10791,6
10825,2
10890,4
10918,6
10941,0
11171,2
11182,4
11241,2
11255,4
11288,5
11333,4
11408,4
11428,4
11478,1
11532,3
11536,2
11621,2
11671,7
11680,3
11698,3
11732,0
11876,6
12001,0
12084,4
12112,0
12147,3
12391,4
12657,2
12688,2
12746,4
12825,3
12969,2
12998,4
13001,2
13035,0
13073,3
13091,0
13095,4
13439,4
13456,5
13488,4
13505,4
13540,4
13661,4
13693,1
13754,0
13804,1
13840,0
14051,2
14063,2
14106,0
14157,6
14201,4
14212,4
14223,7
14295,1
14395,0
14448,6
14474,4
14529,2
14553,3
14697,8
14807,0
14815,1
14895,0
14924,0
15044,4
15105,2
15205,4
15228,2
15338,7
15364,2
15410,4
15427,3
15474,7
15532,2
15533,3
15548,6
15582,7
15593,0
15732,3
15831,3
15871,6
15875,7
15954,7
15996,4
16032,2
16034,2
16039,7
16404,4
16488,4
16720,0
16757,4
16773,4
16774,0
17067,4
17148,3
17182,0
17799,3
17822,3
18099,6
18106,5
18117,2
18175,2
18195,0
18226,2
18274,0
18291,1
18303,5
18355,5
18358,0
18363,0
18371,4
18384,3
18404,4
18522,0
18537,3
18569,0
18639,0
18695,3
18701,2
18724,4
18767,1
18806,4
18813,4
18947,6
19023,2
19052,7
19074,3
19108,7
19226,9
19229,3
19237,3
19262,3
19311,0
19343,7
19348,0
19358,9
19360,6
19362,3
19401,3
19453,2
19637,6
19766,2
19811,0
19876,5
19891,0
19943,1
19977,5
20014,6
20030,3
20048,1
20073,1
20074,0
20076,3
20120,3
20140,5
20153,0
20190,0
20203,6
20255,6
20258,1
20301,4
20355,1
20368,0
20394,2
20396,4
20400,7
20440,0
20451,1
20512,0
20521,3
20640,2
20939,0
21021,4
21083,2
21130,3
21182,4
21223,4
21522,0
21555,5
21670,0
21718,0
21800,1
21803,0
21849,5
21898,7
21984,0
22070,2
22664,4
22689,3
22743,2
22744,3
22764,6
22836,0
23048,0
23060,3
23750,0
23759,0
23865,0
23908,0
23923,5
23927,4
23968,4
24197,7
24300,4
24427,7
24456,0
24458,3
24701,0
24735,2
24750,0
24775,1
24918,4
25006,1
25088,2
25358,4
25456,0
25461,6
25465,0
25504,0
25589,0
25718,5
25857,2
25973,3
26652,6
27175,2
37,0
493,3
709,3
776,2
1040,4
1200,3
1476,0
1999,4
2006,1
2063,3
2084,4
2194,7
2375,6
2406,0
2414,4
2452,1
2548,5
3178,2
3513,0
3614,3
3916,3
4128,4
4151,2
4174,2
4251,3
4330,3
4354,0
4404,6
4482,4
4557,0
4597,6
4852,2
4886,0
5118,6
5170,2
5674,2
5840,4
5967,2
6073,4
6095,0
6167,4
6207,0
6261,0
6267,4
6326,0
6376,3
6490,2
6551,4
6660,6
6938,9
7141,2
7201,4
7217,6
7410,4
7433,0
7453,0
7563,2
7590,4
7806,0
7808,4
7839,4
7886,0
7906,2
7967,6
8066,3
8132,1
8740,6
8800,3
8839,4
8859,6
8965,7
8969,0
9150,7
9165,4
9184,9
9299,0
9323,3
9350,3
9502,7
9541,4
9838,2
9904,2
9924,3
9962,2
10075,2
10085,0
10407,7
10489,0
10499,3
10661,3
10684,3
10694,3
10732,7
10742,6
10753,7
10783,2
10840,6
10914,1
10987,4
10991,2
11016,4
11150,4
11164,4
11218,3
11284,5
11306,0
11357,6
11365,6
11366,2
11430,6
11454,2
11505,2
11651,3
11683,3
11816,6
11913,0
11916,0
11940,2
12050,0
12151,2
12218,3
12309,4
12325,6
12334,3
12343,6
12358,2
12369,0
12486,7
12538,0
12627,2
12684,2
12876,2
12887,5
12899,2
12905,2
12918,2
12981,2
13013,6
13032,7
13265,0
13407,2
13475,1
13526,4
13536,4
13619,2
13621,0
13632,4
13645,4
13659,0
13711,0
13719,5
13775,2
13822,4
13848,4
13972,4
14008,2
14102,7
14149,3
14255,4
14273,3
14402,6
14414,2
14452,0
14487,3
14490,4
14549,4
14565,3
14575,4
14578,2
14806,1
14953,0
15033,4
15085,4
15113,3
15231,0
15246,0
15337,0
15340,3
15387,6
15422,3
15438,2
15476,0
15485,1
15486,5
15541,5
15572,5
15619,3
15690,2
15721,6
15850,2
16038,4
16106,7
16112,5
16267,0
16316,4
16561,2
16573,4
16591,4
16596,0
16642,4
16881,4
16895,0
16901,4
16960,4
16991,4
16999,3
17000,2
17008,5
17259,2
17368,4
17731,2
17746,3
17816,2
17956,0
18158,5
18180,6
18211,4
18273,0
18287,0
18290,4
18298,1
18383,2
18441,0
18472,0
18562,4
18572,4
18612,4
18629,2
18637,4
18647,2
18683,2
18696,2
18715,2
18722,4
18739,0
18828,2
19010,6
19133,0
19140,7
19238,6
19263,2
19284,6
19320,5
19335,6
19352,6
19359,3
19371,0
19422,0
19437,4
19451,0
19528,2
19534,2
19776,2
19814,0
19819,0
19823,3
19826,4
19989,0
19991,4
19995,0
20010,4
20059,5
20060,5
20072,5
20116,4
20122,0
20125,0
20132,2
20259,7
20289,0
20379,7
20381,4
20390,0
20436,4
20443,2
20470,0
20495,7
20505,2
20508,6
20699,7
20749,6
20962,4
20967,3
21020,2
21082,5
21108,4
21129,4
21190,4
21192,4
21561,2
21572,2
21722,7
21775,2
21938,4
21966,2
21987,4
22800,2
22834,4
23022,2
23079,3
23080,0
23084,0
23121,3
23693,4
23748,4
23789,4
23843,4
23940,0
24027,0
24141,2
24180,7
24185,0
24396,1
24473,3
24604,0
24629,1
24677,7
24725,2
24738,1
24764,0
24919,4
25479,0
25505,7
25527,5
25550,3
25576,3
25674,2
25702,0
25708,0
25779,7
25797,7
25823,7
26391,7
26696,2
27024,0
27160,0
27167,3
392,0
508,4
558,6
663,0
1599,4
2109,3
2127,7
2513,4
2539,1
2809,0
2828,4
2959,2
3196,4
3624,0
3835,6
4028,2
4294,2
4313,2
4350,2
4500,0
4519,2
4556,0
4664,0
4740,7
4873,6
4941,0
5035,4
5048,6
5057,2
5059,4
5203,2
5437,3
5583,0
5679,0
5716,0
5778,2
5884,0
5903,6
5904,6
5909,3
5918,2
6002,2
6062,1
6065,4
6066,2
6096,0
6206,4
6217,0
6285,6
6322,2
6360,0
6374,0
6520,4
6550,4
6581,4
6619,0
6730,7
6783,5
6897,2
6976,5
7010,0
7128,0
7142,1
7236,2
7303,6
7328,2
7411,4
7418,0
7547,0
7555,9
7556,9
7581,3
7665,1
7769,0
7781,2
7844,2
7882,0
8379,6
8391,4
9007,4
9127,3
9137,2
9259,3
9474,6
9510,6
9517,3
9531,4
9717,0
9802,7
10252,7
10426,7
10631,0
10639,4
10649,7
10683,1
11070,4
11142,6
11173,0
11203,6
11239,2
11285,0
11569,3
11578,2
11765,6
11831,2
11946,2
12020,2
12038,0
12039,7
12335,5
12348,2
12385,0
12388,3
12396,2
12523,0
12560,6
12568,0
12599,2
12620,2
12632,2
12689,2
12757,6
12786,4
12891,2
13102,2
13117,0
13179,2
13244,3
13321,6
13388,7
13428,7
13478,3
13484,4
13551,0
13579,4
13627,0
13703,4
13726,4
13751,4
13771,4
13792,0
13830,0
13835,7
13973,6
14129,2
14136,9
14173,0
14205,0
14248,3
14257,0
14296,3
14344,7
14384,4
14479,6
14480,2
14483,5
14486,1
14659,0
14698,6
14713,4
14747,4
14754,6
14773,7
14845,7
14846,2
14948,7
15091,0
15207,5
15232,4
15257,3
15282,0
15350,3
15354,0
15383,2
15406,6
15419,6
15620,0
15634,0
15641,7
15677,0
15855,2
15858,7
16037,0
16075,6
16077,4
16099,2
16326,6
16371,2
16459,0
16539,4
16543,4
16565,4
16580,6
16602,0
16605,4
16616,4
16634,2
16660,4
16672,2
16805,4
16839,4
16880,3
16890,4
17105,4
17127,7
17188,0
17203,0
17477,0
17795,4
17802,3
17806,0
17907,4
17943,3
18041,5
18048,2
18137,0
18360,2
18379,2
18380,0
18428,3
18473,3
18482,4
18484,1
18492,2
18529,0
18551,1
18557,2
18559,5
18578,0
18635,4
18643,0
18681,2
18682,6
18694,2
18800,4
18919,3
18924,2
18949,0
19049,4
19060,3
19106,3
19125,3
19136,0
19144,6
19167,5
19182,0
19223,2
19268,6
19322,2
19363,2
19406,2
19456,2
19458,6
19494,7
19552,1
19555,0
19632,6
19761,0
19803,4
19821,2
19864,0
19885,4
19958,6
19993,4
20043,4
20051,0
20055,4
20113,1
20119,3
20156,4
20189,0
20210,5
20233,4
20246,6
20297,7
20385,1
20389,0
20406,0
20504,3
20716,0
20718,4
20744,1
20754,7
20976,2
21029,5
21043,0
21140,4
21143,4
21446,4
21531,1
21598,0
21695,2
21703,4
21716,0
21864,2
21865,2
21876,6
21900,3
21910,7
21922,7
21925,0
21932,1
21995,0
21998,2
22062,2
22102,3
22661,0
22665,0
22695,3
22718,7
22720,3
22740,3
22790,2
22852,7
23000,0
23005,7
23010,7
23055,0
23058,4
23087,4
23120,0
23690,4
23701,4
23720,4
23877,4
23879,4
23888,0
23925,6
23926,4
23948,0
24023,4
24026,4
24038,2
24048,0
24050,4
24059,0
24074,0
24103,5
24143,1
24405,2
24497,2
24676,1
24734,7
24855,3
24979,2
25231,7
25376,2
25397,0
25402,0
25421,3
25433,0
25438,0
25472,4
25476,0
25517,5
25709,0
25783,7
25800,7
25804,7
26067,4
26399,7
26461,6
27151,0
27200,2
237,2
378,0
1122,3
1143,6
1149,9
1186,6
1234,4
1314,7
1427,4
1973,6
2401,4
2546,3
2620,0
2786,4
3209,3
3344,2
3706,6
4100,4
4270,2
4553,6
4617,2
4730,0
4950,2
4953,0
5034,4
5068,4
5077,0
5241,3
5422,1
5499,7
5655,4
5806,6
5816,2
5900,6
6121,0
6140,4
6263,0
6481,6
6535,0
6663,2
6692,0
6721,2
6866,4
6877,0
6896,2
7059,0
7072,2
7221,0
7296,0
7298,2
7357,0
7369,6
7444,6
7559,0
7583,0
7599,3
7600,6
7651,4
7700,6
7873,0
7881,0
7954,7
8045,0
8085,2
8137,4
8143,6
8198,4
8455,2
8668,7
8862,6
8881,0
8932,7
9014,0
9104,3
9136,0
9167,9
9275,0
9394,4
9417,8
9439,6
9509,0
9552,6
9613,0
9646,3
9647,6
9670,6
9768,6
9777,7
9845,2
9891,6
9939,6
9951,4
9963,7
10455,2
10576,6
10625,5
10626,1
10637,2
10645,6
10674,1
10681,1
10899,7
10946,0
10948,0
11082,2
11211,4
11277,7
11422,2
11462,0
11485,2
11560,3
11620,3
11634,6
11637,6
11670,2
11746,2
11749,4
11791,2
11805,3
11826,7
11835,4
11883,6
11918,2
11935,7
12000,4
12005,0
12024,0
12025,0
12040,3
12100,3
12121,7
12362,0
12465,2
12469,2
12527,6
12535,2
12573,6
12636,2
12641,2
12678,2
12687,2
12735,4
12774,3
12908,3
12968,0
13036,0
13164,3
13250,7
13393,4
13500,2
13528,2
13531,4
13558,7
13572,4
13590,0
13608,4
13639,4
13678,0
13696,4
13708,2
13736,2
13737,0
13854,0
13863,3
14035,2
14118,4
14166,4
14211,6
14243,6
14360,7
14362,2
14407,0
14502,0
14518,3
14539,2
14557,3
14592,2
14691,2
14712,0
14996,2
15070,4
15208,7
15218,1
15262,3
15292,6
15392,0
15537,6
15601,6
15606,6
15681,6
15713,0
15714,2
15766,0
15848,2
15888,4
15913,2
15918,6
15935,9
16005,0
16024,0
16040,5
16097,2
16116,9
16307,6
16425,3
16470,6
16516,3
16549,4
16550,4
16587,4
16594,3
16606,4
16643,4
16650,3
16666,2
16687,2
16689,0
16717,4
16754,4
16763,4
16770,0
16775,4
16790,2
16815,4
16842,4
16938,4
16943,4
16973,4
17122,0
17131,7
17153,6
17184,0
17190,1
17207,9
17265,7
17276,6
17681,4
17708,4
17720,7
17730,0
17735,7
17785,4
18001,0
18009,2
18015,4
18057,4
18116,2
18164,2
18173,2
18193,0
18221,0
18333,3
18344,0
18423,0
18435,5
18465,0
18500,4
18514,7
18547,4
18584,2
18601,0
18610,3
18650,2
18667,2
18713,2
18752,0
18901,1
18930,0
18946,3
18953,3
19076,0
19102,5
19154,3
19181,3
19192,7
19204,0
19211,7
19253,6
19259,3
19278,7
19287,6
19304,3
19325,0
19336,3
19339,6
19355,3
19369,3
19373,3
19378,0
19380,2
19388,3
19428,2
19429,0
19438,3
19488,9
19502,7
19762,0
19908,0
19915,2
19925,6
19932,1
19960,3
19979,0
19997,0
19999,4
20007,4
20023,4
20049,0
20052,0
20071,3
20082,0
20084,2
20099,2
20114,3
20154,7
20180,5
20209,2
20253,2
20261,0
20274,0
20279,5
20281,0
20290,1
20296,0
20305,3
20345,0
20363,4
20373,5
20376,2
20380,2
20386,6
20418,0
20446,2
20447,0
20502,3
20524,4
20668,7
20995,0
21046,2
21123,4
21134,4
21183,4
21216,4
21524,0
21532,0
21537,3
21550,4
21575,3
21798,4
21871,4
21872,0
21991,0
22068,7
22090,6
22733,0
22777,4
22901,5
23069,0
23171,7
23513,0
23721,6
23764,4
23788,0
23805,4
23810,4
23835,4
23844,4
23866,6
23872,4
23881,0
23891,3
23906,0
23937,0
23962,6
23995,4
23998,0
24003,0
24024,0
24084,0
24102,4
24159,0
24227,0
24237,0
24239,0
24283,5
24461,1
24468,2
24500,2
24503,7
24530,7
24547,2
24579,7
24619,6
24620,6
24682,7
24771,1
24910,0
24912,2
24958,2
24978,0
25010,1
25109,7
25246,3
25319,6
25353,3
25395,0
25406,0
25412,4
25414,3
25425,3
25435,7
25446,6
25466,1
25471,2
25483,4
25490,0
25491,3
25516,0
25555,0
25559,2
25585,0
25586,0
25658,3
25663,0
25713,0
25716,5
25769,7
25782,7
25785,7
25809,4
25848,2
25896,3
26650,6
27174,3
935,4
1150,9
1155,9
1219,2
1223,9
1284,9
1336,9
1462,6
1686,4
2106,2
2363,4
2416,2
2515,0
2518,0
2523,2
3833,6
3968,6
3970,6
3976,0
4138,0
4196,0
4214,0
4256,3
4344,6
4419,2
4471,4
4602,6
4656,6
4688,0
4892,1
5012,0
5013,7
5211,9
5221,9
5278,3
5384,3
5569,0
5659,2
5810,3
5949,2
6160,0
6223,2
6259,0
6262,0
6302,3
6465,6
6530,6
6662,2
6729,6
6746,0
6763,1
6799,0
6836,3
6840,0
6841,5
6869,0
6962,4
6997,0
7028,1
7043,0
7102,6
7109,9
7188,3
7251,0
7295,0
7300,6
7302,2
7405,0
7440,0
7598,3
7602,4
7618,3
7757,3
7780,2
7793,1
7857,7
7929,4
7943,4
7956,2
7970,3
7981,2
8037,0
8081,2
8500,2
8878,6
9141,9
9142,9
9472,0
9487,6
9614,4
9671,5
9873,2
9874,5
9937,6
9956,2
10040,4
10379,6
10385,6
10395,3
10497,4
10657,1
10676,1
10716,6
10861,9
10902,0
11076,2
11088,3
11240,6
11351,2
11469,7
11486,2
11610,2
11613,6
11633,4
11679,5
11703,4
11744,0
11769,5
11836,6
11860,5
11884,3
11978,2
11992,3
12008,4
12041,0
12042,6
12086,7
12131,3
12136,0
12160,4
12298,6
12314,2
12442,0
12457,6
12500,4
12562,6
12598,2
12654,2
12661,2
12666,2
12667,2
12698,2
12739,2
12804,4
12848,3
12930,1
13037,0
13058,6
13188,2
13258,0
13271,6
13280,4
13328,3
13331,2
13502,4
13512,4
13547,0
13565,4
13571,4
13687,1
13690,0
13791,4
13796,1
13801,4
13841,6
13955,2
14101,2
14154,5
14208,6
14274,4
14370,4
14385,7
14399,2
14428,4
14454,4
14464,0
14493,2
14566,3
14586,2
14678,6
14688,0
14817,4
14828,6
14837,2
14842,2
14957,0
14961,2
15014,0
15028,2
15088,7
15122,3
15227,2
15237,2
15260,7
15304,3
15311,4
15327,3
15331,0
15413,1
15447,0
15496,0
15551,1
15587,2
15589,4
15610,0
15652,0
15660,2
15754,5
15770,0
15882,4
15948,3
15974,5
16074,2
16338,3
16393,4
16426,2
16453,4
16563,4
16569,6
16614,4
16676,4
16705,4
16730,1
16738,2
16766,4
16778,0
16808,0
16856,1
16883,1
16922,4
16955,4
16982,6
16984,4
17009,3
17031,7
17123,3
17124,6
17146,0
17179,0
17181,6
17209,2
17694,4
17714,6
17745,4
17789,0
17809,5
17923,0
17938,2
17959,2
18150,0
18166,5
18307,2
18374,0
18392,4
18409,0
18414,0
18429,2
18480,3
18495,4
18501,2
18519,5
18539,0
18546,4
18556,4
18565,7
18571,4
18583,4
18665,2
18666,3
18676,2
18712,2
18717,7
18735,9
18740,2
18753,4
18758,4
18781,6
18804,2
18822,0
18914,7
18944,0
18994,3
18999,3
19027,7
19162,7
19169,3
19203,3
19214,4
19224,2
19233,3
19252,0
19255,3
19274,2
19294,7
19302,3
19305,9
19307,7
19317,9
19319,6
19340,6
19344,7
19356,3
19364,7
19393,0
19427,4
19434,3
19515,9
19524,2
19564,0
19566,2
19591,7
19746,5
19750,5
19752,2
19796,5
19801,4
19963,1
20015,1
20021,0
20045,0
20046,1
20086,0
20118,0
20197,0
20207,3
20208,4
20235,2
20295,2
20304,1
20342,0
20351,0
20382,4
20383,3
20405,4
20408,7
20457,0
20469,2
20534,9
20555,2
20572,6
20677,9
20703,7
20894,2
20956,7
21036,7
21089,3
21126,4
21162,4
21170,4
21176,4
21534,2
21540,0
21565,3
21585,0
21712,2
21719,6
21741,2
21745,3
21801,3
21920,6
21945,4
21982,2
21988,0
22006,2
22098,4
22099,2
22676,6
22677,7
22702,7
22739,4
22798,7
22825,7
22858,2
23024,2
23047,3
23124,2
23143,0
23298,7
23521,2
23584,2
23589,0
23818,2
23839,4
23862,7
23867,4
23896,7
23928,0
23934,4
23950,4
23961,4
23975,0
23976,0
23987,4
24015,4
24021,3
24035,2
24089,0
24097,4
24114,0
24125,4
24137,2
24189,1
24194,6
24207,0
24208,4
24210,4
24265,0
24291,7
24294,7
24312,2
24422,4
24435,2
24439,3
24470,3
24554,3
24562,0
24580,0
24684,0
24761,2
24907,7
25105,3
25239,4
25352,3
25388,0
25391,0
25398,3
25442,1
25515,0
25518,3
25533,1
25551,0
25562,2
25580,2
25717,5
25781,7
25850,2
26088,2
26805,0
320,9
491,8
594,4
1148,6
1153,6
1162,9
1170,9
1193,9
1240,2
1666,4
1730,2
1980,4
2005,3
2162,4
2233,0
2354,2
2575,4
2594,4
2747,2
2748,2
3320,3
3717,2
3719,6
3785,6
3793,9
4004,3
4010,3
4243,2
4244,9
4249,3
4566,0
4612,0
4615,0
4705,4
4743,1
4779,0
4800,0
5110,3
5136,7
5205,2
5210,9
5213,2
5260,6
5502,3
5544,3
5642,3
5653,4
5768,2
5791,2
5792,4
5835,4
5935,4
6029,4
6068,5
6069,4
6098,3
6111,4
6220,9
6268,4
6451,6
6553,0
6623,0
6628,6
6697,1
6822,2
6947,3
6999,6
7105,1
7125,1
7278,0
7281,1
7316,0
7360,2
7550,0
7615,7
7743,3
7767,3
7783,2
7807,7
7909,6
7920,1
7942,1
7968,6
7985,2
8026,2
8213,6
8227,2
8315,7
8670,2
8676,6
8809,2
9111,2
9186,5
9268,7
9333,6
9405,4
9579,6
9600,0
9665,6
9697,7
9789,6
9794,7
9801,3
9887,6
9926,7
10449,2
10491,3
10595,3
10596,2
10618,6
10730,9
10774,6
10860,3
10964,6
11048,3
11122,7
11132,6
11161,7
11214,0
11343,2
11491,3
11495,9
11594,2
11606,2
11776,2
11881,0
11897,6
12056,6
12083,0
12091,4
12225,6
12243,7
12275,6
12333,2
12392,2
12417,2
12427,0
12428,1
12450,6
12528,4
12571,0
12618,0
12648,2
12683,2
12699,2
12795,4
12870,6
12884,0
12888,2
12911,3
12978,0
13097,4
13157,3
13159,3
13198,2
13259,0
13314,9
13490,4
13509,4
13567,2
13672,0
13675,4
13677,2
13701,3
13755,7
13783,0
13787,4
13790,4
13852,0
13857,6
14032,2
14058,7
14098,2
14114,3
14122,7
14126,4
14151,6
14164,4
14178,2
14221,7
14276,3
14320,9
14482,1
14496,3
14599,2
14605,0
14654,5
14681,3
14746,7
14850,9
14865,2
14908,6
15012,6
15095,9
15213,9
15313,2
15329,0
15332,0
15363,4
15399,0
15437,7
15456,2
15462,4
15478,6
15523,3
15526,6
15543,4
15592,7
15594,6
15709,2
15729,4
15881,8
15969,5
16023,7
16087,3
16119,2
16128,9
16203,9
16221,9
16301,2
16385,6
16414,4
16444,2
16474,4
16500,7
16533,4
16584,4
16601,0
16636,1
16669,4
16834,4
16837,4
16853,6
16970,3
16996,4
17036,3
17048,4
17085,2
17126,3
17137,7
17166,4
17197,2
17205,0
17234,7
17235,3
17518,6
17679,2
17734,3
17737,0
17740,2
17815,0
17819,3
17856,4
18038,6
18174,2
18178,4
18208,0
18265,2
18271,4
18370,0
18382,3
18396,7
18403,0
18431,3
18509,4
18517,4
18531,6
18552,5
18573,4
18609,3
18611,0
18679,1
18691,3
18737,9
18833,2
18843,6
18917,3
18948,6
18962,0
18996,1
19011,2
19035,3
19048,3
19148,0
19206,3
19210,6
19212,7
19213,7
19218,0
19243,1
19245,3
19251,0
19254,6
19300,2
19301,2
19309,6
19312,3
19328,3
19342,3
19350,3
19366,2
19377,6
19379,7
19382,3
19392,6
19419,0
19425,7
19459,6
19463,0
19487,7
19489,9
19511,7
19536,7
19638,6
19901,0
19920,0
19952,0
20028,0
20041,3
20115,4
20127,3
20158,3
20169,2
20185,3
20196,0
20204,2
20234,0
20314,6
20356,0
20361,1
20362,0
20384,0
20402,7
20404,0
20413,3
20415,3
20420,0
20458,6
20500,5
20507,7
20667,7
20676,9
20701,2
20781,0
20815,3
20895,0
20953,3
21025,2
21032,2
21052,0
21057,2
21067,3
21081,5
21137,2
21144,4
21189,4
21228,4
21237,4
21246,4
21248,4
21393,4
21510,0
21518,3
21774,2
21808,6
21837,2
21840,9
21854,0
21878,0
21879,6
21928,3
21931,4
21957,4
21979,6
21980,2
22091,3
22745,2
22749,2
22796,7
22846,2
22875,1
22879,6
22898,7
23001,4
23061,1
23102,2
23115,0
23142,2
23148,7
23329,4
23514,0
23524,6
23557,4
23821,3
23831,4
23836,4
23849,4
23880,4
23893,4
23914,3
23971,0
23989,0
24000,2
24005,0
24008,0
24010,0
24064,6
24080,0
24088,0
24101,0
24120,0
24127,4
24134,0
24145,2
24178,4
24216,2
24222,0
24271,7
24273,9
24296,7
24411,2
24412,3
24420,7
24437,0
24455,2
24463,4
24464,6
24546,0
24557,7
24596,6
24615,7
24640,4
24675,7
24688,7
24713,4
24723,3
24727,0
24765,7
24773,4
24853,0
24854,9
24857,7
24900,2
24908,2
24959,7
24967,7
25100,5
25214,7
25384,0
25420,2
25440,0
25451,5
25493,2
25520,3
25521,3
25526,0
25528,0
25536,0
25549,2
25574,0
25601,4
25610,0
25624,2
25631,5
25637,2
25656,0
25664,2
25733,7
25755,7
25761,5
25787,7
25798,7
26060,0
26061,2
26098,2
26780,0
27081,0
27106,0
27147,7
27148,0
27156,6
27165,6
27179,6
27212,6
104,4
172,2
494,4
1146,6
1147,9
1160,6
1161,9
1168,6
1179,9
1195,9
1198,2
1205,9
1231,6
1253,9
1258,9
1306,2
1315,9
1331,6
1335,9
1519,4
2067,2
2149,2
2320,2
2413,4
2640,0
3548,4
3795,2
3821,2
3848,6
3911,7
4096,3
4250,2
4259,9
4266,3
4268,3
4269,9
4296,2
4301,7
4309,6
4314,3
4527,6
4585,2
4738,2
4848,4
4939,3
5070,0
5073,2
5132,6
5188,6
5222,9
5271,2
5362,5
5455,2
5500,2
5618,7
5703,4
5828,7
5885,2
5986,9
6033,0
6120,0
6147,2
6158,6
6165,5
6180,9
6181,9
6219,1
6221,0
6228,3
6252,6
6258,0
6265,9
6291,4
6315,6
6333,2
6442,4
6476,3
6480,3
6587,2
6707,2
6767,0
6774,0
6818,2
6895,8
6949,0
6950,7
6951,7
6952,0
7134,7
7232,2
7241,2
7475,1
7520,2
7567,4
7574,2
7613,4
7641,7
7661,0
7726,5
7730,1
7804,0
7867,6
7890,3
7936,2
7996,4
8043,2
8054,6
8060,7
8079,0
8216,9
8352,6
8488,2
8860,2
8949,6
9130,9
9138,9
9146,3
9147,3
9162,9
9175,9
9346,2
9501,6
9577,9
9586,2
9587,6
9711,4
9753,6
9764,6
9788,7
9798,9
9820,0
9906,6
9908,4
10206,0
10538,9
10560,3
10619,7
10688,7
10707,2
10762,6
10763,7
10778,6
10812,3
10989,0
11034,6
11246,4
11302,6
11317,2
11332,2
11388,1
11402,6
11497,6
11549,7
11563,3
11629,6
11672,2
11735,3
11840,4
11928,6
12226,2
12238,9
12241,2
12285,3
12322,0
12338,3
12400,4
12415,2
12675,6
12731,7
12808,5
12823,4
12826,6
12846,3
12914,2
12920,2
12935,2
12974,2
13040,5
13063,4
13066,2
13111,7
13116,3
13131,3
13194,2
13197,2
13211,1
13213,0
13254,2
13320,2
13389,4
13402,4
13434,7
13445,2
13464,0
13588,4
13631,4
13689,4
13702,5
13710,2
13712,4
13810,4
14024,2
14181,2
14193,4
14194,7
14214,3
14263,4
14323,7
14377,2
14379,3
14433,6
14524,2
14569,6
14583,2
14606,9
14645,0
14694,7
14840,3
14849,9
14863,0
14868,2
14873,2
14974,0
14980,0
14988,6
15072,2
15073,0
15109,9
15145,9
15148,3
15182,9
15187,3
15229,2
15261,0
15303,2
15371,2
15379,0
15393,3
15445,3
15449,0
15483,4
15510,1
15540,9
15555,4
15566,3
15575,0
15579,4
15595,7
15623,3
15635,2
15685,0
15692,2
15710,2
15716,7
15755,7
15772,0
15868,7
15922,2
15933,9
15936,9
15939,9
15980,3
15982,6
16011,2
16083,6
16134,9
16146,9
16158,2
16234,2
16258,2
16353,3
16433,6
16468,4
16620,0
16637,4
16681,4
16715,4
16716,4
16740,6
16771,4
16792,4
16814,2
16831,0
16855,2
16898,4
16965,0
16979,0
16983,3
16995,4
17006,7
17015,7
17018,7
17040,7
17107,7
17108,2
17168,4
17237,6
17245,7
17252,3
17282,4
17472,9
17764,3
17883,7
17934,3
18140,0
18143,0
18149,6
18155,2
18186,2
18227,0
18364,2
18417,0
18433,0
18444,7
18466,2
18498,0
18504,2
18511,0
18525,2
18532,0
18554,5
18567,0
18568,0
18587,2
18632,2
18638,2
18660,5
18698,4
18700,2
18708,7
18727,2
18750,2
18771,3
18801,6
18844,2
18854,6
18866,7
18905,7
18907,0
18965,2
18989,0
19025,6
19058,6
19073,2
19078,5
19116,6
19141,7
19217,0
19248,6
19260,3
19266,6
19275,3
19331,2
19333,6
19345,3
19385,3
19386,4
19389,6
19424,4
19436,6
19475,1
19485,9
19490,9
19495,9
19556,4
19558,0
19641,6
19648,2
19808,3
19812,0
19818,3
19827,7
19865,7
19872,9
19877,0
19880,6
19923,3
19938,2
19965,0
19980,1
19983,4
19988,0
20053,6
20117,2
20131,0
20142,1
20145,1
20147,2
20194,2
20205,0
20238,2
20321,2
20335,0
20339,6
20358,3
20374,3
20393,0
20403,4
20412,0
20421,0
20424,0
20450,3
20454,0
20477,4
20481,6
20510,2
20523,7
20539,9
20650,0
20659,9
20739,3
20809,6
20814,4
20897,3
20957,2
20970,2
20982,0
20994,2
21034,2
21035,7
21044,6
21051,0
21056,7
21066,3
21071,0
21131,4
21133,4
21150,4
21151,3
21178,2
21181,4
21222,4
21264,4
21304,0
21311,4
21329,4
21346,0
21373,0
21386,4
21511,6
21543,6
21628,2
21675,2
21704,7
21709,3
21710,2
21724,2
21738,6
21785,7
21804,4
21936,4
21952,1
21953,4
21976,2
21989,7
21993,6
22000,3
22011,4
22013,2
22023,9
22064,3
22081,7
22087,7
22089,7
22660,0
22697,0
22728,0
22734,6
22758,0
22774,6
22816,4
22845,2
22848,0
23054,3
23057,9
23066,7
23092,5
23105,4
23107,0
23144,3
23189,7
23439,7
23470,7
23516,7
23517,0
23592,7
23709,2
23828,4
23834,4
23851,0
23854,0
23874,4
23882,0
23900,0
23904,0
23917,4
23936,0
23942,4
23949,0
23957,3
23969,0
24014,4
24017,4
24053,4
24063,0
24071,4
24072,0
24076,4
24079,4
24087,5
24093,4
24096,4
24100,0
24113,2
24129,2
24150,2
24229,4
24234,4
24251,3
24252,0
24256,7
24270,0
24286,2
24301,6
24303,0
24316,7
24418,2
24424,0
24432,7
24440,6
24444,7
24450,2
24453,1
24457,4
24460,6
24467,3
24494,7
24498,2
24504,2
24520,7
24561,7
24571,0
24589,0
24595,2
24598,7
24624,7
24630,2
24634,7
24681,7
24691,0
24694,2
24769,0
24789,2
24852,0
24856,2
24887,0
24895,7
24920,4
24964,6
24982,7
24990,9
24992,4
25104,0
25271,7
25339,2
25362,0
25403,0
25408,5
25419,7
25464,5
25477,5
25525,2
25581,0
25603,0
25612,0
25619,3
25622,3
25625,3
25641,1
25645,4
25652,3
25666,3
25715,0
25720,0
25732,0
25791,7
25793,7
25826,9
25936,6
25939,0
26004,4
26022,2
26408,2
26431,7
26432,7
26433,7
26747,7
27164,0
27178,0
27206,7
27223,7
949,2
1126,4
1144,6
1145,9
1154,6
1156,6
1159,6
1182,3
1190,2
1191,9
1196,2
1203,9
1204,9
1210,9
1230,9
1238,9
1262,9
1279,9
1282,2
1287,9
1294,9
1325,0
1790,4
2285,0
2491,4
2547,3
2644,2
2691,9
2721,6
2732,9
2772,0
3003,4
3354,2
3410,2
3720,9
3782,6
3903,3
3934,6
4246,3
4247,2
4253,9
4265,2
4325,0
4410,6
4555,2
4616,0
4687,0
4704,9
4715,2
4737,2
4857,4
5099,6
5103,6
5127,6
5153,6
5178,6
5227,2
5258,2
5265,6
5558,4
5561,3
5762,9
5942,2
5946,5
6075,0
6329,1
6334,0
6443,4
6471,0
6492,2
6585,6
6723,6
6893,1
6903,6
6917,9
6966,1
7022,4
7024,4
7194,0
7220,2
7240,2
7256,0
7309,6
7331,2
7335,0
7419,0
7421,5
7554,2
7557,2
7594,9
7631,0
7740,2
7742,0
7744,6
7765,0
7778,3
7885,1
7904,7
7916,9
7923,3
7947,2
7958,0
8056,9
8176,2
8196,3
8266,6
8305,3
8326,2
8730,7
8744,7
8871,2
8943,2
8957,2
9116,9
9119,9
9123,3
9143,9
9160,2
9179,9
9181,9
9182,5
9205,9
9206,9
9208,9
9226,9
9363,3
9368,3
9382,2
9386,0
9539,6
9548,6
9563,4
9610,0
9618,4
9658,2
9679,5
9769,6
9821,7
9877,6
9886,6
9938,6
9986,9
10134,2
10400,9
10436,9
10514,3
10695,4
10700,6
10705,7
10736,7
10807,3
10819,0
10854,4
10864,9
10944,2
11032,2
11054,0
11177,2
11260,4
11347,2
11350,2
11356,2
11364,6
11379,2
11387,6
11492,9
11550,7
11562,6
11612,6
11677,2
11740,3
11748,3
11794,9
11848,2
11924,5
11955,0
12179,6
12231,2
12232,2
12236,6
12242,0
12271,4
12284,9
12316,2
12330,0
12353,6
12367,2
12461,2
12467,6
12474,2
12506,1
12529,4
12542,4
12700,2
12720,7
12749,2
12756,7
12780,0
12822,4
12834,2
12857,9
12864,3
12873,4
12878,6
12922,7
12925,2
12936,2
12938,2
12943,2
12987,4
13016,6
13029,2
13034,4
13083,6
13121,6
13142,3
13152,0
13153,3
13158,3
13203,2
13228,6
13283,4
13288,4
13318,0
13358,9
13383,2
13413,2
13422,4
13424,4
13483,7
13546,4
13574,4
13576,4
13578,4
13580,4
13581,7
13612,4
13643,3
13715,2
13725,0
13776,4
13779,2
13799,0
13803,2
13834,4
13982,0
14006,5
14104,4
14117,3
14121,7
14135,9
14161,3
14192,4
14228,0
14244,2
14250,9
14254,6
14275,2
14278,2
14279,7
14280,2
14285,9
14321,9
14417,0
14442,6
14469,7
14470,2
14471,3
14660,0
14683,4
14706,8
14720,6
14757,2
14761,2
14791,4
14839,9
14857,9
14888,6
14928,9
14956,3
14977,0
14999,0
15032,1
15049,2
15083,3
15100,9
15118,9
15161,9
15162,9
15220,7
15234,2
15238,0
15293,5
15430,6
15431,2
15470,4
15487,9
15492,6
15516,4
15518,2
15519,1
15558,0
15627,2
15655,0
15676,6
15686,9
15700,7
15725,7
15727,7
15744,0
15753,9
15784,2
15791,3
15833,4
15843,4
15864,6
15891,2
15897,2
15920,6
15926,2
15934,9
15945,2
16036,2
16049,0
16086,3
16129,9
16138,9
16162,9
16172,6
16231,9
16290,9
16291,9
16292,9
16380,2
16382,4
16409,3
16471,4
16535,1
16544,0
16619,4
16623,4
16655,4
16665,4
16674,4
16706,4
16788,0
16794,5
16797,4
16816,4
16832,4
16847,2
16849,3
16852,4
16866,4
16957,2
17016,4
17025,7
17043,7
17054,5
17077,7
17114,7
17144,6
17147,4
17195,4
17216,3
17231,9
17239,6
17240,6
17350,0
17435,0
17488,9
17509,9
17511,2
17557,0
17633,0
17710,6
17818,0
17830,3
18019,7
18023,2
18092,4
18199,2
18228,0
18252,0
18304,0
18331,3
18335,0
18366,0
18389,4
18450,7
18487,1
18523,2
18558,5
18580,0
18614,6
18633,3
18649,1
18672,2
18687,2
18707,5
18716,6
18733,9
18736,9
18754,2
18764,6
18776,7
18784,6
18807,4
18814,4
18815,4
18825,9
18836,2
19171,2
19173,0
19183,6
19277,2
19351,4
19353,9
19368,3
19370,4
19383,2
19391,3
19402,9
19433,6
19447,3
19466,4
19472,4
19482,6
19498,7
19503,9
19506,9
19518,7
19530,8
19535,2
19538,4
19560,2
19569,0
19574,2
19609,9
19611,9
19633,2
19657,2
19677,2
19688,2
19708,2
19709,2
19710,2
19769,3
19772,0
19773,4
19790,9
19805,6
19820,0
19879,4
19884,0
19905,3
19906,0
19924,2
19939,4
19962,0
19969,7
19982,6
20042,0
20136,0
20174,1
20237,5
20256,0
20328,0
20352,3
20360,1
20367,2
20395,5
20398,0
20434,2
20435,2
20455,3
20459,2
20462,5
20463,2
20468,1
20472,2
20475,7
20485,2
20490,2
20520,6
20557,9
20629,9
20631,9
20634,9
20638,6
20652,2
20671,9
20672,9
20674,9
20682,9
20692,9
20697,9
20700,7
20720,3
20727,6
20758,4
20765,3
20891,7
20958,3
20989,4
20998,3
21042,6
21053,0
21068,7
21072,6
21076,6
21077,6
21078,2
21079,2
21090,3
21105,4
21109,2
21116,4
21171,0
21198,4
21202,4
21204,4
21232,4
21234,4
21263,4
21267,4
21315,0
21359,4
21363,6
21365,2
21508,9
21541,3
21545,6
21562,6
21602,4
21652,9
21673,1
21700,7
21726,4
21727,4
21742,8
21776,2
21796,6
21827,0
21851,1
21855,3
21882,3
21904,0
21908,4
21915,4
21935,4
21956,2
21967,7
21973,2
21977,2
21990,6
21997,7
22002,6
22059,0
22060,2
22073,2
22074,4
22106,4
22662,7
22679,2
22732,0
22753,7
22767,0
22808,0
22822,6
22891,9
22894,9
22925,9
22935,9
22991,9
23013,4
23014,2
23023,2
23037,3
23086,4
23088,6
23090,6
23098,2
23132,2
23133,6
23155,7
23227,7
23268,9
23309,9
23364,7
23469,9
23478,9
23515,7
23518,4
23520,2
23522,8
23608,0
23804,0
23819,4
23856,0
23858,0
23894,0
23932,4
23939,4
23955,7
23997,4
24006,0
24007,0
24018,2
24034,0
24042,7
24046,4
24049,0
24061,0
24066,4
24078,0
24083,4
24095,4
24109,4
24118,2
24119,4
24146,3
24155,4
24158,4
24160,4
24167,0
24172,1
24196,7
24233,4
24243,0
24254,2
24263,7
24290,3
24310,2
24325,5
24404,5
24416,1
24434,2
24474,3
24486,7
24491,7
24519,7
24528,2
24533,6
24558,6
24581,2
24588,7
24594,5
24603,5
24607,2
24627,2
24639,2
24698,7
24714,7
24721,7
24730,0
24868,0
24870,0
24874,0
24879,2
24902,0
24957,1
24972,2
24980,6
24983,3
24999,2
25001,0
25013,3
25085,3
25090,7
25115,2
25265,4
25276,3
25291,2
25306,4
25310,4
25331,2
25357,0
25437,2
25439,0
25453,5
25501,3
25514,0
25537,0
25543,4
25564,0
25573,1
25575,4
25590,2
25593,5
25595,4
25605,0
25611,1
25614,4
25630,4
25633,2
25639,3
25644,0
25646,2
25648,0
25665,7
25673,5
25677,5
25688,5
25696,0
25711,0
25723,3
25786,7
25792,7
25794,7
25803,7
25810,9
25822,7
25842,6
25851,3
25856,3
25904,1
25912,6
25916,0
25928,3
25940,3
25946,2
25975,7
26007,2
26017,7
26019,2
26020,2
26092,2
26248,7
26387,2
26398,2
26416,2
26425,0
26438,0
26441,6
26485,6
26492,3
26669,2
26736,2
26746,4
26750,6
26760,6
26774,6
26806,3
26808,7
26883,0
27089,5
27091,2
27092,5
27112,3
27154,0
27161,7
27169,0
27176,0
176,3
271,7
556,2
1163,9
1164,9
1175,9
1178,9
1183,9
1184,9
1192,9
1211,9
1213,9
1224,9
1225,9
1252,9
1271,9
1277,9
1298,9
1308,2
1316,3
1319,9
1324,2
1340,9
1977,4
2257,6
2719,4
2813,7
2829,4
3302,6
3722,2
3828,6
3975,3
3985,3
4101,2
4254,3
4258,9
4260,3
4261,3
4434,2
4461,0
4505,0
4544,1
4765,2
4825,4
4938,3
5112,4
5114,3
5141,6
5142,6
5143,9
5212,9
5215,9
5216,9
5229,9
5246,6
5257,2
5264,6
5281,2
5452,4
5509,6
5567,9
5699,9
5905,6
5940,6
5945,5
5965,6
5980,7
6039,3
6089,0
6114,0
6130,1
6143,4
6182,9
6197,4
6216,7
6248,0
6253,5
6324,9
6347,0
6388,3
6457,3
6482,6
6491,2
6664,2
6740,0
6800,3
6853,0
6898,9
6901,2
6928,2
6970,3
7051,5
7089,6
7114,4
7151,2
7163,0
7177,2
7218,0
7301,1
7315,4
7374,9
7415,0
7457,2
7489,4
7497,0
7577,2
7608,3
7623,3
7662,0
7670,9
7685,9
7764,0
7820,6
7853,2
7863,2
7877,9
7907,6
7927,4
7932,6
7933,7
7950,8
7964,3
8017,9
8040,6
8057,9
8166,3
8188,2
8217,9
8228,9
8277,2
8325,4
8344,3
8638,9
8745,5
8759,6
8781,7
8828,6
8971,3
8973,2
8988,4
9117,9
9118,9
9122,9
9124,9
9133,9
9156,9
9159,9
9169,9
9173,9
9176,9
9177,9
9190,9
9191,9
9195,9
9199,6
9207,2
9230,9
9251,9
9491,4
9497,3
9513,3
9547,4
9599,6
9628,6
9630,6
9633,9
9648,6
9657,6
9660,6
9675,9
9700,6
9718,4
9767,2
9779,6
9780,4
9832,6
9870,6
9892,6
10017,5
10028,4
10035,6
10087,2
10119,8
10138,2
10178,2
10234,9
10386,6
10444,9
10467,0
10480,2
10527,9
10586,2
10606,3
10739,3
10824,3
10903,9
10962,9
10990,0
10999,3
11165,0
11207,3
11273,7
11311,2
11340,9
11349,2
11362,6
11363,6
11401,6
11467,3
11474,0
11484,2
11496,0
11498,9
11516,2
11581,6
11608,9
11786,6
11789,4
11849,6
11871,7
11879,4
12067,6
12089,3
12294,2
12336,2
12339,6
12347,9
12355,3
12368,4
12377,9
12380,9
12407,6
12482,4
12514,6
12525,3
12541,3
12556,4
12567,2
12577,7
12617,2
12629,2
12677,2
12679,2
12682,0
12697,2
12705,6
12733,2
12734,2
12740,3
12773,2
12807,0
12858,9
12868,2
12889,0
12902,7
12926,2
12927,2
12931,2
12937,6
12947,4
12965,7
12976,9
12997,4
13020,4
13022,2
13023,7
13024,2
13039,2
13044,3
13051,4
13060,2
13068,2
13069,2
13080,9
13123,4
13267,4
13272,1
13327,2
13354,9
13375,9
13376,6
13386,4
13458,4
13463,6
13515,4
13525,4
13533,4
13560,4
13562,4
13709,1
13833,4
13851,4
13922,5
14000,3
14015,2
14123,7
14138,3
14144,4
14277,2
14319,9
14336,0
14365,6
14374,0
14376,9
14387,4
14390,5
14420,9
14436,3
14453,3
14456,9
14501,2
14540,2
14564,9
14591,2
14604,9
14614,3
14649,9
14653,9
14723,6
14729,2
14743,4
14750,2
14774,7
14780,7
14805,0
14819,4
14834,9
14866,2
14867,2
14871,2
14874,9
14875,9
14883,3
14889,9
14890,9
14975,0
14992,4
15003,0
15030,9
15042,3
15063,7
15081,9
15092,9
15101,9
15106,9
15110,9
15111,9
15126,9
15134,9
15140,0
15152,9
15153,9
15163,9
15166,9
15169,9
15174,9
15222,4
15240,2
15241,7
15336,3
15353,0
15380,0
15390,6
15453,4
15471,4
15530,0
15643,2
15656,2
15673,7
15726,7
15733,1
15737,4
15741,6
15748,2
15751,0
15758,2
15781,4
15790,5
15837,0
15839,3
15840,6
15929,9
15937,9
15957,9
15965,5
16029,9
16082,0
16103,0
16109,4
16123,9
16133,9
16161,9
16165,9
16177,9
16188,9
16189,2
16195,9
16199,9
16214,9
16216,9
16229,9
16232,9
16248,9
16252,9
16254,9
16256,9
16265,9
16275,9
16277,9
16299,9
16314,2
16315,0
16322,4
16346,6
16349,2
16361,2
16364,0
16398,5
16400,4
16422,4
16424,7
16582,4
16629,4
16639,4
16662,5
16678,3
16686,3
16830,4
16886,3
16888,4
16893,0
16910,4
16945,0
16967,4
16975,4
17012,3
17017,7
17019,3
17020,3
17029,7
17034,2
17041,5
17058,3
17059,5
17073,7
17098,7
17109,7
17132,7
17156,6
17199,1
17214,2
17219,2
17238,9
17253,2
17254,4
17274,2
17283,9
17300,0
17302,9
17334,4
17358,9
17373,0
17393,2
17434,9
17451,9
17530,9
17546,0
17565,9
17586,0
17597,9
17604,9
17661,0
17704,6
17711,6
17750,2
17858,2
17980,4
18014,0
18222,0
18238,0
18239,0
18242,0
18343,0
18362,0
18499,2
18549,0
18566,4
18592,5
18603,2
18608,0
18613,9
18615,1
18623,2
18625,2
18627,2
18634,2
18657,3
18658,1
18710,2
18745,0
18748,0
18749,9
18762,9
18788,7
18809,6
18812,4
18818,6
18845,2
18848,5
18892,7
18918,3
18954,3
19159,2
19198,2
19236,4
19299,2
19315,6
19318,5
19346,3
19365,4
19367,4
19400,3
19416,9
19421,4
19439,5
19493,9
19501,9
19505,9
19512,9
19514,9
19540,3
19550,2
19553,4
19568,7
19597,9
19600,9
19601,9
19605,9
19608,9
19610,9
19634,1
19655,2
19656,9
19662,2
19667,9
19693,9
19695,2
19715,2
19738,2
19748,5
19775,0
19778,0
19779,0
19809,9
19848,9
19888,0
19894,3
19942,3
19947,4
19978,5
19985,0
19996,0
20000,9
20192,3
20221,6
20223,5
20282,3
20341,4
20378,6
20388,2
20410,2
20414,3
20465,4
20491,0
20511,3
20541,9
20544,9
20545,9
20560,9
20575,9
20582,9
20626,9
20633,9
20644,9
20648,9
20665,9
20666,2
20669,2
20675,9
20680,9
20681,9
20698,2
20729,3
20731,7
20798,3
20801,3
20811,3
20856,7
20909,3
20910,7
20915,7
20934,3
20936,3
20951,3
20961,2
21022,0
21031,2
21050,5
21055,9
21063,3
21084,9
21091,2
21095,7
21097,4
21104,9
21111,0
21120,4
21146,6
21157,4
21161,0
21166,4
21167,4
21169,4
21173,4
21184,4
21200,4
21215,4
21217,3
21220,4
21229,2
21231,4
21233,3
21257,0
21270,4
21278,4
21285,0
21317,6
21318,3
21326,4
21328,4
21334,3
21375,4
21382,4
21433,1
21503,1
21507,9
21515,3
21529,3
21538,3
21551,3
21563,3
21579,4
21586,3
21589,3
21593,3
21612,3
21634,0
21643,2
21649,9
21651,9
21653,9
21654,9
21658,9
21663,9
21671,6
21680,2
21684,9
21690,4
21693,6
21706,4
21708,4
21715,3
21728,6
21734,0
21737,9
21739,6
21753,2
21768,0
21778,5
21791,4
21807,4
21818,0
21841,9
21846,9
21856,2
21857,2
21858,4
21859,4
21861,7
21863,6
21874,5
21877,6
21880,0
21881,6
21885,7
21902,7
21906,4
21916,2
21937,4
21960,4
21964,2
21972,7
21996,1
21999,8
22009,7
22030,9
22043,9
22055,9
22072,2
22667,3
22673,0
22706,3
22725,2
22763,3
22785,3
22792,4
22813,2
22837,0
22844,4
22849,2
22859,2
22861,6
22871,4
22873,6
22878,2
22896,9
22897,9
22907,9
22924,9
22926,9
22927,9
22933,9
22936,9
22937,9
22938,9
22946,9
22947,9
22968,9
22973,9
22976,9
22985,2
22986,9
22992,4
23004,7
23009,2
23011,6
23027,2
23029,3
23036,9
23040,3
23045,6
23070,3
23073,2
23074,4
23081,4
23094,6
23108,3
23111,2
23130,7
23141,7
23145,4
23152,0
23161,9
23179,9
23186,9
23200,9
23212,9
23225,9
23226,9
23230,9
23233,9
23262,9
23311,9
23312,9
23313,9
23327,9
23351,9
23371,9
23382,9
23432,9
23447,9
23462,9
23487,9
23554,6
23555,2
23613,6
23621,9
23682,0
23704,0
23790,4
23792,2
23796,0
23797,0
23812,0
23833,4
23841,6
23845,2
23848,3
23875,4
23907,0
23922,3
23924,3
23930,0
23943,6
23945,0
23960,2
23966,0
23967,0
23977,2
23978,0
23996,4
24002,2
24019,3
24039,4
24056,0
24058,2
24060,2
24077,4
24091,4
24104,0
24106,3
24128,4
24149,0
24151,4
24152,0
24156,4
24162,3
24171,1
24175,4
24182,4
24188,3
24190,4
24192,2
24209,7
24213,7
24219,4
24230,0
24257,2
24260,7
24264,2
24269,5
24287,2
24292,7
24295,5
24299,7
24311,2
24321,5
24323,5
24328,5
24329,5
24398,3
24417,5
24445,3
24447,7
24448,7
24459,5
24465,7
24475,0
24478,6
24506,5
24508,2
24515,0
24527,7
24529,2
24535,4
24545,7
24549,2
24550,6
24552,4
24570,7
24578,7
24592,4
24597,0
24600,4
24609,0
24611,4
24622,6
24645,9
24674,7
24680,4
24710,6
24712,2
24719,7
24722,3
24726,1
24742,6
24747,6
24768,5
24770,1
24788,4
24804,3
24806,3
24846,0
24848,4
24866,9
24876,3
24905,6
24938,2
24951,7
24968,9
25081,2
25082,2
25093,5
25119,9
25130,9
25134,9
25165,9
25173,9
25191,9
25230,7
25234,7
25241,4
25250,4
25251,4
25275,2
25294,7
25313,4
25363,7
25413,5
25444,2
25455,1
25457,4
25462,3
25469,0
25475,1
25496,7
25502,0
25508,0
25524,2
25530,3
25532,0
25541,3
25542,2
25546,0
25548,0
25553,0
25556,4
25568,5
25572,0
25577,0
25592,2
25594,4
25596,4
25613,0
25623,3
25634,1
25636,2
25643,3
25650,6
25653,2
25661,3
25662,0
25672,0
25675,4
25678,2
25726,2
25730,2
25774,9
25789,7
25799,9
25801,7
25805,2
25811,7
25814,9
25817,7
25831,9
25832,7
25855,6
25859,6
25905,6
25923,3
25976,2
25985,2
25997,2
25999,2
26013,1
26055,2
26057,3
26378,3
26402,3
26405,6
26412,3
26417,2
26418,2
26426,0
26429,7
26442,0
26508,3
26637,2
26644,2
26668,3
26697,4
26738,7
26756,2
26770,3
26821,0
26869,2
26872,5
26889,6
26894,3
27055,2
27087,6
27088,6
27090,6
27107,0
27118,0
27157,5
27224,6
27225,7
27267,2
1157,6
1158,6
1165,6
1166,6
1167,6
1171,6
1185,6
1187,9
1188,9
1194,9
1199,9
1202,6
1206,9
1207,9
1216,9
1220,9
1226,9
1227,9
1228,9
1236,9
1239,9
1241,9
1243,9
1248,9
1251,9
1254,9
1257,9
1264,9
1265,9
1266,9
1268,9
1269,9
1278,9
1280,9
1281,9
1285,9
1297,9
1304,9
1310,9
1312,9
1317,9
1318,9
1320,2
2326,4
2453,1
2692,9
2693,9
2707,9
2731,4
3393,3
3676,0
3728,9
3730,4
3731,9
4242,9
4293,9
4430,9
4485,0
4703,9
4805,9
5104,6
5138,9
5180,6
5208,2
5220,9
5223,9
5224,9
5225,9
5226,9
5228,9
5240,9
5259,6
5267,9
5314,7
5486,4
5578,4
5964,3
5970,0
5972,6
5987,0
5988,6
6038,9
6072,7
6112,3
6173,3
6176,9
6177,1
6225,0
6286,6
6287,6
6338,8
6361,4
6413,7
6438,9
6517,6
6519,1
6536,3
6558,6
6596,6
6618,7
6665,9
6678,1
6727,2
6814,4
6872,9
6908,2
6959,7
7060,0
7077,3
7090,0
7155,4
7223,7
7233,1
7252,6
7297,2
7310,6
7314,4
7351,3
7443,4
7495,3
7501,6
7508,4
7596,5
7610,6
7629,6
7637,0
7676,3
7677,3
7681,4
7704,3
7732,4
7735,3
7747,2
7749,3
7779,3
7782,0
7784,6
7785,0
7787,9
7788,3
7796,2
7810,3
7845,6
7846,4
7852,2
7862,8
7868,9
7908,2
7934,1
7938,6
7944,1
7980,6
8006,3
8011,6
8024,6
8028,2
8041,9
8049,9
8067,4
8068,4
8069,6
8098,6
8175,9
8218,9
8238,9
8327,9
8348,6
8349,5
8667,7
8669,6
8678,4
8680,7
8772,6
8773,9
8774,6
8829,6
8843,6
8982,6
9023,3
9024,9
9103,3
9125,9
9128,9
9129,9
9134,9
9135,9
9139,9
9140,9
9154,9
9155,9
9158,9
9163,9
9168,9
9174,9
9183,9
9187,9
9192,9
9193,9
9194,9
9203,9
9214,9
9218,9
9219,9
9223,9
9235,9
9236,9
9239,9
9242,9
9243,9
9245,9
9246,9
9250,9
9255,9
9256,9
9279,6
9437,6
9533,6
9544,6
9595,4
9611,6
9631,6
9649,2
9655,6
9664,3
9721,6
9772,4
9787,6
9823,2
9863,4
9865,9
9868,9
9869,6
9905,9
9923,9
9930,3
9940,3
9983,2
10117,3
10122,6
10149,2
10151,2
10159,2
10236,3
10371,3
10394,6
10445,2
10552,3
10562,9
10692,7
10747,0
10761,0
10788,5
10866,3
10889,4
10954,6
10956,2
10965,2
11050,2
11081,0
11204,4
11283,6
11309,6
11310,6
11316,2
11325,2
11330,9
11342,4
11344,2
11345,2
11346,2
11348,2
11355,6
11358,9
11415,4
11435,2
11452,2
11465,2
11470,3
11476,6
11490,0
11493,9
11514,5
11520,3
11521,3
11522,9
11559,2
11611,6
11625,6
11686,3
11702,6
11719,4
11834,4
11877,6
11957,6
12107,1
12155,9
12156,2
12181,0
12230,6
12233,9
12265,3
12272,1
12283,3
12292,6
12324,9
12340,3
12352,6
12360,9
12378,9
12412,9
12413,4
12454,6
12479,3
12534,2
12539,9
12695,2
12717,7
12718,2
12721,2
12727,2
12728,3
12732,7
12755,2
12765,1
12771,3
12784,3
12785,7
12798,0
12805,9
12809,3
12816,2
12821,6
12830,9
12833,3
12842,3
12849,3
12852,3
12853,3
12855,9
12856,9
12859,9
12867,6
12874,4
12880,0
12900,7
12928,2
12939,2
12940,6
12984,6
12993,2
13011,6
13021,3
13025,4
13043,4
13045,3
13052,7
13055,6
13074,9
13084,6
13135,6
13145,9
13160,9
13161,6
13162,4
13190,9
13195,9
13199,9
13219,6
13226,0
13278,6
13309,9
13315,9
13330,9
13348,2
13355,9
13360,2
13374,6
13381,6
13495,5
13517,4
13518,4
13568,4
13585,4
13586,0
13592,4
13597,4
13626,4
13762,4
13769,1
13785,4
13845,4
13860,5
14100,2
14105,8
14107,9
14108,9
14113,2
14119,3
14137,3
14139,9
14142,4
14143,4
14146,4
14183,2
14197,4
14222,2
14230,7
14245,9
14256,9
14260,9
14272,9
14281,9
14363,7
14364,7
14366,3
14375,9
14398,3
14447,2
14477,1
14491,3
14509,2
14511,4
14570,9
14574,9
14581,2
14601,2
14610,6
14612,3
14613,3
14615,3
14616,3
14617,3
14618,3
14619,3
14620,3
14621,3
14627,9
14628,9
14633,9
14639,4
14641,3
14643,9
14644,4
14650,9
14651,4
14655,3
14696,4
14717,4
14730,2
14741,4
14763,7
14777,3
14779,3
14782,3
14804,2
14811,9
14833,6
14835,9
14851,2
14860,2
14864,9
14869,9
14870,2
14876,9
14891,6
14892,7
14899,4
14900,1
14902,4
14904,9
14906,0
14910,9
14923,6
14929,9
14933,6
14943,9
14963,6
14968,2
14972,6
14986,3
14991,2
15021,0
15023,2
15024,7
15029,6
15062,2
15064,3
15074,2
15094,9
15117,9
15127,9
15130,9
15131,9
15133,9
15135,9
15151,9
15157,9
15167,9
15170,9
15171,9
15176,9
15181,9
15184,9
15186,9
15193,9
15194,9
15198,9
15199,9
15211,3
15212,4
15214,2
15251,6
15255,3
15267,3
15269,2
15271,3
15294,3
15295,3
15298,9
15299,3
15315,4
15322,9
15334,0
15367,5
15395,4
15455,3
15473,7
15493,7
15497,2
15502,0
15504,1
15509,2
15570,0
15609,6
15617,3
15629,6
15638,9
15642,2
15650,6
15694,6
15698,3
15701,9
15702,9
15792,7
15829,7
15830,3
15860,5
15862,4
15905,7
15919,9
15943,9
15951,2
15952,3
15955,9
15964,6
15968,2
15970,9
15999,9
16009,9
16012,4
16014,7
16016,9
16019,9
16021,9
16028,5
16091,4
16096,4
16111,2
16115,2
16125,9
16130,9
16135,9
16137,9
16147,9
16148,9
16150,9
16153,9
16156,9
16179,9
16180,9
16183,9
16185,9
16186,9
16191,9
16196,9
16209,9
16212,9
16228,9
16233,9
16235,9
16246,9
16250,9
16259,9
16261,9
16263,9
16268,9
16269,9
16270,9
16272,9
16274,9
16282,9
16288,9
16317,4
16323,9
16324,9
16334,7
16335,0
16350,7
16355,6
16356,9
16359,9
16362,0
16365,8
16367,9
16378,3
16379,3
16381,6
16420,4
16441,4
16491,4
16504,4
16511,2
16525,4
16530,4
16560,7
16640,4
16679,2
16680,4
16704,4
16736,4
16739,6
16752,4
16777,4
16817,4
16825,4
16850,4
16857,6
16860,4
16865,7
16870,2
16879,4
16892,4
16911,4
16919,4
16933,4
16942,4
16947,4
16948,4
16974,0
16992,4
16993,4
17002,6
17011,5
17033,5
17037,3
17038,5
17039,3
17050,5
17078,7
17080,7
17116,4
17139,6
17143,5
17149,9
17150,9
17160,3
17171,4
17180,4
17198,1
17200,6
17206,6
17208,9
17215,2
17229,2
17261,9
17272,6
17277,9
17281,9
17284,9
17285,9
17290,9
17294,9
17295,9
17296,9
17315,9
17344,9
17369,9
17376,9
17387,9
17389,9
17399,9
17411,9
17419,9
17437,9
17438,9
17441,9
17443,9
17445,9
17446,9
17456,9
17470,9
17475,9
17484,9
17492,9
17493,9
17499,9
17507,9
17512,9
17523,9
17542,9
17554,9
17572,9
17576,9
17581,9
17594,9
17598,9
17632,9
17641,9
17647,9
17654,9
17665,9
17673,9
17676,9
17682,2
17686,2
17698,9
17700,9
17709,6
17718,3
17729,6
17732,3
17998,3
18095,0
18125,0
18443,0
18486,1
18502,2
18538,2
18543,5
18550,1
18616,9
18624,0
18628,3
18688,7
18726,7
18730,2
18734,9
18746,9
18747,9
18755,4
18759,4
18761,9
18765,3
18772,3
18775,7
18777,7
18789,7
18794,7
18802,3
18820,6
18821,5
18837,9
18839,6
18872,6
18879,7
18904,6
18922,7
18925,7
18938,0
18970,8
18973,7
18976,6
18979,7
19043,3
19068,5
19075,7
19297,6
19321,2
19324,6
19334,3
19376,3
19394,5
19398,3
19408,9
19415,7
19423,6
19435,6
19462,6
19483,6
19492,9
19496,9
19504,9
19507,9
19508,3
19510,9
19516,9
19517,9
19520,2
19542,9
19543,9
19544,1
19545,3
19561,3
19563,6
19576,4
19583,9
19588,9
19590,9
19592,9
19593,9
19594,9
19595,9
19602,9
19607,9
19614,9
19617,2
19618,2
19619,2
19620,2
19621,2
19622,2
19623,2
19625,2
19626,2
19636,6
19644,9
19647,2
19652,9
19654,9
19665,9
19668,9
19671,9
19672,6
19682,9
19683,9
19685,9
19690,9
19691,9
19692,9
19694,9
19696,9
19697,9
19704,9
19705,2
19707,2
19711,9
19712,2
19714,2
19718,9
19719,9
19721,9
19728,2
19732,0
19741,5
19765,7
19780,4
19785,4
19787,2
19788,2
19797,3
19824,7
19829,9
19830,9
19831,9
19839,9
19881,2
19883,4
19886,7
19895,6
19897,2
19900,0
19902,2
19921,7
19927,3
19935,1
19936,4
19945,9
19956,4
19959,0
19968,3
19986,2
20005,3
20109,4
20257,3
20303,4
20354,0
20364,5
20371,5
20391,3
20409,7
20441,0
20449,2
20452,7
20467,5
20473,0
20474,7
20479,7
20484,3
20488,0
20509,5
20513,8
20517,8
20518,6
20528,9
20529,3
20531,3
20535,9
20536,9
20540,9
20542,9
20543,9
20546,9
20547,9
20548,9
20550,9
20564,9
20573,9
20577,9
20578,9
20579,9
20584,9
20585,9
20590,9
20599,9
20602,9
20604,9
20608,9
20619,9
20623,9
20625,9
20636,9
20642,6
20651,0
20654,9
20656,9
20657,9
20661,9
20678,9
20679,3
20685,9
20688,9
20691,9
20694,3
20695,9
20696,3
20705,1
20719,3
20722,3
20742,3
20752,3
20761,3
20768,4
20777,3
20793,3
20804,3
20820,3
20824,3
20829,3
20875,3
20893,4
20901,3
20902,3
20904,3
20908,3
20911,3
20912,3
20913,3
20916,3
20919,3
20921,3
20925,3
20926,3
20927,3
20938,3
20941,3
20948,3
20950,3
20964,2
20965,2
20968,6
20983,2
20997,4
21027,6
21037,7
21040,2
21058,3
21061,4
21070,3
21074,3
21075,3
21088,9
21092,6
21102,9
21106,3
21107,6
21122,8
21132,6
21135,3
21142,4
21147,5
21148,4
21160,2
21163,4
21164,4
21175,4
21179,4
21186,0
21187,4
21188,1
21197,4
21208,4
21213,3
21219,4
21224,0
21227,3
21238,4
21241,0
21243,4
21244,0
21249,3
21251,9
21253,3
21256,2
21258,4
21262,4
21273,4
21277,4
21280,7
21281,4
21282,4
21287,4
21292,4
21293,0
21294,0
21300,4
21302,6
21303,3
21305,4
21307,0
21308,4
21310,3
21312,3
21319,2
21320,4
21327,4
21333,6
21343,4
21345,0
21349,4
21350,2
21355,4
21361,4
21369,4
21381,0
21391,6
21394,4
21395,0
21400,2
21403,2
21405,0
21407,4
21417,0
21421,0
21424,4
21427,5
21432,4
21434,4
21435,2
21442,3
21444,4
21447,4
21448,4
21455,9
21466,4
21468,0
21471,4
21481,4
21483,6
21484,3
21492,3
21505,3
21521,3
21527,8
21549,3
21560,3
21566,3
21573,3
21588,3
21601,3
21604,3
21605,3
21608,3
21616,9
21617,3
21621,7
21622,9
21624,9
21627,9
21637,9
21639,9
21640,9
21642,9
21645,9
21650,9
21667,2
21668,6
21677,7
21681,9
21685,9
21692,6
21697,2
21702,9
21731,2
21732,2
21733,2
21740,4
21750,3
21772,2
21786,7
21788,3
21794,6
21799,3
21802,7
21809,3
21819,2
21824,4
21829,6
21831,4
21832,0
21838,2
21842,9
21845,6
21847,9
21850,7
21875,6
21884,9
21896,3
21901,3
21905,6
21909,4
21911,4
21923,4
21929,4
21933,4
21934,4
21940,4
21941,4
21944,4
21948,4
21949,4
21954,4
21959,4
21968,4
21985,2
21992,6
22005,9
22017,9
22018,9
22020,9
22021,9
22029,9
22034,9
22035,9
22040,9
22045,9
22051,9
22056,9
22058,7
22063,7
22066,3
22077,3
22082,6
22086,7
22088,4
22093,7
22101,3
22104,2
22105,7
22669,2
22680,3
22681,3
22692,3
22698,3
22713,3
22719,3
22755,3
22765,4
22771,3
22772,3
22773,3
22788,9
22789,3
22791,2
22793,6
22795,7
22801,7
22807,6
22810,0
22811,0
22819,1
22821,4
22824,3
22826,3
22830,5
22831,6
22832,6
22833,2
22841,9
22851,7
22862,4
22863,4
22884,6
22890,9
22900,9
22902,9
22903,9
22912,9
22928,9
22934,9
22942,9
22954,9
22961,9
22963,9
22967,9
22970,9
22972,9
22978,9
22979,9
22980,9
23008,7
23012,3
23025,5
23031,9
23039,2
23043,3
23049,2
23062,3
23065,7
23077,2
23078,6
23089,3
23091,6
23096,4
23101,3
23106,8
23109,6
23110,6
23118,3
23166,9
23174,9
23178,9
23180,9
23185,9
23187,9
23188,9
23203,9
23209,9
23220,9
23224,9
23232,9
23235,9
23242,9
23246,9
23255,9
23269,9
23272,9
23296,9
23303,9
23304,9
23305,9
23307,9
23310,9
23314,9
23317,9
23344,9
23348,9
23350,9
23359,9
23369,9
23383,9
23386,9
23393,9
23395,9
23396,9
23405,9
23427,9
23437,9
23449,3
23452,9
23453,9
23454,9
23459,3
23460,3
23461,9
23465,9
23475,9
23483,9
23484,9
23485,9
23490,4
23527,9
23551,3
23560,3
23561,7
23581,7
23588,2
23598,3
23606,3
23626,9
23630,9
23659,9
23660,9
23679,9
23708,3
23745,4
23765,5
23766,5
23791,4
23817,4
23838,4
23847,4
23884,0
23916,4
23921,3
23941,4
23951,4
23958,4
23963,0
23965,7
23979,4
23981,0
23982,2
23990,4
23992,0
23993,4
24004,4
24011,2
24032,0
24055,4
24062,2
24067,4
24068,6
24082,0
24092,9
24105,4
24107,3
24111,0
24112,3
24116,2
24117,2
24123,0
24126,0
24144,4
24154,1
24157,7
24165,4
24168,4
24179,4
24183,2
24193,6
24200,2
24206,4
24211,1
24226,4
24228,1
24232,4
24235,4
24238,3
24242,0
24245,1
24253,2
24258,2
24267,7
24268,7
24284,3
24297,3
24317,2
24322,5
24324,5
24326,5
24327,5
24399,3
24401,0
24408,2
24409,5
24410,2
24421,5
24423,7
24425,7
24429,7
24462,6
24466,3
24477,6
24484,5
24485,7
24487,2
24496,3
24502,6
24505,5
24518,5
24522,3
24524,7
24539,7
24543,3
24553,2
24555,2
24560,8
24565,6
24566,2
24572,2
24574,2
24582,7
24585,3
24593,7
24599,6
24616,7
24621,4
24625,4
24626,4
24628,4
24631,3
24633,7
24635,4
24636,8
24642,9
24678,7
24683,7
24686,7
24689,7
24692,0
24697,7
24699,0
24700,0
24711,3
24716,7
24739,3
24740,6
24745,6
24751,4
24753,4
24755,4
24756,3
24776,7
24780,3
24790,6
24791,3
24795,5
24797,7
24801,3
24811,7
24813,4
24817,3
24821,3
24822,7
24836,7
24839,7
24840,7
24858,2
24860,7
24872,4
24884,6
24886,7
24888,3
24890,3
24893,6
24896,9
24901,6
24917,3
24943,9
24949,6
24950,4
24953,7
24975,2
24984,2
24987,3
24988,3
25020,3
25029,3
25033,3
25040,3
25041,3
25053,3
25057,3
25094,6
25096,6
25102,6
25103,3
25107,6
25108,6
25110,3
25113,9
25114,9
25116,9
25117,9
25118,9
25120,9
25121,9
25123,9
25124,9
25125,9
25127,9
25128,9
25131,9
25132,9
25136,9
25137,9
25138,9
25139,9
25140,9
25142,9
25143,9
25144,9
25145,9
25147,9
25148,9
25150,9
25151,9
25153,9
25154,9
25155,9
25156,9
25157,9
25158,9
25159,9
25163,9
25170,9
25171,9
25172,9
25174,9
25178,9
25179,9
25180,9
25181,9
25186,9
25187,9
25192,9
25193,9
25195,9
25202,9
25203,9
25216,9
25220,9
25233,7
25252,4
25255,4
25256,4
25259,4
25269,4
25295,4
25296,4
25324,4
25328,7
25334,6
25346,2
25424,4
25431,2
25467,0
25495,4
25509,4
25519,1
25557,4
25560,0
25569,4
25571,1
25579,0
25583,0
25584,0
25587,7
25591,2
25597,1
25600,3
25606,0
25608,2
25609,6
25617,6
25618,1
25628,7
25629,3
25632,5
25642,0
25659,0
25668,4
25682,2
25683,0
25685,5
25686,7
25693,2
25698,0
25719,0
25724,0
25729,1
25734,6
25738,9
25741,9
25742,9
25750,9
25753,9
25763,2
25802,7
25812,9
25813,3
25820,4
25821,9
25824,7
25827,5
25828,4
25829,9
25830,6
25836,9
25841,9
25843,2
25858,6
25889,3
25892,6
25898,3
25913,7
25914,4
25920,3
25925,7
25935,3
25950,9
25961,9
25964,0
25967,9
25979,7
25984,0
25988,6
25989,5
25994,9
25995,7
25996,6
25998,2
26000,2
26001,2
26002,2
26009,3
26010,6
26028,6
26031,2
26035,9
26041,2
26056,2
26059,6
26075,2
26078,9
26085,4
26093,0
26096,0
26097,2
26099,9
26106,9
26108,9
26117,9
26121,9
26122,9
26124,9
26129,9
26130,9
26137,9
26154,9
26158,9
26171,9
26203,9
26209,9
26216,9
26218,9
26227,9
26231,9
26237,9
26239,9
26246,9
26263,9
26310,9
26311,9
26359,9
26377,3
26380,3
26390,7
26404,2
26411,2
26422,6
26435,4
26439,3
26440,3
26446,7
26448,2
26453,6
26454,3
26458,2
26464,3
26465,2
26479,2
26482,2
26491,3
26500,3
26504,2
26619,9
26622,7
26624,7
26626,6
26629,6
26630,4
26633,4
26636,7
26638,6
26642,0
26645,6
26646,2
26664,3
26666,3
26686,7
26687,7
26688,7
26689,7
26698,3
26703,7
26705,9
26724,9
26744,3
26745,0
26755,2
26758,7
26764,4
26767,2
26794,5
26797,7
26800,6
26801,2
26803,4
26819,2
26824,2
26827,2
26833,4
26836,2
26838,2
26841,2
26847,3
26856,3
26857,3
26875,6
26897,3
26905,3
26977,7
26981,7
26999,7
27010,7
27012,7
27018,3
27031,0
27042,3
27050,2
27057,4
27060,7
27086,0
27096,5
27105,2
27111,5
27119,3
27121,0
27123,2
27124,0
27125,2
27158,0
27159,7
27170,6
27181,0
27186,6
27187,6
27207,4
27230,3
1045,0
1172,6
1173,6
1174,6
1176,6
1177,6
1180,6
1181,6
1189,6
1197,6
1201,6
1208,9
1209,9
1212,9
1214,9
1217,9
1218,9
1221,9
1232,9
1235,9
1237,9
1245,9
1246,9
1247,9
1249,9
1250,9
1255,9
1256,9
1260,9
1261,9
1263,9
1267,9
1270,9
1272,9
1273,9
1275,9
1276,9
1286,9
1288,9
1289,9
1290,9
1292,9
1293,9
1295,9
1300,2
1301,2
1302,2
1303,2
1305,2
1307,2
1309,2
1313,2
1321,2
1326,2
1327,2
1329,2
1332,9
1333,9
1334,9
1338,9
1339,9
1341,9
2029,2
2522,1
2711,7
2712,7
2714,2
2720,2
2727,6
2729,9
3421,7
3567,2
3715,0
3716,0
3721,0
3723,0
3724,0
3726,0
3727,0
3729,0
3732,0
3733,0
3734,0
3743,6
3745,6
3759,6
3792,6
3794,2
3830,7
3849,3
3901,2
3974,3
3984,6
4252,3
4257,3
4263,3
4267,3
4271,3
4273,3
4274,3
4275,3
4276,3
4295,2
4413,6
4486,0
4563,6
4564,6
4611,0
4677,3
4741,7
4803,1
4806,1
4808,2
4813,0
4927,6
5134,6
5135,6
5137,6
5147,6
5155,4
5161,6
5164,6
5165,6
5167,6
5169,6
5181,6
5199,6
5268,7
5270,0
5295,6
5309,3
5343,7
5347,4
5521,6
5664,4
5668,0
5748,6
5785,2
5841,0
5995,0
6008,0
6016,6
6090,0
6106,6
6123,2
6124,2
6125,2
6146,2
6161,2
6203,2
6204,2
6209,6
6218,0
6240,0
6243,2
6292,4
6466,6
6483,6
6484,6
6485,6
6486,6
6513,2
6531,0
6576,3
6625,6
6644,2
6646,2
6659,6
6668,0
6687,0
6738,0
6739,0
6748,2
6755,0
6786,2
6787,0
6811,2
6812,2
6813,2
6855,7
6910,6
6942,0
6956,0
6980,0
7040,3
7068,0
7082,7
7095,4
7103,0
7158,5
7231,2
7288,0
7289,0
7329,6
7358,0
7361,6
7375,3
7392,0
7395,0
7396,0
7407,0
7448,6
7463,3
7498,2
7503,6
7507,0
7513,6
7529,3
7560,6
7566,6
7591,4
7592,2
7593,0
7627,7
7630,2
7635,3
7638,4
7657,0
7668,0
7687,0
7688,0
7750,6
7790,6
7818,2
7821,4
7841,0
7842,0
7849,6
7850,6
7851,6
7866,6
7931,6
7935,2
7945,7
7949,4
7955,2
8004,2
8013,2
8015,7
8039,6
8044,2
8046,4
8048,2
8051,3
8052,0
8080,0
8086,2
8095,4
8105,7
8120,7
8189,2
8192,6
8201,6
8210,2
8221,3
8237,2
8239,3
8240,0
8241,3
8261,6
8262,6
8278,2
8286,7
8297,6
8298,2
8299,2
8328,2
8331,6
8333,0
8334,6
8338,4
8339,4
8341,3
8342,7
8343,7
8350,5
8681,6
8747,7
8769,2
8770,0
8771,6
8775,6
8783,0
8786,7
8814,2
8819,6
8826,6
8827,6
8845,0
8872,0
8883,0
8893,7
8944,2
8945,2
9018,4
9020,0
9114,9
9115,9
9121,9
9126,9
9132,9
9151,9
9152,9
9153,9
9157,9
9164,9
9166,9
9171,9
9172,9
9178,9
9180,9
9185,9
9188,9
9189,9
9196,9
9198,9
9200,9
9201,9
9202,9
9204,9
9209,9
9210,9
9211,9
9212,9
9215,9
9216,9
9217,9
9220,9
9221,9
9222,9
9224,9
9225,9
9227,9
9228,9
9229,9
9232,9
9233,9
9234,9
9237,9
9238,9
9240,9
9241,9
9244,9
9248,9
9249,9
9252,9
9254,9
9258,9
9285,6
9427,4
9429,3
9430,3
9447,6
9453,6
9564,4
9581,6
9582,6
9589,6
9601,6
9602,6
9612,6
9642,6
9668,2
9678,6
9706,6
9707,6
9708,6
9709,6
9723,9
9766,6
9771,6
9781,6
9791,2
9796,0
9797,6
9799,2
9809,6
9817,2
9818,3
9819,3
9828,0
9830,2
9839,0
9843,2
9844,2
9858,3
9875,4
9876,4
9878,2
9884,6
9897,6
9900,6
9901,6
9902,6
9903,2
9922,3
9929,3
9934,6
9943,9
9945,9
9988,2
9989,0
9990,0
9995,4
10014,6
10015,6
10019,6
10021,2
10025,0
10094,2
10095,2
10096,2
10097,2
10099,2
10100,2
10101,2
10102,2
10103,2
10104,2
10105,2
10106,2
10107,2
10108,2
10109,2
10110,2
10111,2
10112,2
10113,2
10114,2
10115,2
10116,2
10124,6
10127,2
10128,2
10129,2
10130,2
10131,2
10132,2
10133,2
10135,2
10136,2
10137,2
10139,2
10140,2
10141,2
10142,2
10143,2
10144,2
10145,2
10146,2
10147,2
10148,2
10150,2
10152,2
10153,2
10154,2
10155,2
10156,2
10157,2
10158,2
10160,2
10161,2
10162,2
10163,2
10164,2
10165,2
10166,2
10167,2
10168,2
10169,2
10170,2
10171,2
10172,2
10173,2
10174,2
10175,2
10176,2
10177,2
10179,2
10180,2
10181,2
10182,2
10183,2
10184,2
10185,2
10186,2
10187,2
10188,2
10189,2
10190,2
10192,2
10248,2
10249,2
10373,7
10374,7
10381,6
10437,0
10446,2
10490,2
10517,6
10521,6
10522,6
10523,6
10524,6
10554,3
10561,6
10702,0
10744,0
10757,0
10768,6
10771,7
10775,3
10777,2
10792,3
10844,0
10859,0
10873,0
10882,2
10883,2
10955,0
10958,2
10983,0
11041,2
11044,7
11063,2
11307,0
11314,2
11326,6
11329,6
11335,4
11336,4
11339,6
11341,6
11352,6
11353,6
11361,7
11377,4
11383,2
11384,6
11417,3
11418,3
11433,6
11451,0
11453,2
11459,3
11466,0
11471,7
11475,6
11477,6
11479,6
11480,3
11494,9
11509,6
11526,7
11527,7
11528,7
11529,9
11533,2
11544,9
11545,9
11558,2
11561,2
11574,6
11587,6
11590,6
11591,6
11592,7
11596,3
11597,3
11598,9
11599,6
11600,9
11603,7
11604,9
11605,6
11609,5
11626,6
11627,6
11632,6
11636,6
11647,0
11648,0
11649,6
11652,3
11653,3
11654,3
11655,3
11656,3
11657,3
11658,3
11659,3
11660,3
11661,3
11662,3
11663,3
11664,3
11665,3
11666,3
11673,2
11737,6
11874,6
12158,6
12168,2
12180,2
12184,6
12185,6
12221,2
12229,6
12234,4
12240,2
12264,6
12277,3
12311,0
12312,7
12313,2
12320,2
12321,2
12323,9
12328,4
12329,2
12351,3
12357,2
12381,6
12402,2
12403,2
12405,2
12406,2
12414,2
12419,2
12423,2
12507,7
12516,2
12530,4
12533,7
12543,4
12552,6
12557,3
12558,6
12559,6
12561,6
12563,6
12564,6
12565,6
12611,2
12612,2
12660,2
12763,2
12767,2
12770,2
12776,7
12799,6
12800,2
12801,2
12802,2
12803,6
12815,6
12817,2
12818,6
12819,6
12820,6
12827,2
12828,0
12829,2
12832,3
12835,3
12836,3
12837,3
12838,3
12839,3
12840,3
12841,3
12843,3
12844,3
12847,3
12851,3
12854,3
12860,3
12861,3
12862,3
12863,3
12869,0
12895,9
12896,9
12901,7
12903,6
12906,3
12933,2
12934,0
12946,4
12951,2
12953,2
12954,2
12960,2
12964,0
12972,0
12990,2
12991,2
12992,2
12994,2
12995,2
12999,6
13027,6
13028,2
13046,3
13054,0
13057,2
13072,0
13075,6
13076,6
13128,6
13146,9
13147,9
13149,9
13150,9
13151,2
13156,0
13165,6
13169,2
13170,2
13171,2
13172,2
13173,2
13175,7
13176,0
13181,2
13182,2
13186,0
13189,6
13191,2
13192,2
13204,2
13205,2
13237,2
13255,2
13273,2
13306,2
13308,4
13325,6
13326,6
13332,2
13333,2
13334,2
13335,2
13336,2
13337,2
13338,2
13339,2
13340,2
13341,2
13342,2
13343,2
13344,2
13345,2
13346,2
13347,2
13349,2
13350,2
13351,2
13352,2
13353,2
13357,9
13359,9
13365,2
13378,6
13379,6
13380,6
13382,6
13384,6
13394,4
13405,4
13432,4
13447,4
13485,4
13499,4
13510,4
13514,4
13563,4
13594,4
13620,4
13637,4
13641,4
13680,4
13718,4
13723,4
13732,4
13742,4
13794,4
14014,4
14089,7
14099,2
14103,0
14109,7
14115,3
14116,4
14120,6
14124,7
14125,6
14140,3
14150,6
14168,7
14182,2
14185,6
14202,6
14206,6
14207,6
14224,2
14235,5
14238,3
14240,0
14246,9
14249,9
14261,9
14266,9
14268,9
14271,9
14284,9
14290,6
14291,2
14315,6
14316,6
14317,6
14318,6
14348,0
14352,0
14355,0
14356,2
14357,6
14358,6
14359,6
14361,7
14367,0
14369,2
14371,2
14372,6
14373,6
14378,6
14391,6
14392,6
14396,1
14397,6
14400,0
14401,6
14422,6
14424,0
14425,0
14426,0
14429,2
14440,7
14457,1
14467,1
14468,1
14492,7
14497,2
14510,2
14512,3
14558,6
14560,2
14561,2
14562,9
14563,5
14571,3
14607,7
14608,6
14609,6
14611,6
14622,0
14623,1
14624,4
14625,4
14626,4
14629,4
14630,4
14631,4
14632,4
14634,4
14635,4
14637,4
14638,4
14640,4
14647,2
14648,3
14652,4
14656,3
14680,6
14714,4
14716,0
14718,6
14719,6
14753,2
14755,2
14764,7
14765,4
14768,7
14769,7
14770,7
14771,7
14772,7
14775,7
14776,7
14781,7
14783,7
14785,7
14786,7
14787,7
14788,7
14810,0
14821,3
14824,6
14825,3
14826,2
14831,6
14838,2
14841,2
14843,2
14844,2
14847,2
14848,2
14854,2
14855,2
14856,2
14858,2
14859,2
14861,2
14872,2
14879,2
14880,2
14881,2
14882,2
14885,2
14887,4
14893,4
14896,7
14897,2
14898,6
14901,3
14907,6
14909,0
14911,0
14912,6
14913,6
14914,6
14915,6
14918,0
14930,6
14931,6
14932,6
14934,6
14935,6
14936,6
14937,6
14938,6
14939,7
14940,3
14941,3
14942,3
14944,3
14955,0
14966,2
14967,2
14982,6
14985,4
14987,0
14993,0
14994,7
15000,0
15001,0
15002,0
15019,6
15020,6
15025,2
15026,2
15027,2
15059,6
15060,7
15065,7
15076,0
15080,0
15082,0
15084,4
15093,9
15096,9
15097,9
15102,9
15103,9
15104,9
15107,9
15108,9
15112,9
15114,9
15115,9
15116,9
15119,9
15120,9
15121,9
15123,9
15124,9
15125,9
15128,9
15129,9
15132,9
15136,9
15137,9
15138,9
15139,9
15141,9
15143,9
15144,9
15146,9
15147,9
15150,9
15154,9
15155,9
15156,9
15159,9
15160,9
15164,9
15168,9
15172,9
15173,9
15175,9
15177,9
15178,9
15179,9
15180,9
15183,9
15185,9
15188,9
15189,9
15190,9
15191,9
15192,9
15195,9
15197,9
15219,6
15221,0
15223,4
15244,2
15248,2
15249,2
15250,2
15258,2
15270,3
15274,4
15276,9
15277,9
15286,6
15287,6
15288,6
15289,7
15300,2
15318,2
15333,6
15335,2
15400,2
15432,6
15441,6
15499,7
15547,6
15569,0
15580,3
15607,6
15622,2
15633,3
15637,2
15644,9
15645,0
15646,0
15647,0
15648,0
15649,0
15657,0
15659,6
15670,7
15680,7
15682,7
15693,6
15695,3
15747,0
15749,9
15750,0
15756,3
15757,2
15759,1
15764,0
15776,0
15782,0
15783,0
15789,0
15793,0
15794,0
15828,2
15836,6
15838,6
15852,2
15890,7
15928,2
15930,9
15932,9
15942,9
15949,4
15956,2
15966,7
15977,9
15978,9
15993,2
15994,0
16000,4
16001,4
16002,4
16003,6
16004,0
16006,3
16007,7
16008,9
16013,4
16015,2
16017,2
16018,2
16020,2
16022,2
16025,6
16026,6
16027,7
16030,2
16047,2
16053,2
16055,6
16058,2
16088,3
16094,3
16100,3
16101,3
16102,2
16110,2
16120,3
16122,9
16124,9
16126,9
16127,9
16131,9
16132,9
16136,9
16139,9
16140,9
16141,9
16142,9
16143,9
16144,9
16145,9
16149,9
16151,9
16152,9
16154,9
16155,9
16157,9
16159,9
16160,9
16163,9
16164,9
16166,9
16167,9
16168,9
16169,9
16170,9
16173,9
16174,9
16175,9
16176,9
16178,9
16181,9
16182,9
16184,9
16187,9
16192,9
16193,9
16194,9
16197,9
16198,9
16200,9
16201,9
16202,9
16204,9
16205,9
16206,9
16207,9
16208,9
16210,9
16211,9
16213,9
16215,9
16217,9
16218,9
16219,9
16220,9
16222,9
16223,9
16224,9
16225,9
16226,9
16227,9
16230,9
16236,9
16237,9
16238,9
16240,9
16241,9
16242,9
16244,9
16245,9
16247,9
16251,9
16253,9
16255,9
16257,9
16260,9
16262,9
16264,9
16266,9
16271,9
16273,9
16276,9
16278,9
16279,9
16281,9
16283,9
16284,9
16285,9
16286,9
16287,9
16289,9
16293,9
16294,9
16295,9
16296,9
16297,9
16306,6
16309,3
16310,7
16311,2
16312,2
16313,2
16320,4
16321,4
16325,2
16327,2
16330,2
16331,2
16343,7
16348,2
16351,0
16352,0
16354,9
16357,5
16358,4
16360,2
16363,0
16368,6
16369,6
16370,6
16372,0
16383,0
16399,5
16423,4
16622,4
16682,2
16729,4
16779,3
16812,2
16822,4
16826,4
16840,4
16862,0
16908,4
16921,0
16937,4
16941,4
16956,0
16962,2
16976,3
16977,4
16986,4
16998,4
17013,5
17021,5
17023,5
17024,5
17028,5
17032,5
17044,5
17045,5
17047,5
17049,5
17053,5
17055,5
17056,5
17060,5
17061,5
17068,7
17112,7
17136,6
17140,6
17141,6
17142,6
17151,6
17154,6
17155,2
17157,2
17158,4
17161,7
17162,6
17167,6
17169,0
17185,0
17193,0
17194,0
17196,0
17210,2
17211,2
17212,2
17213,2
17217,3
17220,2
17228,3
17232,0
17233,6
17236,4
17246,7
17262,2
17267,6
17269,6
17270,4
17271,4
17273,2
17278,9
17279,9
17280,9
17286,9
17287,9
17288,9
17289,9
17291,9
17292,9
17293,9
17297,9
17298,9
17299,9
17301,9
17303,9
17304,9
17305,9
17306,9
17307,9
17308,9
17309,9
17310,9
17311,9
17312,9
17313,9
17314,9
17316,9
17317,9
17318,9
17319,9
17320,9
17322,9
17323,9
17324,9
17325,9
17326,9
17327,9
17328,9
17329,9
17330,9
17331,9
17332,9
17333,9
17335,9
17336,9
17337,9
17338,9
17339,9
17340,9
17341,9
17342,9
17343,9
17345,9
17346,9
17347,9
17348,9
17349,9
17351,9
17352,9
17353,9
17354,9
17355,9
17356,9
17357,9
17359,9
17360,9
17361,9
17362,9
17364,9
17365,9
17366,9
17367,9
17370,9
17371,9
17372,9
17374,9
17375,9
17377,9
17378,9
17379,9
17380,9
17381,9
17382,9
17383,9
17384,9
17385,9
17386,9
17388,9
17390,9
17391,9
17392,9
17394,9
17395,9
17396,9
17397,9
17398,9
17400,9
17401,9
17402,9
17403,9
17404,9
17405,9
17406,9
17407,9
17408,9
17409,9
17410,9
17412,9
17413,9
17414,9
17415,9
17416,9
17417,9
17418,9
17420,9
17421,9
17422,9
17423,9
17424,9
17425,9
17426,9
17427,9
17428,9
17429,9
17430,9
17431,9
17432,9
17433,9
17436,9
17439,9
17440,9
17442,9
17444,9
17447,9
17448,9
17449,9
17450,9
17452,9
17453,9
17454,9
17455,9
17457,9
17458,9
17459,9
17460,9
17461,9
17462,9
17463,9
17464,9
17465,9
17466,9
17467,9
17468,9
17469,9
17471,9
17473,9
17474,9
17476,9
17478,9
17479,9
17480,9
17481,9
17482,9
17483,9
17485,9
17486,9
17487,9
17489,9
17490,9
17491,9
17494,9
17495,9
17496,9
17497,9
17498,9
17500,9
17501,9
17502,9
17503,9
17504,9
17505,9
17506,9
17508,9
17510,9
17513,9
17514,9
17515,9
17516,9
17517,9
17519,9
17520,9
17521,9
17522,9
17524,9
17525,9
17526,9
17527,9
17528,9
17529,9
17531,9
17532,9
17533,9
17534,9
17535,9
17536,9
17537,9
17538,9
17539,9
17540,9
17541,9
17543,9
17544,9
17545,9
17547,9
17548,9
17549,9
17550,9
17551,9
17552,9
17553,9
17555,9
17556,9
17558,9
17559,9
17560,9
17561,9
17562,9
17563,9
17564,9
17566,9
17567,9
17568,9
17569,9
17570,9
17571,9
17573,9
17574,9
17575,9
17577,9
17578,9
17579,9
17580,9
17583,9
17584,9
17585,9
17587,9
17588,9
17590,9
17591,9
17592,9
17593,9
17595,9
17596,9
17599,9
17600,9
17601,9
17602,9
17603,9
17605,9
17606,9
17607,9
17608,9
17609,9
17610,9
17611,9
17612,9
17613,9
17614,9
17615,9
17616,9
17617,9
17618,9
17619,9
17620,9
17621,9
17622,9
17623,9
17624,9
17625,9
17626,9
17627,9
17628,9
17629,9
17630,9
17631,9
17634,9
17635,9
17636,9
17637,9
17638,9
17639,9
17640,9
17642,9
17643,9
17644,9
17645,9
17646,9
17648,9
17649,9
17650,9
17651,9
17652,9
17653,9
17655,9
17656,9
17657,9
17658,9
17659,9
17660,9
17662,9
17663,9
17664,9
17666,9
17667,9
17668,9
17669,9
17670,9
17671,9
17672,9
17674,9
17675,7
17677,6
17678,0
17687,7
17688,0
17689,4
17690,4
17691,2
17692,4
17693,2
17695,4
17696,2
17697,2
17699,0
17701,3
17702,6
17703,2
17705,0
17707,3
17712,2
17715,6
17716,2
17723,6
17724,6
17725,6
17726,6
17733,3
17736,5
17739,6
17803,0
17941,5
18002,1
18121,4
18126,4
18247,0
18260,0
18348,0
18460,0
18503,2
18560,5
18579,0
18606,0
18607,0
18617,0
18620,7
18631,2
18640,2
18641,3
18644,0
18651,6
18652,6
18653,6
18655,3
18656,3
18703,7
18705,2
18742,2
18743,2
18744,2
18751,2
18763,6
18766,6
18768,7
18769,0
18770,6
18774,7
18778,7
18779,7
18780,7
18782,7
18783,7
18785,7
18786,7
18787,7
18790,7
18791,7
18792,7
18793,7
18795,7
18796,7
18797,7
18798,7
18816,2
18817,6
18823,0
18824,0
18826,0
18827,4
18834,4
18840,3
18842,3
18847,6
18849,7
18851,7
18859,7
18860,7
18861,7
18862,7
18863,7
18865,7
18867,7
18868,7
18869,7
18870,7
18871,7
18873,7
18874,7
18875,7
18876,7
18877,7
18878,7
18880,7
18881,7
18882,7
18883,7
18884,7
18885,7
18888,7
18889,7
18890,7
18891,7
18893,7
18894,7
18895,7
18896,7
18897,7
18898,7
18899,3
18906,7
18911,7
18921,7
18931,3
18966,0
18971,6
19000,6
19003,5
19067,2
19288,6
19306,3
19354,0
19375,2
19387,5
19397,3
19404,6
19405,0
19414,3
19417,2
19418,2
19426,2
19430,0
19431,3
19432,2
19440,4
19442,6
19460,2
19461,6
19465,6
19467,7
19470,3
19471,7
19473,6
19477,6
19478,2
19480,4
19481,4
19484,1
19486,3
19491,7
19499,7
19500,7
19509,7
19519,7
19522,2
19523,2
19527,2
19529,2
19537,2
19548,2
19549,2
19567,0
19573,2
19575,6
19580,2
19584,9
19585,9
19586,9
19587,9
19589,9
19596,9
19599,9
19603,9
19604,9
19606,9
19613,6
19624,2
19627,2
19629,2
19630,2
19631,5
19642,6
19643,2
19645,2
19646,2
19649,2
19650,2
19651,2
19653,2
19658,2
19659,2
19660,2
19661,2
19663,2
19664,2
19666,2
19669,2
19670,2
19673,2
19674,2
19675,2
19676,2
19678,2
19679,2
19680,2
19681,2
19684,2
19686,2
19687,2
19689,2
19698,2
19699,2
19700,2
19701,2
19702,2
19703,2
19706,2
19713,2
19716,2
19717,2
19720,2
19722,2
19723,2
19724,2
19725,2
19726,2
19727,2
19729,2
19730,2
19731,2
19733,3
19734,6
19737,6
19739,6
19740,6
19754,2
19755,4
19756,0
19758,2
19759,2
19760,0
19764,0
19768,7
19770,2
19771,6
19777,2
19781,3
19782,2
19783,6
19784,2
19791,6
19792,2
19793,2
19794,2
19795,0
19798,2
19799,6
19800,2
19804,2
19816,0
19822,2
19833,9
19834,9
19835,9
19836,9
19837,9
19838,9
19840,9
19841,9
19842,9
19843,9
19844,9
19845,9
19846,9
19847,9
19849,9
19850,9
19851,9
19852,9
19853,9
19854,9
19855,9
19856,9
19857,9
19860,2
19863,0
19868,0
19869,0
19873,7
19874,7
19878,0
19882,0
19889,0
19909,0
19910,0
19917,2
19922,7
19957,0
19981,2
20016,1
20050,0
20161,5
20320,0
20422,0
20427,2
20442,2
20448,6
20464,0
20478,0
20482,7
20486,3
20487,6
20489,6
20492,7
20514,2
20515,2
20516,2
20519,2
20522,6
20525,6
20526,2
20527,0
20530,6
20532,6
20533,9
20537,9
20538,9
20549,9
20551,9
20552,9
20553,9
20554,9
20556,9
20558,9
20559,9
20561,9
20562,9
20563,9
20565,9
20566,9
20567,9
20568,9
20569,9
20570,9
20571,9
20574,9
20576,9
20580,9
20581,9
20583,9
20586,9
20587,9
20588,9
20589,9
20591,9
20592,9
20593,9
20594,9
20595,9
20596,9
20597,9
20598,9
20600,9
20601,9
20603,9
20605,9
20606,9
20607,9
20609,9
20610,9
20611,9
20612,9
20613,9
20614,9
20615,9
20616,9
20617,9
20618,9
20620,9
20621,9
20622,9
20624,9
20627,9
20628,9
20630,9
20632,9
20635,9
20641,0
20643,3
20645,2
20647,0
20649,0
20653,6
20655,2
20658,2
20660,2
20662,2
20664,2
20673,2
20683,2
20684,2
20686,2
20687,2
20689,2
20690,2
20693,2
20704,3
20706,3
20707,3
20708,3
20709,3
20710,3
20711,3
20712,3
20713,3
20714,3
20715,3
20717,3
20723,3
20725,3
20726,3
20728,3
20732,3
20733,3
20734,3
20736,3
20737,3
20738,3
20740,3
20741,3
20746,3
20747,3
20748,3
20750,3
20751,3
20753,3
20755,3
20756,3
20757,3
20759,3
20760,3
20762,3
20763,3
20764,3
20767,3
20769,3
20770,3
20771,3
20773,3
20774,3
20775,3
20776,3
20778,3
20779,3
20782,3
20784,3
20785,3
20786,3
20787,3
20788,3
20789,3
20790,3
20791,3
20792,3
20794,3
20795,3
20796,3
20797,3
20799,3
20800,3
20802,3
20803,3
20805,3
20806,3
20808,3
20812,3
20813,3
20816,3
20818,3
20819,3
20821,3
20823,3
20825,3
20826,3
20828,3
20830,3
20831,3
20832,3
20833,3
20834,3
20835,3
20836,3
20837,3
20838,3
20839,3
20840,3
20841,3
20842,3
20843,3
20844,3
20845,3
20846,3
20847,3
20848,3
20849,3
20850,3
20851,3
20852,3
20853,3
20854,3
20857,3
20858,3
20859,3
20860,3
20861,3
20862,3
20863,3
20864,3
20865,3
20866,3
20867,3
20868,3
20869,3
20870,3
20871,3
20872,3
20873,3
20874,3
20876,3
20877,3
20878,3
20879,3
20880,3
20881,3
20882,3
20883,3
20884,3
20885,3
20886,3
20887,3
20889,3
20900,3
20903,3
20906,3
20907,3
20914,3
20917,3
20918,3
20920,3
20922,3
20923,3
20924,3
20928,3
20929,3
20930,3
20931,3
20937,3
20942,3
20943,3
20945,3
20946,3
20947,3
20949,3
20954,2
20955,2
20960,6
20963,2
20966,2
20971,6
20973,7
20974,7
20980,0
20987,0
20999,6
21000,6
21001,6
21002,6
21003,6
21004,6
21005,6
21006,6
21007,6
21008,6
21009,6
21011,6
21012,6
21013,6
21014,6
21015,6
21016,6
21017,6
21018,6
21019,3
21023,0
21024,6
21038,4
21047,7
21049,2
21054,5
21060,2
21069,0
21085,0
21087,2
21093,0
21094,2
21099,4
21100,2
21101,6
21113,2
21117,3
21118,6
21119,6
21121,2
21125,4
21127,3
21136,3
21138,7
21145,6
21152,4
21153,4
21154,2
21156,0
21158,4
21165,0
21168,4
21172,0
21174,4
21177,2
21180,6
21185,3
21191,7
21193,5
21194,3
21195,0
21196,4
21199,4
21201,2
21203,4
21205,0
21206,0
21207,0
21209,2
21210,3
21211,6
21212,7
21214,0
21218,3
21225,0
21226,4
21230,4
21235,4
21236,4
21239,7
21240,4
21242,0
21245,2
21247,4
21250,2
21252,4
21254,0
21255,4
21259,2
21260,4
21261,4
21265,0
21266,2
21268,0
21269,2
21271,4
21272,4
21274,0
21275,2
21276,0
21279,2
21283,4
21284,0
21286,0
21288,0
21289,6
21290,4
21291,4
21295,4
21296,2
21297,4
21298,0
21299,0
21301,4
21306,0
21309,0
21313,4
21314,4
21316,6
21321,0
21322,2
21323,4
21324,2
21325,4
21330,0
21331,0
21332,6
21335,0
21336,2
21337,0
21338,4
21339,0
21340,3
21341,0
21342,7
21344,0
21347,3
21348,4
21351,0
21352,6
21353,0
21354,3
21356,4
21357,4
21358,2
21360,2
21362,3
21364,0
21366,4
21367,4
21368,4
21370,0
21371,0
21372,4
21374,4
21376,4
21377,4
21378,0
21379,6
21380,4
21383,3
21384,4
21385,4
21387,3
21388,0
21389,6
21390,4
21392,3
21396,0
21397,4
21398,6
21399,7
21401,6
21402,4
21404,2
21406,6
21408,4
21409,3
21410,2
21411,6
21412,0
21413,0
21414,2
21415,6
21416,4
21418,4
21419,0
21420,0
21422,0
21423,6
21425,0
21426,4
21428,0
21429,2
21430,3
21431,4
21436,0
21437,0
21438,4
21439,3
21440,4
21441,3
21443,0
21445,4
21449,4
21450,7
21451,0
21452,3
21453,3
21454,2
21456,4
21457,2
21458,0
21459,2
21460,2
21461,2
21462,2
21463,4
21464,4
21465,0
21467,3
21469,0
21470,6
21472,3
21473,4
21474,0
21475,4
21476,1
21477,0
21478,4
21479,0
21480,0
21482,0
21485,4
21486,4
21487,6
21488,6
21489,0
21490,3
21491,0
21493,4
21494,4
21495,3
21496,0
21497,4
21498,4
21499,3
21500,0
21501,4
21502,0
21504,4
21506,3
21509,6
21512,6
21513,3
21514,3
21516,3
21539,3
21547,3
21548,3
21552,3
21553,3
21556,3
21567,3
21569,3
21570,3
21574,3
21576,3
21577,3
21580,3
21582,3
21583,3
21584,3
21587,3
21590,3
21591,3
21592,3
21594,3
21595,3
21596,3
21597,3
21599,3
21600,3
21606,3
21607,3
21609,3
21610,3
21611,3
21614,3
21615,3
21618,2
21619,2
21620,2
21623,2
21625,2
21626,2
21629,2
21630,2
21631,2
21633,2
21635,2
21636,2
21638,2
21641,2
21644,2
21646,2
21647,2
21648,2
21655,2
21656,2
21657,2
21659,2
21660,2
21661,2
21662,2
21664,2
21666,0
21672,0
21676,2
21678,4
21679,2
21682,2
21683,2
21686,2
21687,2
21688,2
21689,2
21691,6
21694,6
21696,2
21699,6
21701,4
21705,2
21707,2
21711,2
21713,2
21720,2
21723,2
21729,6
21730,6
21735,7
21736,2
21747,2
21748,7
21749,7
21752,2
21754,2
21756,2
21757,2
21758,2
21759,2
21760,2
21761,2
21762,2
21763,2
21764,2
21765,2
21766,2
21767,2
21773,2
21777,0
21779,7
21780,7
21781,7
21782,7
21783,7
21784,7
21787,7
21789,7
21790,7
21792,7
21793,7
21795,7
21797,7
21805,7
21806,7
21812,0
21814,0
21820,0
21826,3
21833,4
21835,2
21836,2
21839,4
21843,6
21844,6
21867,6
21873,6
21883,6
21886,6
21887,6
21888,6
21889,6
21890,6
21891,6
21893,6
21894,6
21897,7
21903,2
21907,4
21912,4
21913,4
21917,4
21918,4
21921,4
21924,4
21927,4
21942,4
21943,4
21946,4
21947,4
21951,4
21958,4
21962,4
21963,4
21965,4
21970,2
21971,2
21975,2
22001,5
22004,2
22008,3
22012,7
22014,9
22015,9
22016,9
22019,9
22024,9
22025,9
22026,9
22027,9
22028,9
22031,9
22032,9
22033,9
22036,9
22037,9
22038,9
22039,9
22041,9
22042,9
22044,9
22046,9
22047,9
22048,9
22049,9
22050,9
22052,9
22053,9
22054,9
22057,4
22065,3
22069,2
22071,2
22078,3
22079,2
22080,2
22083,6
22085,4
22094,0
22100,0
22103,6
22107,8
22108,8
22109,8
22110,8
22111,8
22112,8
22113,8
22114,8
22115,8
22116,8
22117,8
22118,8
22119,8
22120,8
22121,8
22122,8
22123,8
22124,8
22125,8
22126,8
22127,8
22128,8
22129,8
22130,8
22131,8
22132,8
22133,8
22134,8
22135,8
22136,8
22137,8
22138,8
22139,8
22140,8
22141,8
22142,8
22143,8
22144,8
22145,8
22146,8
22147,8
22148,8
22149,8
22150,8
22151,8
22152,8
22153,8
22154,8
22155,8
22156,8
22157,8
22158,8
22159,8
22160,8
22161,8
22162,8
22163,8
22164,8
22165,8
22166,8
22167,8
22168,8
22169,8
22170,8
22171,8
22172,8
22173,8
22174,8
22175,8
22176,8
22177,8
22178,8
22179,8
22180,8
22181,8
22182,8
22183,8
22184,8
22185,8
22186,8
22187,8
22188,8
22189,8
22190,8
22191,8
22192,8
22193,8
22194,8
22195,8
22196,8
22197,8
22198,8
22199,8
22200,8
22201,8
22202,8
22203,8
22204,8
22205,8
22206,8
22207,8
22208,8
22209,8
22210,8
22211,8
22212,8
22213,8
22214,8
22215,8
22216,8
22217,8
22218,8
22219,8
22220,8
22221,8
22222,8
22223,8
22224,8
22225,8
22226,8
22227,8
22228,8
22229,8
22230,8
22231,8
22232,8
22233,8
22234,8
22235,8
22236,8
22237,8
22238,8
22239,8
22240,8
22241,8
22242,8
22243,8
22244,8
22245,8
22246,8
22247,8
22248,8
22249,8
22250,8
22251,8
22252,8
22253,8
22254,8
22255,8
22256,8
22257,8
22258,8
22259,8
22260,8
22261,8
22262,8
22263,8
22264,8
22265,8
22266,8
22267,8
22268,8
22269,8
22270,8
22271,8
22272,8
22273,8
22274,8
22275,8
22276,8
22277,8
22278,8
22279,8
22280,8
22281,8
22282,8
22283,8
22284,8
22285,8
22286,8
22287,8
22288,8
22289,8
22290,8
22291,8
22292,8
22293,8
22294,8
22295,8
22296,8
22297,8
22298,8
22299,8
22300,8
22301,8
22302,8
22303,8
22304,8
22305,8
22306,8
22307,8
22308,8
22309,8
22310,8
22311,8
22312,8
22313,8
22314,8
22315,8
22316,8
22317,8
22318,8
22319,8
22320,8
22321,8
22322,8
22323,8
22324,8
22325,8
22326,8
22327,8
22328,8
22329,8
22330,8
22331,8
22332,8
22333,8
22334,8
22335,8
22336,8
22337,8
22338,8
22339,8
22340,8
22341,8
22342,8
22343,8
22344,8
22345,8
22346,8
22347,8
22348,8
22349,8
22350,8
22351,8
22352,8
22353,8
22354,8
22355,8
22356,8
22357,8
22358,8
22359,8
22360,8
22361,8
22362,8
22363,8
22364,8
22365,8
22366,8
22367,8
22368,8
22369,8
22370,8
22371,8
22372,8
22373,8
22374,8
22375,8
22376,8
22377,8
22378,8
22379,8
22380,8
22381,8
22382,8
22383,8
22384,8
22385,8
22386,8
22387,8
22388,8
22389,8
22390,8
22391,8
22392,8
22393,8
22394,8
22395,8
22396,8
22397,8
22398,8
22399,8
22400,8
22401,8
22402,8
22403,8
22404,8
22405,8
22406,8
22407,8
22408,8
22409,8
22410,8
22411,8
22412,8
22413,8
22414,8
22415,8
22416,8
22417,8
22418,8
22419,8
22420,8
22421,8
22422,8
22423,8
22424,8
22425,8
22426,8
22427,8
22428,8
22429,8
22430,8
22431,8
22432,8
22433,8
22434,8
22435,8
22436,8
22437,8
22438,8
22439,8
22440,8
22441,8
22442,8
22443,8
22444,8
22445,8
22446,8
22447,8
22448,8
22449,8
22450,8
22451,8
22452,8
22453,8
22454,8
22455,8
22456,8
22457,8
22458,8
22459,8
22460,8
22461,8
22462,8
22463,8
22464,8
22465,8
22466,8
22467,8
22468,8
22469,8
22470,8
22471,8
22472,8
22473,8
22474,8
22475,8
22476,8
22477,8
22478,8
22479,8
22480,8
22481,8
22482,8
22483,8
22484,8
22485,8
22486,8
22487,8
22488,8
22489,8
22490,8
22491,8
22492,8
22493,8
22494,8
22495,8
22496,8
22497,8
22498,8
22499,8
22500,8
22501,8
22502,8
22503,8
22504,8
22505,8
22506,8
22507,8
22508,8
22509,8
22510,8
22511,8
22512,8
22513,8
22514,8
22515,8
22516,8
22517,8
22518,8
22519,8
22520,8
22521,8
22522,8
22523,8
22524,8
22525,8
22526,8
22527,8
22528,8
22529,8
22530,8
22531,8
22532,8
22533,8
22534,8
22535,8
22536,8
22537,8
22538,8
22539,8
22540,8
22541,8
22542,8
22543,8
22544,8
22545,8
22546,8
22547,8
22548,8
22549,8
22550,8
22551,8
22552,8
22553,8
22554,8
22555,8
22556,8
22557,8
22558,8
22559,8
22560,8
22561,8
22562,8
22563,8
22564,8
22565,8
22566,8
22567,8
22568,8
22569,8
22570,8
22571,8
22572,8
22573,8
22574,8
22575,8
22576,8
22577,8
22578,8
22579,8
22580,8
22581,8
22582,8
22583,8
22584,8
22585,8
22586,8
22587,8
22588,8
22589,8
22590,8
22591,8
22592,8
22593,8
22594,8
22595,8
22596,8
22597,8
22598,8
22599,8
22600,8
22601,8
22602,8
22603,8
22604,8
22605,8
22606,8
22607,8
22608,8
22609,8
22610,8
22611,8
22612,8
22613,8
22614,8
22615,8
22616,8
22617,8
22618,8
22619,8
22620,8
22621,8
22622,8
22623,8
22624,8
22625,8
22626,8
22627,8
22628,8
22629,8
22630,8
22631,8
22632,8
22633,8
22634,8
22635,8
22636,8
22637,8
22638,8
22639,8
22640,8
22641,8
22642,8
22643,8
22644,8
22645,8
22646,8
22647,8
22648,8
22649,8
22650,8
22651,8
22652,8
22653,8
22654,8
22655,8
22656,8
22657,8
22668,2
22670,6
22671,6
22672,2
22682,3
22683,3
22684,3
22685,3
22686,3
22687,3
22688,3
22690,3
22691,3
22693,3
22694,3
22696,3
22699,3
22700,3
22701,3
22703,3
22704,3
22705,3
22707,3
22708,3
22709,3
22710,3
22711,3
22714,3
22715,3
22717,3
22721,3
22722,3
22723,3
22724,3
22726,3
22727,3
22731,3
22735,3
22736,3
22737,3
22738,3
22741,3
22742,3
22746,3
22748,3
22750,3
22752,3
22754,3
22756,3
22757,3
22766,3
22768,3
22769,3
22775,3
22776,3
22778,3
22779,3
22780,3
22783,3
22786,3
22787,3
22794,6
22799,3
22802,2
22804,0
22805,0
22806,6
22809,0
22812,4
22814,3
22815,3
22817,5
22820,6
22823,6
22827,2
22828,7
22829,2
22838,2
22839,2
22840,2
22842,2
22843,2
22847,2
22850,2
22854,2
22855,2
22856,2
22864,3
22865,1
22867,0
22874,6
22876,2
22881,2
22886,3
22887,6
22889,0
22892,9
22893,9
22895,9
22899,9
22904,9
22905,9
22906,9
22908,9
22909,9
22910,9
22911,9
22913,9
22914,9
22915,9
22916,9
22917,9
22918,9
22919,9
22920,9
22921,9
22922,9
22923,9
22929,9
22930,9
22931,9
22932,9
22939,9
22940,9
22941,9
22943,9
22944,9
22945,9
22948,9
22949,9
22950,9
22951,9
22952,9
22953,9
22955,9
22956,9
22957,9
22958,9
22959,9
22960,9
22962,9
22964,9
22965,9
22966,9
22969,9
22971,9
22974,9
22975,9
22977,9
22981,9
22982,9
22983,9
22984,9
22987,9
22988,9
22989,9
22990,9
22993,4
22994,1
22995,6
22996,6
22997,6
22998,7
23002,7
23007,7
23015,0
23016,0
23017,5
23018,5
23019,5
23020,5
23021,4
23026,2
23028,3
23032,9
23033,9
23034,9
23035,9
23038,2
23041,2
23044,9
23056,3
23071,7
23072,2
23075,2
23076,2
23082,2
23083,2
23093,6
23095,6
23097,6
23099,6
23100,6
23104,6
23112,6
23114,2
23116,0
23117,0
23119,0
23123,3
23125,0
23126,3
23127,6
23134,2
23135,7
23137,7
23138,0
23139,0
23140,0
23146,6
23147,7
23149,3
23150,6
23151,6
23153,7
23154,7
23156,9
23157,9
23158,9
23159,9
23160,9
23162,9
23163,9
23164,9
23165,9
23167,9
23168,9
23169,9
23170,9
23172,9
23173,9
23175,9
23176,9
23177,9
23181,9
23182,9
23183,9
23184,9
23190,9
23191,9
23192,9
23193,9
23194,9
23195,9
23196,9
23197,9
23198,9
23199,9
23201,9
23202,9
23204,9
23205,9
23206,9
23207,9
23208,9
23210,9
23211,9
23213,9
23214,9
23215,9
23216,9
23217,9
23218,9
23219,9
23221,9
23222,9
23223,9
23228,9
23229,9
23231,9
23234,9
23236,9
23237,9
23238,9
23239,9
23240,9
23241,9
23243,9
23244,9
23245,9
23247,9
23248,9
23249,9
23250,9
23251,9
23252,9
23253,9
23254,9
23256,9
23257,9
23258,9
23259,9
23260,9
23261,9
23263,9
23264,9
23265,9
23266,9
23267,9
23270,9
23271,9
23273,9
23274,9
23275,9
23276,9
23277,9
23278,9
23279,9
23280,9
23281,9
23282,9
23283,9
23284,9
23285,9
23286,9
23287,9
23288,9
23289,9
23291,9
23292,9
23293,9
23294,9
23295,9
23297,9
23299,9
23300,9
23301,9
23302,9
23306,9
23308,9
23315,9
23316,9
23318,9
23319,9
23320,9
23321,9
23322,9
23323,9
23324,9
23325,9
23326,9
23328,9
23330,9
23331,9
23332,9
23333,9
23334,9
23335,9
23336,9
23337,9
23338,9
23339,9
23340,9
23341,9
23342,9
23343,9
23345,9
23346,9
23347,9
23349,9
23352,9
23353,9
23354,9
23355,9
23356,9
23357,9
23358,9
23360,9
23361,9
23362,9
23363,9
23365,9
23366,9
23367,9
23368,9
23370,9
23372,9
23373,9
23374,9
23375,9
23376,9
23377,9
23378,9
23379,9
23380,9
23381,9
23384,9
23385,9
23387,9
23388,9
23389,9
23390,9
23391,9
23392,9
23394,9
23397,9
23399,9
23400,9
23401,9
23402,9
23403,9
23404,9
23406,9
23407,9
23408,9
23409,9
23410,9
23411,9
23412,9
23413,9
23414,9
23415,9
23416,9
23417,9
23418,9
23419,9
23420,9
23422,9
23423,9
23424,9
23425,9
23426,9
23428,9
23429,9
23430,9
23431,9
23433,9
23434,9
23435,9
23436,9
23438,9
23440,9
23441,9
23442,9
23443,9
23444,9
23445,9
23446,9
23448,9
23450,3
23451,3
23455,3
23456,3
23457,3
23458,3
23463,3
23464,3
23466,3
23467,3
23468,3
23471,3
23472,3
23473,3
23474,3
23476,3
23479,3
23480,3
23481,3
23482,3
23486,3
23488,3
23489,3
23523,2
23525,2
23526,3
23528,1
23529,3
23546,6
23549,6
23550,6
23552,6
23553,6
23558,3
23559,7
23562,7
23563,7
23564,7
23565,7
23566,7
23567,7
23568,7
23569,7
23570,7
23571,7
23572,7
23573,7
23574,7
23575,7
23576,7
23577,7
23578,7
23579,7
23580,7
23582,7
23585,2
23586,6
23587,0
23590,2
23593,3
23594,3
23595,3
23596,3
23603,3
23604,3
23605,3
23607,3
23610,3
23611,3
23615,9
23616,9
23617,9
23618,9
23619,9
23620,9
23622,9
23623,9
23624,9
23625,9
23627,9
23628,9
23629,9
23632,9
23633,9
23634,9
23635,9
23636,9
23637,9
23638,9
23639,9
23640,9
23641,9
23642,9
23643,9
23644,9
23645,9
23646,9
23647,9
23648,9
23649,9
23650,9
23651,9
23652,9
23653,9
23654,9
23655,9
23656,9
23657,9
23658,9
23661,9
23662,9
23663,9
23664,9
23665,9
23666,9
23667,9
23668,9
23669,9
23670,9
23671,9
23672,9
23673,9
23674,9
23675,9
23676,9
23677,9
23678,9
23680,9
23681,0
23706,0
23802,4
23803,4
23822,4
23827,0
23837,4
23852,0
23871,0
23883,4
23890,3
23911,0
23918,4
23919,4
23920,4
23933,4
23946,0
23952,6
23984,3
23988,0
24009,0
24012,6
24013,0
24036,4
24037,4
24041,4
24043,4
24051,1
24052,0
24086,0
24090,0
24099,4
24108,0
24124,5
24130,4
24131,2
24133,0
24135,3
24138,0
24173,6
24176,3
24177,3
24186,4
24187,4
24191,6
24198,0
24202,0
24212,0
24218,4
24220,0
24221,0
24223,4
24225,4
24231,4
24236,4
24244,0
24246,7
24247,4
24248,4
24249,4
24250,4
24255,2
24261,7
24262,7
24266,7
24272,2
24274,2
24275,2
24276,2
24277,2
24278,2
24279,2
24280,2
24281,2
24282,2
24285,2
24288,3
24289,3
24293,7
24298,7
24309,0
24313,2
24314,4
24315,2
24318,2
24319,2
24320,2
24330,5
24331,7
24332,2
24336,2
24391,7
24392,7
24393,6
24394,0
24400,6
24402,2
24406,2
24413,3
24414,0
24419,2
24426,7
24428,5
24430,2
24431,7
24433,2
24438,2
24441,7
24442,2
24452,7
24471,7
24472,0
24476,0
24479,0
24480,2
24482,0
24483,5
24488,2
24489,0
24490,5
24492,0
24495,2
24499,2
24507,0
24509,2
24510,0
24511,5
24514,7
24517,4
24521,7
24523,7
24526,7
24531,6
24532,7
24534,6
24536,6
24541,0
24542,7
24544,0
24548,4
24551,6
24559,6
24563,6
24564,2
24568,6
24569,6
24576,5
24577,7
24583,2
24584,7
24586,7
24587,7
24590,7
24601,4
24602,0
24608,5
24613,4
24614,4
24617,0
24623,0
24632,2
24638,4
24643,7
24644,7
24647,7
24648,7
24649,7
24650,7
24651,7
24652,7
24653,7
24654,7
24655,7
24656,7
24657,7
24658,7
24659,7
24660,7
24661,7
24662,7
24663,7
24664,7
24665,7
24666,7
24667,7
24668,7
24669,7
24670,7
24672,7
24673,7
24687,7
24704,0
24705,7
24707,7
24709,7
24715,7
24717,7
24718,7
24720,7
24744,6
24746,6
24748,4
24749,4
24752,4
24757,4
24759,2
24766,2
24777,7
24778,7
24781,7
24782,7
24783,7
24785,7
24787,7
24792,7
24793,7
24794,7
24796,7
24799,7
24800,7
24802,7
24803,7
24805,7
24807,7
24808,7
24809,7
24810,7
24812,7
24814,7
24815,7
24816,7
24818,7
24819,7
24820,7
24823,7
24824,7
24825,7
24826,7
24827,7
24828,7
24829,7
24830,7
24831,7
24832,7
24833,7
24834,7
24835,7
24837,7
24838,7
24841,7
24842,7
24843,7
24845,3
24847,3
24863,7
24864,0
24865,3
24875,3
24877,0
24880,4
24881,4
24882,4
24883,2
24885,6
24889,7
24891,3
24892,3
24894,6
24897,2
24898,2
24899,2
24903,1
24904,1
24909,3
24911,4
24913,0
24914,3
24915,3
24916,3
24921,3
24922,0
24923,3
24924,3
24925,2
24926,2
24927,2
24928,2
24929,2
24930,2
24931,2
24932,2
24933,2
24934,2
24935,2
24936,2
24937,2
24939,2
24940,2
24941,2
24942,2
24944,2
24945,2
24946,2
24947,2
24948,7
24955,8
24956,8
24960,8
24961,8
24962,8
24963,8
24965,3
24966,3
24969,3
24971,2
24973,6
24974,2
24976,2
24977,2
24981,7
24986,3
24989,3
24993,3
24994,3
24995,3
24996,3
24997,3
24998,3
25000,3
25003,3
25004,3
25005,3
25007,3
25008,3
25009,3
25015,3
25016,3
25017,3
25018,3
25019,3
25021,3
25022,3
25023,3
25024,3
25025,3
25026,3
25027,3
25028,3
25030,3
25031,3
25032,3
25034,3
25035,3
25036,3
25037,3
25038,3
25039,3
25042,3
25043,3
25044,3
25045,3
25046,3
25047,3
25048,3
25049,3
25050,3
25051,3
25052,3
25054,3
25055,3
25056,3
25058,3
25059,3
25060,3
25061,3
25062,3
25063,3
25064,3
25065,3
25066,3
25067,3
25068,3
25069,3
25070,3
25071,3
25072,3
25073,3
25074,3
25075,3
25076,3
25077,3
25078,2
25080,0
25083,4
25086,3
25087,2
25089,7
25091,7
25092,7
25095,6
25098,7
25099,0
25101,6
25111,3
25112,9
25122,9
25126,9
25129,9
25133,9
25135,9
25141,9
25146,9
25149,9
25152,9
25160,9
25161,9
25162,9
25164,9
25166,9
25167,9
25168,9
25169,9
25175,9
25176,9
25177,9
25182,9
25183,9
25184,9
25185,9
25188,9
25189,9
25190,9
25194,9
25196,2
25197,2
25198,2
25199,2
25200,2
25201,2
25204,2
25205,2
25206,2
25207,2
25208,2
25209,2
25210,2
25211,2
25212,2
25213,2
25215,2
25217,2
25218,2
25219,2
25221,2
25222,2
25223,2
25224,2
25225,2
25226,2
25227,2
25228,7
25232,2
25235,6
25237,4
25238,4
25240,4
25242,4
25243,4
25244,4
25245,4
25247,4
25248,4
25249,4
25253,4
25254,4
25257,4
25258,4
25260,4
25261,4
25262,4
25264,4
25266,4
25267,4
25268,4
25270,4
25272,4
25273,4
25274,4
25277,4
25278,4
25279,4
25280,4
25282,4
25283,4
25284,4
25285,4
25286,4
25287,4
25289,4
25290,4
25292,4
25293,4
25297,4
25298,4
25299,4
25300,4
25301,4
25302,4
25303,4
25304,4
25305,4
25307,4
25308,4
25309,4
25311,4
25312,4
25314,4
25315,4
25316,4
25317,4
25320,4
25321,4
25323,4
25325,4
25326,4
25327,4
25329,7
25332,7
25333,7
25335,7
25337,2
25338,3
25340,3
25371,0
25416,4
25417,2
25441,0
25459,2
25482,4
25498,4
25538,0
25539,3
25547,2
25563,0
25582,0
25588,4
25598,0
25599,3
25602,0
25604,2
25607,2
25615,1
25620,2
25635,2
25638,3
25640,2
25647,4
25649,2
25651,6
25654,4
25657,1
25660,3
25667,0
25669,0
25670,2
25671,0
25676,0
25679,2
25680,2
25681,2
25684,3
25687,5
25689,0
25690,3
25691,0
25692,4
25694,2
25695,0
25697,0
25704,2
25706,2
25707,0
25710,1
25712,2
25714,1
25721,2
25722,0
25727,1
25728,7
25731,2
25735,6
25736,2
25737,2
25739,2
25740,2
25743,2
25744,2
25745,2
25746,2
25747,2
25748,2
25749,2
25751,2
25752,2
25754,2
25756,2
25757,2
25758,2
25759,2
25760,2
25762,5
25764,0
25765,0
25766,3
25767,4
25768,3
25773,7
25796,7
25807,7
25808,7
25815,7
25816,7
25818,2
25819,7
25833,2
25834,7
25835,7
25837,7
25838,7
25839,4
25840,7
25844,2
25845,2
25847,3
25849,2
25852,2
25853,9
25854,9
25860,9
25861,9
25862,9
25863,9
25864,9
25865,9
25866,9
25867,9
25868,9
25869,9
25870,9
25871,9
25872,9
25873,9
25874,9
25875,9
25876,9
25877,9
25878,9
25879,9
25880,9
25881,9
25882,9
25883,9
25884,9
25885,9
25886,9
25887,9
25888,9
25890,1
25891,1
25893,7
25894,7
25895,7
25897,3
25899,3
25902,2
25906,7
25907,7
25908,3
25909,0
25910,1
25911,1
25917,7
25918,3
25919,3
25921,2
25922,7
25924,7
25926,7
25927,7
25929,7
25930,7
25931,7
25932,7
25933,7
25934,7
25938,7
25941,3
25943,0
25944,1
25945,2
25947,7
25948,2
25949,2
25951,2
25952,2
25953,2
25954,2
25955,2
25956,2
25957,5
25958,2
25959,6
25960,6
25962,6
25963,7
25965,3
25966,3
25968,3
25969,3
25970,2
25971,6
25972,6
25974,6
25977,7
25978,7
25980,4
25981,6
25982,7
25983,7
25986,2
25987,2
25990,6
25991,9
25992,9
25993,9
26003,2
26005,0
26006,2
26008,2
26011,7
26012,6
26014,7
26015,2
26016,6
26018,6
26021,2
26023,2
26024,2
26025,2
26026,2
26027,2
26029,2
26030,2
26032,0
26033,5
26034,5
26036,9
26037,9
26040,5
26042,7
26043,7
26044,7
26045,7
26046,7
26047,7
26048,7
26049,7
26050,7
26051,7
26052,7
26053,7
26054,7
26058,6
26062,7
26063,7
26064,7
26065,7
26066,7
26068,3
26069,2
26070,2
26071,2
26072,2
26073,2
26074,2
26076,2
26077,2
26079,2
26080,4
26081,4
26082,4
26083,4
26084,4
26086,2
26087,7
26089,3
26090,0
26091,6
26094,0
26095,0
26100,9
26101,9
26102,9
26103,9
26104,9
26105,9
26107,9
26109,9
26110,9
26111,9
26112,9
26113,9
26114,9
26115,9
26116,9
26118,9
26119,9
26120,9
26123,9
26125,9
26126,9
26127,9
26128,9
26131,9
26132,9
26133,9
26134,9
26135,9
26136,9
26138,9
26139,9
26140,9
26141,9
26142,9
26143,9
26144,9
26145,9
26146,9
26147,9
26148,9
26149,9
26150,9
26151,9
26152,9
26153,9
26155,9
26156,9
26157,9
26159,9
26160,9
26161,9
26162,9
26163,9
26164,9
26165,9
26166,9
26167,9
26168,9
26169,9
26170,9
26172,9
26173,9
26174,9
26175,9
26176,9
26177,9
26178,9
26179,9
26180,9
26181,9
26182,9
26183,9
26184,9
26185,9
26186,9
26187,9
26188,9
26189,9
26190,9
26191,9
26192,9
26193,9
26194,9
26195,9
26196,9
26197,9
26198,9
26199,9
26200,9
26201,9
26202,9
26204,9
26205,9
26206,9
26207,9
26208,9
26210,9
26211,9
26212,9
26213,9
26214,9
26215,9
26217,9
26219,9
26220,9
26221,9
26222,9
26223,9
26224,9
26225,9
26226,9
26228,9
26229,9
26230,9
26232,9
26233,9
26234,9
26235,9
26236,9
26238,9
26240,9
26241,9
26242,9
26243,9
26244,9
26245,9
26247,9
26249,9
26250,9
26251,9
26252,9
26253,9
26254,9
26255,9
26256,9
26257,9
26258,9
26259,9
26260,9
26261,9
26262,9
26264,9
26265,9
26266,9
26267,9
26268,9
26269,9
26270,9
26271,9
26272,9
26273,9
26274,9
26275,9
26276,9
26277,9
26278,9
26279,9
26280,9
26281,9
26282,9
26283,9
26284,9
26285,9
26286,9
26287,9
26288,9
26289,9
26290,9
26291,9
26292,9
26293,9
26294,9
26295,9
26296,9
26297,9
26298,9
26299,9
26300,9
26301,9
26302,9
26303,9
26304,9
26305,9
26306,9
26307,9
26308,9
26309,9
26312,9
26313,9
26314,9
26315,9
26316,9
26317,9
26318,9
26319,9
26320,9
26321,9
26322,9
26323,9
26324,9
26325,9
26326,9
26327,9
26328,9
26329,9
26330,9
26331,9
26332,9
26333,9
26334,9
26335,9
26336,9
26337,9
26338,9
26339,9
26340,9
26341,9
26342,9
26343,9
26344,9
26345,9
26346,9
26347,9
26348,9
26349,9
26350,9
26351,9
26352,9
26353,9
26354,9
26355,9
26356,9
26357,9
26358,9
26360,9
26361,9
26362,9
26363,9
26364,9
26365,9
26366,9
26367,9
26368,9
26369,9
26370,9
26371,9
26372,9
26373,9
26374,9
26375,9
26376,3
26379,3
26381,2
26382,3
26383,2
26384,2
26385,2
26386,2
26388,6
26389,7
26392,6
26393,7
26394,7
26395,7
26396,2
26397,6
26400,2
26401,2
26403,2
26406,0
26407,2
26409,2
26410,2
26413,2
26414,0
26415,3
26419,6
26420,7
26421,7
26423,0
26424,1
26427,0
26428,0
26430,7
26434,6
26436,6
26437,7
26443,3
26445,7
26447,6
26449,0
26450,2
26451,7
26452,2
26455,0
26456,0
26457,2
26459,7
26460,0
26462,7
26463,7
26466,6
26467,0
26468,0
26470,5
26471,2
26472,0
26473,2
26474,6
26475,6
26476,6
26477,2
26478,2
26480,2
26481,2
26483,2
26484,0
26487,0
26488,0
26489,0
26490,4
26493,0
26494,2
26495,2
26496,2
26497,2
26498,2
26499,2
26501,2
26502,2
26503,2
26505,2
26506,2
26507,2
26510,9
26511,9
26512,9
26513,9
26514,9
26515,9
26516,9
26517,9
26518,9
26519,9
26520,9
26521,9
26522,9
26523,9
26524,9
26525,9
26526,9
26527,9
26528,9
26529,9
26530,9
26531,9
26532,9
26533,9
26534,9
26535,9
26536,9
26537,9
26538,9
26539,9
26540,9
26541,9
26542,9
26543,9
26544,9
26545,9
26546,9
26547,9
26548,9
26549,9
26550,9
26551,9
26552,9
26553,9
26554,9
26555,9
26556,9
26557,9
26558,9
26559,9
26560,9
26561,9
26562,9
26563,9
26564,9
26565,9
26566,9
26567,9
26568,9
26569,9
26570,9
26571,9
26572,9
26573,9
26574,9
26575,9
26576,9
26577,9
26578,9
26579,9
26580,9
26581,9
26582,9
26583,9
26584,9
26585,9
26586,9
26587,9
26588,9
26589,9
26590,9
26591,9
26592,9
26593,9
26594,9
26595,9
26596,9
26597,9
26598,9
26599,9
26600,9
26601,9
26602,9
26603,9
26604,9
26605,9
26606,9
26607,9
26608,9
26609,9
26610,9
26611,9
26612,9
26613,9
26614,9
26615,9
26616,9
26617,9
26618,9
26620,9
26621,7
26623,7
26625,7
26627,4
26628,3
26631,6
26632,3
26634,3
26635,0
26639,0
26640,4
26641,0
26643,2
26647,2
26648,7
26649,7
26655,9
26656,2
26657,6
26658,6
26659,6
26660,6
26661,6
26662,3
26663,3
26665,3
26667,3
26670,2
26671,7
26672,7
26673,0
26674,3
26675,6
26676,6
26677,2
26678,9
26679,9
26680,3
26681,3
26682,3
26683,3
26684,3
26685,3
26690,7
26691,7
26693,0
26694,4
26695,6
26699,2
26700,2
26701,2
26702,2
26704,5
26707,6
26708,6
26709,6
26710,6
26711,6
26712,6
26713,6
26714,6
26715,6
26716,6
26717,6
26718,6
26719,6
26720,4
26721,4
26722,4
26723,4
26725,4
26726,5
26727,0
26728,3
26729,6
26730,7
26731,0
26732,7
26733,7
26734,3
26735,2
26737,4
26740,0
26741,6
26742,2
26743,2
26748,6
26749,7
26751,2
26752,2
26753,7
26754,7
26757,7
26759,2
26761,2
26762,2
26763,2
26765,2
26766,2
26768,2
26769,0
26771,6
26772,2
26773,4
26775,3
26776,3
26777,3
26778,3
26779,3
26781,6
26782,2
26783,2
26784,2
26785,2
26786,2
26787,7
26788,6
26789,6
26790,0
26791,0
26792,0
26793,2
26795,2
26796,2
26799,6
26802,2
26804,2
26807,0
26809,0
26810,0
26811,0
26812,0
26813,0
26814,0
26815,2
26816,2
26817,2
26818,2
26820,4
26822,7
26825,2
26826,3
26828,7
26829,0
26830,2
26831,5
26832,6
26834,2
26835,2
26837,2
26839,2
26840,2
26842,2
26843,2
26844,2
26845,2
26846,2
26849,2
26850,2
26851,2
26852,2
26853,2
26859,6
26860,6
26861,7
26862,7
26863,7
26864,7
26865,7
26866,7
26867,2
26868,3
26870,7
26871,3
26873,2
26874,2
26876,2
26877,2
26878,4
26879,2
26880,2
26881,2
26882,0
26884,0
26885,7
26886,6
26887,6
26888,6
26890,6
26891,6
26892,6
26893,6
26895,6
26896,6
26898,6
26899,6
26900,6
26901,6
26902,6
26903,6
26904,6
26906,3
26907,3
26908,3
26909,3
26910,3
26911,3
26912,3
26913,3
26914,3
26915,6
26916,4
26917,9
26918,9
26919,9
26920,9
26921,9
26922,9
26923,9
26924,9
26925,9
26926,9
26927,9
26928,9
26929,9
26930,9
26931,9
26932,9
26933,9
26934,9
26935,9
26936,9
26937,9
26938,9
26939,9
26940,9
26941,9
26942,9
26943,9
26944,9
26945,9
26946,9
26947,9
26948,9
26949,9
26950,9
26951,9
26952,9
26953,9
26954,9
26955,9
26956,9
26957,9
26958,9
26959,9
26960,9
26961,9
26962,9
26963,9
26964,9
26965,9
26966,9
26968,2
26969,2
26970,2
26971,2
26972,2
26973,2
26974,2
26975,2
26976,2
26978,2
26979,2
26980,2
26982,2
26983,2
26984,2
26985,2
26987,2
26988,2
26989,2
26990,2
26991,2
26993,2
26994,2
26995,2
26996,2
26997,2
26998,2
27000,2
27001,2
27002,2
27003,6
27004,6
27005,6
27006,2
27007,0
27008,2
27009,4
27011,2
27013,7
27014,6
27015,4
27016,4
27017,0
27019,7
27020,7
27021,7
27022,9
27023,9
27025,2
27026,7
27027,7
27028,3
27030,0
27032,0
27033,6
27034,7
27035,0
27036,2
27037,0
27038,7
27039,3
27040,0
27041,3
27043,3
27044,3
27045,7
27046,3
27047,2
27048,0
27049,6
27051,6
27052,2
27053,6
27054,2
27056,7
27058,7
27059,0
27061,3
27062,1
27063,1
27064,1
27065,1
27066,1
27067,1
27068,1
27069,1
27070,1
27071,1
27072,1
27073,1
27074,4
27075,2
27076,2
27077,2
27078,0
27079,0
27080,0
27082,0
27083,0
27084,7
27085,2
27093,0
27094,2
27095,0
27097,0
27098,0
27099,0
27100,0
27101,0
27102,0
27103,0
27104,0
27108,5
27109,5
27110,5
27113,0
27114,0
27115,0
27116,2
27117,2
27120,3
27122,0
27126,0
27127,2
27128,3
27133,0
27138,0
27144,0
27145,0
27149,5
27150,7
27155,6
27168,3
27171,2
27173,0
27177,7
27182,7
27183,7
27184,7
27185,7
27188,2
27189,2
27190,2
27191,2
27192,2
27193,2
27194,2
27196,4
27197,2
27198,2
27199,7
27201,0
27202,0
27203,0
27204,0
27205,0
27208,0
27210,1
27211,4
27213,4
27214,3
27215,7
27216,7
27217,3
27218,2
27219,2
27220,2
27221,2
27222,2
27226,3
27228,3
27229,3
27231,3
27232,3
27233,3
27234,3
27235,0
27236,0
27237,3
27238,3
27239,3
27240,3
27241,3
27242,3
27243,3
27244,3
27245,3
27246,3
27247,3
27248,3
27249,3
27250,3
27251,3
27252,3
27253,3
27254,3
27255,3
27256,3
27257,3
27258,3
27259,3
27260,3
27261,3
27262,3
27263,3
27264,3
27265,3
27266,6
27268,3
27269,9
27270,9
27271,9
27272,9
27273,9
27274,2
27275,2
27276,3
27277,3
27278,3
27279,3
27280,3
27281,3
27282,3
27283,3
27284,3
27285,3
27286,3
27287,3
27288,3
27289,3
27290,3
27291,3
27292,3
27293,3
27294,5
