vertex,pagerank
21986,0.002408345
8009,0.0016882535
2238,0.0015501431
1064,0.0015460075
67,0.0011594243
2756,0.0012125842
5876,0.0011888565
9808,0.0016327343
23493,0.0013850912
8,0.0011051389
68,0.0010840069
8058,0.0033001231
7911,0.0019997435
109,0.00094708044
20944,0.0009182012
729,0.0009825426
17,0.0013565785
23492,0.0009544965
1969,0.0032028866
129,0.00091674883
5663,0.0012096629
433,0.0010275316
732,0.00094023574
8722,0.00096013525
422,0.00076909875
667,0.0011624449
23504,0.0008083723
4145,0.0007517326
4232,0.0014473143
3347,0.000766586
14033,0.00076156645
10755,0.00073221413
23508,0.00081382727
23536,0.00077090715
8752,0.00068157195
8824,0.00070410874
8129,0.0012754577
100,0.0008083835
18819,0.0006698704
23491,0.00066641567
2820,0.0010086183
6289,0.00060022593
23502,0.0006396419
151,0.0006963024
3700,0.0006342187
7905,0.0006719485
8292,0.00058178505
798,0.0009485731
509,0.0006530927
15683,0.00056984933
146,0.004223974
458,0.0007081735
388,0.0007042724
1056,0.00057722593
2843,0.00053148344
23510,0.0006270421
299,0.0005962909
2921,0.0005917808
273,0.0018732912
4277,0.0005434946
5730,0.0005325051
4858,0.0005614463
551,0.00058843446
549,0.0005152493
2684,0.000617167
21073,0.0005253327
6092,0.0005209822
12101,0.00060347776
11206,0.0005431804
4629,0.00054451515
2761,0.00054834824
3810,0.00061836524
23,0.00058391894
71,0.0008454982
760,0.00057607493
19807,0.0005585688
74,0.0005354151
4720,0.00048723636
4229,0.0005467305
3406,0.00056794006
216,0.0005590895
426,0.0005240017
8411,0.0004889141
9567,0.00050807104
2818,0.00049250416
6986,0.00050845626
6453,0.00062988634
1670,0.00054307556
3239,0.00045611433
5948,0.0004565181
39,0.00050685107
937,0.00048166662
309,0.0005043644
1459,0.00050443504
203,0.0005087673
276,0.00051203347
4380,0.00043491102
3817,0.0004681129
658,0.00047263026
3505,0.0004641558
2306,0.0010432684
2796,0.0005051172
4829,0.00046833727
199,0.00047210758
8698,0.0004134355
23503,0.0005184337
11318,0.00046576862
2145,0.00043184045
3120,0.000481524
8265,0.00044416852
3858,0.000497182
4716,0.0004554141
797,0.00046038424
21041,0.0004017291
60,0.0004713396
2716,0.0007134377
3326,0.0004008054
23631,0.0004671741
3797,0.00038896612
3618,0.00040476627
7048,0.00042696018
3670,0.0004037684
2789,0.00044701376
4178,0.0003870982
5101,0.00042806094
3863,0.00039931972
1390,0.00044152568
3085,0.00042550574
3189,0.0003792384
772,0.00043274026
2852,0.00043094112
3438,0.00036513305
8243,0.00040039176
23507,0.0004468616
54,0.00045344565
8506,0.00036637578
1531,0.00039426022
477,0.00037489028
5050,0.00039294665
180,0.00037633505
13958,0.0003651184
875,0.00037500044
2630,0.00038972794
8193,0.0004486895
3641,0.00038986088
24307,0.00041007862
345,0.00037606095
3989,0.0004889717
8815,0.00037742272
7069,0.0003575487
236,0.0003720506
7,0.00038329704
1509,0.00039892425
1798,0.0004263376
859,0.00035438134
774,0.00045424502
2799,0.0003721106
2559,0.000368291
807,0.00035201487
3679,0.00035657047
9037,0.0003589487
352,0.0003385954
3664,0.00041733333
8636,0.0003200934
1005,0.00035240885
3383,0.00035367702
6904,0.00032370535
23498,0.00035895844
23509,0.00035262076
736,0.00039763027
3300,0.00034563034
961,0.00035172136
842,0.0003270338
8355,0.0003262831
3125,0.00032453873
1394,0.000520485
496,0.00031196076
8128,0.0003422934
1792,0.00033868197
968,0.0003420959
3579,0.00033860252
6827,0.00033535244
908,0.00038959796
177,0.0003305034
3657,0.00034425058
3843,0.00036136646
19612,0.00035328977
2782,0.00037721446
910,0.0003742257
2936,0.00032261672
2510,0.0003559938
308,0.00033304287
1720,0.00031990785
3628,0.0003311387
2866,0.00034429255
5685,0.00031854943
2949,0.0005591806
3895,0.0005568367
1552,0.00033200206
3783,0.00035781547
1408,0.00034343143
2836,0.00030148876
4659,0.00032789225
14926,0.00031823595
23497,0.0003461954
3788,0.00030104187
6273,0.0003017799
8264,0.00028858363
501,0.000385916
6201,0.000302132
3637,0.00028768458
77,0.00034759735
816,0.0003763255
5195,0.0003151925
8574,0.00031134812
2955,0.00031756444
7880,0.00029996052
3496,0.00030615224
1049,0.00028438558
1490,0.00030509045
182,0.00029157207
3514,0.0002840829
21961,0.0002896082
291,0.00029671565
4992,0.00035574503
245,0.00028390053
3681,0.00027797787
880,0.00029919765
2616,0.00032629605
3811,0.00031053543
7254,0.00038770124
5888,0.00028070077
23499,0.00031202252
23501,0.00032334053
954,0.00041146897
2394,0.0002952527
3206,0.00026950354
5743,0.0006475523
122,0.00029987394
5280,0.00031622546
29,0.00035079132
5319,0.00029805617
3913,0.00031538808
3740,0.00077761407
2891,0.00026567123
3813,0.00030458177
5049,0.00031738088
5858,0.00040361757
23500,0.00030895756
2244,0.0002785421
82,0.00029726053
2801,0.00028543975
6378,0.00029272644
1011,0.00033166868
440,0.00030554825
2745,0.0003131816
5010,0.0002995789
6712,0.00026924323
4424,0.00028856375
1648,0.00031505615
3202,0.00028299302
5689,0.00026093828
9566,0.00032794496
1016,0.0002747564
6473,0.00028269627
11972,0.00030389312
2733,0.00032692752
3387,0.0003064648
5843,0.00025940593
6647,0.00028912234
1363,0.00030405118
3323,0.0003228834
3948,0.00030099758
2272,0.00034353195
8065,0.00025108914
343,0.00027173577
356,0.00028110866
1115,0.00031948875
3483,0.00040123274
3007,0.0022903106
4359,0.00026784395
2273,0.00040670682
3161,0.00026536774
934,0.00026868185
145,0.0002859921
293,0.00029937818
423,0.00033632852
169,0.00046503928
3999,0.00027840558
8931,0.0002479079
2157,0.00024737415
23511,0.0002792017
5231,0.0002923535
4283,0.00028619304
1362,0.00027850355
6390,0.00026913232
1638,0.00027365313
3834,0.0002694825
9616,0.00025892933
1917,0.00030972558
3123,0.00026385326
13997,0.00025371008
2819,0.00025712873
9431,0.00025332026
9946,0.0002708384
1987,0.00025294124
9270,0.00026623605
9324,0.00027135765
17727,0.00030009955
5033,0.00027465742
9641,0.0002873091
11809,0.00025988894
3736,0.0003036289
3268,0.00024747854
773,0.00025584904
8992,0.0002466585
3329,0.00028907333
9894,0.00023592709
2297,0.00024719222
5192,0.0002516903
11385,0.0002530395
111,0.00027369463
4054,0.00023957403
3188,0.00028493395
5612,0.00024682828
3184,0.00027017354
5925,0.00023636242
3057,0.00023600418
530,0.0002712895
1649,0.00024637202
3040,0.00027380488
3118,0.00023585137
2152,0.0003423617
6337,0.000282861
5351,0.00025900675
3222,0.0002525302
8173,0.00025521484
23512,0.0002716667
3930,0.00024629524
720,0.0002656884
2841,0.000247982
3645,0.00024585123
11548,0.00023155348
3012,0.00023863856
4487,0.00025432755
23494,0.00029635802
3815,0.00030962075
9637,0.00022880078
1577,0.00025673668
2428,0.00024264398
5302,0.00023674479
434,0.00025425514
560,0.00025664148
2283,0.00026155153
2193,0.00024103565
2965,0.0002717515
4769,0.0002463057
3024,0.00024687347
3929,0.00024987824
217,0.00023519382
5130,0.00023520131
18512,0.0002455391
5898,0.00023561469
911,0.00027742583
11172,0.00022989788
7978,0.00023953013
23506,0.00029501508
597,0.00022282498
133,0.00026183476
6547,0.00024070824
1361,0.00025800374
2369,0.00022473265
4124,0.00025601313
5717,0.00027265964
7258,0.00025274957
6086,0.00023294205
8700,0.00022241416
3264,0.00024007409
4695,0.00023216459
476,0.000235927
502,0.00023075027
3982,0.00024600298
5803,0.00024971168
8360,0.00022445476
6583,0.00022993615
3684,0.00023250542
5519,0.00021693327
1057,0.00023654701
4820,0.00023635132
10038,0.00023352134
3167,0.00021317451
7682,0.000293295
2822,0.00023502705
10531,0.00021012759
12178,0.00022418177
3751,0.00023046389
5671,0.00022575629
7265,0.00024119424
2899,0.00022627284
5032,0.0002420515
2898,0.00023062387
5956,0.00023173686
6119,0.0002631885
8164,0.00021783313
2981,0.00022506865
787,0.00031577586
2189,0.00022731113
4185,0.00021900432
4986,0.00023170009
23505,0.00023308481
607,0.00022852057
1745,0.00021977621
2880,0.00021939375
3296,0.00022115136
5915,0.00022794653
446,0.0002191781
645,0.00023447686
4675,0.00023705933
3424,0.00025615556
3777,0.0002716249
2815,0.00021235818
15806,0.00030923283
8683,0.00022232195
1501,0.0003191753
3466,0.00022603055
8792,0.00023028173
3219,0.00023530275
9639,0.00022789558
11038,0.00021831476
1404,0.00029617423
7814,0.00022465092
6751,0.0006188804
7472,0.00020759617
3489,0.00021064116
3535,0.00021411451
5605,0.0002047766
5954,0.00024888592
3472,0.00022486383
5187,0.00021250675
8180,0.00023050689
10548,0.00020847138
615,0.00022862414
7259,0.00022848975
22022,0.00022103064
2845,0.00021083534
6532,0.00022196164
2408,0.0002205053
2642,0.00022164253
5300,0.00021771743
11681,0.0002249786
427,0.00027149104
8410,0.0002153269
3231,0.00020379604
3156,0.00022777909
13888,0.00021455088
1012,0.00022379166
1299,0.00039772212
2442,0.00023186693
475,0.00021963828
1445,0.00022659118
9620,0.00019575724
83,0.00025947072
9,0.00023157832
154,0.00023169347
445,0.00021606394
2339,0.00020056234
2830,0.00022372899
10406,0.0001946991
1831,0.00024930705
6829,0.000290624
11126,0.00020806544
118,0.0002512252
627,0.00025971542
10063,0.00020348014
752,0.00024483394
238,0.00021871515
5630,0.00021261236
5591,0.00020720236
5690,0.00020017955
3020,0.00025870523
3980,0.00018969858
4300,0.00020000228
24849,0.00019848034
3004,0.0003132638
4137,0.00021129455
4370,0.00020298295
4920,0.00020301701
8620,0.000241982
13134,0.00020724078
255,0.00020648554
389,0.0002097718
1524,0.00022789383
2906,0.00021010514
9713,0.00020742406
2821,0.00021536389
1425,0.00019700037
2216,0.00020309804
8282,0.00019556808
6724,0.00021866945
2202,0.00019330265
3338,0.00019105896
3912,0.00021850193
6280,0.00022010534
10303,0.00018879563
3289,0.00020551449
3422,0.00019105108
5197,0.00021678102
1950,0.00018761838
3764,0.0002275698
3144,0.00019176427
4801,0.00019052319
1876,0.00020551973
2979,0.00019564127
107,0.0002433424
3232,0.00021273858
3946,0.00022378017
4518,0.00021798545
8160,0.00021317675
187,0.00020499609
266,0.00020784326
3559,0.00019221244
5535,0.00019381504
8599,0.00023263547
14341,0.00021589108
8575,0.00020021433
1858,0.00021351724
3827,0.00020583166
5639,0.00018520429
15597,0.00019438521
23533,0.0001971659
3662,0.00019447508
727,0.0002534376
3485,0.00019666215
1647,0.00021185828
19551,0.00023164244
337,0.0002008487
3475,0.0001863429
4111,0.0001882735
8274,0.00019041944
747,0.00021614254
1689,0.00020709579
3758,0.00021438429
2998,0.00019450867
6152,0.00022569182
3638,0.00018331216
4418,0.00020776753
5003,0.0002151615
9026,0.00030059597
10472,0.00026225517
548,0.00022951339
7815,0.00019518191
857,0.00018275567
1381,0.00022458076
2894,0.00018670206
5798,0.00019524983
6830,0.00020199938
1753,0.00020102314
3238,0.0002054001
685,0.0002020641
3784,0.00019882836
2903,0.00018271821
9750,0.00020255632
10013,0.00019480354
3070,0.00020683053
5601,0.00018670436
119,0.00019674093
3707,0.00020509305
3779,0.00020799408
2028,0.00022399284
2824,0.00019931511
4008,0.00020036979
4298,0.00019445048
4039,0.00018692734
9689,0.00018146617
89,0.00031205884
3585,0.00019385965
3636,0.00017939215
2946,0.00019287188
3698,0.00019181558
10002,0.00018255532
10375,0.00018211448
2937,0.00019914733
2974,0.00019215606
192,0.00022977957
1756,0.00021412142
2076,0.00019905632
3288,0.00019118558
8461,0.00018922219
9674,0.00019350971
214,0.00023824972
2840,0.00020870406
3987,0.00019307334
869,0.00019109427
4903,0.00019467599
8537,0.00021025472
181,0.00022399609
210,0.00021129366
626,0.00020287029
7689,0.00018290816
9680,0.0001941426
4393,0.00017600963
2710,0.00019177004
6235,0.00018297197
15615,0.00018867539
371,0.00018424532
2833,0.00018440933
3543,0.00017627355
3653,0.00018055465
664,0.00020996117
159,0.00022858087
449,0.00023394015
4879,0.000192801
12709,0.00018390917
13437,0.00022523382
666,0.00019054042
3256,0.00018398915
3299,0.00017297539
6639,0.0001955172
731,0.00019798573
2654,0.00018587765
4048,0.00018957542
3924,0.00021873973
5897,0.00017874865
7074,0.00019204257
883,0.00017951077
3065,0.00020303477
10060,0.0001896327
6889,0.0002450149
8487,0.0001786194
9287,0.00019405066
4389,0.00017398165
9591,0.0001825203
11322,0.0001835463
3033,0.00022619774
3608,0.0001752156
3642,0.00018096258
3909,0.00018000061
8717,0.00018187982
614,0.00022266363
953,0.00019241273
340,0.00021995744
1017,0.00024577838
1549,0.00018549484
5772,0.00020140488
6424,0.00018587153
718,0.00017684043
1772,0.00021494899
2932,0.00016803735
4292,0.00018618342
8246,0.00021195694
12048,0.00018034995
225,0.00020239038
5366,0.00018443554
7064,0.00017437749
1949,0.0001792383
4498,0.00019215507
5602,0.0001812518
10376,0.00016982478
10121,0.00017450505
354,0.00018544265
1466,0.00020090901
5146,0.000195014
11112,0.00017990495
713,0.00026898156
6533,0.00018807381
289,0.00018198928
357,0.00019537914
819,0.00016724858
3017,0.00017821108
8919,0.00016723489
1586,0.00018424804
62,0.00018014488
437,0.00018370351
6987,0.00017872792
9738,0.00022506202
2186,0.00017673902
3516,0.00017126574
7245,0.00019142496
2183,0.00022503774
11111,0.00019373823
11975,0.00017059525
24690,0.00018448546
306,0.000177054
5629,0.0001666625
464,0.00016580825
2835,0.00017771749
3990,0.0002097911
5613,0.00015909996
6369,0.00018851328
7708,0.00016887933
212,0.00018658498
413,0.0001935746
1913,0.00018095103
4586,0.00019370564
8570,0.00016853496
130,0.00019123776
405,0.00018400303
5713,0.00017070945
9688,0.00016208914
12656,0.00016509488
26,0.00019595692
2025,0.00017048277
3396,0.00017823256
4468,0.00020437578
24861,0.00016700779
5299,0.00019975429
6570,0.00018026227
10078,0.000176438
1972,0.0002102308
3439,0.00018571157
3461,0.00018572167
5961,0.00016211104
14012,0.00017869231
689,0.00018587708
5337,0.00018605549
13252,0.00017348415
583,0.0002013055
281,0.00016254708
3037,0.00018760364
3598,0.00018570287
10484,0.00016723052
158,0.00021209635
2814,0.0001764528
3143,0.00018318002
4666,0.00016273014
5356,0.00016995338
6115,0.00018516477
256,0.00017350176
474,0.00019766302
6185,0.00016974472
15684,0.00016901069
599,0.00019606603
1766,0.00017109934
1922,0.00017959783
2327,0.00019958909
2695,0.0001785596
3694,0.0001739003
8517,0.00016126625
22010,0.00017065456
1966,0.00020178116
3499,0.00017137759
3939,0.00018040191
5394,0.00016081482
6871,0.00016833098
1816,0.00017975815
11031,0.0001593978
970,0.00017555994
2767,0.0002054465
3807,0.00021847693
10772,0.00015690376
2378,0.00016254683
3176,0.00019177221
4036,0.00019646983
3080,0.00016350049
4525,0.00017677738
8076,0.00016608476
16392,0.00022137938
5887,0.00018422146
98,0.00018783627
1454,0.00023538523
1786,0.00019196808
1846,0.00018687418
5158,0.00016566386
6157,0.00016013929
1533,0.00022010175
2122,0.0002012861
2250,0.00015767684
3805,0.00017384466
7723,0.00016210698
9438,0.000171405
190,0.0001662682
6781,0.00017158703
21698,0.0001841592
500,0.00019901645
2027,0.00015779794
2114,0.00017805112
4758,0.00017321328
15281,0.00017825239
962,0.00018680375
1600,0.00016037721
8179,0.00016758555
1951,0.00016493216
3083,0.00017154047
6159,0.00017464884
9302,0.00021587385
3273,0.0001513706
12216,0.0001565135
213,0.00016685412
2266,0.00017088429
4105,0.00016929937
4191,0.00015666567
88,0.0002320771
10050,0.00016949442
12464,0.00018559079
2666,0.00016050437
2856,0.00016496278
3022,0.00016200254
3633,0.00017667099
3508,0.00015047993
10247,0.00015784678
2493,0.00017304739
701,0.00015923101
2755,0.00019286113
3242,0.000151582
383,0.00015457184
7721,0.00016086643
2221,0.00016533589
3049,0.00015946163
3655,0.00017800665
4942,0.00016251713
6527,0.00015990378
7144,0.00016707914
12921,0.00014796999
1662,0.0001741572
4186,0.00015185933
11689,0.00016214658
11823,0.0001605559
20239,0.00015983614
179,0.00015938064
620,0.0001547758
1813,0.00014893478
8279,0.00015302768
14431,0.00015952504
3270,0.00015160833
9051,0.0001542031
10255,0.00015031986
13130,0.0001648076
866,0.0001482834
3281,0.0001531804
1391,0.00016533736
7175,0.00019578316
5580,0.00014927055
10951,0.00017705717
2797,0.00018131977
3479,0.00015885022
5183,0.00017796383
8725,0.0001615027
9993,0.00017550064
385,0.00015152956
1119,0.00016674891
4910,0.00015983553
8199,0.00014778828
1030,0.00025118145
3325,0.00015915977
4062,0.00025406966
10313,0.0001491348
809,0.0001575412
3423,0.00017088451
5793,0.00019944322
17224,0.0001478998
1948,0.00015258309
8443,0.00014510592
11190,0.00016739612
30,0.0001572444
2367,0.00014569613
3697,0.00015831666
3837,0.00016599963
5440,0.00018680963
12425,0.00015423878
18956,0.00015620164
2348,0.00015667871
3972,0.00016314264
5700,0.00014708299
2365,0.00015289642
3180,0.0001452823
3330,0.00016662994
3824,0.00015403569
10049,0.00014834307
745,0.00016516476
2055,0.00016106448
3408,0.00015207667
4983,0.00016446761
11708,0.00015686694
16395,0.00020405528
737,0.00016361533
2324,0.00014712938
3088,0.00015662433
4205,0.0001576288
3767,0.00016152591
6626,0.00016314174
2884,0.00015109009
10428,0.00018411785
3333,0.00015660223
4454,0.00014781224
258,0.00018323689
4297,0.00017498742
13618,0.00014649113
193,0.00030298156
817,0.000167447
2656,0.00015288641
2862,0.00015077236
3011,0.00014458556
3510,0.00014921388
4610,0.00016811371
5331,0.00015397233
8492,0.00015234272
11098,0.00014000235
12778,0.00014036949
3343,0.00015923844
743,0.00017302566
3648,0.00015511904
8997,0.00017070064
10287,0.0001389509
13065,0.00021902271
1357,0.00014625397
2205,0.00015071472
8231,0.00014560658
8956,0.00014356532
10256,0.00014599731
15439,0.00015042175
1092,0.00015032574
1452,0.00015497342
1711,0.00020357771
1872,0.0001380475
3327,0.00014732464
3836,0.00018103233
8373,0.00015227834
459,0.00016295395
3136,0.00015267154
3588,0.00015674968
4345,0.00017714588
3594,0.00014542561
4087,0.00015334605
17249,0.00015647942
215,0.00015773125
828,0.00014618567
7720,0.00015878308
208,0.000146264
3361,0.00014587698
4731,0.00016135362
14427,0.0001508292
131,0.00014313386
1682,0.00015648897
2120,0.00016688896
2865,0.00017375586
7016,0.00014709138
14307,0.00014886238
1431,0.00018232457
2568,0.00015045327
2945,0.0001610261
4509,0.00015089258
5087,0.00014957745
8035,0.00016177994
15668,0.00014532445
19444,0.0015505052
70,0.00014869744
300,0.00018384133
8892,0.000155911
9010,0.00017931826
4343,0.00019631574
5720,0.00014771975
6055,0.00015940682
9300,0.0001416638
9570,0.00014361496
13289,0.00013958543
15895,0.0001617916
8387,0.00015330089
8462,0.00016354417
8512,0.00016052635
15542,0.00015203026
824,0.00014315726
3342,0.00016450085
3470,0.00016596199
7569,0.00015810563
504,0.00020099341
1580,0.00018440909
2876,0.00015237971
11891,0.00016616608
14351,0.00014828722
534,0.00014562195
702,0.00014095654
2963,0.00014141276
5588,0.00015194778
8712,0.00014348153
4994,0.00014592102
8757,0.00015047146
15501,0.00014466641
16657,0.00014106385
94,0.00016438431
2956,0.00014415123
3350,0.00015160843
3498,0.00014237575
3625,0.0001833482
3671,0.00014340108
5552,0.00015155185
8586,0.00015603314
3709,0.00015104425
4391,0.00015192322
2226,0.00014250296
5868,0.0001417401
10571,0.00013922469
12036,0.00014672324
851,0.0001699277
2929,0.00014577976
3741,0.0001647303
5637,0.00014054828
24867,0.0001602554
125,0.00014920923
1456,0.00020737172
3107,0.00014400107
7736,0.0001350262
10420,0.00014263854
647,0.00014227575
822,0.0001541903
3341,0.00013613599
3181,0.00015221731
3593,0.00014922755
8375,0.00014888264
8502,0.00014510937
211,0.00014455192
974,0.00013767908
1701,0.0001460021
6383,0.00015563838
7696,0.00013009069
8674,0.00015341006
9052,0.00013541442
10530,0.00013136992
2798,0.00015061369
2825,0.00016580598
2923,0.00014417067
3427,0.00013230603
3973,0.00014625143
4683,0.00014707303
124,0.00014755521
227,0.00015398563
348,0.00014911543
703,0.0001366683
1906,0.00014585338
2837,0.00014549827
3531,0.0001368211
3649,0.0001437658
9039,0.00015339213
4618,0.00014368726
515,0.0002952852
1881,0.00015191703
3841,0.00016601567
4003,0.00017106227
4009,0.00014225494
11709,0.0001521434
12366,0.000137001
16538,0.00013389668
156,0.00016518158
3520,0.00013533814
16,0.00015171123
141,0.00014565072
766,0.00015104646
1801,0.00014383442
2262,0.00017150588
2982,0.00014199592
4600,0.0001628767
5156,0.00014762158
6677,0.00014220207
10044,0.00014480886
3597,0.00013373145
3651,0.00015580593
5312,0.00013791934
10647,0.0001467129
86,0.0001491535
137,0.00015271164
1353,0.00014271423
2474,0.00013175658
2703,0.00015693516
2990,0.00014068051
9691,0.00014408697
1505,0.0001429333
3336,0.00013448372
5047,0.0001444981
9015,0.00013491485
2681,0.00017503143
2996,0.00013938971
3357,0.00014017746
3467,0.00013610942
3832,0.0001655398
4353,0.00015556929
5200,0.00014061542
8713,0.00014760694
9101,0.0001605141
2056,0.00013334908
2346,0.00012542318
2872,0.00012672518
9044,0.00014741164
58,0.00016908371
1494,0.00017576411
3708,0.00015768428
7741,0.00019804857
8437,0.00013046584
10341,0.00013771695
15302,0.00015800915
1142,0.00019887178
2115,0.00012896818
4373,0.00016319341
17946,0.00014713581
674,0.00013639552
2957,0.00013764278
3002,0.0001404995
3449,0.00013072211
5354,0.00012550264
10343,0.00012995402
432,0.0001508446
3127,0.00012965065
3460,0.00013174172
3582,0.00015193984
5372,0.0001437784
8367,0.00013250276
10006,0.00013647325
20327,0.00013356001
1936,0.00013880839
3647,0.00013814078
3796,0.00016179832
6229,0.00013869733
8600,0.00012846154
9748,0.00012682204
10000,0.00015341323
10216,0.00013747264
10355,0.00012583341
498,0.00016302211
13406,0.00013171398
97,0.00016693304
139,0.00015788598
714,0.00016042961
985,0.00015731616
4098,0.00013232676
4934,0.00014086356
2108,0.00013804605
3565,0.00013202008
8714,0.00012676326
769,0.00014185705
2377,0.0001464042
3149,0.0001531518
3417,0.0001461686
3812,0.00013516797
4701,0.0001821586
5201,0.00015616976
6894,0.0001705944
8429,0.00013443097
8805,0.00012757759
13892,0.00013634968
18352,0.0001393401
592,0.000151568
1820,0.00014111827
3097,0.00015201983
3749,0.000160996
6760,0.00021330584
7937,0.00013383722
11832,0.00015932317
303,0.0001533523
4038,0.00015138256
9932,0.00012688304
2717,0.00013839357
2764,0.00014524994
3334,0.00013400427
3870,0.00019262623
5030,0.00017740973
8490,0.00012809457
11105,0.0001407417
659,0.00014677442
1460,0.00016272227
3584,0.0001345679
14325,0.00014773388
1882,0.00013580796
2132,0.00012562805
2209,0.00012253331
4869,0.00014207874
9745,0.00012509066
3087,0.00013310698
4437,0.00012976979
5937,0.00013265423
7715,0.00014523396
12659,0.00013116171
1610,0.00022421546
1908,0.00013636638
3183,0.00012253282
4375,0.00012998613
418,0.00016362348
532,0.0001359068
3497,0.00012934886
8167,0.00015661817
13303,0.0001347067
788,0.0001899655
2934,0.00012609115
3380,0.00013351178
3634,0.00014130866
3699,0.00012688615
4223,0.00013853304
7760,0.000128466
18928,0.00013585191
372,0.00012387765
3305,0.00013526116
3952,0.00014265504
4593,0.00014371779
6851,0.00012174028
682,0.00013643493
6186,0.00013981407
6522,0.00018004158
186,0.00015622698
420,0.00015966245
840,0.00013179699
907,0.00013507032
1499,0.0001439189
2802,0.00014346318
2854,0.00013733725
2968,0.00012111617
4628,0.00013968651
5352,0.00013273236
8396,0.00014444435
9592,0.00012764936
10383,0.00012089049
11163,0.00012911363
23495,0.0001713791
55,0.0001533988
2857,0.00014269345
2868,0.00013702852
3577,0.00012244977
3604,0.00013309345
3820,0.00014698408
3902,0.00013793359
4284,0.00014358753
6137,0.0001299178
9486,0.00012808476
686,0.00013481817
3558,0.00013703018
3609,0.0001284794
10478,0.00012185201
15742,0.00012417269
6368,0.00015840994
11998,0.00012950119
2366,0.00014154869
2823,0.0001386111
2848,0.00013119786
5478,0.00012989382
36,0.00013883825
632,0.00012938582
2492,0.00013692705
6804,0.00013447981
17268,0.00014615624
1903,0.00014649995
2783,0.00014474576
3001,0.00012433581
3192,0.00012573
3560,0.000125797
7965,0.00013938479
23698,0.00017397018
174,0.00013207924
220,0.00013710135
1061,0.00012741415
2069,0.00015320629
2264,0.0001305376
8082,0.00013734498
8729,0.0001271758
8811,0.00012997072
12439,0.00012872985
505,0.00012557354
554,0.00012958905
561,0.00012445915
5483,0.00012939612
5864,0.00013196455
6215,0.00015053694
581,0.00014477146
641,0.00017560789
3224,0.00011745584
4517,0.00016164701
7047,0.00013507115
15511,0.000121127334
466,0.0006116005
694,0.00013292144
2062,0.00020439504
3069,0.0001314937
5531,0.000131081
8283,0.00014480847
10046,0.00012533633
4562,0.00013104641
10284,0.00013088471
3005,0.00011743808
3229,0.00011384397
3459,0.00013373164
3658,0.0001521823
9947,0.00011853772
13223,0.00012929601
1664,0.00012777747
1754,0.00019557017
2263,0.00011838073
3591,0.00012028782
4425,0.0001274862
5551,0.000116476745
6890,0.00017307422
660,0.00015128087
672,0.000128193
2888,0.00014980172
3105,0.00013186062
3850,0.0001270363
7169,0.00013258314
8719,0.00012122996
9724,0.00015106585
9957,0.00013203608
10030,0.00014098395
10220,0.00012656946
11245,0.00012843887
9733,0.00012161339
10721,0.0001297277
335,0.00014543027
529,0.00013150128
623,0.00014631919
2154,0.0001397931
2859,0.00012727479
2864,0.00011769991
3207,0.00012219293
3739,0.00014458246
8573,0.00011797583
11706,0.00012435528
2439,0.000119244585
3237,0.00013427157
3416,0.00013378686
5317,0.00011716657
6234,0.00013960327
9396,0.00012715548
9743,0.00012143615
799,0.00016194239
1716,0.00013291242
1985,0.0001338486
4719,0.00011552946
6523,0.0001246263
8528,0.000117065356
50,0.00013392488
2535,0.0001519754
3226,0.00011564387
3312,0.00012623236
4386,0.00014118373
6452,0.00012905497
8896,0.00013710203
10039,0.0001443082
11174,0.00015048444
14025,0.00012498758
478,0.0001323367
790,0.00012741037
2313,0.0001224415
3170,0.00011163359
3411,0.000121514524
5463,0.000119107746
114,0.00011950634
384,0.000114566246
2032,0.0001403685
4922,0.000117672294
9514,0.00012300881
12586,0.000120315875
870,0.000120219884
1349,0.00013243774
2390,0.000117625255
3587,0.00011944801
4460,0.00013521212
4622,0.00013787852
5837,0.00012931955
9050,0.00012102697
10340,0.00012338278
12658,0.000119256874
1804,0.00013875632
3563,0.000118848126
5369,0.00012163668
5894,0.00012199236
8423,0.000118345786
8794,0.00011778982
2187,0.00011324481
2931,0.000109990404
4104,0.00012006363
4884,0.00013484895
7037,0.000119479155
8036,0.0001161063
8332,0.00012082773
8407,0.0001235937
8728,0.0001305542
13435,0.0001199574
41,0.00012245963
495,0.0001337888
1090,0.00012825958
1914,0.00013799735
2621,0.00011379288
3092,0.000119620905
3596,0.00013520365
16918,0.00012497904
1900,0.00012198183
9690,0.00011279041
1556,0.00013047866
3009,0.00012478486
4851,0.00012695452
6765,0.00012421727
8280,0.000115618874
10286,0.00012388811
17130,0.00012728463
18065,0.00011340508
656,0.00011905082
899,0.0001259442
900,0.00012715871
3528,0.0001190244
3592,0.00012316374
11406,0.00011984287
1737,0.00014734623
1955,0.00014761207
5398,0.000132216
12027,0.00011581615
5266,0.0001218744
5423,0.00011855962
6236,0.00012068053
8291,0.00012819
11896,0.00014243224
12007,0.000126436
12124,0.0001299695
12708,0.00014161026
261,0.000121056546
748,0.0001544384
2817,0.0001244841
2999,0.00012029221
3382,0.00012397261
1065,0.00011852979
1699,0.00012674602
1741,0.0001268576
3043,0.0001305681
4445,0.00014291928
13976,0.00012755503
2520,0.00016043414
3162,0.00011725006
4540,0.00012218731
8288,0.00011234542
135,0.00012880829
3435,0.0001135801
4184,0.00015609068
4634,0.00013447467
5433,0.00012497995
8393,0.000112969385
8469,0.0001162484
9099,0.0001221461
10929,0.00013025056
239,0.000120210665
2838,0.00012882268
3074,0.000115173265
20445,0.00013386697
24122,0.00012451975
57,0.00013449941
178,0.00011788812
730,0.00014443081
849,0.00013627115
2944,0.00011643672
3554,0.00012401832
5863,0.00011408754
6440,0.000120591096
1775,0.00012103826
3095,0.00012283422
3186,0.00011607415
3504,0.00012585531
5512,0.0001088351
5625,0.000117596064
6793,0.00012250186
11108,0.00011295416
11914,0.000116524294
18645,0.0001203369
3601,0.00011009561
3704,0.00012165695
5097,0.00013533844
7527,0.00012135829
14200,0.000118818454
15963,0.00014170018
17090,0.0001197457
1366,0.00012379818
1764,0.00012289314
2083,0.00012473717
2459,0.000117225885
2952,0.00010946949
7356,0.00013428659
8964,0.00010670761
10910,0.00011693896
470,0.00012796969
1765,0.00014060317
3349,0.000104784645
5310,0.00011816877
5418,0.00011446155
8655,0.00011469776
10960,0.00012104352
11228,0.0001292142
11807,0.00012648715
196,0.00017481338
793,0.0001241766
2997,0.0001120614
6505,0.00011180948
6899,0.00022076053
8707,0.00010771401
10894,0.00012070062
11755,0.0001248839
16396,0.00015822914
136,0.00016888144
205,0.0001243031
4002,0.00011372622
10505,0.000115858755
13800,0.00015955916
726,0.00012564243
1438,0.00013254069
5339,0.00012481796
10211,0.00011403044
20149,0.00011968323
2689,0.00011181623
4088,0.00011584934
4204,0.00010888747
5764,0.00012402155
7080,0.00011877787
11089,0.0001268498
2588,0.000107799366
4823,0.00011512123
9475,0.00011393908
10337,0.00010880527
10549,0.00011869961
12481,0.000116434814
945,0.000114267925
973,0.00011403441
2985,0.000118107244
3068,0.00011676921
3521,0.00011841979
6839,0.00010938723
7653,0.00011435004
8519,0.00011657215
13368,0.00011867128
13887,0.00011838459
15040,0.0001033862
19413,0.00010724975
1417,0.0001121153
1525,0.00012415274
2107,0.000113025526
3566,0.00011254703
4161,0.00010613374
7515,0.000112094545
12211,0.00011114849
12555,0.000103710496
110,0.000109139466
803,0.00020161991
1850,0.00012901661
2206,0.00013052087
3650,0.000119728946
8501,0.000116318726
1387,0.00014623349
1688,0.00011509772
3362,0.00013422806
17765,0.00010218003
23136,0.00011338855
734,0.00011292921
1886,0.00017172482
2601,0.00010538659
7737,0.00010781508
16347,0.00010728641
1594,0.00012201507
3031,0.000112972804
3079,0.000117753574
3318,0.00010934403
3436,0.000117237854
3522,0.00012155993
3590,0.00012068296
8555,0.00012236257
9102,0.00010506209
1921,0.00010819692
2637,0.00014193414
3075,0.0001162206
3412,0.000112077745
4057,0.000117977084
7711,0.000117800184
8812,0.000109663255
9498,0.00011435395
229,0.0001193141
917,0.00011319191
1451,0.000114864684
1771,0.00014564182
1909,0.000114281574
2680,0.00014389338
2889,0.000110462235
3148,0.000108225955
3539,0.00010605079
5929,0.000103642415
9692,0.00010223966
10301,0.000100271776
10306,0.00010152728
1641,0.00010953625
1844,0.000105792875
2831,0.00011309014
3272,0.00011666832
9622,0.000108519904
12592,0.00011934148
13978,0.00014063923
629,0.0001139512
2010,0.00012592506
2662,0.00011088745
3138,0.00010816806
7045,0.00012178678
8094,0.000113517046
8242,0.00010883545
10518,0.00014086333
19577,0.0001149441
42,0.00010942752
1568,0.000109011096
2232,0.00010842368
7984,0.00012149819
10345,0.00010350671
12613,0.00010512798
24869,0.00011613521
1528,0.00014310665
3108,0.00010183586
3307,0.0001268102
3433,0.00010506598
3806,0.000119463075
5814,0.00012887351
6487,0.00012340787
7159,0.000104713865
11281,0.000120205295
12519,0.00011402598
1430,0.00012552331
2905,0.0001132146
3283,0.00012822759
3845,0.00011655869
6056,0.00010817273
6914,0.00011194506
9965,0.00011154017
13946,0.00010816854
262,0.00010688643
596,0.000109236484
1853,0.00011893487
2166,0.000108542634
2870,0.00011100599
5082,0.00012059939
5662,0.00012677771
6565,0.00011420087
7589,0.00010531807
8101,0.000118915996
8734,0.0001162168
9985,0.00011399774
11258,0.0001016271
12130,0.0001180235
17796,0.00010047244
18325,0.00011235321
536,0.00011269518
621,0.00010624902
1654,0.00013028298
3358,0.00012022668
3490,0.000112402544
8306,0.00011222189
10003,0.000112612935
1400,0.00012622189
2994,0.000105183586
3071,0.00010175301
3172,0.00011373108
3317,0.00011730785
3444,0.000113035414
5627,9.969427e-05
5872,0.0001132953
6103,0.00013162708
11300,0.000115672665
15,0.00012219822
166,0.0001257807
188,0.0001045797
2521,0.000116006544
2879,0.00011537815
4001,0.00012497947
4015,9.738679e-05
7368,0.00089054456
10302,0.00010327004
397,0.00013108118
2874,0.00010960411
7124,0.00011959132
441,0.00010634311
1639,0.00011070119
2757,0.00012543652
3114,0.00011576073
3818,0.00011987806
6088,0.000104769584
7447,0.000101003076
12066,0.00012814556
277,0.0001193648
404,0.00042426088
827,0.00010481131
2494,0.00010014798
3111,0.00010100822
3488,0.000104275525
8958,0.00011359024
10291,0.00010707798
728,0.00011014417
938,0.00011732509
3230,0.00010906277
3233,0.00010132045
3297,9.891268e-05
3367,0.00011059712
3549,0.00010612059
8249,0.00010191351
2790,0.00011692199
5172,0.00011409405
6427,0.00011979839
7013,0.00011264439
7626,0.00010731482
8736,0.000106628504
15851,0.00012093743
17817,0.00010696694
4035,0.00010999211
5712,0.00010180327
8955,0.00010674984
10546,0.00012463385
12197,0.000103250764
24871,0.000110043016
1640,0.00012120152
4496,0.00010661867
5092,0.00010652677
6704,0.00010803938
10225,0.00011920474
13367,0.000114134804
683,0.00012687562
1085,0.00010237332
2125,0.000119186094
5460,0.00010030494
6964,9.470526e-05
8033,9.988258e-05
9744,9.6425596e-05
18279,0.00011226081
622,0.00010700705
3269,0.00010339463
5797,0.0001211576
6011,0.00010254948
7617,0.000104571205
12652,0.00010554345
17866,0.00010388082
93,0.00014421783
586,0.00010786765
678,0.00013100597
924,0.00011680336
3225,0.00010700379
3773,0.00010217027
3879,0.00011028047
4998,0.00010696579
5039,9.70346e-05
7803,0.00010857967
9741,9.622409e-05
10805,0.000105259394
17827,0.000101770274
2373,0.00010421712
3917,0.00012092323
6189,0.00010004752
9998,0.00010503868
11685,0.00011059399
18553,0.00014329678
563,0.00011144622
818,9.999564e-05
845,0.00010029495
2068,0.00010685234
2218,0.00010670647
4026,0.00010104109
6290,0.00010782361
7198,0.00011076016
11624,0.000114721384
11953,0.00010161723
19810,9.871395e-05
1139,0.000100669226
1923,0.00011623558
2975,0.0001053311
3571,0.0001065642
3654,0.00011472683
4511,0.00010598627
4860,0.00010839109
7078,0.00010477469
8497,9.54531e-05
12164,0.00011708238
13827,0.000109382425
2161,0.00010566906
3301,0.000101301484
4396,0.000118394295
9523,0.000121047604
18388,0.00010273214
167,0.00012251551
414,9.426503e-05
1696,0.00011821081
1835,0.00013092386
2214,0.00013062841
2598,0.00011412185
3937,0.0001240142
6601,0.000101857135
8083,0.00010412501
8404,9.985166e-05
10714,0.00011378193
10935,0.000107679516
20201,0.00010394231
21665,0.00026302136
1749,0.00012334427
2858,0.000105511084
2901,0.00010681408
2911,0.00010559577
3164,0.00010481081
3860,0.00010787664
4318,0.00011218447
5598,9.578438e-05
8562,0.000105551604
8864,0.00011361056
10936,0.000110973626
11741,0.00010528226
634,0.00010095304
687,0.00010115911
786,0.00012078451
2099,0.00010371194
3210,0.0001036941
3407,9.9963916e-05
4005,0.00010689649
5011,0.00011982949
6297,0.0001073247
6332,0.00010435477
6563,0.00010847424
6905,0.00010009574
7118,9.205041e-05
8508,0.00014901033
12650,9.6968506e-05
15036,0.000101739235
18909,0.000103084036
717,0.00012123908
1413,0.00013058221
2155,9.697248e-05
3212,0.000114895316
3409,0.000110570625
3546,0.00010839608
3873,0.00010168239
3955,0.00010303252
4287,0.000112493115
4875,0.00010332164
5763,0.00010540842
9078,0.00010007778
10858,0.0001024554
14158,0.00011799955
367,0.00013353869
379,0.00011346049
533,0.00011349027
939,0.000111609785
2793,0.000107118576
2940,0.00011782707
3816,0.00012161966
5120,0.00010829422
5776,9.516183e-05
6906,9.979395e-05
7422,0.00010573272
8032,0.00010078627
8587,9.79864e-05
10307,0.00010161783
10769,9.343285e-05
11866,9.7343014e-05
16121,0.0012986825
2589,0.00011261662
2839,0.00010866742
2986,9.883892e-05
3072,0.00010554804
3992,0.000106199004
4374,9.98775e-05
6309,0.000104014616
7174,0.00010329309
25330,9.759732e-05
1135,0.00011009024
3054,9.812041e-05
5538,9.5641306e-05
5682,9.433383e-05
6667,9.839074e-05
6863,9.544775e-05
8558,0.00010812518
10427,0.0001005846
12116,0.00010992491
10,0.000114492446
1734,0.00012930436
3400,0.000120843324
3465,0.00011804774
3576,9.77786e-05
3922,0.00010738922
4880,0.00010299415
6412,9.850265e-05
7149,9.821561e-05
9053,9.747017e-05
10473,0.00010728251
10832,9.4574534e-05
13183,9.169402e-05
13909,0.00010346841
296,0.00010507458
2097,0.00010584096
2832,9.901805e-05
2948,0.00012085229
3263,0.0001058953
3763,9.75821e-05
4951,9.982569e-05
6014,9.612922e-05
6104,0.00010076752
6184,9.075892e-05
6354,0.000104504405
9290,9.829054e-05
10300,9.157834e-05
12748,0.00010538118
246,9.782156e-05
744,0.00010611254
2698,0.000100294
3073,9.873523e-05
3267,0.00010995685
3313,0.000100251986
5072,9.9717436e-05
8215,0.00012588051
15273,0.00028262375
15958,0.00010535172
18027,0.000107610045
23538,0.00010315186
102,0.00014871974
3112,0.00010125725
3432,0.00010208892
5468,9.90002e-05
10405,9.630756e-05
11292,0.00011704562
546,0.00011551227
1650,0.000101337144
2070,9.12524e-05
2678,9.6246375e-05
4479,0.000116419564
4558,9.138635e-05
5564,0.00012367056
6805,0.000101128724
9984,0.00010410555
11022,9.824776e-05
162,0.00011385821
537,0.00010356758
590,0.000104851366
598,9.803557e-05
1561,0.00010704716
2769,9.766419e-05
3956,0.00012381829
3979,9.5536874e-05
4121,9.564271e-05
5593,9.835512e-05
6133,0.00010577708
7738,9.5253825e-05
8317,9.986111e-05
10776,0.00011544275
11107,0.000103969884
11726,0.000101834594
16065,0.000127107
17992,9.8271346e-05
3995,9.677716e-05
4594,0.00010500985
4963,0.000102926104
7367,0.00059582735
10034,9.926177e-05
10065,0.000102414386
87,0.00010100781
366,0.0001402966
547,9.582425e-05
1475,0.000100671015
1947,9.4578965e-05
4885,0.00013035216
5825,0.00010361627
8074,9.018525e-05
8584,8.932196e-05
10233,8.90404e-05
11751,8.9989684e-05
13890,0.000101782556
19571,9.32548e-05
20006,0.00010284566
825,9.8159275e-05
1633,0.00012723655
2436,0.0005546543
3678,9.33603e-05
4770,9.583895e-05
7160,0.00010462034
8456,9.949932e-05
10297,8.706949e-05
11547,9.651746e-05
18345,8.8318004e-05
1457,9.32947e-05
1504,0.00012258612
3278,9.373425e-05
3518,0.00011538986
7250,0.00010285357
7461,0.00010236325
10335,8.6314605e-05
12866,9.851309e-05
127,9.824895e-05
185,9.7805256e-05
1043,0.00011839315
3175,9.7428725e-05
3384,9.331772e-05
4099,0.0001190172
5482,9.585695e-05
5515,0.00010725302
5523,0.000100989964
5636,0.00010252194
5735,8.673017e-05
8296,9.198575e-05
8460,9.7066586e-05
16394,0.0001243824
20218,0.00010454217
226,0.000102093734
855,0.00010954482
1396,0.0001071654
2907,9.294638e-05
4475,9.240468e-05
4645,0.00010440412
4830,9.8261015e-05
4972,0.000106980464
5714,0.00010681559
8102,0.00010102794
8172,0.000120251054
9409,0.00010140124
578,0.00011421963
657,0.00010799652
838,0.000121796234
2225,0.00010063537
3345,9.826421e-05
4341,9.939728e-05
4871,9.3665265e-05
6271,0.0001013589
7570,0.00010084847
7739,9.145941e-05
8148,0.000107226435
8790,0.00011006252
10758,9.683086e-05
11870,9.368626e-05
12643,9.9915815e-05
895,0.00010735852
1500,9.981657e-05
1889,9.6933414e-05
2658,8.952043e-05
3378,0.00010061974
3524,0.00011791165
3526,0.00011258712
4534,9.872737e-05
4991,9.490557e-05
5741,9.622068e-05
6085,9.7655764e-05
8257,0.00010008673
8467,8.5447915e-05
10810,9.092207e-05
11323,0.0001073219
161,9.812908e-05
1058,9.142625e-05
6709,9.901653e-05
6958,0.00010258517
9347,9.663176e-05
9696,9.291817e-05
9747,9.458703e-05
11114,9.7118864e-05
12047,0.00010009356
13115,0.00010696951
499,0.00011538443
1702,0.00012548345
2488,9.445526e-05
2685,0.000120175224
3241,8.704923e-05
3420,9.154492e-05
5865,8.5744425e-05
7692,0.000109100394
8702,0.000110758
9331,9.883502e-05
9890,8.971691e-05
10309,8.521458e-05
10338,8.59283e-05
16373,8.868842e-05
1,0.00010124972
282,0.00010465701
3106,9.52803e-05
3286,8.567171e-05
3390,9.637285e-05
3685,9.6291864e-05
5096,9.4417774e-05
5472,8.663996e-05
5917,9.549133e-05
6200,9.834276e-05
6679,0.00028575957
8235,9.280958e-05
8290,9.712117e-05
8415,0.00010141278
8863,9.275993e-05
10254,8.6242384e-05
10281,0.00012320917
12194,9.701733e-05
25699,9.6049946e-05
710,9.7603624e-05
2184,0.00010686771
4203,9.93759e-05
6971,9.391035e-05
7001,9.121816e-05
10298,8.6475215e-05
11906,9.257296e-05
14001,9.310704e-05
15847,8.595259e-05
17742,0.00010174031
20807,0.00011764107
421,0.00011635508
2190,9.08129e-05
2340,0.0001164065
2897,0.000102165075
3032,9.635669e-05
3413,9.419775e-05
5102,0.00011300907
6230,0.000113573056
8507,0.000101813406
8690,9.796774e-05
8804,9.2821254e-05
9667,8.53038e-05
10239,0.000104295395
10327,8.444046e-05
11075,9.257941e-05
12206,8.710547e-05
123,0.00010494652
781,0.00012417964
1960,9.850023e-05
2274,9.215501e-05
2784,9.6051124e-05
3265,9.547008e-05
3324,9.310004e-05
3536,0.00010360527
3583,9.9299825e-05
4591,0.000100357065
4630,9.541919e-05
4960,9.675747e-05
5879,9.595943e-05
6858,0.000100949204
8673,8.469056e-05
8703,9.581011e-05
10704,8.746891e-05
904,9.903769e-05
1084,8.732176e-05
5740,9.5995514e-05
6149,9.4840216e-05
8222,9.205061e-05
8577,8.270955e-05
9443,9.697268e-05
10319,8.2473074e-05
206,0.000117046475
940,9.476813e-05
1840,0.000112505266
1976,9.930701e-05
2612,9.7889424e-05
5902,0.00011172138
6003,0.00010291218
8087,0.00010184076
8511,9.7519194e-05
8741,9.1484755e-05
8908,9.83669e-05
9054,9.2413386e-05
919,0.000102430306
3282,9.5267445e-05
3541,9.175211e-05
3819,0.00010033127
4068,9.0987254e-05
4450,0.00010925319
4689,9.54885e-05
5140,9.3912255e-05
5631,9.661245e-05
5802,9.003891e-05
5958,9.036434e-05
5962,0.00010135886
9560,8.675261e-05
10027,8.365065e-05
10949,8.933905e-05
12105,9.1616195e-05
13408,8.2375904e-05
15216,9.2218965e-05
221,9.9198216e-05
591,9.5764364e-05
846,9.09785e-05
1398,9.2178976e-05
3137,9.286063e-05
3246,0.00010050814
3262,9.1457194e-05
4431,9.769915e-05
6945,9.018097e-05
8144,9.556292e-05
8548,8.883746e-05
8677,9.828264e-05
9084,9.68987e-05
9412,9.243951e-05
9423,0.00011701227
9651,8.092623e-05
10891,0.00010324153
11119,9.169737e-05
11149,0.000102765924
12199,8.5278414e-05
12301,9.343463e-05
12593,9.2075425e-05
14800,9.190776e-05
903,0.00011092357
1814,0.00011218959
3015,0.0001139611
3781,9.832569e-05
3814,0.00010515651
5548,9.3840514e-05
5675,8.759475e-05
6887,9.6035656e-05
8444,9.084403e-05
9419,9.1125345e-05
9961,8.987767e-05
11106,9.402078e-05
12645,8.990728e-05
453,9.112136e-05
1542,9.8178825e-05
1981,9.278183e-05
2229,0.00010499537
3754,0.00010796972
5290,9.6452786e-05
5963,9.871877e-05
6288,9.4711824e-05
6682,9.192101e-05
7079,9.07545e-05
7856,9.007306e-05
8454,9.1287904e-05
8527,9.3960996e-05
8538,8.8877256e-05
8776,9.194054e-05
9273,9.2426606e-05
10332,8.251406e-05
10438,9.2132286e-05
12973,8.429227e-05
1129,0.0001009142
1562,9.881391e-05
2912,8.58292e-05
5018,9.011972e-05
5078,9.24322e-05
8763,8.491101e-05
9604,9.117043e-05
12187,9.116216e-05
17757,8.99163e-05
2034,9.333936e-05
2317,9.9357516e-05
2958,9.5629635e-05
5060,8.5592634e-05
5151,8.620112e-05
5424,8.664563e-05
8526,9.30912e-05
8579,8.398909e-05
9073,8.605451e-05
9537,8.636157e-05
12566,9.051613e-05
1014,9.485547e-05
1021,9.64578e-05
2277,8.669935e-05
2368,9.3799536e-05
3404,9.1690395e-05
3951,9.117555e-05
4371,8.926943e-05
5332,8.4849526e-05
5364,9.31579e-05
5622,8.54846e-05
7388,9.092199e-05
7572,9.016778e-05
9734,8.673821e-05
10123,8.9193796e-05
11151,8.606897e-05
12188,9.3606264e-05
12266,7.935609e-05
2928,8.83817e-05
3332,8.656374e-05
3574,8.472376e-05
3687,8.9356654e-05
6380,8.373517e-05
8432,9.058672e-05
8887,9.286894e-05
9337,9.092828e-05
10503,0.00010231021
11705,9.1444635e-05
12356,9.3666524e-05
16644,0.000107638814
18757,8.632579e-05
18940,8.422056e-05
19081,8.722543e-05
27136,8.343042e-05
753,9.8226155e-05
3631,0.00010607519
4684,0.00011976558
5673,9.1276364e-05
7353,9.712491e-05
8583,8.3725216e-05
12520,9.410251e-05
13831,9.457173e-05
56,9.486359e-05
353,0.00010525058
1075,9.288252e-05
1104,8.9543115e-05
1576,9.348354e-05
3331,9.333658e-05
4236,9.6452044e-05
4668,8.379163e-05
5620,8.330652e-05
6042,8.947529e-05
8436,8.222608e-05
8688,9.421156e-05
9316,9.702627e-05
9837,8.64363e-05
10118,8.373515e-05
12916,0.00010148156
600,0.000105079496
1078,9.910619e-05
1449,8.5546344e-05
2164,8.551791e-05
2550,9.2719645e-05
3076,8.806715e-05
3203,8.606745e-05
3686,8.8863475e-05
3750,9.5359675e-05
5705,0.00010126566
8114,9.230775e-05
10331,7.827419e-05
10432,8.725331e-05
23714,0.00011278421
23741,0.000104828025
539,8.6018525e-05
979,9.20906e-05
1601,8.656761e-05
3765,8.757887e-05
4190,9.0118614e-05
4945,8.949406e-05
5128,8.985764e-05
5545,9.3400275e-05
7864,8.482569e-05
7983,8.7899054e-05
9851,8.4608866e-05
9976,8.503252e-05
10296,8.5763364e-05
10321,7.7923265e-05
12608,8.3318155e-05
12626,0.00011015545
15278,9.5603646e-05
653,9.564043e-05
1619,0.000109458866
1984,8.8078144e-05
2708,8.834868e-05
2873,9.477493e-05
3517,9.243219e-05
3954,9.704988e-05
4723,0.0001041216
4780,8.691728e-05
6224,0.00010027758
8251,8.839603e-05
8640,8.258584e-05
9003,9.985494e-05
9936,8.583582e-05
10062,9.1311165e-05
10366,8.219488e-05
12186,8.145121e-05
15479,9.7324846e-05
17093,9.166679e-05
485,0.00010167098
770,9.4882824e-05
771,9.869963e-05
802,8.716632e-05
865,9.138199e-05
1416,9.0349684e-05
2148,9.1367416e-05
2697,8.591202e-05
3315,9.692362e-05
3359,8.894958e-05
3607,8.29498e-05
3701,8.837231e-05
3804,9.294975e-05
5041,9.696265e-05
8530,7.869709e-05
8608,7.779592e-05
11183,8.101649e-05
12010,8.769327e-05
12447,8.837371e-05
12711,8.821857e-05
1118,8.822397e-05
1782,8.117642e-05
2347,9.22002e-05
2396,8.82568e-05
2415,9.440284e-05
2475,8.397349e-05
3562,8.309381e-05
4724,8.922279e-05
8643,8.028983e-05
11371,8.387999e-05
20013,9.913297e-05
329,9.450867e-05
450,8.9653244e-05
2207,9.264467e-05
2530,0.00010066426
3035,8.9173554e-05
3104,8.477635e-05
3319,7.896607e-05
3442,8.2023405e-05
8991,9.8265795e-05
9451,0.00018734604
10326,7.728824e-05
15556,9.7882265e-05
1532,9.159846e-05
2563,8.739681e-05
2659,8.4905114e-05
2811,8.698183e-05
3453,7.9912206e-05
4467,8.899919e-05
5546,8.70227e-05
7324,8.32935e-05
10315,7.6619166e-05
10330,7.657417e-05
13519,0.000111785834
17755,8.718347e-05
18255,8.578309e-05
280,8.892542e-05
677,9.630866e-05
1539,8.8111e-05
2672,9.7240074e-05
3093,9.2006885e-05
3379,8.4345746e-05
3978,8.083707e-05
4561,9.82686e-05
4727,9.374738e-05
5263,8.230671e-05
5974,8.886275e-05
6187,8.741459e-05
7031,9.1891605e-05
8138,8.707942e-05
8147,8.345627e-05
8214,9.861669e-05
8822,0.00010706724
9108,8.706965e-05
10235,8.482646e-05
13465,7.763265e-05
13766,8.485696e-05
14675,8.6262524e-05
2418,8.8711844e-05
2961,9.612614e-05
3018,9.950499e-05
3036,9.0284855e-05
3530,0.0001074027
5238,8.267471e-05
7129,9.583927e-05
8513,8.4322164e-05
8765,8.173638e-05
10214,9.535336e-05
10414,9.090975e-05
11236,8.024827e-05
15826,9.450092e-05
812,8.248585e-05
982,8.52297e-05
996,0.00010106562
1779,8.9996756e-05
2288,9.070045e-05
2583,9.080631e-05
2893,8.295106e-05
3061,8.852083e-05
5611,7.613353e-05
6027,8.219616e-05
10228,7.888924e-05
10339,7.639552e-05
11535,8.3650724e-05
12877,8.320628e-05
14198,8.434705e-05
16900,9.177619e-05
18980,9.5350464e-05
535,8.696649e-05
3555,8.6920336e-05
3877,8.8070774e-05
5338,8.943286e-05
5726,8.73228e-05
6109,8.019567e-05
6693,9.054864e-05
7271,9.1171045e-05
8743,8.5003616e-05
10931,8.0768776e-05
10968,8.701217e-05
11977,8.650342e-05
13166,8.898438e-05
19098,7.651847e-05
20165,8.63844e-05
228,0.00010242958
617,0.00010415164
1680,9.84693e-05
3094,0.00010761412
3285,9.279561e-05
5090,8.451743e-05
7855,8.503978e-05
8806,8.381807e-05
15812,8.29817e-05
665,8.845675e-05
2573,8.7925975e-05
3610,8.253895e-05
4123,8.154303e-05
4590,8.319224e-05
4763,8.995754e-05
5780,7.8498335e-05
6314,9.183065e-05
7161,9.6921736e-05
8576,8.944082e-05
8631,7.8178e-05
9049,7.801833e-05
10271,9.812684e-05
10312,7.674823e-05
10853,8.23141e-05
10977,8.473049e-05
14066,8.6332555e-05
15054,8.083178e-05
251,9.4110655e-05
1691,9.116769e-05
2816,9.471564e-05
2954,8.1195685e-05
3428,8.5203435e-05
6544,8.7404274e-05
8259,8.0362326e-05
8345,7.760277e-05
9422,8.601945e-05
10051,8.757594e-05
10317,7.722445e-05
10876,8.610795e-05
11094,8.5519365e-05
13738,8.578732e-05
23496,8.251161e-05
66,8.025645e-05
886,9.662295e-05
1347,8.6301705e-05
1644,9.8509074e-05
1679,0.00010783433
1812,0.00011604765
1935,8.7560285e-05
2336,8.507001e-05
2432,9.388048e-05
3023,8.323106e-05
3933,9.3253955e-05
6982,0.00010291479
8340,8.520433e-05
9317,8.19909e-05
9899,8.295726e-05
10324,7.611186e-05
12172,8.696849e-05
13215,8.331888e-05
13963,9.189268e-05
14334,8.40961e-05
20429,8.4883104e-05
48,8.561015e-05
559,8.739706e-05
691,8.2909966e-05
1870,0.00010176441
3663,8.302339e-05
4041,8.1799415e-05
5678,8.383174e-05
5895,9.308854e-05
6963,0.0001043409
7272,9.784569e-05
9507,8.479685e-05
11758,8.248496e-05
13373,8.603191e-05
14308,0.00010398518
16949,8.511899e-05
16969,9.018706e-05
17988,8.541607e-05
317,9.473298e-05
584,9.4224684e-05
943,8.5915715e-05
1602,8.4425454e-05
3028,8.504544e-05
3133,8.846827e-05
3165,7.73934e-05
3523,8.5057414e-05
3688,9.2444665e-05
3757,8.7959066e-05
3809,8.426816e-05
3957,8.7211985e-05
4020,8.080464e-05
5736,8.151301e-05
6051,9.9353594e-05
6172,8.4834624e-05
7342,8.942515e-05
7789,8.744853e-05
8089,8.152808e-05
8287,7.9875725e-05
8466,7.6745826e-05
8515,7.5347096e-05
9055,8.206592e-05
10880,8.852349e-05
12591,7.99846e-05
13683,7.7160876e-05
24737,8.4003754e-05
25097,8.331411e-05
412,9.5356474e-05
1668,7.841442e-05
1817,9.613352e-05
2271,9.441409e-05
2602,8.748929e-05
2647,8.417351e-05
3309,7.866269e-05
3511,7.720683e-05
3854,8.00205e-05
4826,0.00010753845
4833,8.6433094e-05
5400,8.993424e-05
5587,8.974908e-05
5848,8.170573e-05
10351,7.454508e-05
14191,8.339084e-05
14823,8.2761544e-05
373,7.898793e-05
3780,9.715502e-05
3867,8.2987906e-05
3935,8.049957e-05
4018,8.1545586e-05
4049,8.9873654e-05
5341,8.654511e-05
6166,8.131004e-05
8130,8.353805e-05
13666,7.694903e-05
643,0.00010631427
780,8.479459e-05
1597,9.9237775e-05
1735,9.675324e-05
1942,8.191741e-05
2596,7.471775e-05
3177,9.180207e-05
3866,8.1665494e-05
4083,8.456988e-05
4768,8.4555584e-05
4896,8.387069e-05
9895,8.265655e-05
11845,8.757391e-05
12550,8.112462e-05
15452,8.453752e-05
431,0.00014359645
565,9.7972756e-05
610,8.520385e-05
1467,8.362002e-05
1924,9.2651855e-05
3010,8.172591e-05
3381,8.492732e-05
3425,9.066779e-05
4058,9.050255e-05
6850,8.391776e-05
7812,8.199204e-05
8524,8.632529e-05
9543,8.038146e-05
10191,8.3874314e-05
11271,7.911904e-05
14133,0.00029767206
16078,9.130461e-05
18017,9.739201e-05
19579,9.1335634e-05
24906,7.738355e-05
398,9.251604e-05
462,7.90397e-05
2420,8.0668164e-05
3401,8.255962e-05
3430,7.8200275e-05
4126,8.106922e-05
5592,8.2047336e-05
7695,8.392107e-05
9441,8.787511e-05
11643,8.7959066e-05
13582,7.7108096e-05
14188,7.697058e-05
14762,8.687674e-05
16725,0.00010587896
23737,0.000104986495
18,0.000115774645
428,8.146149e-05
2980,7.902313e-05
3099,7.489631e-05
3294,7.920734e-05
3339,7.904507e-05
5878,9.323866e-05
6154,8.1297614e-05
7137,8.59337e-05
7257,8.106658e-05
8544,8.229459e-05
9944,8.425601e-05
12191,7.360197e-05
12382,8.3619045e-05
12845,8.383712e-05
13070,8.483647e-05
13939,7.49257e-05
20639,9.064887e-05
1379,9.962924e-05
1521,8.254434e-05
2096,7.974554e-05
2338,7.6878176e-05
2664,7.820769e-05
3185,8.01981e-05
5237,7.8683166e-05
6071,8.162759e-05
6967,8.468247e-05
8541,8.54363e-05
8578,7.9828176e-05
9411,8.003134e-05
13476,7.8021854e-05
16366,8.0707454e-05
20159,9.4433504e-05
362,8.420286e-05
920,8.0744954e-05
1372,7.7535835e-05
1498,0.00010939801
2504,7.424814e-05
3403,8.908802e-05
3667,7.860987e-05
4409,8.271516e-05
4422,7.572812e-05
4476,8.656948e-05
4490,7.828718e-05
6365,9.3687464e-05
8482,8.074232e-05
13452,7.368455e-05
14945,8.399514e-05
18319,8.9025576e-05
19468,7.933688e-05
436,9.086904e-05
854,8.996617e-05
925,8.0922524e-05
2701,8.049323e-05
3121,7.736709e-05
3275,8.282568e-05
3440,9.403814e-05
3525,7.477251e-05
4233,8.866632e-05
4421,7.692602e-05
5133,7.710069e-05
5737,7.9415775e-05
9574,7.561809e-05
10764,8.379911e-05
12070,7.666304e-05
12371,7.8939614e-05
12686,8.168997e-05
14498,8.19952e-05
16990,8.9025205e-05
91,7.4861106e-05
1540,8.967106e-05
3668,7.421083e-05
4021,8.701552e-05
4135,9.471997e-05
4815,8.2231156e-05
5644,7.569951e-05
5661,8.54852e-05
7320,8.062103e-05
7649,8.512724e-05
7655,9.303754e-05
8361,7.9044556e-05
8536,7.61332e-05
8750,8.507315e-05
9450,8.150106e-05
10064,7.30778e-05
10322,7.420058e-05
11456,6.9954986e-05
13167,8.3234816e-05
15992,7.342083e-05
17088,8.506364e-05
17826,8.138278e-05
19867,7.792517e-05
121,7.545436e-05
200,0.00015151045
269,8.5263426e-05
322,7.762657e-05
611,8.0730766e-05
843,8.746242e-05
1134,0.000104245635
1330,0.00017233411
1657,0.000106829975
1673,8.423198e-05
2584,8.0554295e-05
3612,7.0688795e-05
3696,8.168563e-05
3770,8.263328e-05
4177,8.897568e-05
4248,8.3680774e-05
4651,8.250652e-05
5670,8.741196e-05
6367,8.762457e-05
6470,8.923745e-05
8428,7.6534096e-05
9286,8.065676e-05
10289,8.142357e-05
10325,6.921491e-05
13684,8.220451e-05
14172,7.131124e-05
550,8.825991e-05
916,7.8849924e-05
946,8.382297e-05
1110,7.990917e-05
1626,7.86699e-05
1660,8.161321e-05
2514,7.392523e-05
3923,8.2706676e-05
4332,9.2502225e-05
7660,9.599382e-05
9329,8.168703e-05
9653,7.05127e-05
9669,7.679984e-05
10218,7.996424e-05
10479,8.1342485e-05
10529,7.416928e-05
12753,7.0144975e-05
17226,7.913331e-05
17888,7.1159506e-05
6,7.865207e-05
1428,8.465613e-05
1731,7.168998e-05
1821,8.0079655e-05
2808,9.173969e-05
3126,8.438085e-05
3994,8.287495e-05
4403,7.771954e-05
4958,8.047971e-05
5910,7.496436e-05
6366,7.331837e-05
6900,7.7200275e-05
7156,7.601449e-05
8394,6.961402e-05
8596,8.9440655e-05
9440,7.1496244e-05
10316,6.873886e-05
10334,7.047069e-05
11186,7.587785e-05
14393,7.754216e-05
23743,9.387563e-05
1477,7.685261e-05
1736,8.7279666e-05
1910,7.7292454e-05
2437,8.0613434e-05
4071,8.954128e-05
4218,7.8024816e-05
5088,7.868564e-05
6244,7.6924574e-05
7071,7.736725e-05
7584,8.077882e-05
8629,8.141763e-05
10304,7.911372e-05
11819,8.691769e-05
11887,8.3926556e-05
12458,7.960808e-05
235,7.926106e-05
319,0.00011102074
355,8.331606e-05
416,7.577009e-05
1718,8.163327e-05
4077,8.205507e-05
4734,7.843236e-05
4856,7.990945e-05
5113,8.23279e-05
5596,8.638151e-05
6431,7.5926044e-05
7073,7.4630705e-05
7420,7.867937e-05
8386,7.7442994e-05
9726,8.740597e-05
9971,7.719501e-05
10419,7.5292075e-05
12669,8.200038e-05
13896,7.1972056e-05
14059,8.946587e-05
17363,8.115221e-05
347,8.241279e-05
452,7.9068224e-05
778,7.377834e-05
1429,9.456517e-05
4365,9.417777e-05
4898,7.522623e-05
5511,7.3386254e-05
5883,8.332658e-05
6514,8.286562e-05
7601,0.00010211604
7733,8.380903e-05
8307,7.690579e-05
11947,7.663887e-05
23692,9.487575e-05
633,7.695056e-05
1535,0.00010431338
1560,9.3522336e-05
3150,8.288745e-05
3160,7.970528e-05
3414,6.906832e-05
3418,7.61198e-05
4624,8.325475e-05
4661,7.674418e-05
4712,8.607434e-05
4839,7.456361e-05
5529,9.376071e-05
6983,8.848541e-05
11118,7.887368e-05
12370,7.44533e-05
13113,7.7884666e-05
13698,7.827244e-05
14709,7.995198e-05
15055,6.867426e-05
285,8.320316e-05
750,7.348107e-05
960,8.237141e-05
1344,7.8765865e-05
2919,7.544471e-05
3077,8.095714e-05
4024,8.741106e-05
4066,7.5372634e-05
4798,8.00272e-05
5007,7.651802e-05
5916,8.816027e-05
6362,8.475965e-05
6728,7.7009616e-05
8398,7.250364e-05
8602,8.438542e-05
8716,7.9124235e-05
9376,7.485507e-05
9684,7.8331745e-05
10215,7.927396e-05
10415,9.46026e-05
11040,7.675749e-05
13077,7.95637e-05
16521,7.346481e-05
295,8.1098406e-05
3034,7.09169e-05
5107,7.660533e-05
8347,7.598234e-05
10258,7.441643e-05
11989,6.933353e-05
12485,7.9708465e-05
13398,7.839901e-05
20135,7.797195e-05
21821,9.018027e-05
23944,9.100971e-05
484,7.490824e-05
779,7.7437275e-05
1424,9.006284e-05
1847,7.958255e-05
2619,7.753317e-05
2661,7.185807e-05
2877,7.2571245e-05
4999,6.815058e-05
5131,8.110632e-05
5426,7.063015e-05
5651,7.72006e-05
5788,7.014425e-05
6927,7.573307e-05
7776,7.575423e-05
8322,7.8652345e-05
8422,7.300553e-05
8737,7.844183e-05
8742,7.419227e-05
9677,7.5783595e-05
9687,8.0179736e-05
10348,7.6270386e-05
11468,8.835835e-05
11507,7.9442696e-05
115,7.6902055e-05
184,7.694669e-05
400,0.00011206227
630,7.982527e-05
690,8.682576e-05
1678,7.41832e-05
2328,6.8470144e-05
3772,7.709131e-05
4997,7.24617e-05
5817,7.6684e-05
6580,7.425788e-05
8195,7.601838e-05
8561,7.77327e-05
9378,7.172227e-05
10224,7.0635346e-05
11097,7.8922065e-05
12777,7.197911e-05
16522,7.220454e-05
18091,7.8366196e-05
18395,7.4437456e-05
489,8.6986576e-05
655,7.327391e-05
998,7.7713965e-05
1020,8.074018e-05
1044,8.544292e-05
1618,8.658663e-05
3802,8.989437e-05
4764,7.425756e-05
4850,7.589234e-05
5744,7.257598e-05
5751,8.433117e-05
7154,7.6207114e-05
8974,7.1971765e-05
9314,8.083376e-05
10421,8.847934e-05
11251,7.352012e-05
15816,7.882902e-05
17851,7.600914e-05
22084,7.7839446e-05
92,7.943835e-05
106,9.719978e-05
948,7.168375e-05
950,9.294323e-05
1351,7.406929e-05
1545,7.982949e-05
1575,8.395748e-05
1746,8.222365e-05
1767,7.571543e-05
1952,9.23293e-05
2210,8.073714e-05
2924,6.969351e-05
3128,7.343633e-05
3605,7.7533135e-05
3652,8.728911e-05
4299,7.314724e-05
4606,8.736184e-05
4919,8.0018806e-05
5089,7.807641e-05
5495,6.572343e-05
5562,0.00010222188
6342,7.5571515e-05
6510,9.341359e-05
8236,7.039553e-05
8868,7.6382756e-05
9366,7.862508e-05
9739,7.159112e-05
10320,6.8137e-05
10717,7.304471e-05
10780,6.891586e-05
11397,7.296672e-05
11822,8.133634e-05
11939,6.948601e-05
13015,7.657657e-05
13826,7.718597e-05
16708,7.117029e-05
24203,7.7413264e-05
465,7.5281176e-05
853,7.354482e-05
1038,7.8726785e-05
1354,7.397318e-05
1486,8.4325926e-05
2696,7.5619275e-05
2746,7.6316974e-05
3373,7.605199e-05
3861,7.123199e-05
3894,7.392963e-05
4802,7.869885e-05
5866,6.63532e-05
7957,7.865227e-05
8178,8.811208e-05
8255,7.495031e-05
8582,6.570622e-05
9012,7.879405e-05
9888,7.95193e-05
10510,7.402154e-05
11102,8.704497e-05
12614,6.64502e-05
16345,7.2314026e-05
21930,6.845084e-05
1112,8.9189285e-05
2977,7.450796e-05
3360,6.989046e-05
4718,7.720631e-05
5247,7.706274e-05
5254,9.403679e-05
5846,7.132757e-05
7148,7.864748e-05
7797,8.36821e-05
8521,7.6786055e-05
9493,7.2697934e-05
10195,6.672265e-05
10391,7.019912e-05
10511,7.058198e-05
12190,6.771818e-05
15662,7.6390206e-05
16964,8.336466e-05
18321,7.379641e-05
20332,6.484033e-05
20480,8.4187166e-05
2532,7.28329e-05
2646,7.704059e-05
2723,8.776683e-05
2834,7.153985e-05
3370,7.4184005e-05
3578,7.3275005e-05
3799,7.867887e-05
4361,7.820887e-05
4429,7.551443e-05
4652,7.55709e-05
4925,7.171855e-05
5321,6.507672e-05
6211,7.833359e-05
6749,8.194436e-05
7372,7.515948e-05
7553,7.412892e-05
8319,7.256691e-05
8642,7.4864234e-05
8696,8.285523e-05
8749,7.414403e-05
9576,8.081991e-05
11305,7.302943e-05
12032,7.446912e-05
12200,7.0703434e-05
12444,7.349504e-05
12653,8.0126e-05
253,7.558023e-05
359,7.965096e-05
1389,7.854044e-05
1608,8.4087995e-05
2222,7.530084e-05
2902,7.19927e-05
2916,7.691257e-05
3778,7.349285e-05
4658,7.8645404e-05
5485,7.202226e-05
6251,7.8664074e-05
7167,7.81367e-05
8260,7.900547e-05
9310,7.3072646e-05
9650,6.783505e-05
9742,7.4554264e-05
10318,6.5078275e-05
10483,7.732448e-05
11524,7.566514e-05
11554,6.916232e-05
11899,7.947712e-05
12123,7.317515e-05
12296,7.1234375e-05
13247,8.604052e-05
14170,7.436377e-05
17843,8.364472e-05
874,7.751639e-05
2301,7.82023e-05
2501,7.7453755e-05
2988,7.082902e-05
3885,7.217343e-05
4224,8.3499865e-05
6718,7.854062e-05
8882,7.5004355e-05
10305,6.951751e-05
10416,7.226932e-05
10799,7.120265e-05
11763,7.322712e-05
13222,7.7952616e-05
13264,8.245781e-05
14445,7.1868926e-05
19635,7.2006515e-05
555,8.72115e-05
612,7.168391e-05
676,8.371487e-05
688,6.985605e-05
1010,7.8791476e-05
1480,7.81365e-05
1727,7.3437535e-05
1888,7.2988696e-05
1896,8.215771e-05
2110,7.471456e-05
2197,7.811863e-05
2511,7.4557516e-05
2676,8.0902544e-05
3199,6.838887e-05
3431,7.197383e-05
3519,6.593491e-05
4050,7.999859e-05
5811,7.235082e-05
5839,7.235905e-05
5996,7.4419266e-05
6363,7.126733e-05
8480,7.131578e-05
8484,7.017603e-05
9473,7.260039e-05
9773,0.00014175194
11147,7.6595636e-05
11980,7.69389e-05
12192,7.107638e-05
12521,8.647196e-05
13470,8.3860985e-05
15822,7.1469294e-05
16308,7.360896e-05
16540,7.6542055e-05
240,7.8972706e-05
260,7.284586e-05
1527,7.68958e-05
3502,7.661331e-05
3918,7.454508e-05
4202,7.018283e-05
4308,7.7926714e-05
4987,6.9573995e-05
7644,7.466139e-05
7963,0.0001129976
9089,7.3035684e-05
10504,7.575934e-05
13993,7.594538e-05
292,7.232213e-05
1530,8.003491e-05
1630,7.931913e-05
1932,8.011671e-05
2147,7.35777e-05
2960,7.4944066e-05
3369,8.6095766e-05
3527,0.00010709233
5836,7.674575e-05
5941,8.1998194e-05
8061,7.5907024e-05
8400,7.0051625e-05
8606,8.57549e-05
8618,6.787536e-05
8711,7.0759146e-05
8766,7.977033e-05
9652,6.2695464e-05
10741,7.16713e-05
11784,7.6148775e-05
12203,6.321805e-05
18857,6.9427726e-05
1027,7.279462e-05
1978,7.4919546e-05
2939,7.062054e-05
2967,7.545507e-05
3580,7.3793155e-05
3617,8.367763e-05
4691,8.078071e-05
5804,7.5291966e-05
6671,7.378378e-05
7834,7.069598e-05
9110,6.9265e-05
9593,7.476916e-05
9807,6.931847e-05
10246,7.6303055e-05
12119,6.6370216e-05
15665,7.314988e-05
17759,6.85017e-05
17836,7.24743e-05
24,8.745796e-05
513,7.482154e-05
523,7.052036e-05
1433,7.3794145e-05
1617,7.480405e-05
2920,7.248865e-05
3000,6.9881506e-05
3052,7.209768e-05
3718,8.556804e-05
3761,7.294369e-05
4094,6.830197e-05
4977,7.046049e-05
5469,6.825614e-05
6344,8.405186e-05
7005,7.2762006e-05
7326,7.393051e-05
9056,6.9619615e-05
9322,7.979732e-05
9967,7.255934e-05
11020,6.810224e-05
11113,7.658324e-05
11830,6.580629e-05
11847,7.0667265e-05
14184,7.369573e-05
21852,6.677994e-05
204,8.9923684e-05
274,7.240594e-05
419,9.57944e-05
649,7.136623e-05
1003,7.26878e-05
1724,7.768636e-05
2021,7.321185e-05
2268,6.161199e-05
3534,7.07743e-05
4581,7.6337165e-05
4640,7.9213176e-05
5233,6.652194e-05
5288,6.834799e-05
5526,7.097049e-05
7371,6.978036e-05
8605,6.736202e-05
10516,6.867848e-05
10996,7.716806e-05
11037,7.1896764e-05
15797,7.126289e-05
15903,6.5834225e-05
18218,6.1589664e-05
18359,7.423558e-05
587,9.417074e-05
1376,6.9731876e-05
2380,6.8233654e-05
2570,7.684905e-05
2913,7.118908e-05
3208,7.1889845e-05
4495,7.09224e-05
5367,7.271684e-05
5786,7.825434e-05
6922,7.89006e-05
8861,6.585337e-05
9327,7.216731e-05
10032,6.922387e-05
10550,7.114878e-05
10685,6.854495e-05
12055,7.523428e-05
14077,7.576599e-05
14226,7.391481e-05
14412,7.347062e-05
17775,6.124753e-05
796,7.332705e-05
1018,8.111929e-05
1385,7.863053e-05
2131,9.4682226e-05
3445,7.4128206e-05
4110,6.7986235e-05
4735,7.414965e-05
4774,7.805858e-05
5832,7.205496e-05
5959,6.99996e-05
7087,6.949167e-05
7166,7.9547994e-05
7235,7.356571e-05
7268,7.900313e-05
8234,7.2552e-05
10004,6.948962e-05
11103,6.688949e-05
12510,7.287592e-05
13137,6.99122e-05
15973,7.4878226e-05
16060,8.2040024e-05
25393,8.142502e-05
2203,6.8879504e-05
3135,6.539383e-05
3695,6.141593e-05
4206,7.378335e-05
4442,7.000638e-05
4444,6.778829e-05
4484,7.843663e-05
5619,6.189655e-05
5727,7.124631e-05
8275,7.292642e-05
8485,7.1191964e-05
8593,6.949295e-05
9334,6.985273e-05
10627,7.107583e-05
13746,8.327693e-05
407,6.924322e-05
455,7.645875e-05
813,7.654301e-05
1406,8.120686e-05
1436,6.8943235e-05
1622,8.228271e-05
2307,6.802261e-05
3544,6.792486e-05
3550,8.0978876e-05
5555,6.830468e-05
6170,8.095746e-05
6870,6.4946755e-05
8397,7.9813086e-05
8802,6.898882e-05
9950,6.593735e-05
11815,6.115681e-05
12205,6.830874e-05
13217,7.2924595e-05
18916,6.696375e-05
382,6.646139e-05
545,7.534167e-05
931,6.8315145e-05
964,7.060147e-05
1042,7.63426e-05
2871,7.292748e-05
3441,6.0191e-05
4488,6.988534e-05
5409,7.7209756e-05
5600,6.63423e-05
5610,7.019959e-05
10227,7.5012395e-05
10347,6.7001645e-05
10874,7.462737e-05
18349,7.561607e-05
608,6.870419e-05
947,7.2604635e-05
1944,6.954849e-05
2105,8.17656e-05
2137,7.2095e-05
2590,7.85289e-05
3255,6.8605754e-05
3385,7.7276825e-05
3561,6.8714064e-05
3747,8.1017046e-05
3963,7.3476054e-05
4030,7.0637965e-05
6199,6.546243e-05
7260,7.480534e-05
7703,6.666849e-05
8318,7.346588e-05
8721,6.9336995e-05
9751,6.528446e-05
10536,7.0099246e-05
11320,7.3935866e-05
11473,6.882899e-05
12966,6.5617474e-05
13873,6.461279e-05
20004,6.920195e-05
25011,6.643046e-05
302,6.352157e-05
375,8.877713e-05
933,6.9822236e-05
1108,7.346532e-05
1422,7.216569e-05
2503,8.282691e-05
3515,6.524581e-05
4369,6.442429e-05
4619,6.395556e-05
4988,6.617472e-05
5028,6.615232e-05
6126,6.668833e-05
6681,6.767074e-05
7034,6.8353955e-05
8450,7.1654365e-05
10031,6.299051e-05
10257,6.3003856e-05
10847,6.678195e-05
11441,6.8865724e-05
11894,7.2641626e-05
12716,6.735099e-05
13000,6.606932e-05
32,6.7959016e-05
364,7.1506205e-05
396,8.3761064e-05
942,7.367441e-05
1482,6.736684e-05
1719,6.8473084e-05
1861,6.936221e-05
2087,6.9218404e-05
3450,6.872821e-05
3464,7.002101e-05
3491,6.0077535e-05
4130,6.887736e-05
4835,6.840845e-05
5493,7.344207e-05
6077,6.945152e-05
6213,6.826079e-05
6788,6.642382e-05
7002,6.927164e-05
7456,6.3483094e-05
7706,7.3061594e-05
7835,5.8547197e-05
7962,6.77779e-05
8993,7.277104e-05
9305,6.8922986e-05
10354,6.528266e-05
13872,6.3750515e-05
14520,6.727211e-05
23703,7.803419e-05
24862,6.8248315e-05
336,7.718819e-05
1015,7.114942e-05
1036,7.9060934e-05
1052,6.591274e-05
1627,8.917366e-05
1776,6.77661e-05
2372,6.71141e-05
2456,8.0401485e-05
2935,6.6068606e-05
2976,8.859271e-05
3291,6.830327e-05
3487,6.297405e-05
3742,7.4163356e-05
4725,6.999301e-05
5051,6.512357e-05
5243,6.763997e-05
5890,6.0828665e-05
6615,7.6590906e-05
6720,8.074386e-05
7192,6.3758496e-05
8358,7.18926e-05
8448,7.1023096e-05
8489,6.85851e-05
9370,6.664965e-05
10066,7.823021e-05
10665,7.913854e-05
11372,6.34136e-05
11538,6.4358894e-05
11865,5.9552476e-05
11965,7.064718e-05
12491,6.261763e-05
13759,5.756158e-05
15443,7.004758e-05
16407,8.267119e-05
318,7.7924415e-05
829,7.976197e-05
2849,7.935801e-05
3146,6.4285014e-05
3195,6.409868e-05
3693,6.65968e-05
4809,8.5001455e-05
4982,7.902992e-05
6913,6.405759e-05
7588,6.774776e-05
7620,6.737979e-05
8652,6.7421104e-05
8867,6.783064e-05
9074,6.810043e-05
9725,7.311343e-05
9846,6.694376e-05
10199,6.8148234e-05
10749,6.394347e-05
11100,7.472044e-05
11818,5.9438702e-05
13925,6.375936e-05
14784,6.2181854e-05
17793,7.4366646e-05
564,7.2482304e-05
724,6.839789e-05
836,7.8517754e-05
918,7.378172e-05
1458,7.360725e-05
1606,6.341739e-05
1856,6.840416e-05
2042,7.4608135e-05
2112,6.836314e-05
2235,7.652782e-05
2544,7.299808e-05
2851,6.634702e-05
2991,6.876409e-05
5586,7.346667e-05
5805,6.5308916e-05
5853,7.328078e-05
6294,7.621925e-05
6569,6.7659465e-05
6657,7.8413104e-05
7673,6.610123e-05
8378,6.881179e-05
8807,6.3654974e-05
8836,6.716918e-05
10203,6.783214e-05
10402,7.147744e-05
11723,6.8617206e-05
12204,6.2325984e-05
13534,7.127225e-05
16333,6.539312e-05
16820,6.4428445e-05
896,7.024575e-05
1022,7.371643e-05
1607,6.942787e-05
2495,6.539734e-05
2922,7.187859e-05
3748,7.117606e-05
4122,6.5451044e-05
4282,7.213594e-05
4316,6.691753e-05
5669,6.468125e-05
5742,5.844143e-05
6831,8.120194e-05
7269,6.801063e-05
7333,6.2244886e-05
7435,6.940542e-05
11109,6.552909e-05
11888,8.3076535e-05
13245,6.515651e-05
17756,7.0155875e-05
18284,6.900998e-05
25348,6.971737e-05
795,7.2275434e-05
1048,7.046932e-05
1062,7.552793e-05
1079,7.0947746e-05
1342,7.505981e-05
1434,7.954841e-05
2178,6.9036396e-05
3132,7.721651e-05
3395,6.361494e-05
3882,6.942008e-05
4000,8.771571e-05
4119,6.322951e-05
5071,6.65001e-05
7222,6.1263985e-05
7910,7.654456e-05
8303,6.530146e-05
8567,6.9108835e-05
9580,7.420213e-05
11039,6.831033e-05
12600,6.125477e-05
14026,5.7202164e-05
15200,6.823122e-05
365,8.208216e-05
733,6.733589e-05
941,7.1923576e-05
1465,8.433485e-05
1492,6.5390224e-05
1665,8.010012e-05
2357,0.00019033358
3016,8.2998726e-05
3316,6.626097e-05
3632,7.294395e-05
4120,6.702985e-05
5517,7.3587056e-05
7544,6.693666e-05
7731,7.931824e-05
8324,7.204417e-05
8447,6.814831e-05
9964,7.561977e-05
10806,6.421693e-05
10879,5.9540827e-05
11030,5.8139674e-05
12207,6.2589475e-05
12224,7.323094e-05
12255,6.624237e-05
12625,6.503871e-05
13143,6.7596135e-05
14415,6.508561e-05
15494,6.8023655e-05
25627,7.223409e-05
1672,7.7305536e-05
2126,6.357813e-05
2498,7.9689955e-05
3051,7.234898e-05
3553,6.5766e-05
3595,6.0574126e-05
4093,6.890421e-05
4653,6.57197e-05
6101,6.923588e-05
6445,6.611312e-05
8499,7.198984e-05
8581,6.59284e-05
9072,6.245395e-05
10333,5.9945618e-05
10365,6.20481e-05
10793,6.211798e-05
10845,6.298108e-05
10862,6.443967e-05
10995,6.828566e-05
11167,6.636849e-05
11175,7.7637495e-05
11976,6.589489e-05
13138,6.1010287e-05
14036,6.5424014e-05
17808,7.007324e-05
17849,6.292234e-05
23985,6.634285e-05
358,6.8785936e-05
1965,7.403949e-05
2610,6.574886e-05
2735,7.740798e-05
2781,6.349734e-05
3050,6.523349e-05
3293,6.818955e-05
3437,7.912722e-05
3473,6.0479193e-05
5052,6.5776505e-05
5982,6.764208e-05
6017,7.495199e-05
6049,6.655745e-05
6144,7.296367e-05
6557,6.632438e-05
7609,6.255008e-05
8477,6.26451e-05
10243,6.369455e-05
11773,6.2794075e-05
13136,6.792601e-05
13961,6.193726e-05
14381,7.004062e-05
14411,6.207738e-05
14832,6.0420476e-05
16486,7.86639e-05
679,6.3494226e-05
751,7.087436e-05
994,6.346918e-05
1855,6.4645246e-05
2438,7.411576e-05
2778,6.9187554e-05
3086,6.321362e-05
3766,6.596304e-05
4091,6.395168e-05
4499,6.305696e-05
4736,6.526966e-05
5074,6.123324e-05
6256,6.449924e-05
7830,6.594349e-05
8030,6.285082e-05
8356,6.157007e-05
10804,6.460295e-05
11230,7.434409e-05
12256,7.637714e-05
16073,7.2216746e-05
18045,6.6364955e-05
18112,6.547256e-05
18530,6.16484e-05
20245,6.5634325e-05
20306,0.00014003055
33,6.8904614e-05
175,6.537768e-05
330,6.48076e-05
1845,7.259295e-05
2119,6.675169e-05
2742,6.8887864e-05
3397,6.213221e-05
3874,6.496373e-05
6701,6.694851e-05
8019,5.9650036e-05
8103,6.1790175e-05
8177,6.3791056e-05
8671,6.571267e-05
8947,6.8096124e-05
9071,6.061634e-05
9315,6.22613e-05
9659,8.30591e-05
10056,7.4427415e-05
10922,6.792283e-05
10933,6.5262226e-05
11768,6.5617874e-05
12212,6.7637506e-05
12,6.3995685e-05
132,5.918486e-05
1507,6.276315e-05
1553,5.728184e-05
2242,6.183045e-05
2534,6.049881e-05
3570,7.579884e-05
4092,6.34172e-05
5081,6.295575e-05
5603,5.5128206e-05
5733,6.402166e-05
6779,6.427609e-05
8310,6.6695626e-05
8376,6.652423e-05
8726,6.48505e-05
8916,6.242424e-05
9705,7.1786795e-05
9810,5.919923e-05
11984,5.9363905e-05
12128,6.251811e-05
12680,6.387643e-05
14495,5.7209418e-05
15061,7.212832e-05
16081,6.730837e-05
16762,6.597847e-05
17769,5.6120327e-05
21834,7.6616954e-05
3,7.326159e-05
96,6.449907e-05
342,6.022046e-05
789,6.4358755e-05
1371,6.968167e-05
1643,7.413399e-05
2303,6.768803e-05
3575,7.295749e-05
3644,6.5200584e-05
4335,7.4893134e-05
4944,5.9109097e-05
5329,6.132962e-05
5711,6.434757e-05
6001,8.542225e-05
6102,6.524151e-05
6993,5.9414644e-05
7067,6.1553015e-05
7414,6.7295245e-05
7542,6.884993e-05
7997,6.777509e-05
8000,5.9451617e-05
8003,6.382556e-05
8520,5.9033257e-05
8708,6.1632556e-05
10008,6.424335e-05
10288,6.48452e-05
13363,6.225557e-05
14759,6.876483e-05
15498,7.2789226e-05
15931,6.4928725e-05
21523,7.379259e-05
23542,6.107762e-05
254,6.2801366e-05
376,6.587351e-05
448,6.559935e-05
873,6.0826147e-05
894,6.430225e-05
956,6.379851e-05
1053,6.441433e-05
1435,6.367631e-05
1447,6.776676e-05
1815,6.9562055e-05
2066,6.648668e-05
2159,6.2603154e-05
2900,6.287599e-05
3335,7.4290896e-05
4568,6.645883e-05
4750,6.144204e-05
4760,6.641602e-05
7197,6.679246e-05
8142,7.442538e-05
9094,6.006565e-05
10084,6.313605e-05
10482,6.390393e-05
11160,5.89372e-05
11694,6.41306e-05
12159,6.223889e-05
13122,6.922992e-05
13648,7.765037e-05
15743,5.8396967e-05
17250,5.3639982e-05
294,6.809129e-05
646,6.1623694e-05
932,0.00010199318
1025,6.0778126e-05
1086,6.2271734e-05
2004,7.1847135e-05
2966,7.346366e-05
3026,6.0381626e-05
3252,6.689142e-05
3259,6.298594e-05
3547,6.449602e-05
3589,6.995794e-05
3921,6.9795715e-05
4302,6.512394e-05
4755,7.1951144e-05
4847,6.1378734e-05
4861,6.5937595e-05
5399,6.5293134e-05
5928,5.9156402e-05
6528,5.9257338e-05
6593,6.2333624e-05
6936,6.554049e-05
8625,6.20354e-05
8733,6.2825115e-05
9644,6.0269245e-05
10353,5.670946e-05
10451,6.367589e-05
11725,6.255791e-05
13843,6.665835e-05
13974,5.873169e-05
14342,5.921399e-05
14756,6.770374e-05
15688,6.1026778e-05
15820,6.0985243e-05
16692,6.17637e-05
23548,5.675451e-05
14,6.072898e-05
51,6.8704336e-05
531,7.0739625e-05
651,9.5732146e-05
923,6.0190778e-05
1377,0.0001030299
1625,6.618026e-05
1828,7.6584525e-05
2089,6.6013235e-05
2791,5.9045393e-05
3091,5.9742786e-05
3880,6.228448e-05
4136,6.756689e-05
4733,6.0265043e-05
5283,6.7512956e-05
5667,5.842266e-05
6031,6.476145e-05
6040,7.304417e-05
6241,5.9926853e-05
6370,6.5196364e-05
7786,6.131714e-05
7838,6.488127e-05
8758,7.850314e-05
8841,6.268249e-05
9588,6.444714e-05
10283,6.872495e-05
11517,5.709909e-05
12149,5.7369936e-05
14130,6.0228114e-05
14177,8.322084e-05
15314,7.220732e-05
15809,5.9840288e-05
18059,6.373044e-05
18147,6.142091e-05
23715,7.329153e-05
26038,6.2408326e-05
487,7.8626545e-05
1063,0.00017063797
1089,7.31334e-05
1587,7.066279e-05
1616,6.959292e-05
1728,6.219161e-05
1799,6.548433e-05
1862,7.894281e-05
1866,6.0739934e-05
2023,5.9500744e-05
3038,6.2045925e-05
3623,6.427405e-05
3682,5.911687e-05
3705,7.6845055e-05
4067,6.731855e-05
4089,6.522341e-05
4535,6.303409e-05
4560,8.161386e-05
4641,6.488684e-05
5368,6.870353e-05
5645,7.980331e-05
6994,8.9650566e-05
8020,6.146059e-05
8284,6.112617e-05
8372,6.2978994e-05
8514,6.4244334e-05
8641,7.481027e-05
8692,6.289952e-05
9081,6.5220156e-05
9083,6.249393e-05
9088,6.158834e-05
9266,6.089736e-05
9298,5.7090558e-05
10007,6.803986e-05
10280,6.924711e-05
10920,6.4012216e-05
10926,6.558614e-05
11195,6.190187e-05
12373,5.942013e-05
12996,5.590934e-05
17847,6.869274e-05
19077,5.9074802e-05
25356,6.860311e-05
95,5.644365e-05
120,6.2045394e-05
775,6.0738566e-05
1095,5.9929655e-05
1621,6.248484e-05
1819,5.8290556e-05
2243,5.5159333e-05
2275,8.410418e-05
2538,6.2294326e-05
2867,5.9963673e-05
2973,6.435021e-05
3046,6.903311e-05
3194,5.67385e-05
3573,5.9536596e-05
4453,6.711912e-05
4632,5.9380578e-05
4895,6.340443e-05
5823,5.9292524e-05
6205,6.037422e-05
6797,6.401933e-05
8141,6.0624916e-05
8635,7.3146955e-05
8857,5.9994447e-05
9064,5.9068494e-05
9571,5.7178117e-05
9638,6.1363535e-05
10071,6.0040235e-05
10833,5.7727255e-05
10928,6.260343e-05
11129,7.350182e-05
11572,6.1431856e-05
12715,5.8245685e-05
13881,5.7044675e-05
14552,5.6989637e-05
15086,0.00063161284
15243,6.8910915e-05
15361,6.8861715e-05
18152,6.420444e-05
18233,6.727698e-05
21714,6.833296e-05
831,7.729807e-05
1345,5.977606e-05
2175,6.801831e-05
2652,7.2653274e-05
3659,6.1937244e-05
3737,6.106423e-05
3904,5.928491e-05
4510,5.8025355e-05
4551,6.168561e-05
4940,5.8923863e-05
5207,6.0542025e-05
5328,5.8906746e-05
5371,6.397867e-05
7384,7.197063e-05
7647,5.9385264e-05
7811,6.703633e-05
8901,7.1698756e-05
9293,6.7725785e-05
9483,6.251816e-05
10360,5.5860197e-05
12033,6.615027e-05
12126,5.9076134e-05
12398,6.5300526e-05
13886,7.4012256e-05
14451,5.6930767e-05
18663,8.113893e-05
25390,6.3130654e-05
575,6.745488e-05
579,6.312841e-05
1723,6.0768496e-05
2018,5.94428e-05
2074,6.3641186e-05
2094,5.8210793e-05
3755,6.368167e-05
3862,6.652356e-05
4351,6.214935e-05
4721,6.075379e-05
4897,5.950368e-05
4978,6.049914e-05
5053,6.2771636e-05
5507,6.206674e-05
7413,6.645357e-05
7697,6.086001e-05
7801,7.016488e-05
8190,6.2638996e-05
8478,6.325063e-05
8598,6.34327e-05
8768,6.26804e-05
9848,7.341339e-05
10336,5.1946874e-05
10349,5.798e-05
10718,5.7889232e-05
11298,7.112346e-05
11512,5.954111e-05
12183,6.1613115e-05
12254,6.169252e-05
12526,6.156395e-05
13207,6.422748e-05
13748,5.73743e-05
14162,5.677506e-05
14809,6.187131e-05
16514,7.690884e-05
16959,6.463278e-05
20347,6.266254e-05
24335,6.093556e-05
148,6.1725856e-05
194,6.090699e-05
209,7.454809e-05
1623,5.878321e-05
1693,6.577025e-05
1971,6.651988e-05
2044,7.4014286e-05
2247,6.4540785e-05
2749,6.050551e-05
3048,6.1641884e-05
3089,6.621581e-05
3122,6.9941336e-05
3569,6.055548e-05
3606,7.442536e-05
3964,5.8626745e-05
5026,6.2430525e-05
5886,5.9641126e-05
6054,5.9948467e-05
6404,6.798887e-05
6673,5.6586225e-05
6698,7.723349e-05
6932,6.2530686e-05
6974,5.68321e-05
7466,6.135613e-05
7667,7.1067814e-05
7734,5.6147168e-05
8112,6.364031e-05
8233,6.3446714e-05
8418,6.2850195e-05
8554,6.33966e-05
8998,6.13168e-05
9632,6.0363796e-05
12337,5.9022426e-05
13090,5.783874e-05
14920,5.3900607e-05
17931,5.7009685e-05
18012,6.402828e-05
18258,5.2767697e-05
20433,5.6029967e-05
53,7.088754e-05
506,5.48283e-05
640,7.0610506e-05
927,6.690774e-05
928,6.597737e-05
1512,5.8348905e-05
1612,5.8969446e-05
2663,5.950173e-05
3100,5.519397e-05
3556,6.808844e-05
4878,6.0877064e-05
5286,6.578848e-05
6312,6.5394175e-05
7145,5.8310216e-05
7337,5.8759855e-05
7365,5.7400175e-05
7576,6.77662e-05
8232,7.4650685e-05
8927,7.105478e-05
9695,5.8101818e-05
9714,5.7676043e-05
10042,6.2685285e-05
10418,6.1785846e-05
11399,5.4219774e-05
13106,5.4598328e-05
14517,6.366492e-05
14528,6.0704e-05
15415,6.2063424e-05
16709,6.593411e-05
18067,7.016916e-05
34,5.7117537e-05
971,6.307997e-05
1091,5.94366e-05
1558,6.540217e-05
1595,5.684073e-05
2687,6.283751e-05
2969,6.316136e-05
3443,6.1530656e-05
4804,7.646183e-05
5719,6.733618e-05
5725,6.019861e-05
6577,6.0003676e-05
6780,6.140928e-05
6789,6.315966e-05
8556,7.616456e-05
8621,7.1707735e-05
9100,5.9190123e-05
9415,6.395426e-05
9698,5.5907047e-05
9699,5.747897e-05
9824,5.7573452e-05
10378,6.0768944e-05
11158,5.875862e-05
12980,5.7196303e-05
13530,5.891092e-05
14055,5.5961696e-05
16475,6.496327e-05
17243,5.361387e-05
18438,6.294364e-05
20143,6.288063e-05
26992,5.973044e-05
301,6.8661146e-05
514,6.1027364e-05
725,5.5048167e-05
1566,5.770195e-05
1744,7.077375e-05
2557,6.7719266e-05
3456,5.6520883e-05
3928,6.7123285e-05
4340,6.111122e-05
4497,5.9637943e-05
5256,7.312718e-05
6371,5.874783e-05
7029,6.416932e-05
7693,6.428384e-05
8370,6.3051135e-05
8475,5.5352713e-05
8981,6.2005885e-05
9775,6.111077e-05
10621,6.045694e-05
10642,5.529549e-05
10789,6.328649e-05
12035,5.955511e-05
12135,6.916363e-05
12208,5.8464942e-05
12375,6.81734e-05
14017,5.2215746e-05
14044,6.765323e-05
15330,6.516291e-05
15564,5.7865705e-05
16944,5.095952e-05
17991,5.7864858e-05
18034,6.782232e-05
19084,5.9986647e-05
19479,5.5692773e-05
454,6.0678576e-05
569,6.862794e-05
1380,5.9163413e-05
2279,5.7732494e-05
2319,5.9792983e-05
3045,5.6752568e-05
3690,5.9044964e-05
3996,5.5810862e-05
4033,6.3899075e-05
4339,5.3883796e-05
4452,7.110571e-05
4456,5.868687e-05
4533,6.488833e-05
5336,5.6075085e-05
5396,5.7293888e-05
5508,6.076508e-05
5681,6.053457e-05
5807,5.6895624e-05
6543,5.9950064e-05
6676,7.00025e-05
6699,6.813853e-05
7061,5.9091803e-05
7215,5.8551683e-05
7488,5.945712e-05
7573,6.0114144e-05
9068,5.5603134e-05
9494,5.4130116e-05
9686,5.7240235e-05
10048,6.0217477e-05
10329,5.0918126e-05
10501,6.7160494e-05
10670,5.5993143e-05
11099,5.3574586e-05
11508,6.110614e-05
11617,5.9368183e-05
11856,5.9739275e-05
12349,6.0902577e-05
12979,5.3150838e-05
13938,6.2035804e-05
14513,5.4399978e-05
15283,6.207959e-05
15421,5.5471253e-05
15458,5.9141465e-05
20187,5.9500915e-05
1343,5.9722748e-05
1368,5.8382484e-05
1726,5.9548933e-05
1945,6.932762e-05
3692,6.250376e-05
3775,6.284224e-05
4793,5.9660502e-05
5076,5.9817226e-05
5125,5.5023862e-05
5363,5.694334e-05
5377,5.9707745e-05
6079,6.365735e-05
6231,6.196487e-05
7207,5.033396e-05
8258,5.6467732e-05
9060,5.665422e-05
9374,5.5183136e-05
9889,5.571734e-05
10314,5.2416694e-05
10346,5.2640502e-05
10563,5.9609112e-05
11915,5.6936296e-05
12372,5.8659356e-05
12622,5.779174e-05
12693,5.6748428e-05
13101,6.0083803e-05
13591,5.8213544e-05
13642,6.380131e-05
13864,5.5001234e-05
14204,5.5664637e-05
17840,6.5226675e-05
20357,5.2198036e-05
126,6.253492e-05
134,5.7561796e-05
223,7.1267175e-05
341,5.8972477e-05
606,5.910245e-05
673,6.74689e-05
1565,5.889913e-05
1811,5.979129e-05
2323,6.112714e-05
3486,6.257639e-05
3611,5.8026304e-05
3640,6.8450914e-05
4757,6.221585e-05
5273,6.546843e-05
5315,6.099483e-05
5388,5.6922967e-05
5505,5.4112104e-05
6135,5.885374e-05
6434,5.6623932e-05
7605,5.6034885e-05
7915,5.4734417e-05
8063,5.4380704e-05
8479,5.8163612e-05
8568,5.427272e-05
8613,6.4313674e-05
9291,6.331385e-05
9549,5.38842e-05
9636,5.6635894e-05
9731,5.8120288e-05
9975,5.7377994e-05
10565,5.7328944e-05
10826,5.904022e-05
10940,5.9780377e-05
10953,6.690156e-05
11101,5.5879464e-05
11510,5.6073422e-05
11766,6.0172686e-05
12215,5.3224627e-05
13114,6.2831845e-05
13285,5.942752e-05
13290,5.6328216e-05
13606,6.7747096e-05
15460,5.65387e-05
15815,5.5724857e-05
18232,5.424222e-05
18963,5.806298e-05
144,6.290384e-05
471,6.083876e-05
871,6.325258e-05
1028,6.828222e-05
1392,6.651229e-05
1493,5.739202e-05
3452,5.409935e-05
3771,5.60798e-05
4116,5.09548e-05
4439,6.605369e-05
4635,5.785814e-05
5845,6.5202024e-05
5847,5.7705423e-05
6298,5.952999e-05
6943,5.696068e-05
7139,6.009475e-05
8107,6.670413e-05
8113,5.1258627e-05
8628,6.37451e-05
9737,5.67987e-05
10231,5.5452245e-05
10564,5.8184545e-05
11091,5.9398346e-05
11276,5.3588956e-05
11691,5.6528253e-05
11993,5.8532794e-05
13033,6.617858e-05
13133,6.2570725e-05
13442,5.6378103e-05
13699,6.8555026e-05
13905,4.9412673e-05
14225,5.8129357e-05
14231,5.2935706e-05
14952,6.350995e-05
15436,5.5608125e-05
16520,6.506699e-05
1055,6.757032e-05
1548,5.846072e-05
1867,5.5750475e-05
2050,5.8837762e-05
2302,6.7978704e-05
2657,6.8053865e-05
3277,5.8956255e-05
3298,6.502177e-05
3366,5.9957645e-05
3392,6.105598e-05
3886,5.6140874e-05
3907,5.818669e-05
4754,6.057384e-05
4924,5.5229026e-05
5330,7.187347e-05
5403,5.8325204e-05
5795,6.191417e-05
6078,5.8508933e-05
6134,6.175361e-05
6190,7.1105715e-05
6303,6.1825864e-05
6509,6.567467e-05
7382,7.0415714e-05
7427,6.447658e-05
7546,5.9066282e-05
8302,6.1338884e-05
8433,5.9149657e-05
9282,5.94495e-05
9654,5.006336e-05
10494,5.7683537e-05
11979,5.838577e-05
13885,5.8444162e-05
14131,5.775497e-05
14990,6.393834e-05
15089,6.2325664e-05
17178,6.272991e-05
17790,5.3603784e-05
17872,6.350969e-05
18110,6.730227e-05
18225,5.9128477e-05
25355,6.498966e-05
876,6.270195e-05
879,5.7486573e-05
1526,6.263892e-05
1697,5.994815e-05
2249,5.7728765e-05
2364,6.314237e-05
3234,5.7894926e-05
4840,5.738863e-05
5851,5.7790585e-05
6937,5.9828613e-05
8108,5.9305963e-05
8609,5.6583413e-05
8684,7.0272305e-05
10089,5.5921948e-05
10295,5.313792e-05
11023,5.9213053e-05
14110,5.415776e-05
14466,6.0887847e-05
15947,6.561093e-05
16685,6.6996756e-05
16961,7.405144e-05
18830,5.7871617e-05
507,6.940219e-05
516,5.8802885e-05
605,6.250091e-05
782,5.5422064e-05
1081,5.7540306e-05
2402,5.938393e-05
2423,5.557615e-05
3248,6.734165e-05
4037,6.770883e-05
4082,5.9583697e-05
4411,7.026462e-05
4638,5.610525e-05
5969,7.229032e-05
7116,5.554152e-05
8533,5.5974167e-05
8611,7.161984e-05
9553,5.5502875e-05
10693,5.8326197e-05
10915,5.7393787e-05
11783,5.557029e-05
13212,5.782232e-05
13587,5.269921e-05
13959,5.0887236e-05
14740,6.202549e-05
14853,5.820505e-05
15987,6.2313615e-05
16406,6.420281e-05
765,5.32941e-05
1777,5.7155226e-05
1968,5.613456e-05
2918,5.5833207e-05
2993,5.750141e-05
3047,5.4595526e-05
3620,6.359114e-05
3986,6.0357655e-05
4051,6.0432667e-05
4056,5.9288985e-05
4090,5.659729e-05
4231,5.880326e-05
4995,6.560741e-05
5346,5.5449364e-05
5365,5.781003e-05
5414,5.5103228e-05
5554,5.9767735e-05
5621,5.5712393e-05
5623,6.151067e-05
6279,5.1359377e-05
6472,6.0670074e-05
7460,5.9167047e-05
8268,5.487903e-05
8595,6.130453e-05
8610,5.3662247e-05
8907,5.633674e-05
9540,5.9427643e-05
10839,5.238864e-05
10925,5.075978e-05
11716,5.789361e-05
12174,5.6110464e-05
12258,5.7467587e-05
13266,5.9955062e-05
13372,5.7959733e-05
13921,6.2336854e-05
15553,5.177874e-05
711,5.6656114e-05
783,6.345036e-05
1109,5.660161e-05
1393,5.6721474e-05
2016,5.544793e-05
2146,6.079611e-05
2483,6.0966828e-05
2777,5.784665e-05
2933,5.635767e-05
3846,6.164653e-05
4053,5.6708344e-05
4438,0.00020704584
6716,6.5518376e-05
6802,6.1216975e-05
8382,5.7215926e-05
8426,5.5970166e-05
8732,5.233742e-05
8830,5.7326324e-05
9093,6.09871e-05
9915,6.730914e-05
10294,5.2770534e-05
10756,5.5135835e-05
11354,5.382814e-05
12074,5.589894e-05
12634,5.570044e-05
13436,5.2676914e-05
13438,5.5425233e-05
13865,5.452992e-05
16062,6.773975e-05
17079,5.4909404e-05
20252,5.704062e-05
439,5.3284188e-05
544,5.9812395e-05
661,6.941506e-05
1795,6.282373e-05
1964,5.7991056e-05
2467,5.916138e-05
2524,5.8277823e-05
2709,6.4973334e-05
3646,5.4138727e-05
3949,5.596326e-05
4153,8.210842e-05
4792,5.485438e-05
5304,5.854623e-05
5860,5.3830918e-05
7238,5.7512145e-05
7619,6.0216684e-05
8135,5.9745777e-05
8476,5.5672055e-05
8557,5.4016666e-05
9087,5.3279306e-05
9434,5.9251422e-05
10279,5.3580756e-05
10878,5.6003657e-05
11212,4.8981343e-05
11301,5.7476576e-05
12058,5.6752204e-05
12276,5.419306e-05
12812,5.4446937e-05
13866,5.8707905e-05
13960,5.8395475e-05
15017,5.894254e-05
16508,6.741661e-05
20078,5.4228105e-05
63,6.9309535e-05
78,5.929559e-05
312,5.6400346e-05
542,5.617489e-05
1483,5.4887285e-05
2138,5.7930647e-05
2256,6.481573e-05
2892,6.5004526e-05
2972,5.3416836e-05
3266,5.5996534e-05
3993,5.7348916e-05
4084,5.462499e-05
4357,4.995034e-05
4753,5.6170422e-05
5173,5.305657e-05
5316,5.6037745e-05
5584,5.7618006e-05
6399,5.9954014e-05
6642,6.076396e-05
7052,5.5903423e-05
7190,7.905332e-05
7754,5.0875788e-05
8034,6.3344894e-05
8571,5.4272175e-05
8777,5.9835173e-05
9033,5.451704e-05
9264,5.3347576e-05
9390,5.612796e-05
9853,5.4117198e-05
12257,5.627727e-05
12640,5.4511223e-05
12919,5.2778552e-05
13986,5.1674437e-05
15252,5.425592e-05
15351,5.7824444e-05
16046,5.7023975e-05
391,5.9327293e-05
613,5.185594e-05
983,6.931483e-05
1471,6.062115e-05
1652,5.812877e-05
2400,5.4410033e-05
2780,5.4433687e-05
3081,5.423821e-05
3261,5.8131896e-05
3337,5.5412154e-05
4133,6.1562365e-05
4216,5.5679524e-05
4333,5.8444613e-05
4853,5.63723e-05
4899,5.5560522e-05
5430,5.1827126e-05
5771,5.1697316e-05
5966,5.4194094e-05
7076,5.4121563e-05
7824,5.256909e-05
8311,6.1605846e-05
9085,5.5412744e-05
9109,5.1841813e-05
9393,5.645558e-05
9432,6.0064885e-05
9719,5.193094e-05
9804,5.383241e-05
10440,5.9452155e-05
10678,5.6086672e-05
11707,5.700138e-05
11967,5.5750083e-05
12198,5.946195e-05
12300,4.9863687e-05
13298,5.459096e-05
13957,5.5727007e-05
15719,5.282781e-05
15731,6.0334045e-05
15799,5.5423952e-05
16851,4.9353075e-05
17800,5.883893e-05
18317,5.5715558e-05
81,6.2550185e-05
451,0.00028483247
528,5.9861435e-05
897,5.381185e-05
1954,5.8486985e-05
1975,6.106885e-05
2466,6.383356e-05
2668,6.264844e-05
3600,5.0403352e-05
4328,5.600258e-05
4732,6.054854e-05
6020,5.5943958e-05
7000,6.5088105e-05
8424,5.2546646e-05
9860,5.4919845e-05
10851,5.3842497e-05
11756,5.2675852e-05
11814,6.1624305e-05
11875,5.757922e-05
12140,5.64551e-05
12189,5.1481435e-05
12196,5.2013023e-05
12201,5.028143e-05
12261,6.154427e-05
12982,5.640016e-05
13056,6.403554e-05
13356,4.9706898e-05
13496,5.4693315e-05
13880,5.6995486e-05
16966,5.582594e-05
18111,5.8444293e-05
18165,5.9800237e-05
61,5.6559766e-05
73,6.107382e-05
510,6.18579e-05
517,6.100176e-05
864,5.490913e-05
1054,6.0916485e-05
1136,5.9958624e-05
1369,6.0666956e-05
2553,5.8597077e-05
2917,5.4573247e-05
3130,5.1700597e-05
5350,5.503431e-05
6310,6.0209208e-05
8110,6.428738e-05
8545,5.0521034e-05
8660,5.1777773e-05
9292,5.4634154e-05
9953,5.1055362e-05
10022,5.491639e-05
10082,5.983273e-05
10259,5.5644043e-05
10938,5.68128e-05
11944,5.424642e-05
15567,5.6199897e-05
197,5.6396428e-05
284,5.6821125e-05
497,5.6426165e-05
2059,5.6035027e-05
2117,5.398276e-05
2212,5.619895e-05
2962,5.5480385e-05
2983,6.26909e-05
4014,5.5038618e-05
5095,5.363724e-05
5106,5.4899047e-05
5442,6.344817e-05
5782,5.516868e-05
6030,5.593636e-05
6566,5.4022814e-05
8346,5.171566e-05
9715,5.1952196e-05
9959,4.7590598e-05
11134,5.724524e-05
11368,5.0717914e-05
12536,5.8710953e-05
12642,5.4065735e-05
13744,5.114791e-05
13879,5.4227727e-05
14061,5.0515504e-05
14176,6.0045193e-05
14304,5.217896e-05
14523,5.1251904e-05
15825,5.2194046e-05
16843,5.7793284e-05
17805,5.9411737e-05
18128,5.692124e-05
18281,5.544255e-05
20182,5.825505e-05
21536,5.5027507e-05
370,4.960763e-05
833,5.729595e-05
1487,6.258775e-05
1550,5.5828677e-05
1873,6.63904e-05
2058,5.923971e-05
2116,5.1632982e-05
3058,5.2041483e-05
3151,5.1456744e-05
3292,5.3909083e-05
3691,5.2979587e-05
4523,5.7596655e-05
4711,6.96389e-05
4759,5.24558e-05
6162,5.4728225e-05
6202,5.058324e-05
6496,5.408541e-05
7322,4.869364e-05
7966,5.4193573e-05
8374,5.908143e-05
8441,5.6340366e-05
8647,5.309378e-05
8689,5.3476946e-05
8720,5.5018398e-05
8975,4.995276e-05
9365,5.365125e-05
9921,5.299217e-05
10323,4.4904875e-05
10601,4.6359375e-05
11145,5.1755567e-05
11982,5.260216e-05
12044,5.3132146e-05
12923,5.4747237e-05
13788,4.7880712e-05
15906,6.1409046e-05
16731,6.1350365e-05
17062,5.500199e-05
17839,5.2678195e-05
17910,5.046576e-05
17996,5.2061172e-05
18077,5.3210515e-05
20992,8.221142e-05
25318,5.279552e-05
72,5.5953948e-05
403,5.8274934e-05
568,5.5705827e-05
877,5.2053685e-05
936,5.6027635e-05
1088,5.039835e-05
1551,7.657308e-05
2104,6.0804836e-05
2177,5.220274e-05
2407,4.9916973e-05
2484,6.112122e-05
2860,5.0598304e-05
3200,5.6511537e-05
3803,5.448914e-05
4384,7.036153e-05
4904,5.2337098e-05
5543,6.3125786e-05
5784,5.9039066e-05
6010,5.0889088e-05
6722,5.4586308e-05
7018,5.4030796e-05
7284,5.7407382e-05
7558,4.86847e-05
7753,5.4639007e-05
7860,5.2378295e-05
8414,4.908077e-05
8675,6.2830455e-05
9455,5.6749413e-05
9968,4.7927213e-05
10980,5.164883e-05
11542,4.789674e-05
11595,4.9096474e-05
11821,5.0903433e-05
12122,6.01829e-05
12171,5.6440556e-05
13004,5.2427204e-05
13805,5.0851486e-05
14069,5.3225354e-05
14328,5.237511e-05
14686,5.2953565e-05
15005,5.300538e-05
15034,5.5934623e-05
15056,5.1454215e-05
15531,6.334904e-05
16784,5.252337e-05
17920,5.893412e-05
1113,4.9287322e-05
1695,5.4501805e-05
1755,8.705215e-05
1784,5.270778e-05
1890,5.757146e-05
2024,5.7610385e-05
2371,6.6824796e-05
3029,5.6207766e-05
3223,6.576615e-05
3451,4.7989783e-05
4022,6.570139e-05
4192,5.119735e-05
4346,5.9458638e-05
4654,6.461437e-05
4827,6.678548e-05
6955,5.9389142e-05
7184,5.3271215e-05
7524,6.0533734e-05
7551,5.4846365e-05
8329,4.9208047e-05
8705,5.3428157e-05
9634,5.078294e-05
10848,5.28723e-05
10857,4.628879e-05
13249,5.12203e-05
13539,4.982804e-05
14814,7.413821e-05
15500,5.343552e-05
15892,5.547145e-05
16907,5.9765e-05
113,5.3141855e-05
202,6.4819455e-05
538,5.07803e-05
669,5.475716e-05
852,5.5236647e-05
1124,5.1518182e-05
1125,5.9231752e-05
1378,5.069558e-05
1401,5.2683772e-05
1631,5.2934258e-05
1634,5.3969023e-05
1675,5.8202117e-05
1677,5.761767e-05
1703,5.12072e-05
1739,6.157611e-05
1800,5.338011e-05
2236,5.9371665e-05
2908,5.4830503e-05
3191,5.390364e-05
3355,5.186262e-05
4147,6.464234e-05
4169,5.4230062e-05
4211,5.653057e-05
5248,5.4414508e-05
5252,6.097702e-05
5428,5.7464782e-05
5616,5.1637267e-05
5680,5.2631978e-05
5953,5.6920213e-05
5955,5.9350674e-05
6609,5.089864e-05
6753,5.558321e-05
6984,5.9156126e-05
7355,5.6610286e-05
7930,5.2744985e-05
8395,5.2194424e-05
8474,5.025649e-05
9294,5.496386e-05
9656,5.7361933e-05
9740,5.005445e-05
9910,5.1888284e-05
9942,5.9995054e-05
10311,4.7914236e-05
10487,5.3301243e-05
10609,5.1644238e-05
11386,4.5338344e-05
12252,5.1613948e-05
13421,5.5647233e-05
13455,4.5624147e-05
13545,5.6514597e-05
13553,5.224331e-05
13904,6.574523e-05
14292,5.586259e-05
14303,6.0340477e-05
15466,5.5677036e-05
15636,5.264648e-05
16481,5.281657e-05
17875,5.6666944e-05
18398,5.3507974e-05
20278,5.4317872e-05
25409,5.4562366e-05
11,5.5924364e-05
785,6.051366e-05
989,5.8139096e-05
1348,4.9482216e-05
1358,5.253221e-05
2051,5.686355e-05
2223,5.435558e-05
2704,5.7977144e-05
2713,6.3942556e-05
2951,5.0696784e-05
2953,6.651824e-05
3276,5.1697803e-05
3304,5.0284645e-05
3455,5.0720973e-05
3629,5.5844605e-05
4767,5.080329e-05
5002,5.05289e-05
5098,0.0001713084
5432,5.285628e-05
5809,5.3509324e-05
5912,5.61392e-05
6680,5.8755817e-05
6688,4.97601e-05
7041,5.3793818e-05
7226,4.5930836e-05
7293,5.4806573e-05
8050,4.856427e-05
8585,5.141714e-05
8755,4.9937466e-05
9057,4.9215774e-05
9880,5.1607065e-05
10423,5.597787e-05
10689,5.2645475e-05
10733,4.6744073e-05
12268,5.084642e-05
12967,5.4261134e-05
13577,5.51821e-05
13871,5.495328e-05
14019,5.321162e-05
14700,4.9474875e-05
14767,4.502364e-05
16239,5.283569e-05
18668,5.2865194e-05
20299,5.6091525e-05
142,6.1273044e-05
1131,5.0685583e-05
1522,5.9843856e-05
2260,5.1422503e-05
2270,5.375041e-05
2595,5.0771872e-05
2604,4.9811402e-05
2744,5.0621762e-05
2766,5.011137e-05
2844,4.587006e-05
2930,5.2576266e-05
3537,5.542312e-05
3599,5.2736097e-05
4448,5.4639728e-05
5936,4.8990765e-05
5994,5.0155453e-05
6323,5.831282e-05
6912,5.3948843e-05
7270,5.3185813e-05
7500,5.3370928e-05
7548,5.1423533e-05
8109,5.0108385e-05
8363,4.916777e-05
8646,5.0353163e-05
8835,4.8821326e-05
8852,4.8889986e-05
9342,4.9669914e-05
9397,5.1655283e-05
9621,5.0407507e-05
9909,4.9943552e-05
9979,4.7375914e-05
10464,5.9166417e-05
11104,5.9292735e-05
11201,5.2995518e-05
13498,5.1163443e-05
14028,5.5782548e-05
14216,5.48367e-05
15588,5.1018193e-05
15899,5.1497103e-05
16446,5.818925e-05
20098,5.4734228e-05
20173,6.191325e-05
24343,4.4058084e-05
25903,4.943709e-05
38,5.3848617e-05
85,5.9562193e-05
593,5.280506e-05
1591,6.164907e-05
1609,5.5637312e-05
1887,5.1275554e-05
2199,5.3209413e-05
2318,6.19134e-05
2609,5.2851483e-05
3119,4.904151e-05
3158,4.4989996e-05
3551,5.592932e-05
3616,5.2890184e-05
3798,5.2391213e-05
4102,4.843882e-05
4222,5.268053e-05
4337,6.255866e-05
4502,5.6648183e-05
5000,4.4810025e-05
5091,5.0920848e-05
5960,5.4056836e-05
6214,5.3974105e-05
6282,5.5683377e-05
6330,5.256445e-05
6456,4.6619753e-05
6568,5.1723513e-05
6758,4.9141523e-05
7659,5.4928933e-05
7831,5.1428273e-05
8405,4.8543454e-05
8603,4.969177e-05
8959,5.4991462e-05
9063,5.0972107e-05
9341,5.0048504e-05
9590,4.90772e-05
10053,5.072655e-05
10357,4.5093144e-05
11262,4.8830298e-05
11515,4.9936112e-05
11555,4.6657355e-05
11712,5.1075862e-05
11810,5.2130283e-05
12009,5.750841e-05
13882,5.0718827e-05
13929,5.0032348e-05
15844,4.740401e-05
17225,5.2577972e-05
218,6.5254935e-05
572,6.1973085e-05
1806,5.175294e-05
1836,5.401912e-05
3469,5.4125347e-05
3969,5.5991313e-05
4399,4.8185568e-05
4538,5.4158623e-05
4773,6.0274055e-05
4973,4.9048016e-05
5063,5.419399e-05
5340,4.9442446e-05
5427,5.2718722e-05
5650,5.5913857e-05
5968,5.959423e-05
6212,5.5645596e-05
7242,5.259439e-05
7431,5.1602045e-05
7481,5.6573634e-05
7510,4.9588383e-05
8029,4.8645154e-05
8207,5.6000306e-05
8368,6.621803e-05
8592,5.3251068e-05
9373,4.834906e-05
9420,4.860008e-05
10513,5.3143023e-05
11128,5.845444e-05
11872,5.0966555e-05
12470,4.95615e-05
12509,5.103906e-05
12723,5.4281205e-05
14600,5.650714e-05
17895,5.0999122e-05
20183,4.501349e-05
20315,4.4575027e-05
23808,5.1510404e-05
1464,5.0552444e-05
1818,5.568587e-05
1863,5.3764987e-05
2065,4.9631046e-05
2136,4.280269e-05
2591,4.9453767e-05
2649,5.083627e-05
3346,4.826371e-05
3363,7.2108865e-05
3557,5.0257913e-05
5419,4.8380458e-05
5520,5.802842e-05
5781,5.0278417e-05
5896,4.7226487e-05
6141,5.031791e-05
6336,5.8970913e-05
6606,5.1101946e-05
7403,5.8648435e-05
7710,5.1396688e-05
7884,6.070308e-05
7887,5.1410694e-05
7986,5.0771156e-05
8496,5.215412e-05
8632,4.965336e-05
8727,5.0020015e-05
8785,5.3396077e-05
10574,5.3846677e-05
10592,5.4757358e-05
10660,4.9480037e-05
11290,4.9126436e-05
11692,5.233661e-05
11824,5.097431e-05
11988,5.1537485e-05
12193,4.7168705e-05
13440,5.0666673e-05
13906,4.767249e-05
15037,4.7640482e-05
15924,4.3435164e-05
16069,5.277552e-05
17086,5.0862378e-05
20348,4.614748e-05
153,5.0646024e-05
444,6.246823e-05
488,5.979824e-05
671,4.3492026e-05
791,4.9040907e-05
811,5.563242e-05
1007,5.2888507e-05
1721,0.000104601466
1841,5.2093994e-05
2227,5.276268e-05
2255,5.3343458e-05
3253,5.3828728e-05
3910,4.9362745e-05
4200,5.315071e-05
4696,5.0638322e-05
5306,5.0534334e-05
5528,4.8401816e-05
5977,5.0189366e-05
5978,5.947861e-05
6385,4.971488e-05
6778,4.8119055e-05
8220,5.2240837e-05
8451,4.577698e-05
8510,4.9731178e-05
8523,5.0702583e-05
8929,5.3533655e-05
10370,4.998105e-05
10803,5.7804893e-05
10837,5.1259267e-05
11448,4.800388e-05
14663,5.371173e-05
15853,5.2616477e-05
17844,5.4019667e-05
17916,4.907514e-05
18942,4.6287605e-05
20107,5.0520346e-05
22818,5.160111e-05
850,5.7754383e-05
1033,5.8253027e-05
1350,4.644455e-05
1579,6.1963714e-05
1974,5.4315806e-05
2278,4.980142e-05
2526,5.036481e-05
2593,5.351255e-05
3129,4.834724e-05
3389,4.9877686e-05
3744,8.456245e-05
4989,4.896509e-05
5360,4.8967024e-05
5492,4.6540325e-05
5585,5.183045e-05
7168,4.830635e-05
7716,5.2245843e-05
8377,5.1924402e-05
8399,5.1102317e-05
8589,4.746388e-05
8990,6.0265396e-05
10091,4.7739653e-05
10856,4.67039e-05
10877,4.704767e-05
11125,5.3044154e-05
11216,4.7081994e-05
11403,4.85853e-05
11455,4.737974e-05
12219,5.2422074e-05
12401,5.3204745e-05
13002,4.8549995e-05
13209,5.135404e-05
14016,5.2003626e-05
14047,4.5638906e-05
14808,5.4201468e-05
17924,5.5832796e-05
18585,7.264082e-05
23725,5.4607644e-05
635,4.831587e-05
675,0.00012991563
841,6.4486136e-05
1116,5.0677318e-05
1511,6.0643833e-05
1614,5.6933855e-05
1674,4.697151e-05
1829,5.1139396e-05
2489,5.3107447e-05
2567,5.054196e-05
2592,5.0737177e-05
2653,5.4992557e-05
2938,5.292594e-05
3462,4.766348e-05
3762,4.9007594e-05
4064,4.876413e-05
4348,4.9666924e-05
5380,4.8565526e-05
5694,4.954511e-05
5901,4.9406102e-05
6058,5.193521e-05
7474,4.6443158e-05
7537,4.94743e-05
8156,4.5651177e-05
8323,5.520493e-05
8531,4.3319567e-05
8986,5.1162824e-05
9911,4.9741502e-05
10230,4.7751542e-05
10746,4.852235e-05
12031,4.9125487e-05
12214,4.5425593e-05
12291,4.875497e-05
12570,5.252539e-05
13369,4.7942907e-05
14409,5.129728e-05
16793,4.7292157e-05
17251,5.2434e-05
17781,6.049435e-05
18049,5.4018987e-05
19153,4.435795e-05
23753,6.009213e-05
270,5.019216e-05
977,4.7520654e-05
1705,5.6154957e-05
1849,4.5572437e-05
2017,5.078777e-05
2382,5.5154265e-05
2393,4.950074e-05
2671,5.8924248e-05
3115,5.022219e-05
3279,4.604769e-05
3482,4.626802e-05
3997,4.71727e-05
4040,4.858344e-05
4069,4.8122412e-05
4449,5.513121e-05
5174,4.8587663e-05
5445,5.159011e-05
5728,5.6576653e-05
5790,5.4686152e-05
5922,5.1753002e-05
6005,5.5606026e-05
6237,4.8034035e-05
6752,4.9585084e-05
6961,5.0870723e-05
7279,5.0892526e-05
7442,5.8481794e-05
7768,4.7393773e-05
8253,4.7628375e-05
8614,4.5913206e-05
8627,4.6017332e-05
8656,5.603879e-05
8904,4.9498536e-05
9454,5.5803117e-05
10679,4.880398e-05
10787,4.8257014e-05
10830,4.8078262e-05
10871,4.7925427e-05
12289,4.8810973e-05
12422,4.9265604e-05
13030,5.05032e-05
13311,5.444064e-05
15011,4.8309088e-05
15775,4.87538e-05
16415,5.2435757e-05
17183,5.1659317e-05
20191,5.5952412e-05
24366,4.1733518e-05
13,5.0931365e-05
283,4.782806e-05
408,4.7443005e-05
882,5.5252916e-05
1059,5.2241776e-05
1082,4.9281112e-05
1099,4.6831286e-05
1450,5.3070587e-05
1517,7.358407e-05
2362,4.2285385e-05
2566,5.3290394e-05
3102,5.07158e-05
3159,5.2184383e-05
3217,4.7288675e-05
6450,5.144621e-05
6502,5.1299277e-05
6790,4.8651767e-05
7249,4.9378392e-05
7586,4.7823076e-05
8153,5.0298393e-05
9435,4.956075e-05
10219,4.851706e-05
10431,5.627204e-05
11973,5.1728115e-05
12029,4.8586375e-05
12182,4.676671e-05
12647,4.721291e-05
13085,4.9392107e-05
13238,4.6657744e-05
13600,4.432291e-05
13920,4.9258386e-05
14023,5.0624447e-05
14052,5.0930736e-05
14127,4.8646514e-05
15736,5.502937e-05
15746,4.809839e-05
16059,5.3261043e-05
16085,4.7409034e-05
17192,5.700208e-05
18083,4.9257906e-05
18169,4.8649654e-05
18320,5.007572e-05
18933,4.606552e-05
20057,5.3626514e-05
20366,4.7946167e-05
24743,4.902356e-05
64,4.639606e-05
75,5.2772913e-05
195,5.0699862e-05
468,5.4176846e-05
768,5.132352e-05
1934,5.2973635e-05
2251,4.904606e-05
2330,4.970288e-05
2473,4.924523e-05
2827,4.7354268e-05
2850,4.974334e-05
2887,4.6043184e-05
2987,5.077703e-05
3228,5.7467514e-05
3915,4.9343656e-05
5766,5.3309122e-05
6600,4.6737776e-05
7181,5.3128308e-05
7204,5.8375277e-05
7755,5.052342e-05
8007,5.064965e-05
8200,5.032742e-05
8509,4.3649015e-05
9398,4.8763395e-05
9522,5.3286287e-05
9973,4.4431632e-05
10198,5.384032e-05
10278,5.606951e-05
10543,4.8812115e-05
10724,5.554608e-05
10797,4.823378e-05
10930,4.7735408e-05
11851,4.4004824e-05
12305,4.8034366e-05
12432,4.48345e-05
12754,4.579225e-05
13487,4.8356913e-05
14673,4.4635774e-05
15417,5.004834e-05
16445,4.8966944e-05
16785,5.1164676e-05
16902,4.8377166e-05
17102,5.324776e-05
19615,4.1670406e-05
23770,4.7415888e-05
24415,4.6779583e-05
79,4.8778682e-05
435,4.5678375e-05
692,4.4818848e-05
815,4.862394e-05
901,5.7736645e-05
1375,5.7649126e-05
1437,4.803435e-05
1826,5.1898627e-05
1925,5.245764e-05
2230,4.6370922e-05
2409,4.6286303e-05
2411,4.856875e-05
2587,5.2011896e-05
2768,4.9726274e-05
2804,4.950093e-05
3124,4.528885e-05
3501,4.512833e-05
3714,4.8173068e-05
4103,5.443068e-05
4139,5.162406e-05
4457,4.6036894e-05
4584,4.856006e-05
4667,4.6488785e-05
4790,5.5615674e-05
4952,4.9918453e-05
5950,5.1910945e-05
6198,5.5901517e-05
6731,5.2455733e-05
7104,4.772716e-05
7825,4.5743975e-05
7861,4.1843814e-05
8543,4.5833614e-05
8552,5.0130096e-05
8739,4.606518e-05
8823,4.9683757e-05
8996,5.4259875e-05
9046,4.7721864e-05
9096,4.7379755e-05
9351,4.8248006e-05
9446,4.74386e-05
9812,5.1040737e-05
10009,4.7676323e-05
11011,5.098294e-05
11278,4.387115e-05
11419,4.4908724e-05
11556,4.6455672e-05
11761,4.8721085e-05
11825,5.233251e-05
12537,5.173387e-05
13807,4.6401594e-05
13987,4.2398315e-05
15358,5.6752142e-05
16048,4.9890914e-05
16375,4.4197517e-05
16848,5.420856e-05
18037,4.9601877e-05
18483,4.3128613e-05
20087,5.303953e-05
24073,4.0800645e-05
22,5.541268e-05
171,5.5209337e-05
604,4.8809976e-05
926,4.785143e-05
1441,4.7398782e-05
2118,4.5132765e-05
2237,4.9147053e-05
3639,4.569259e-05
3787,5.725644e-05
3859,6.347375e-05
4070,4.702726e-05
4072,4.5232387e-05
4073,4.563491e-05
4644,4.8288755e-05
4782,4.6838883e-05
5062,4.825158e-05
5307,4.542522e-05
5323,4.9540595e-05
5525,5.0385475e-05
5723,5.1186864e-05
5777,4.6423615e-05
6432,4.681161e-05
6586,4.9327733e-05
6807,4.769336e-05
6856,4.8889844e-05
6941,4.75419e-05
7277,5.09335e-05
7491,4.642838e-05
7595,4.7880752e-05
8314,4.325869e-05
8483,4.746773e-05
8701,4.586172e-05
8858,4.3835247e-05
9931,4.493047e-05
10196,5.4992634e-05
10710,4.2411768e-05
11382,5.4319476e-05
11440,4.7595066e-05
11722,5.2739386e-05
12053,5.2168907e-05
12315,4.978384e-05
12644,4.5391535e-05
13467,4.5093126e-05
13966,4.8078193e-05
14041,4.726655e-05
14152,4.8805945e-05
15810,4.8249247e-05
15819,4.6483863e-05
15946,5.5618442e-05
16671,5.3535157e-05
16727,4.7295092e-05
17853,4.870354e-05
19103,4.6650926e-05
21110,5.4666925e-05
24340,4.006816e-05
25367,4.6306614e-05
521,4.530399e-05
699,4.643182e-05
723,4.5210305e-05
878,5.4381962e-05
1582,4.7693644e-05
1658,6.597505e-05
1742,5.1453186e-05
2728,4.9009293e-05
2792,4.473319e-05
3492,4.561587e-05
3542,4.5360543e-05
3572,4.640631e-05
3627,5.3082098e-05
3823,4.3934073e-05
3840,4.7314184e-05
3932,6.401357e-05
4052,4.88204e-05
4075,4.723581e-05
4079,4.766568e-05
4752,5.4694894e-05
5196,4.4260934e-05
6067,5.1571158e-05
6277,4.7496025e-05
6381,4.1083804e-05
6582,4.9144248e-05
6777,4.7721114e-05
6806,5.2499345e-05
7285,4.7070862e-05
7325,5.0837374e-05
7490,5.601047e-05
7549,4.7286154e-05
8077,4.8108388e-05
8798,4.4632085e-05
8834,4.7073816e-05
8842,4.591655e-05
8906,4.530828e-05
8910,7.810641e-05
8952,4.6916437e-05
9042,4.4839227e-05
9676,5.09937e-05
9712,4.4663422e-05
9778,4.6326797e-05
9792,5.794064e-05
9982,5.0814677e-05
10486,5.195544e-05
10686,4.9717157e-05
11540,4.6851106e-05
11564,4.6237175e-05
11895,5.1164832e-05
11987,5.1786978e-05
12109,4.8545025e-05
13129,4.969936e-05
13329,4.3054628e-05
14004,4.7527905e-05
15247,5.2475276e-05
16305,4.3871827e-05
18215,4.9859045e-05
18219,4.5229914e-05
19017,5.738569e-05
20079,4.826803e-05
24365,4.099875e-05
140,4.8630696e-05
297,4.8762773e-05
1001,4.6898764e-05
1130,5.0292405e-05
1426,5.7737565e-05
1768,4.7038862e-05
1879,4.79241e-05
2020,4.6551457e-05
2724,4.627731e-05
3008,5.7215042e-05
3249,4.449053e-05
3287,4.557645e-05
3950,4.7577494e-05
4187,4.6127618e-05
4531,5.2070587e-05
4784,5.560732e-05
4946,4.892637e-05
5190,5.1732794e-05
5214,5.8266545e-05
5334,5.699865e-05
5874,4.6014015e-05
5880,6.45643e-05
5998,5.133816e-05
6422,8.520459e-05
6501,4.4632616e-05
6935,4.4125016e-05
7030,4.676279e-05
7805,4.4675977e-05
8163,6.438028e-05
8182,6.172487e-05
8403,4.8268965e-05
8529,4.8085458e-05
9058,4.5330074e-05
9480,4.2025025e-05
10093,4.532653e-05
10308,4.19798e-05
10393,4.7202804e-05
10616,4.4540822e-05
10725,4.5974695e-05
11028,5.0390674e-05
12016,4.852622e-05
12619,4.3578206e-05
14043,5.1774245e-05
15640,5.0365983e-05
18243,4.3793592e-05
20179,4.6689467e-05
24357,4.008983e-05
31,4.643816e-05
279,4.595075e-05
707,4.8064423e-05
814,5.012511e-05
839,5.2480485e-05
1996,4.7754253e-05
2041,4.5701254e-05
2554,4.644739e-05
2943,4.2148415e-05
3027,4.4139495e-05
4078,4.4952652e-05
4432,4.5568304e-05
4464,5.5268e-05
4512,6.7378096e-05
5004,4.2663007e-05
5162,4.988951e-05
5289,4.5509412e-05
5335,4.093978e-05
5889,5.2926447e-05
6328,5.2624055e-05
6439,5.000169e-05
6614,4.7639376e-05
7162,4.472739e-05
7350,5.447441e-05
7766,5.834367e-05
8470,4.3067343e-05
8650,4.7249276e-05
9001,6.577222e-05
9313,4.599121e-05
9349,4.3409884e-05
9529,5.723875e-05
9994,4.646709e-05
9996,4.380703e-05
10358,4.337392e-05
10452,4.8769754e-05
10553,4.6781013e-05
10821,4.7351605e-05
12099,4.702965e-05
12738,5.6331213e-05
13041,4.1591073e-05
13449,4.6714926e-05
13522,5.3512773e-05
13601,4.690425e-05
13899,4.533449e-05
14475,5.084122e-05
15804,3.995342e-05
15813,5.092761e-05
17255,4.1866864e-05
17825,5.1334908e-05
18064,5.197936e-05
23732,5.58622e-05
24353,3.9543836e-05
4,0.0001261506
257,4.732435e-05
543,4.9143175e-05
637,5.3317664e-05
1004,4.8499278e-05
1444,4.538148e-05
1656,4.7568632e-05
1884,4.6267327e-05
2113,5.4721328e-05
2341,4.6170855e-05
2718,5.367758e-05
3025,4.4689197e-05
3174,4.9461214e-05
3306,4.6458536e-05
3613,4.3694596e-05
3791,4.9982606e-05
4194,4.497221e-05
4364,5.5431534e-05
4956,5.0497307e-05
5393,4.642169e-05
5787,4.5626584e-05
6706,4.623907e-05
6759,5.207683e-05
6915,4.880166e-05
7004,4.6741796e-05
7390,4.622558e-05
7642,4.429868e-05
7714,4.257054e-05
7961,5.0148185e-05
8591,5.589115e-05
8760,4.4842454e-05
9406,5.3343225e-05
9606,4.8860915e-05
9916,4.8114638e-05
9969,4.6802415e-05
10077,4.8279286e-05
10222,4.2034782e-05
10425,4.280665e-05
10580,4.2770866e-05
11971,4.588253e-05
12744,4.627215e-05
14573,6.371827e-05
14589,4.6322486e-05
15307,5.3028234e-05
17125,4.6201396e-05
17264,4.500586e-05
18373,4.431588e-05
20248,4.5739398e-05
20979,5.1790383e-05
21103,3.9291772e-05
24878,4.983993e-05
108,6.86757e-05
231,4.569443e-05
648,4.6859368e-05
835,6.0111477e-05
1822,4.4627865e-05
1941,4.450338e-05
2052,4.8999973e-05
2200,4.6019595e-05
2374,4.8541264e-05
2389,4.6364337e-05
2462,4.226908e-05
2486,4.7984668e-05
2651,4.6910507e-05
2779,5.2322262e-05
3056,4.7526883e-05
3155,4.958776e-05
3240,4.485067e-05
3328,4.269188e-05
3581,4.1393378e-05
4320,4.5718516e-05
4474,4.756786e-05
4713,4.344289e-05
5285,4.7526435e-05
5503,4.56793e-05
5715,4.9643306e-05
5931,5.3798307e-05
7100,4.372524e-05
7671,5.0049566e-05
8091,4.9957966e-05
8463,4.4990724e-05
8481,4.2613563e-05
8840,4.403309e-05
8913,4.43449e-05
9030,4.4930337e-05
9041,4.706075e-05
10061,5.4118318e-05
10703,4.459661e-05
10760,5.1958606e-05
10906,4.313465e-05
10947,5.355754e-05
11042,4.4706794e-05
11087,4.6456735e-05
11157,5.1781084e-05
11181,4.8315458e-05
11199,4.6113208e-05
11764,6.6327484e-05
11828,4.5932138e-05
11936,4.5292843e-05
12030,4.4691184e-05
12157,4.7199926e-05
12505,5.252235e-05
12761,4.4268872e-05
13952,4.5741646e-05
14329,4.5211807e-05
14494,4.3897402e-05
15454,4.4530596e-05
15618,4.577809e-05
15923,3.9314044e-05
15940,5.392216e-05
16712,5.1516137e-05
18076,4.585208e-05
19091,4.238479e-05
20027,4.9201786e-05
20670,4.4822216e-05
24339,3.852212e-05
24361,4.0107152e-05
27137,4.043208e-05
483,4.972985e-05
567,5.081789e-05
767,4.6882593e-05
784,5.745118e-05
1083,4.6684945e-05
1346,4.813657e-05
1415,4.451455e-05
1448,4.9456787e-05
1489,4.75796e-05
1538,4.4876862e-05
1624,4.4726894e-05
2123,4.871164e-05
2135,4.4966197e-05
2607,4.754477e-05
2883,4.1794803e-05
3831,4.582292e-05
4074,4.363875e-05
4166,4.2616553e-05
4280,4.5768662e-05
4541,5.7851154e-05
4789,4.448693e-05
4807,4.734747e-05
4916,4.955348e-05
5015,4.3171836e-05
5296,4.667882e-05
5327,5.53672e-05
5559,4.7996004e-05
5869,4.6113302e-05
5893,4.4892113e-05
6401,4.4000382e-05
7345,4.7631373e-05
7654,4.761978e-05
8162,4.6829216e-05
8493,4.865841e-05
8549,4.0904386e-05
8709,4.4524597e-05
8820,4.971173e-05
8938,4.723141e-05
9095,4.3114407e-05
10356,5.0437215e-05
10380,4.799876e-05
10466,4.8707934e-05
11929,4.2654647e-05
11950,4.5856566e-05
13248,4.545272e-05
13893,4.6802546e-05
14998,5.156423e-05
15667,4.3770116e-05
15801,4.5265828e-05
15938,4.3036784e-05
16833,4.6000285e-05
17321,5.3384014e-05
18047,4.139372e-05
19525,4.9475828e-05
19815,3.9015395e-05
23530,4.3054686e-05
595,5.9770424e-05
958,4.960408e-05
984,4.6265923e-05
2926,4.822143e-05
3030,5.136635e-05
3041,5.02292e-05
3042,4.6474684e-05
3481,4.983622e-05
3484,4.3325774e-05
3702,4.579824e-05
4063,4.3448395e-05
4146,5.874721e-05
4150,4.7778496e-05
4636,4.7954054e-05
5457,4.621767e-05
5566,4.047416e-05
6356,4.7414534e-05
6754,4.606063e-05
7035,4.521026e-05
7138,4.261739e-05
8419,5.1222443e-05
8540,3.8408485e-05
8619,4.4064473e-05
9754,4.714085e-05
9816,4.7757545e-05
10509,4.6882822e-05
11058,4.3974105e-05
11259,4.4777415e-05
11951,4.7573925e-05
11954,4.2780048e-05
12280,4.651425e-05
12435,4.7271093e-05
12694,4.4639964e-05
13564,4.3265907e-05
13743,4.6905712e-05
14180,4.5838715e-05
15010,5.2598873e-05
15343,4.2348474e-05
15715,4.5350927e-05
16107,4.144289e-05
16465,4.151612e-05
16765,4.5303503e-05
17064,4.657026e-05
17968,4.53748e-05
17969,4.10925e-05
23719,4.976182e-05
24374,3.8106766e-05
25445,4.3353073e-05
267,4.7204947e-05
321,4.3401094e-05
1106,5.1283892e-05
1655,4.7088346e-05
1919,4.3053886e-05
2204,4.6283e-05
2349,4.5858902e-05
2487,4.2287767e-05
2502,5.9319922e-05
2788,5.056675e-05
3134,4.77138e-05
3391,4.4953304e-05
3457,4.4703353e-05
3545,4.3359913e-05
3855,4.173574e-05
4212,7.008476e-05
4407,5.0956976e-05
4583,4.212607e-05
5123,4.394572e-05
5255,4.859206e-05
5722,4.7162546e-05
6208,5.5459088e-05
7327,4.54467e-05
8092,4.198638e-05
8150,4.2113184e-05
8161,4.304995e-05
8364,4.6314755e-05
9036,4.345633e-05
10098,4.2730928e-05
10404,4.3781678e-05
10708,4.8024463e-05
10921,4.2739804e-05
11004,4.623594e-05
11461,4.5027184e-05
13983,4.395067e-05
14951,4.417391e-05
15411,4.428862e-05
17221,4.7734127e-05
17835,4.832008e-05
17932,4.806079e-05
18296,4.4035718e-05
24371,3.7420854e-05
349,4.8377406e-05
589,4.157496e-05
792,4.687703e-05
930,4.7117588e-05
1023,4.86259e-05
1050,4.3643526e-05
1547,4.3221517e-05
1774,4.586594e-05
1843,4.6284134e-05
2771,4.3768203e-05
3064,4.6138903e-05
3211,4.307086e-05
3622,5.3655487e-05
3878,4.3159223e-05
3936,4.3556603e-05
4209,4.6113524e-05
4697,5.4059492e-05
5516,4.370652e-05
5859,4.6173103e-05
5924,4.8039998e-05
6350,4.557943e-05
7267,4.432849e-05
7290,4.4346278e-05
8409,4.6442266e-05
8664,4.917589e-05
8888,4.4739034e-05
9281,4.252348e-05
9297,4.191009e-05
9703,4.2360818e-05
9783,4.1727224e-05
10519,4.0697727e-05
11018,4.6015055e-05
11055,4.556887e-05
11933,3.9329967e-05
12134,4.141676e-05
12750,4.773087e-05
13103,4.7722067e-05
13991,4.4222506e-05
15280,5.1633884e-05
15435,5.3189346e-05
15803,4.5301014e-05
16502,4.4024047e-05
18269,4.2951557e-05
19616,3.8170878e-05
19744,4.04818e-05
21746,3.8045124e-05
22797,3.965158e-05
24338,3.72358e-05
24342,3.7667098e-05
25552,4.3815402e-05
700,4.3753047e-05
823,4.1040075e-05
1352,5.0455827e-05
1474,5.699083e-05
1588,4.385051e-05
1898,4.6579666e-05
2134,5.1445713e-05
2702,5.1010422e-05
3746,5.5559005e-05
4329,4.265146e-05
4334,4.3954027e-05
4521,4.5973673e-05
4912,4.2393018e-05
5686,4.1282052e-05
5731,4.3227985e-05
6284,4.5229266e-05
6556,4.2267413e-05
6734,4.253127e-05
6796,4.1697887e-05
7239,5.2868956e-05
7313,4.1319254e-05
7727,5.120686e-05
8118,4.438216e-05
8301,4.034389e-05
8468,6.403211e-05
8559,4.3494678e-05
8563,4.5252433e-05
8818,6.013138e-05
10532,4.45014e-05
11265,3.739606e-05
11970,4.3066204e-05
12633,4.442192e-05
12909,4.1846062e-05
13124,4.2681466e-05
13304,4.1979867e-05
13459,3.7555415e-05
13944,3.83932e-05
14802,4.778176e-05
15796,4.3643136e-05
16931,4.415121e-05
17100,4.3306194e-05
18447,4.4825854e-05
24337,3.6820056e-05
580,4.5168694e-05
1117,4.368399e-05
1455,4.256299e-05
1611,4.7325335e-05
1805,4.7195757e-05
2160,4.3549044e-05
2422,4.336151e-05
3960,4.294512e-05
4193,4.153433e-05
4968,4.1357955e-05
5083,4.1393563e-05
5209,7.248557e-05
5454,3.889633e-05
5871,4.261988e-05
6028,4.7674614e-05
6293,4.129834e-05
6633,4.957078e-05
8157,4.457188e-05
8388,4.9563787e-05
8430,4.120256e-05
8464,4.0552375e-05
8738,4.3542394e-05
8817,4.1052408e-05
8933,4.988606e-05
9070,4.2944383e-05
9326,4.0759973e-05
9841,4.344515e-05
10059,4.7138135e-05
10080,4.2275817e-05
10969,4.26203e-05
11085,4.061823e-05
11234,5.002071e-05
11427,4.3249842e-05
11566,5.0487695e-05
11704,4.088193e-05
11804,3.7606325e-05
11843,4.3085805e-05
11886,7.156534e-05
12299,4.0517072e-05
14070,5.7384095e-05
14300,4.8041504e-05
15420,4.408522e-05
15624,4.5326007e-05
16067,5.5177472e-05
16988,4.9319646e-05
17096,4.0549472e-05
17950,4.711768e-05
17962,4.8148973e-05
18044,4.7163554e-05
18308,4.7174457e-05
21568,4.2187694e-05
23734,4.891681e-05
23736,4.71081e-05
23752,4.5945806e-05
26848,4.372694e-05
326,4.8232454e-05
473,4.3993234e-05
995,4.678023e-05
2001,4.4001623e-05
2075,4.064029e-05
2211,4.0162195e-05
2314,4.3921507e-05
2425,4.9377566e-05
2739,5.093247e-05
3308,4.0823797e-05
3356,4.385406e-05
3675,4.6607798e-05
4085,4.930624e-05
4347,4.66582e-05
4423,4.2312156e-05
4582,4.4863344e-05
4678,4.4525274e-05
5093,4.2325217e-05
5475,4.8225804e-05
5563,4.1040807e-05
5882,4.4452863e-05
5957,5.3135464e-05
6110,4.5712546e-05
6534,4.8154332e-05
6555,4.4703418e-05
7039,4.5405213e-05
7512,4.564046e-05
7514,4.6815097e-05
7597,4.583982e-05
8365,4.104682e-05
8659,5.065299e-05
8710,4.2222644e-05
8735,4.3394855e-05
8833,4.091841e-05
9460,4.3416352e-05
9784,4.4102966e-05
10229,4.275718e-05
10813,4.235444e-05
10927,4.0891606e-05
11021,3.813322e-05
11127,4.4478908e-05
13269,3.98887e-05
13777,4.3549764e-05
14313,4.6269528e-05
14852,4.8443122e-05
15057,4.3323682e-05
16556,4.841234e-05
17896,5.0433493e-05
18277,4.0586336e-05
18420,4.503791e-05
18451,4.253802e-05
21530,4.2974592e-05
24341,3.624725e-05
24358,3.677336e-05
310,4.4141245e-05
323,4.580657e-05
339,4.2323423e-05
639,4.5397755e-05
764,4.5475394e-05
889,4.97924e-05
1355,4.8414156e-05
1412,4.7248664e-05
1555,4.344942e-05
1940,4.353298e-05
2165,4.0926723e-05
2253,4.026216e-05
2477,4.1635423e-05
2509,4.4007305e-05
2638,4.484356e-05
2774,4.1660875e-05
3703,4.1736792e-05
3800,5.4630014e-05
3896,3.871416e-05
4012,4.8599228e-05
4045,4.4370172e-05
4221,4.469652e-05
5023,4.9685783e-05
5359,5.251879e-05
5906,4.3410448e-05
6094,4.2982087e-05
6459,4.38286e-05
6611,4.272817e-05
6939,4.305915e-05
7146,4.2318912e-05
7380,4.2619096e-05
7823,4.1181964e-05
7924,5.9907175e-05
8185,4.5930617e-05
8244,4.2810505e-05
8551,3.8431477e-05
8553,4.25801e-05
10785,4.439044e-05
10827,3.9652492e-05
11268,4.3109987e-05
11381,5.1316973e-05
12222,4.1379597e-05
12281,4.0107483e-05
12287,4.3442407e-05
12436,4.09884e-05
12764,4.2004744e-05
13654,4.593355e-05
14195,4.5102075e-05
14306,4.331251e-05
14733,4.266328e-05
15720,4.420449e-05
16710,4.6073015e-05
17922,4.1691514e-05
17984,4.6956244e-05
18210,4.519085e-05
18234,4.5903653e-05
18810,4.2619416e-05
21717,3.861983e-05
24387,3.6196674e-05
24389,3.5738507e-05
27130,4.5160166e-05
249,4.4824315e-05
394,4.6791436e-05
987,4.173754e-05
1995,4.7469417e-05
2267,4.2029264e-05
2398,4.327397e-05
2410,4.381364e-05
2882,4.628185e-05
3014,4.6444984e-05
3463,4.6199348e-05
3680,4.693934e-05
3711,4.136409e-05
3914,4.9259343e-05
4059,4.428869e-05
4336,5.0983832e-05
4522,4.5240668e-05
4608,4.090582e-05
4865,4.192996e-05
5014,4.0665094e-05
5043,4.5414075e-05
6508,4.1368025e-05
6516,4.2845262e-05
6561,4.320257e-05
7202,4.3257845e-05
7717,4.2233085e-05
8008,4.4280583e-05
8016,4.439796e-05
8099,5.0842893e-05
8313,4.171935e-05
8471,6.0469083e-05
8504,4.2221967e-05
8505,4.111791e-05
8622,4.0566578e-05
8731,4.8579437e-05
8989,4.9394053e-05
9048,4.689375e-05
9672,3.9495386e-05
9966,4.6723144e-05
10872,4.3681153e-05
11117,4.0327395e-05
12017,4.806481e-05
12989,4.614501e-05
13132,4.04449e-05
13950,3.98626e-05
13989,4.1389147e-05
14521,4.566562e-05
14636,4.0201616e-05
15365,4.3265016e-05
16693,4.3056414e-05
16877,4.2501582e-05
17683,4.095577e-05
18408,5.007034e-05
18661,3.8760656e-05
20984,4.776788e-05
23886,4.6800575e-05
24373,3.584983e-05
24381,3.6253514e-05
69,4.3363907e-05
165,4.6850386e-05
381,4.1772924e-05
480,4.3106116e-05
557,4.1971547e-05
1024,4.5611043e-05
1364,4.6165896e-05
1382,4.2901207e-05
1752,3.818312e-05
1760,3.869144e-05
2361,5.1934123e-05
2424,4.7477846e-05
2971,4.1827974e-05
2995,4.2690146e-05
3630,3.9609826e-05
3891,4.390582e-05
3905,4.1018116e-05
4489,4.1490217e-05
4887,4.621743e-05
5115,4.055904e-05
5121,4.0879004e-05
5249,4.18906e-05
6584,4.3339576e-05
6826,4.32377e-05
7008,4.0695995e-05
7092,4.545027e-05
7191,4.0323e-05
7459,4.183843e-05
7826,4.062918e-05
7889,4.3590644e-05
8125,4.257191e-05
8269,4.0904466e-05
8723,3.929577e-05
11156,4.4735993e-05
11631,5.0418595e-05
12060,4.105262e-05
12210,3.9718747e-05
12475,3.9984283e-05
12498,4.0765204e-05
12710,4.1395535e-05
12752,3.7570277e-05
13139,5.1062438e-05
14404,4.103952e-05
14927,4.4777495e-05
16436,4.155642e-05
16527,4.253308e-05
16557,4.5650595e-05
16821,4.1603464e-05
17810,4.074035e-05
17882,4.528676e-05
18481,4.025759e-05
18654,3.8899532e-05
19063,3.8447062e-05
23728,4.87469e-05
59,4.5012814e-05
311,4.1978565e-05
912,4.2083844e-05
1133,4.3449043e-05
1534,5.1086125e-05
2103,4.8834518e-05
3665,4.2366162e-05
4401,4.243674e-05
4771,4.056225e-05
5019,4.151388e-05
5149,4.1267158e-05
5193,4.422682e-05
5287,4.1585146e-05
5421,4.205411e-05
5877,7.037907e-05
6024,3.9818762e-05
6430,4.5864505e-05
6649,5.1058458e-05
6737,5.7239282e-05
7344,4.51525e-05
7664,4.1455358e-05
7940,4.2356165e-05
8353,5.046078e-05
8446,4.3270953e-05
8658,3.954945e-05
8848,4.102712e-05
8987,4.3869335e-05
9732,4.3427513e-05
10558,4.146592e-05
10568,4.345635e-05
10698,4.2358748e-05
10916,4.0479375e-05
11416,3.5491707e-05
11650,4.203248e-05
11771,4.229109e-05
12057,4.0416577e-05
12139,3.922404e-05
13371,4.6897403e-05
13633,4.6782843e-05
13842,4.076038e-05
13967,4.0457053e-05
14213,3.8869533e-05
17860,4.1900395e-05
18098,5.093724e-05
20298,4.2547093e-05
23694,4.4918714e-05
23695,4.4918714e-05
23696,4.4918714e-05
24345,3.5479767e-05
24386,3.595616e-05
45,4.5231558e-05
522,4.239258e-05
1503,4.1672265e-05
1892,4.63342e-05
1998,4.3113403e-05
2015,4.6811376e-05
2091,3.9395658e-05
2252,4.6493034e-05
2258,4.1588297e-05
2355,3.6579047e-05
2541,4.286282e-05
2551,4.8303686e-05
2677,4.3087e-05
3254,4.897968e-05
3372,3.8379854e-05
3493,9.112658e-05
3503,3.932095e-05
3673,4.3130873e-05
3947,5.653224e-05
4441,4.3667278e-05
5027,3.751995e-05
6019,4.078595e-05
6757,3.8576727e-05
6782,4.3632623e-05
8459,4.558337e-05
8960,4.4473003e-05
9418,3.7005644e-05
10535,4.4848028e-05
10662,3.8847473e-05
10823,4.1359533e-05
11192,4.7477864e-05
11223,4.0719606e-05
11413,3.9374536e-05
11443,4.3596192e-05
13092,4.2394102e-05
13099,4.168444e-05
13878,4.417606e-05
13979,4.266258e-05
14092,3.8949533e-05
14326,4.1074978e-05
14572,4.042947e-05
14803,4.2467986e-05
15814,4.1845167e-05
15861,4.882206e-05
16302,4.4208333e-05
16416,4.3911983e-05
16449,3.9281247e-05
16985,4.6609304e-05
17099,4.1011546e-05
17773,3.931809e-05
17829,4.558463e-05
18582,4.2159096e-05
23599,3.511567e-05
23742,5.237511e-05
23823,4.5938043e-05
24369,3.4973727e-05
25915,3.772281e-05
26692,3.7647016e-05
463,3.9943687e-05
1405,4.1193714e-05
1809,4.033413e-05
2019,3.875454e-05
2158,4.288245e-05
2333,3.7709207e-05
2419,3.8923703e-05
2775,3.99357e-05
2885,3.7697424e-05
3251,4.1117426e-05
3376,3.9046365e-05
3398,4.5477915e-05
3768,4.015415e-05
4176,4.201199e-05
4451,4.1331004e-05
4931,3.9365157e-05
5506,4.6548652e-05
5633,4.3647553e-05
5657,4.0492334e-05
6272,4.5000976e-05
6494,4.159683e-05
6529,4.415893e-05
6808,4.0644354e-05
7108,4.7197962e-05
7896,4.0230832e-05
9080,4.5986813e-05
9106,3.999829e-05
9356,3.723934e-05
9508,4.7537767e-05
9569,4.191434e-05
9702,4.3509135e-05
9720,4.163582e-05
9852,3.7843995e-05
10092,4.1523446e-05
10477,3.8317798e-05
10715,4.012037e-05
10795,3.9578583e-05
10966,4.3028234e-05
11033,4.2503958e-05
11695,3.8209193e-05
11859,4.4286066e-05
12170,3.888301e-05
13651,4.398194e-05
13918,3.828523e-05
13970,3.95892e-05
14169,4.2069634e-05
14799,4.0672407e-05
17170,4.2492986e-05
17248,3.7013633e-05
18490,4.3618213e-05
23751,5.2597512e-05
23824,4.4943758e-05
24376,3.4313118e-05
24378,3.496877e-05
138,4.4781336e-05
704,3.9806906e-05
1077,4.6560308e-05
1546,3.9718987e-05
1857,3.808635e-05
1883,3.924164e-05
1938,4.497201e-05
2092,4.2766536e-05
2431,3.881375e-05
2558,4.7053214e-05
3153,4.1213745e-05
3280,4.679337e-05
3311,3.7585298e-05
3925,3.699758e-05
4065,3.870373e-05
4207,3.9117545e-05
4436,3.974034e-05
4492,4.027268e-05
4679,4.138435e-05
4913,4.081461e-05
5148,4.122409e-05
5691,3.9366572e-05
6006,4.0825806e-05
6266,4.0558793e-05
6605,4.2146938e-05
6635,5.3040614e-05
7050,4.3741224e-05
7746,3.897445e-05
7928,4.1992986e-05
8152,4.3096166e-05
8248,4.147544e-05
8486,4.785511e-05
8911,4.1485764e-05
9388,3.67318e-05
10976,3.9034232e-05
11096,3.986924e-05
11582,4.950268e-05
11981,4.46775e-05
12063,4.837395e-05
12088,3.6431433e-05
12308,4.4231183e-05
12588,3.9089035e-05
12758,3.876307e-05
13003,3.9937942e-05
13233,4.4571854e-05
14159,4.127155e-05
14958,3.9760725e-05
15018,4.4719443e-05
15687,5.0874718e-05
15902,4.2652573e-05
16010,4.1586147e-05
16050,3.479803e-05
16646,3.450404e-05
16713,3.752166e-05
18039,3.9717444e-05
18102,4.755787e-05
18515,4.490005e-05
25344,4.0945444e-05
20,4.274622e-05
90,4.157613e-05
170,4.242983e-05
1916,3.741175e-05
2170,4.0394094e-05
2730,5.039599e-05
2881,4.0163693e-05
3752,4.5604123e-05
4025,3.8329825e-05
4125,3.825981e-05
4394,3.8794693e-05
4572,4.2292522e-05
4665,3.4409204e-05
4709,4.044554e-05
4832,4.0407394e-05
5470,3.7298458e-05
5818,3.868894e-05
5976,3.750907e-05
6373,4.2797816e-05
6988,3.7993203e-05
7479,4.195946e-05
8145,4.276444e-05
8371,3.8075686e-05
8406,4.1064995e-05
8564,4.528526e-05
8569,4.590206e-05
8597,4.9360056e-05
9059,3.871411e-05
9815,3.9268507e-05
11003,4.3957785e-05
11043,3.8534283e-05
11064,4.326634e-05
11458,3.8356055e-05
11575,5.3058367e-05
11618,3.688428e-05
11770,3.7925296e-05
12014,5.3637883e-05
12049,3.7589147e-05
12445,4.2090767e-05
12585,4.613382e-05
13296,3.8692328e-05
13649,3.984756e-05
14071,4.1787054e-05
14293,3.9496368e-05
14794,3.9861003e-05
15780,4.5650886e-05
16280,4.2662934e-05
16448,3.6674624e-05
17247,3.8438382e-05
17260,4.034177e-05
17964,4.048631e-05
18286,4.030058e-05
18945,3.763943e-05
19031,4.149096e-05
19747,3.5922374e-05
23053,5.0251794e-05
24360,3.350072e-05
198,4.1853204e-05
298,3.8160848e-05
512,3.997962e-05
867,3.5358924e-05
1051,4.1702566e-05
1571,8.263594e-05
1803,4.0804e-05
2284,3.7636964e-05
2421,4.2807267e-05
2600,5.173347e-05
3006,4.0062045e-05
3864,3.9895378e-05
4321,4.131691e-05
4777,5.195541e-05
4788,3.979048e-05
4914,3.6483507e-05
5084,3.8468315e-05
5100,4.2561507e-05
5439,3.8288254e-05
5739,4.133152e-05
5800,4.1064166e-05
6726,3.8871247e-05
6926,3.882406e-05
7338,3.9335508e-05
7399,3.9781677e-05
8047,4.4113895e-05
8211,4.1178515e-05
8289,3.664444e-05
8294,3.930488e-05
8449,4.1886015e-05
8542,3.635163e-05
10613,3.887416e-05
10817,4.039161e-05
11024,4.1715335e-05
11115,3.844051e-05
11257,3.9749742e-05
11282,3.9831495e-05
11717,3.791158e-05
12434,3.931666e-05
12595,4.5041266e-05
12664,3.9459803e-05
12703,3.9391278e-05
12893,4.2294272e-05
13240,4.0051455e-05
13521,3.9232535e-05
13839,3.567734e-05
14657,3.8704085e-05
14983,3.861356e-05
15051,3.8818944e-05
15309,4.072323e-05
15545,4.4049506e-05
15578,4.032151e-05
15761,3.990158e-05
15915,3.816252e-05
15998,4.351064e-05
16410,3.67058e-05
16953,4.3551518e-05
16997,4.2130097e-05
18334,4.18646e-05
18401,4.132096e-05
18449,3.93729e-05
18960,3.640845e-05
20215,4.1790983e-05
20254,3.84522e-05
20471,3.9015948e-05
23601,3.3466957e-05
23602,3.3868066e-05
24349,3.349517e-05
24354,3.3224343e-05
24356,3.3538097e-05
173,4.4556145e-05
252,4.693346e-05
1069,3.7713482e-05
1453,3.88852e-05
1488,4.576469e-05
1516,5.177781e-05
2151,3.898843e-05
2561,4.4297405e-05
2660,3.7723905e-05
3944,3.8948867e-05
4706,4.5682835e-05
4915,3.7482627e-05
5038,3.747029e-05
5262,4.0069706e-05
5292,4.2531e-05
5813,3.7307746e-05
6296,3.8636324e-05
7106,3.803446e-05
7471,4.1318373e-05
7939,4.0123312e-05
8031,4.2839605e-05
8106,4.001952e-05
8539,4.1722196e-05
8706,4.290409e-05
9403,4.641524e-05
9575,3.6337242e-05
9829,3.784299e-05
10043,3.7715792e-05
10067,4.1884494e-05
10690,3.776596e-05
10904,3.8124126e-05
12429,3.9079474e-05
12512,5.487723e-05
12725,4.140425e-05
14215,4.37159e-05
14294,3.677196e-05
14314,3.8144295e-05
14816,3.9353195e-05
15658,3.8810274e-05
15679,3.839412e-05
16093,3.7455382e-05
16104,3.907973e-05
16583,4.1247364e-05
16930,4.170474e-05
17753,4.4429667e-05
17768,3.327713e-05
18272,3.8894334e-05
23597,3.3153057e-05
23686,4.3341723e-05
24347,3.2687007e-05
24364,3.2847798e-05
24382,3.314897e-05
24385,3.2729782e-05
715,3.950215e-05
1442,4.407566e-05
2482,4.0525447e-05
3190,5.6098055e-05
3204,3.747009e-05
3753,5.363885e-05
3853,3.5966506e-05
4080,3.717479e-05
4086,3.9289214e-05
4929,3.7538113e-05
5451,3.6297482e-05
5796,3.895981e-05
5973,3.969887e-05
6320,3.9697516e-05
6346,4.189967e-05
7273,4.1059797e-05
7282,4.1672072e-05
7394,5.093143e-05
7534,3.7483896e-05
7675,3.783412e-05
8276,4.0292012e-05
8472,3.8654725e-05
8473,4.016734e-05
8694,3.8706763e-05
8966,4.432439e-05
9727,3.9200197e-05
9980,4.2670574e-05
10382,3.404152e-05
10506,3.8062382e-05
10869,4.0794705e-05
11197,4.0759085e-05
11321,4.1048e-05
11715,4.150875e-05
12601,4.4481945e-05
12983,4.0281622e-05
13307,3.6878795e-05
13727,3.949766e-05
13758,3.570474e-05
13761,3.6018842e-05
13780,4.3568623e-05
13935,3.7755846e-05
13962,3.789764e-05
14163,3.7757127e-05
14234,3.9236274e-05
14301,4.2791442e-05
15522,4.7102792e-05
15808,3.7892456e-05
16476,3.859245e-05
16497,4.0960746e-05
16553,4.2913147e-05
16745,3.538304e-05
17074,3.936584e-05
17834,3.7685706e-05
18416,4.1746112e-05
20772,4.1695446e-05
23059,5.2071966e-05
24184,3.4757846e-05
24241,3.8719594e-05
24370,3.2559044e-05
25523,3.9958246e-05
189,3.9564646e-05
963,4.114415e-05
1060,3.8105485e-05
1706,4.1257972e-05
1789,4.4674776e-05
2196,3.784162e-05
2458,4.5553934e-05
2574,3.9730654e-05
2674,3.7893078e-05
2686,4.0945553e-05
3067,4.0629897e-05
3920,4.5914177e-05
4366,5.0545626e-05
4672,4.4581167e-05
5079,3.9332353e-05
5117,3.424102e-05
5129,3.4940156e-05
5194,4.4016237e-05
5450,3.7664613e-05
5632,3.6525475e-05
5821,3.9525265e-05
7054,3.8113896e-05
7185,4.3215878e-05
8897,3.9699924e-05
9019,4.436342e-05
9306,3.5263656e-05
9978,3.792564e-05
10018,4.171742e-05
10583,3.7366517e-05
11923,3.947399e-05
12002,3.9038852e-05
12146,3.8432838e-05
12513,4.4518885e-05
12681,3.5264777e-05
13757,3.7593643e-05
13913,4.0004896e-05
14580,3.6597456e-05
15433,3.857292e-05
15538,5.830962e-05
15880,3.879567e-05
16377,3.888586e-05
16421,3.7621314e-05
18516,3.8539823e-05
22866,3.7519832e-05
23700,4.2596825e-05
23779,4.145461e-05
24352,3.287053e-05
24844,3.625104e-05
316,4.4053428e-05
374,4.2788193e-05
406,3.7290964e-05
708,3.968306e-05
712,4.2177824e-05
975,4.220513e-05
1541,4.7840585e-05
1557,3.9727103e-05
1722,4.41887e-05
1895,3.954199e-05
2219,3.524428e-05
2311,4.1528892e-05
2529,3.9608327e-05
2542,3.6395748e-05
3019,3.870527e-05
3131,3.710229e-05
3168,4.5074394e-05
3656,3.5751633e-05
3869,4.0904928e-05
3926,3.6559377e-05
4044,3.639193e-05
4157,4.0047613e-05
4772,4.534293e-05
4932,3.7688158e-05
4969,4.1872365e-05
5042,3.881463e-05
5185,5.1888535e-05
5420,3.441715e-05
5732,3.97365e-05
5861,4.275493e-05
6264,4.0787905e-05
6458,4.02165e-05
6554,3.6435842e-05
6833,3.5209938e-05
6953,4.5044493e-05
7165,3.582278e-05
7340,4.6637902e-05
7408,3.5525874e-05
7658,3.7142338e-05
8171,4.526505e-05
8594,3.7079924e-05
8832,3.6455218e-05
8837,3.7788377e-05
8941,3.8685957e-05
9920,3.489345e-05
10201,3.8875864e-05
10221,3.6388123e-05
10359,3.7746322e-05
10424,3.7032496e-05
10781,3.7096142e-05
11376,3.9497005e-05
11570,3.842282e-05
11668,3.848096e-05
11720,3.595499e-05
12132,4.236272e-05
12142,3.81888e-05
13262,3.9063136e-05
13295,3.5599813e-05
13537,3.760434e-05
13544,4.298648e-05
13706,3.871972e-05
13811,3.7182035e-05
13897,3.6789148e-05
14542,4.1622257e-05
14551,3.3713808e-05
14687,3.8153e-05
14947,3.837987e-05
15360,3.7489583e-05
15774,3.6732174e-05
16651,4.516253e-05
16798,4.632848e-05
17921,3.8323786e-05
18135,3.717959e-05
18457,3.7509573e-05
19008,3.9415772e-05
19013,3.54189e-05
19890,4.1352334e-05
23421,3.8612037e-05
24025,4.1713043e-05
24380,3.272039e-05
5,4.0815612e-05
47,3.931234e-05
116,4.4987166e-05
331,3.5981386e-05
490,4.5278626e-05
518,5.3770098e-05
868,4.0186875e-05
1794,4.042802e-05
2011,4.310238e-05
2562,4.4269407e-05
2743,3.8598086e-05
2846,3.4785673e-05
2890,3.6099074e-05
2896,3.90509e-05
3084,4.2537176e-05
3471,4.4818196e-05
3884,3.65703e-05
4377,4.6843666e-05
4446,3.8583737e-05
4463,3.9074977e-05
5168,3.9667626e-05
5991,4.1801348e-05
6702,3.8469145e-05
6792,3.7328406e-05
7263,3.7459813e-05
7336,3.7237834e-05
7604,3.5207726e-05
8149,3.982577e-05
8316,3.7148115e-05
8825,3.6730424e-05
8898,3.8532417e-05
8926,4.450441e-05
9505,3.9420287e-05
9661,3.5479792e-05
9736,3.3855547e-05
10719,4.0201558e-05
10849,3.9327773e-05
11140,3.8696584e-05
11966,3.7424026e-05
12317,3.4859724e-05
13301,3.9204744e-05
13451,3.6276346e-05
13460,3.2484262e-05
13589,3.9815026e-05
14048,3.7802383e-05
14702,4.254668e-05
15204,3.5234592e-05
15818,3.7224898e-05
16552,4.038114e-05
16688,3.877094e-05
17004,3.58782e-05
17762,3.4668366e-05
18051,3.6996382e-05
18471,3.7949252e-05
19449,3.76974e-05
24379,3.1612442e-05
430,4.0705083e-05
479,3.4969395e-05
519,4.2701053e-05
742,4.448261e-05
884,3.812742e-05
1645,4.5209534e-05
1791,4.1482912e-05
2121,4.0110313e-05
2240,3.6974667e-05
2287,3.789843e-05
2485,4.6051515e-05
2760,3.7136473e-05
2803,4.0017836e-05
3683,3.6573107e-05
3857,3.8349404e-05
3919,3.8014092e-05
4162,3.809607e-05
4756,3.7454338e-05
4845,4.966982e-05
5016,3.6799924e-05
5031,3.788888e-05
5402,4.003095e-05
5459,4.2398144e-05
5462,3.253494e-05
5660,4.093752e-05
5914,4.074358e-05
6433,4.0161794e-05
6641,3.806301e-05
6733,4.2696476e-05
6995,3.827926e-05
7135,4.2740507e-05
7248,4.126157e-05
7680,3.6724472e-05
7698,3.5163408e-05
7827,3.5463934e-05
8205,4.002262e-05
8359,3.846039e-05
8427,4.1821266e-05
9000,4.3833636e-05
9662,3.6747253e-05
9871,3.8441958e-05
10205,4.571603e-05
10410,3.9138242e-05
10485,4.3309505e-05
11209,3.4366854e-05
11238,3.812828e-05
11266,3.95329e-05
11395,4.54343e-05
11616,3.3972974e-05
12604,3.6149955e-05
12793,3.4251785e-05
13227,3.4688906e-05
13292,3.9294147e-05
13404,3.900849e-05
13984,3.7071408e-05
15259,3.6618163e-05
16472,4.1973926e-05
16518,4.3632062e-05
16531,3.839796e-05
16718,3.6717705e-05
17003,4.2283686e-05
17163,3.54983e-05
17876,3.9039653e-05
18061,3.9048704e-05
18063,4.298451e-05
18264,4.208008e-05
18642,3.4008794e-05
23085,3.15249e-05
23691,4.0135146e-05
23710,4.125193e-05
23713,3.7766924e-05
23760,4.041841e-05
24346,3.1322073e-05
24367,3.138916e-05
24388,3.218619e-05
207,5.915381e-05
442,3.753025e-05
810,3.8967326e-05
905,4.1209438e-05
944,4.1643165e-05
1094,3.7917598e-05
2009,4.9392504e-05
2776,3.6025252e-05
3039,3.6281766e-05
3171,3.712012e-05
3182,3.825575e-05
3365,3.6708e-05
3399,3.8326667e-05
3507,3.8222515e-05
3769,4.115111e-05
3958,3.9831313e-05
4076,3.583293e-05
4195,3.5716825e-05
4303,4.266639e-05
4312,4.6232537e-05
4319,3.7745696e-05
4349,3.5053235e-05
4433,3.91382e-05
4599,4.441673e-05
4894,4.2461383e-05
4967,3.5761437e-05
5105,3.8445512e-05
5911,3.686107e-05
6163,4.1935924e-05
6420,3.515041e-05
6640,4.016693e-05
7027,3.892382e-05
7406,3.7148646e-05
8270,4.0712202e-05
8665,3.743246e-05
8679,4.61875e-05
8935,3.7252994e-05
9253,3.393281e-05
9320,3.661333e-05
10293,3.460938e-05
10459,4.1367442e-05
10979,3.597795e-05
11131,3.7076778e-05
11226,3.8180166e-05
11254,3.8915852e-05
12263,3.7368638e-05
13506,3.370375e-05
13535,4.38962e-05
13931,3.604391e-05
14862,3.860296e-05
15357,3.9151386e-05
15477,3.634253e-05
15583,3.80855e-05
15596,3.6117373e-05
15896,3.5890134e-05
15914,3.436041e-05
16659,4.62093e-05
16811,4.2342024e-05
17824,3.7934376e-05
18257,3.585244e-05
18368,3.705847e-05
18805,4.3741304e-05
18991,3.5212994e-05
19806,3.4277495e-05
20097,4.0617342e-05
20104,3.9022532e-05
21974,3.1180003e-05
24344,3.1298187e-05
24368,3.1482276e-05
27143,3.3038003e-05
603,3.9543367e-05
1031,3.5882644e-05
1291,0.0001348212
1409,3.687477e-05
1569,3.5519915e-05
1663,6.6175875e-05
1683,3.5024263e-05
1758,4.248507e-05
1991,3.7067563e-05
2228,3.7062506e-05
2455,3.9608734e-05
2516,4.3788394e-05
2740,3.768193e-05
3386,3.4963992e-05
4472,4.0952596e-05
4494,3.7291633e-05
4828,3.7164355e-05
4900,3.5595687e-05
5009,3.6430152e-05
5037,3.697766e-05
5235,3.986734e-05
5547,3.5524037e-05
5647,3.7031095e-05
5706,3.7089136e-05
5760,4.1168732e-05
5930,3.55296e-05
5951,3.625688e-05
6129,3.358101e-05
6232,4.382224e-05
6233,3.8420494e-05
6295,5.0765604e-05
6515,3.916293e-05
6612,3.726207e-05
7131,3.9012564e-05
7225,3.707306e-05
7522,4.0062565e-05
7859,3.8097412e-05
8263,3.9099934e-05
8791,4.076084e-05
8876,3.5762227e-05
8894,3.7188336e-05
9040,3.8487175e-05
9856,3.6664824e-05
10622,3.540915e-05
10652,3.6050456e-05
10892,3.664946e-05
11013,3.633943e-05
11062,3.73496e-05
11116,3.59718e-05
11196,3.945148e-05
11275,3.634894e-05
11425,3.4556822e-05
11426,4.11291e-05
12499,3.8004102e-05
12581,3.796224e-05
13031,3.4639277e-05
13253,3.4673867e-05
13566,3.5759855e-05
13646,3.941162e-05
13739,3.509802e-05
13928,3.4863515e-05
14335,3.905069e-05
15058,3.4252575e-05
16480,3.4014054e-05
16652,3.8303173e-05
16925,3.56729e-05
17947,3.6553993e-05
17960,3.766941e-05
17963,3.888252e-05
18390,3.8656108e-05
23727,3.957044e-05
24350,3.0998417e-05
24384,3.055143e-05
168,3.8305116e-05
250,3.8230355e-05
393,3.6017933e-05
756,3.702719e-05
762,4.7306203e-05
965,3.53957e-05
1000,3.854979e-05
1708,3.4486726e-05
1905,3.8951424e-05
1937,3.8288264e-05
2201,4.1766394e-05
2298,3.306842e-05
2632,4.1802334e-05
3284,3.45612e-05
3643,3.5398156e-05
3908,4.1277475e-05
4154,4.1256542e-05
4213,3.6301277e-05
4285,3.4869496e-05
4307,3.905713e-05
4362,3.6090903e-05
4849,3.9226434e-05
4966,3.2823104e-05
4975,3.860971e-05
5298,3.4118526e-05
5361,3.4108278e-05
5609,3.2783682e-05
5684,3.624682e-05
5827,3.597779e-05
5984,3.58159e-05
6249,3.9214257e-05
6278,3.9357896e-05
6511,3.7168214e-05
6801,3.9508643e-05
7084,3.4266275e-05
7400,3.7871745e-05
7437,3.8712693e-05
7519,3.6423135e-05
8442,3.4492965e-05
9008,3.770873e-05
9086,3.3504322e-05
9301,3.4764296e-05
9318,3.6887915e-05
9330,3.6754413e-05
10076,3.4719073e-05
10083,3.667036e-05
10208,3.5054185e-05
10292,4.094953e-05
11249,3.431512e-05
11463,3.5722973e-05
11863,3.3040124e-05
11910,3.7538182e-05
11956,3.4723973e-05
12195,4.753287e-05
12985,3.0488676e-05
13086,3.6819452e-05
13230,3.859886e-05
13501,3.9607905e-05
13815,4.3312804e-05
14354,4.18329e-05
14432,3.6881152e-05
14760,3.352556e-05
14916,3.4278564e-05
15785,4.0748746e-05
16041,4.0118277e-05
16887,3.663136e-05
17027,3.0288193e-05
17863,3.617817e-05
17982,3.112166e-05
18367,3.5353893e-05
18588,3.8356022e-05
18731,3.590616e-05
19757,3.0932675e-05
21978,3.3740995e-05
23853,3.8045237e-05
24348,3.0084087e-05
24383,3.028928e-05
24390,3.0145162e-05
155,3.493105e-05
233,4.2811043e-05
417,4.332614e-05
481,3.9259437e-05
631,3.47533e-05
761,4.1258783e-05
1032,3.510996e-05
1418,3.417836e-05
1605,3.7770653e-05
1929,3.6715322e-05
2289,4.067618e-05
2379,3.6793354e-05
2623,3.3631673e-05
2853,4.0879873e-05
2915,3.5874407e-05
2989,3.5739366e-05
3506,3.252326e-05
3552,3.440644e-05
3981,3.5825607e-05
4006,3.7505906e-05
4047,3.525862e-05
4097,3.604361e-05
4290,3.8045648e-05
4729,4.0608873e-05
5654,3.6796708e-05
5989,3.172424e-05
6421,3.527393e-05
6610,3.9789e-05
7377,3.4693607e-05
7469,3.592685e-05
7492,4.047058e-05
7587,3.4558543e-05
7672,3.9665687e-05
8250,3.4832385e-05
8380,3.313007e-05
8416,3.409468e-05
8751,3.5176636e-05
9379,3.6324447e-05
9583,3.2319353e-05
10033,3.694224e-05
10194,3.54767e-05
10734,3.7048412e-05
11079,3.85964e-05
11166,3.6008838e-05
11684,3.4936096e-05
11806,3.524294e-05
12115,3.8055572e-05
12177,3.978044e-05
12548,3.4074714e-05
13081,3.5669094e-05
14567,3.64107e-05
14965,3.2350195e-05
15290,4.6627363e-05
15312,3.7264697e-05
15459,3.6893663e-05
15798,3.556712e-05
17766,3.1715987e-05
17873,3.575882e-05
17973,3.342645e-05
18000,3.6573918e-05
18006,3.855791e-05
18729,3.4011675e-05
18952,3.4482207e-05
19743,3.3529897e-05
19933,3.894408e-05
23600,3.0267727e-05
23782,3.871889e-05
23986,3.7247e-05
25336,3.2749103e-05
25407,3.788406e-05
25415,3.4465833e-05
25470,3.188823e-05
26855,3.14772e-05
913,3.6214944e-05
1111,3.5611345e-05
1328,3.377404e-05
1684,4.1282565e-05
1957,3.4398778e-05
2191,4.0079874e-05
2440,3.7572423e-05
2869,4.0629886e-05
3621,3.6054502e-05
3868,4.1464704e-05
3899,3.6481288e-05
4132,3.689443e-05
4155,3.6258276e-05
4352,4.1771622e-05
4360,3.48669e-05
4412,3.74855e-05
4435,3.4267137e-05
4836,4.5674264e-05
4867,3.3526652e-05
4955,4.123317e-05
5116,3.8907194e-05
5144,3.468499e-05
5745,3.429057e-05
6091,3.7224192e-05
6408,3.6836158e-05
7899,3.754909e-05
8064,3.2702344e-05
8550,3.506521e-05
10026,4.405844e-05
10036,3.9104627e-05
10261,3.362399e-05
10299,3.4199464e-05
10581,3.6779948e-05
10726,3.54842e-05
11049,3.6629026e-05
11095,3.1442425e-05
11188,3.9774677e-05
11280,3.675466e-05
11438,3.124633e-05
11701,3.4782905e-05
12037,3.5133045e-05
12150,3.603293e-05
12270,3.20533e-05
12975,3.6301884e-05
13299,3.3527755e-05
13665,3.2909673e-05
13894,3.2543197e-05
14128,3.5823974e-05
14227,3.2908465e-05
14674,3.3827928e-05
14758,5.2524952e-05
14964,3.4904693e-05
15226,3.7638994e-05
15563,3.6422996e-05
15584,3.4023946e-05
15950,3.5974484e-05
16328,3.2022865e-05
16632,3.8425012e-05
16654,3.8168626e-05
17128,3.736953e-05
17177,3.789617e-05
17821,3.2893695e-05
17846,3.7061385e-05
17986,4.03628e-05
17993,3.8827602e-05
19088,3.54668e-05
19562,3.641288e-05
20038,3.4901834e-05
20167,4.0074523e-05
24359,3.0019444e-05
401,3.4189663e-05
1578,3.8766473e-05
1615,3.721538e-05
1738,3.3482393e-05
2013,3.912938e-05
2045,3.21789e-05
2386,3.5333713e-05
2622,3.4415258e-05
2758,3.563069e-05
2886,3.5056655e-05
3257,3.492032e-05
3458,3.7456884e-05
3876,3.5695717e-05
3883,3.613868e-05
4060,3.340218e-05
4061,3.2138647e-05
4131,3.7565922e-05
4163,3.278334e-05
4415,3.7117763e-05
4979,3.372119e-05
5379,3.3954468e-05
5411,3.6601174e-05
5434,3.2677057e-05
5477,3.7093905e-05
5693,3.654134e-05
6594,3.9659513e-05
6766,3.793416e-05
6772,3.3413096e-05
6884,3.4811306e-05
6989,3.4986148e-05
7179,3.4920005e-05
7439,3.2483782e-05
7854,4.3517663e-05
8194,3.384405e-05
8532,3.596268e-05
8588,3.381251e-05
8590,3.0810716e-05
9231,3.3680437e-05
9466,3.154289e-05
9585,3.3817432e-05
9835,3.2621978e-05
9918,3.302055e-05
10052,3.6784786e-05
10809,3.37211e-05
10818,3.1692405e-05
11086,4.186712e-05
11141,3.6659163e-05
11159,3.7937163e-05
11205,3.3694294e-05
11421,3.178624e-05
11622,3.921379e-05
11921,3.5574718e-05
11949,3.528875e-05
11985,3.2935095e-05
11995,3.7765705e-05
12090,3.5219196e-05
12769,3.3234734e-05
12959,3.6140093e-05
13050,3.5400473e-05
13569,3.8825212e-05
13919,3.6563135e-05
13936,3.273403e-05
14090,3.234492e-05
14922,3.375032e-05
15730,3.7905542e-05
15779,3.9139835e-05
15805,3.206889e-05
16076,3.2931806e-05
17094,3.91226e-05
17257,3.4162185e-05
17777,3.7853155e-05
17900,3.5313118e-05
18004,3.6872534e-05
18097,3.245071e-05
18266,4.191784e-05
18622,3.450243e-05
18961,3.401533e-05
18993,3.669043e-05
20499,3.1892894e-05
23717,3.575213e-05
24355,2.9310493e-05
24362,2.9687464e-05
27142,3.3284836e-05
224,3.626829e-05
234,3.288486e-05
380,3.4145065e-05
492,3.436248e-05
553,3.3220564e-05
1101,3.7358295e-05
1604,3.927018e-05
1642,3.5907997e-05
1743,3.8702492e-05
1904,3.462704e-05
2173,3.240278e-05
2181,3.6264275e-05
2344,3.833587e-05
2507,3.4944533e-05
2533,3.489839e-05
2683,3.311921e-05
3147,3.4496494e-05
3179,3.6909572e-05
3965,4.2635435e-05
4520,4.2485663e-05
4671,3.523905e-05
4749,3.3740347e-05
5001,3.5298403e-05
5494,4.2229243e-05
5992,3.8900558e-05
6710,3.6803176e-05
6810,3.55959e-05
6828,3.5329e-05
7562,3.373974e-05
7999,3.696031e-05
8010,3.809741e-05
8438,3.495071e-05
9338,3.1669333e-05
9935,3.430804e-05
10012,3.3560944e-05
10090,3.2135013e-05
10238,3.4611097e-05
10363,3.5622325e-05
10434,3.7020443e-05
10664,3.744506e-05
11027,3.6901976e-05
11291,3.5139496e-05
11696,3.4716388e-05
11943,3.6995938e-05
12095,3.2087944e-05
12166,4.4716435e-05
12420,3.6186182e-05
12437,3.3629323e-05
13241,3.519332e-05
13685,3.5474135e-05
14919,3.4002176e-05
15053,3.5020632e-05
15598,3.413351e-05
15745,3.5522695e-05
15807,3.2880867e-05
16528,3.626445e-05
16593,3.7065198e-05
16719,4.0534826e-05
16807,3.5341072e-05
17814,3.215703e-05
17867,3.1574476e-05
17890,3.7724436e-05
18198,3.247648e-05
18212,3.435857e-05
18314,4.146167e-05
18508,3.4828503e-05
18602,3.745049e-05
19030,3.107784e-05
20063,3.365976e-05
21039,3.464395e-05
23556,2.9225432e-05
25342,3.597205e-05
315,3.33739e-05
332,3.9223843e-05
541,3.8912905e-05
892,3.5141038e-05
1138,3.4525903e-05
2496,3.281778e-05
2673,3.3211836e-05
3103,3.484924e-05
4685,3.390663e-05
4693,3.5127887e-05
4842,3.614031e-05
4981,3.5555822e-05
5734,3.6220572e-05
5779,3.4960445e-05
5808,3.388803e-05
6032,3.504248e-05
6153,3.4539225e-05
6340,4.181225e-05
6353,3.427604e-05
7119,3.4939367e-05
7467,3.302465e-05
7728,3.9977054e-05
8657,3.564654e-05
8754,3.2125467e-05
8853,3.7007685e-05
9065,3.5074867e-05
9097,3.2807282e-05
9340,3.196569e-05
9426,3.4185377e-05
9907,3.3550208e-05
10217,4.888793e-05
10542,3.558684e-05
10677,3.2912252e-05
10886,3.3318465e-05
11334,3.002664e-05
11410,3.332347e-05
11585,3.456089e-05
12259,3.4897625e-05
12344,3.2508447e-05
12551,3.6756926e-05
12574,3.1608717e-05
12596,3.4627818e-05
12685,3.2536813e-05
13110,3.591187e-05
13177,4.222477e-05
13399,3.3284523e-05
13636,3.7358426e-05
13812,3.281441e-05
13816,3.9786322e-05
14031,3.446899e-05
14054,3.284413e-05
14097,3.2280674e-05
14196,3.5776568e-05
14473,3.489655e-05
14708,3.5411915e-05
15050,3.7091675e-05
15381,3.2420885e-05
15724,3.531398e-05
15925,3.8404836e-05
17801,3.3258144e-05
17869,3.2415708e-05
17871,3.399392e-05
17927,3.4851724e-05
20066,3.371122e-05
22730,3.088236e-05
23531,3.0619427e-05
23826,3.8809307e-05
24363,2.8525352e-05
24372,2.869666e-05
24377,2.944641e-05
164,3.7584705e-05
585,3.647768e-05
624,3.8055143e-05
716,3.3234894e-05
898,3.5709447e-05
966,3.3646666e-05
1559,3.3604385e-05
1570,3.238177e-05
1958,3.6892e-05
2322,3.5655e-05
2345,3.376817e-05
2527,3.3326287e-05
3113,3.8840415e-05
3141,3.1951262e-05
3776,4.5291694e-05
4455,3.0919593e-05
4458,3.1300726e-05
4943,3.755078e-05
4947,3.4176337e-05
5294,3.3877703e-05
5615,3.590527e-05
5624,3.4744997e-05
5870,3.750914e-05
6193,4.169519e-05
6405,3.8311224e-05
6512,3.387371e-05
6761,3.5246754e-05
6931,3.599404e-05
7012,3.482888e-05
7150,3.8884216e-05
7196,3.4644567e-05
7376,3.7234386e-05
7404,4.0892377e-05
7465,3.512779e-05
8170,4.562876e-05
8181,3.7210346e-05
8788,3.1995936e-05
9213,3.281753e-05
9271,3.583947e-05
9758,3.1696203e-05
9952,3.6941125e-05
10212,3.6228703e-05
10408,3.476654e-05
10493,4.4270746e-05
10495,3.7372294e-05
10682,3.1787218e-05
11006,3.254705e-05
11567,3.86712e-05
11601,3.0032297e-05
11750,3.418424e-05
11919,3.2222262e-05
12068,3.535537e-05
12092,3.3292898e-05
12108,3.5666326e-05
12133,3.3526954e-05
12594,3.43283e-05
12879,3.5182296e-05
13144,3.429271e-05
13282,3.4276145e-05
13319,3.8562008e-05
13704,2.9890227e-05
13774,3.2675518e-05
14382,3.2086107e-05
14481,3.249973e-05
15467,3.264965e-05
15777,3.6780388e-05
15817,3.2515934e-05
15904,3.3583085e-05
15911,3.825874e-05
16079,4.7653943e-05
17010,3.6412464e-05
17097,3.1538148e-05
18268,3.4021545e-05
21823,3.6467787e-05
24351,2.8825449e-05
25351,3.517987e-05
460,3.16465e-05
695,3.2562195e-05
837,3.6566704e-05
888,3.6786143e-05
1667,3.2796015e-05
2128,4.0968225e-05
2180,3.312148e-05
2641,3.4199977e-05
2947,3.3500968e-05
3055,3.540825e-05
3117,3.1977455e-05
3215,3.662435e-05
3377,3.67368e-05
3669,3.16702e-05
4143,3.348712e-05
4426,3.352191e-05
4605,3.8765218e-05
4751,3.5489935e-05
4909,3.3538006e-05
4984,3.2108997e-05
5029,3.3477525e-05
5617,3.1934433e-05
5724,3.4554356e-05
6923,3.4780518e-05
6946,3.419938e-05
7007,3.5653786e-05
7525,3.1046366e-05
8392,3.4908488e-05
8401,3.1645104e-05
8560,3.7122918e-05
8617,3.1056617e-05
8865,3.3390294e-05
9043,3.545455e-05
9076,3.2693635e-05
9112,3.0317886e-05
9247,3.4057783e-05
9280,3.2637658e-05
9528,3.7164667e-05
9666,3.137115e-05
9913,3.1841017e-05
9972,3.39463e-05
10364,3.1502797e-05
10507,3.1875883e-05
10988,9.502062e-05
11565,3.0623276e-05
11869,3.591342e-05
11882,3.09312e-05
12082,3.0833886e-05
12202,3.3516037e-05
12278,3.7368794e-05
12452,3.1081516e-05
12615,3.2572374e-05
12791,3.2375738e-05
13261,3.027534e-05
13714,3.601793e-05
13731,3.233325e-05
13981,3.2019096e-05
14074,3.2485535e-05
14598,3.1971715e-05
15416,3.5975514e-05
15464,3.423627e-05
15527,3.5610967e-05
16064,3.4851997e-05
16098,3.273686e-05
16721,3.338971e-05
17222,3.7361144e-05
17783,3.183852e-05
18223,3.7460377e-05
18415,3.524971e-05
19032,3.8397106e-05
19150,3.2153057e-05
21825,3.8550657e-05
22007,3.2021057e-05
22857,3.5493023e-05
24436,3.5256537e-05
25447,3.1336185e-05
25452,3.335814e-05
25705,3.3988235e-05
0,3.595263e-05
588,5.0224007e-05
1123,3.5679113e-05
1544,3.387319e-05
1669,3.459938e-05
1762,3.6491892e-05
1871,3.3623503e-05
1880,3.3531876e-05
1990,3.4714707e-05
2031,3.0569667e-05
2331,3.8775433e-05
2370,3.6584206e-05
2726,3.287526e-05
2795,3.2811797e-05
3351,3.374053e-05
3364,3.375655e-05
3419,3.3581207e-05
3586,4.1335963e-05
4081,3.172256e-05
4627,3.1575455e-05
4877,3.5733618e-05
4881,3.4107303e-05
4996,3.299267e-05
5261,3.364704e-05
5556,3.4107212e-05
5648,3.4111876e-05
6300,3.453658e-05
6343,3.5609744e-05
6382,3.5054953e-05
7099,3.3722124e-05
7976,3.1384996e-05
8230,3.138449e-05
8421,3.0925876e-05
8565,3.021357e-05
8784,3.412403e-05
8816,2.9613762e-05
8924,3.1242314e-05
9274,3.2396434e-05
9478,3.2250675e-05
9728,3.0400784e-05
9761,3.509093e-05
9912,3.0487328e-05
10270,3.155812e-05
10974,3.469758e-05
10994,3.3881905e-05
11001,3.087778e-05
11331,4.3876335e-05
11623,3.704998e-05
11630,3.273211e-05
11688,3.6826645e-05
11857,3.3698074e-05
12490,3.610556e-05
12638,3.0735377e-05
12760,3.2633216e-05
12813,3.159488e-05
13105,3.1371783e-05
13260,3.0972464e-05
13911,3.2634325e-05
13995,3.2037795e-05
14186,3.096381e-05
14229,3.2206284e-05
14239,3.268569e-05
14332,3.224437e-05
14715,3.2100535e-05
15230,3.6259607e-05
15339,2.95187e-05
15669,3.1505024e-05
15722,3.9793442e-05
15802,3.8657272e-05
15917,3.1663847e-05
16427,3.5601464e-05
16576,3.556374e-05
16690,3.0854073e-05
18130,3.2030683e-05
19862,3.1221818e-05
19971,3.2061256e-05
20003,3.459473e-05
20094,3.4862896e-05
20266,3.2955017e-05
20312,3.491246e-05
23685,3.5866535e-05
24075,3.3296255e-05
24375,2.7662456e-05
390,4.6330824e-05
456,3.422601e-05
800,3.187787e-05
1383,3.3620116e-05
1463,3.7694306e-05
1692,3.293184e-05
1832,3.4806086e-05
1837,3.523476e-05
1920,3.308294e-05
2254,3.5396304e-05
2259,3.3056673e-05
2309,3.439353e-05
2450,3.6022e-05
2525,3.4149383e-05
2770,3.139565e-05
2826,3.2749755e-05
2941,3.493599e-05
3053,3.1318417e-05
3187,3.0204621e-05
3258,3.2145334e-05
3844,3.9274084e-05
4598,3.39876e-05
5177,3.459297e-05
5250,3.2756972e-05
5326,3.0782277e-05
5755,3.7302336e-05
5867,3.0188732e-05
6409,3.2787055e-05
6622,3.2707674e-05
6652,3.4883975e-05
6736,3.586653e-05
6837,3.5094745e-05
6862,3.5944722e-05
7178,3.528979e-05
7624,3.3284636e-05
7752,2.9799132e-05
7828,3.551276e-05
8104,3.3674565e-05
8186,3.3787364e-05
8204,3.453967e-05
8267,3.1557847e-05
8445,3.0301999e-05
8884,3.3755452e-05
8942,3.3920318e-05
9260,3.0909716e-05
9284,3.0369749e-05
9358,3.319355e-05
9833,3.066397e-05
10350,3.233335e-05
10801,3.644127e-05
10808,3.2647284e-05
11008,3.6200654e-05
11191,3.4943056e-05
11295,3.2041484e-05
11337,3.443234e-05
11502,2.8519376e-05
11642,3.897633e-05
11675,3.075807e-05
12127,0.00018083298
12250,3.223629e-05
12290,3.227989e-05
12483,3.390485e-05
12546,3.4677472e-05
13010,3.275175e-05
13225,3.2122553e-05
13431,3.3974946e-05
13657,3.4343324e-05
13773,3.1599928e-05
13846,3.6332807e-05
13907,3.233972e-05
14039,3.3453995e-05
14134,3.945805e-05
14699,3.2645163e-05
14820,3.8679857e-05
15038,3.2014177e-05
15528,3.2879765e-05
15771,4.195612e-05
15894,3.2864096e-05
16574,3.4737855e-05
16577,3.517378e-05
16585,3.311888e-05
17134,3.5578058e-05
17791,2.6933829e-05
17868,3.1893884e-05
17891,3.3925626e-05
18036,3.361328e-05
18118,3.0338393e-05
18293,3.2278942e-05
18336,3.100228e-05
18680,2.6106722e-05
18992,3.796496e-05
19111,3.5660876e-05
20730,3.29373e-05
23702,4.1249612e-05
25432,3.4999517e-05
152,3.3703407e-05
1373,3.439109e-05
1637,3.181542e-05
1911,2.8508532e-05
2008,3.9410486e-05
2376,3.310928e-05
2705,3.364956e-05
3310,2.986888e-05
3839,3.2221047e-05
3851,3.8220165e-05
3943,3.7378057e-05
4034,4.0058127e-05
4225,3.6496232e-05
4291,3.168986e-05
4427,3.063739e-05
4834,3.275575e-05
4889,3.421546e-05
5111,3.0842915e-05
5124,3.130095e-05
5305,3.1482563e-05
5510,3.233804e-05
5626,3.4931523e-05
5701,3.1842144e-05
5892,3.177995e-05
6164,3.713205e-05
6969,3.6669087e-05
7053,3.1579715e-05
7228,3.1871223e-05
7266,3.2758773e-05
7975,3.463438e-05
8027,3.4382272e-05
8271,2.9954608e-05
8435,2.81301e-05
8666,3.0508272e-05
8704,3.0750118e-05
9075,3.138739e-05
9479,2.7963313e-05
9704,3.0859155e-05
10223,3.138012e-05
10226,3.489347e-05
10361,2.9411833e-05
10465,3.2378877e-05
10481,3.433336e-05
10985,3.709234e-05
11035,3.078268e-05
11068,3.3796234e-05
11424,2.9321e-05
11500,3.188903e-05
11583,3.60726e-05
12106,2.9516224e-05
12282,3.1853593e-05
12307,3.11979e-05
13168,3.430873e-05
13243,3.0211184e-05
13279,3.512185e-05
13516,3.2475313e-05
13900,3.2266627e-05
13901,3.1746607e-05
15201,2.9200957e-05
15374,3.1643e-05
15571,3.7194764e-05
16332,3.349292e-05
16391,3.9222898e-05
16451,3.3078784e-05
16683,3.3022574e-05
16701,3.3319135e-05
16828,2.9832547e-05
17275,3.706727e-05
18084,3.4164008e-05
18240,3.2815376e-05
18524,2.877829e-05
18831,3.6282057e-05
19973,2.8826249e-05
20092,3.145796e-05
20108,3.3164462e-05
20288,3.1080024e-05
20493,3.0355513e-05
22770,3.523429e-05
23532,2.8199252e-05
23687,3.4786757e-05
23878,3.476744e-05
241,4.422041e-05
582,3.1964722e-05
616,3.3765173e-05
980,3.9526596e-05
1399,3.368569e-05
1572,3.2417687e-05
1994,3.282877e-05
2002,3.7684265e-05
2007,3.5129924e-05
2334,3.716729e-05
2385,3.1831496e-05
2469,3.1675016e-05
2807,3.562178e-05
3250,3.361679e-05
3533,5.1204304e-05
4642,3.2213487e-05
5054,3.1387714e-05
5441,3.238886e-05
6195,3.056135e-05
6497,3.8319668e-05
6768,3.072574e-05
6919,3.2032116e-05
7430,3.5021774e-05
7621,3.4439916e-05
7771,3.3532273e-05
7829,3.1569725e-05
8212,3.263761e-05
8224,3.8965067e-05
8362,2.8768332e-05
8518,3.5006196e-05
8662,3.2091466e-05
8686,3.6333142e-05
9308,3.08948e-05
9449,3.1155498e-05
10023,3.0862968e-05
10047,3.9935276e-05
10515,3.5884375e-05
10998,3.1888165e-05
11180,3.362029e-05
11531,3.1474123e-05
12810,3.6802536e-05
12945,3.11336e-05
13126,2.9381252e-05
13293,3.450732e-05
13598,3.3553766e-05
14241,3.5624733e-05
14324,3.6221994e-05
14515,2.8792936e-05
14596,3.0445615e-05
15536,3.134937e-05
15787,3.2988853e-05
15800,3.5100922e-05
16633,3.398833e-05
16951,2.9107094e-05
17135,3.150115e-05
17258,3.1894226e-05
17763,3.060059e-05
17771,3.446889e-05
17865,3.108746e-05
17957,3.1063886e-05
18007,3.3914534e-05
18035,3.3895056e-05
18397,3.132857e-05
19220,3.0385003e-05
21950,3.1943142e-05
23705,2.861636e-05
23762,3.3744225e-05
25369,3.28421e-05
25389,3.249522e-05
486,3.4014673e-05
1411,3.250105e-05
1472,3.1563846e-05
1563,4.3459513e-05
1585,3.9673505e-05
1685,3.4198885e-05
1690,4.358882e-05
2085,3.0609135e-05
2281,3.5075325e-05
2443,3.1791446e-05
2715,3.0203344e-05
2722,3.461478e-05
2895,3.135432e-05
2927,3.466102e-05
2942,3.0644558e-05
3221,3.1796146e-05
3434,3.3224504e-05
3474,3.079496e-05
3865,3.0193054e-05
4286,3.1246404e-05
4417,3.134047e-05
4473,2.9929994e-05
4613,3.5724297e-05
4676,3.47526e-05
4891,3.1489395e-05
4907,3.2577038e-05
5085,3.0808587e-05
5453,3.101924e-05
5746,2.9737079e-05
5758,3.2496704e-05
6254,3.504442e-05
6384,3.3340948e-05
6732,3.567186e-05
6756,3.336295e-05
6821,3.4380413e-05
6864,3.362825e-05
6978,3.22221e-05
7094,3.1032796e-05
7552,3.3528715e-05
7645,4.0006205e-05
7822,4.0477593e-05
8133,3.0434405e-05
8209,3.2344313e-05
8229,3.327583e-05
8522,3.3840024e-05
9022,3.6892154e-05
9404,2.9615345e-05
9800,3.1624284e-05
10024,3.1707455e-05
10081,3.140491e-05
10328,2.7262753e-05
10556,3.3460936e-05
10610,2.7637998e-05
10759,2.9594139e-05
10815,3.076102e-05
10909,2.9564198e-05
11429,3.171233e-05
11646,3.3121476e-05
11799,2.9551642e-05
12013,3.5812776e-05
12631,3.0887382e-05
12736,3.3379405e-05
13300,3.1888056e-05
13611,2.940153e-05
13700,3.069495e-05
13837,3.166477e-05
13903,3.1248986e-05
14002,3.1805386e-05
14233,3.0451894e-05
14237,3.278783e-05
14795,3.1451524e-05
15328,2.8119399e-05
16447,3.3507313e-05
16479,3.3325712e-05
16503,3.0486062e-05
16749,3.1444848e-05
17782,3.0492294e-05
17838,3.2922806e-05
17928,3.283829e-05
18032,3.1628617e-05
18270,3.3646807e-05
18459,3.0427691e-05
18463,3.1108942e-05
18937,2.920349e-05
18958,3.1873933e-05
19036,2.6191676e-05
19086,3.1392225e-05
20212,3.2819917e-05
20344,2.8678947e-05
23716,4.066331e-05
307,3.8310565e-05
334,3.289418e-05
562,3.22494e-05
746,3.2808133e-05
891,3.066782e-05
914,3.0613133e-05
1006,3.093649e-05
2156,3.1962205e-05
2294,3.2045056e-05
2332,3.3422883e-05
2358,3.3952205e-05
2444,3.0445402e-05
2669,3.078915e-05
2787,3.23136e-05
3154,3.24039e-05
3303,3.3098542e-05
4470,3.0422872e-05
4607,3.0725405e-05
4694,3.2107135e-05
4776,3.0459601e-05
4911,2.965608e-05
5040,3.3107466e-05
5045,3.0069888e-05
5474,3.0974432e-05
5721,3.33863e-05
6127,2.6912305e-05
6192,3.1100037e-05
6406,3.38045e-05
6564,3.2908174e-05
6588,3.43807e-05
6892,2.9303465e-05
6992,3.1320502e-05
7096,3.3987108e-05
7173,3.350556e-05
7476,2.6774374e-05
7496,3.057779e-05
8923,3.1324595e-05
8948,3.310023e-05
9557,3.33273e-05
9849,2.9217357e-05
10310,3.1282027e-05
10474,3.4185236e-05
10476,3.142913e-05
10636,3.045813e-05
10644,2.9988643e-05
10846,3.2214462e-05
10981,2.959351e-05
11219,3.339886e-05
11447,3.174749e-05
11752,3.4407094e-05
11780,2.945511e-05
11790,3.1474265e-05
11813,3.1938038e-05
11959,3.1629097e-05
12493,3.105942e-05
12970,3.178086e-05
13390,2.9255041e-05
13508,3.0496767e-05
13653,3.5090176e-05
14027,3.0898853e-05
14187,2.9342486e-05
14251,3.0224048e-05
14297,3.2998483e-05
14309,3.2860622e-05
14484,3.834072e-05
15006,3.040576e-05
15348,2.8405293e-05
15723,2.960262e-05
15883,3.1885334e-05
15990,3.2825938e-05
16431,3.469958e-05
16437,3.7052647e-05
16494,4.0135885e-05
16509,3.3453132e-05
16734,3.0464289e-05
17111,3.05921e-05
17767,2.5888625e-05
17899,2.9080727e-05
18619,3.148343e-05
18738,2.874872e-05
19095,2.9584091e-05
19975,3.3031512e-05
20020,3.452884e-05
20188,3.0526542e-05
20267,3.1564152e-05
20269,2.96323e-05
23767,3.4571793e-05
23935,3.3679215e-05
693,3.2757514e-05
909,2.8355893e-05
1495,3.1849875e-05
1497,3.3229193e-05
1632,2.9999073e-05
1687,3.078902e-05
1959,3.052802e-05
2286,3.354207e-05
2624,3.2767384e-05
2682,3.0134317e-05
2762,3.232865e-05
3169,2.967194e-05
4107,3.146613e-05
4493,3.1633783e-05
5579,2.836831e-05
5634,3.137285e-05
5643,3.089272e-05
6043,2.852491e-05
6082,3.0349285e-05
6274,3.060769e-05
6645,3.0176701e-05
7055,2.8590783e-05
7147,2.9620627e-05
7172,4.1038613e-05
7416,3.96776e-05
7432,2.9973595e-05
7535,3.231278e-05
7640,2.9686384e-05
7971,3.115568e-05
8018,2.8909872e-05
8312,3.1197756e-05
8366,3.1102987e-05
8547,6.6766675e-05
8601,3.500747e-05
8762,3.1491043e-05
9319,3.1456566e-05
9608,3.542746e-05
9694,3.1787684e-05
9977,2.8361119e-05
10045,3.226213e-05
10267,2.7595035e-05
10367,3.0305928e-05
10570,3.4397155e-05
10599,3.1307023e-05
11025,3.663345e-05
11080,3.6633683e-05
11110,3.128864e-05
11231,2.8591825e-05
11407,3.0301571e-05
11552,2.7905033e-05
11747,3.0231107e-05
12076,3.47588e-05
12077,3.5653e-05
12145,3.0392086e-05
12213,3.180832e-05
12430,3.0138834e-05
13067,3.1341566e-05
13094,2.8117222e-05
13481,3.01334e-05
13664,3.3453995e-05
13912,2.7529357e-05
13927,2.9937846e-05
14080,2.9820003e-05
14265,3.274103e-05
14343,3.220138e-05
14421,3.0071069e-05
14526,3.001485e-05
15291,2.897334e-05
15368,3.0138204e-05
15370,3.091425e-05
15484,3.6725607e-05
16523,3.1678715e-05
16575,3.7374208e-05
16800,3.2768832e-05
16926,3.467972e-05
17722,3.275853e-05
17797,3.4100394e-05
19002,2.84294e-05
19161,2.9904677e-05
21939,3.2485383e-05
23541,2.805532e-05
23688,3.388001e-05
23795,4.026804e-05
24147,3.1645963e-05
24760,2.719862e-05
191,3.1333355e-05
268,3.292053e-05
826,2.8883936e-05
1076,2.8936573e-05
1093,3.127131e-05
1103,3.3365264e-05
1397,3.376414e-05
1529,3.2500728e-05
1725,3.68854e-05
1757,2.9592766e-05
1854,3.033337e-05
2077,3.0144205e-05
2163,3.389331e-05
2224,2.987502e-05
2305,3.0242745e-05
2381,3.3625067e-05
2549,3.2496115e-05
2634,3.102523e-05
2690,3.622888e-05
3198,2.8957676e-05
3959,3.214419e-05
4381,4.3859312e-05
4573,3.223047e-05
4859,3.0739655e-05
4908,3.2131124e-05
5429,2.9566712e-05
5606,3.0546777e-05
5753,3.065733e-05
5873,3.3408298e-05
6037,3.082062e-05
6059,3.7292288e-05
6461,3.251754e-05
6809,2.9317078e-05
7253,3.1818126e-05
7792,3.1930096e-05
7816,3.750617e-05
8111,2.857703e-05
8354,3.08917e-05
8385,3.294254e-05
8630,3.46342e-05
8779,3.0035579e-05
8962,2.984431e-05
8984,3.0384728e-05
9031,3.0953706e-05
9518,2.882856e-05
9556,2.841713e-05
9814,3.158355e-05
10202,3.3240438e-05
10210,3.1834894e-05
10272,2.915654e-05
10740,3.3311768e-05
10834,3.262626e-05
10952,3.6758593e-05
11019,2.9075974e-05
11092,3.009694e-05
11553,2.7610515e-05
11714,2.8707755e-05
11842,2.941908e-05
12117,2.8364428e-05
12318,3.0393014e-05
12466,2.8460992e-05
12480,2.9437979e-05
12668,2.9513934e-05
12904,2.9070588e-05
13419,2.5942893e-05
13556,3.007082e-05
14050,2.976813e-05
14079,2.9551924e-05
14081,2.823041e-05
14132,3.165463e-05
14547,2.7060289e-05
15206,3.160706e-05
15284,3.1479605e-05
16051,3.798004e-05
16089,3.215043e-05
16090,3.22204e-05
16524,3.1526288e-05
16558,3.3901957e-05
16567,3.027375e-05
16868,3.0353292e-05
17075,3.181951e-05
17106,2.9305946e-05
17788,3.0434847e-05
17794,3.5345758e-05
18251,3.3640725e-05
18299,2.9260324e-05
18671,3.1114225e-05
19094,3.068721e-05
19966,3.0578776e-05
19970,3.0662522e-05
23068,3.0253763e-05
23785,3.079669e-05
150,3.1138537e-05
328,3.1703865e-05
346,3.191967e-05
552,3.2415435e-05
618,2.9417602e-05
1370,2.9577994e-05
1388,3.0349143e-05
1440,3.0133813e-05
1802,2.9981536e-05
2081,3.2672375e-05
2234,3.064231e-05
2399,2.784241e-05
2404,2.9165283e-05
2531,3.403165e-05
2794,2.8858612e-05
3674,3.3377477e-05
4019,4.2802872e-05
4240,3.524003e-05
4595,5.4481086e-05
4708,2.9939629e-05
4993,2.8518785e-05
5171,3.3266126e-05
5276,3.6486832e-05
5391,2.9261235e-05
6148,3.448816e-05
6196,2.9891167e-05
6817,3.0755447e-05
7346,3.0035555e-05
7363,4.307197e-05
7450,3.2374148e-05
7678,3.0882286e-05
7701,2.8389866e-05
7719,2.8879727e-05
8022,2.9621773e-05
8384,3.1737178e-05
8534,3.325991e-05
8639,2.9132541e-05
9021,2.9295452e-05
9061,3.1890253e-05
9105,2.933367e-05
9456,3.3856035e-05
9607,3.0760973e-05
9811,2.8957886e-05
10896,3.0295338e-05
11225,3.1303935e-05
11482,3.3689816e-05
11841,3.8014077e-05
12239,3.0142552e-05
12247,3.37018e-05
12463,2.9026081e-05
12522,3.0294317e-05
12988,3.623215e-05
13006,2.9031422e-05
13493,2.8510975e-05
13964,2.8092305e-05
14003,2.9058949e-05
14346,3.4590077e-05
15434,2.6896756e-05
15616,2.9073599e-05
16070,2.9219478e-05
16554,3.2296444e-05
16929,3.006032e-05
17070,3.1578897e-05
17772,3.0650346e-05
18013,2.8198e-05
18043,3.2167354e-05
18163,4.7985726e-05
18236,3.0995165e-05
18289,3.0141582e-05
18322,3.1030264e-05
18426,2.9918127e-05
18452,3.318719e-05
19104,2.8385974e-05
19109,2.9671144e-05
19445,2.9949588e-05
20002,2.792458e-05
20476,3.050346e-05
20766,3.2543452e-05
23739,3.227377e-05
23768,3.83648e-05
447,2.8210181e-05
893,3.2400436e-05
978,3.2601398e-05
2030,2.8151188e-05
2049,2.8780456e-05
2261,3.1325526e-05
2310,2.8553879e-05
2426,3.0990574e-05
2569,3.1097785e-05
2675,2.9983648e-05
4013,2.7925296e-05
4164,2.8889455e-05
4387,3.0142037e-05
4559,3.066009e-05
4935,3.2958116e-05
5293,2.9562725e-05
5301,2.7704775e-05
5435,3.0076568e-05
5461,2.8384033e-05
6725,3.1861557e-05
6973,2.9045685e-05
6991,3.3940894e-05
7203,3.0642193e-05
7914,3.2071905e-05
8062,2.8727765e-05
8797,3.0883668e-05
9516,3.0843967e-05
9729,2.7442104e-05
10265,2.6701236e-05
10282,3.0050887e-05
10461,3.242542e-05
10655,2.9931662e-05
10675,2.70938e-05
10822,2.8865288e-05
11071,2.7570972e-05
11074,3.4562163e-05
11221,2.832519e-05
11742,2.8994737e-05
12061,2.884243e-05
12217,3.1645446e-05
12714,2.9363837e-05
13014,2.8364902e-05
13695,3.0255986e-05
13720,2.8567092e-05
13825,3.0150382e-05
14148,3.1615877e-05
14322,2.9840503e-05
15046,3.0650328e-05
15245,2.7520568e-05
15488,2.7824059e-05
15762,3.0378267e-05
16885,3.434487e-05
17935,2.9985822e-05
17953,3.6236324e-05
17971,2.6696993e-05
18060,2.8834802e-05
18068,2.7517577e-05
18148,3.1733878e-05
18586,2.9349965e-05
18605,3.037508e-05
19384,3.1126692e-05
21558,2.8289875e-05
23897,2.8321663e-05
25942,2.6781649e-05
856,3.1149735e-05
872,2.8252098e-05
885,3.0876246e-05
1141,2.779087e-05
1296,2.8393244e-05
1518,2.9690738e-05
1759,3.323931e-05
1877,2.964128e-05
1943,2.8588282e-05
2078,3.200451e-05
2863,2.9598812e-05
3236,3.3134776e-05
3635,2.623707e-05
3942,3.298762e-05
4183,3.4924255e-05
4234,2.8172544e-05
4532,3.0144533e-05
4971,3.3410433e-05
5126,2.9076935e-05
5308,3.0265404e-05
5541,2.7884129e-05
5683,3.0838884e-05
5774,2.9996143e-05
6131,3.63516e-05
6145,3.1734395e-05
6469,2.7738097e-05
6495,3.224334e-05
7171,3.4499837e-05
7187,2.615292e-05
7306,2.7532873e-05
7378,3.0233201e-05
7478,2.8332317e-05
7888,3.06729e-05
8090,3.5577057e-05
8158,4.0043335e-05
8273,2.8566737e-05
8381,3.1343407e-05
8789,3.115957e-05
8954,2.9012484e-05
9469,2.8113891e-05
9627,3.016913e-05
9710,2.9348888e-05
9730,2.9970794e-05
9785,2.8741051e-05
9850,2.9226929e-05
9861,2.68096e-05
9879,2.9546603e-05
10251,3.1239728e-05
10262,2.629793e-05
10372,2.5220063e-05
10658,3.1793115e-05
10934,3.019728e-05
10959,2.9946706e-05
11178,2.7135486e-05
11394,2.5975187e-05
11808,2.9416322e-05
11839,2.7398215e-05
11853,2.7262136e-05
11930,3.05153e-05
12026,2.7657734e-05
12051,2.7273996e-05
12262,2.7808865e-05
12389,2.7788683e-05
12515,2.9448296e-05
12907,2.9018069e-05
13005,2.9567285e-05
13042,2.7760616e-05
13208,2.9615618e-05
13231,3.1076124e-05
13268,2.8322718e-05
13479,2.9603307e-05
13915,2.8300488e-05
14311,3.09779e-05
14670,2.8452276e-05
15325,2.6512596e-05
15513,2.9811277e-05
15576,2.9295072e-05
15767,2.8424183e-05
15988,2.7281694e-05
16571,3.0659532e-05
16905,3.2475833e-05
17837,3.3914606e-05
17841,3.0349493e-05
17945,2.878629e-05
17995,2.818751e-05
18183,2.8578232e-05
18190,2.7156115e-05
18323,2.955634e-05
18391,3.1803607e-05
18493,2.943078e-05
19001,2.8732498e-05
19087,2.9322797e-05
20346,2.9586407e-05
20743,2.9715022e-05
20988,3.095263e-05
21866,3.0249095e-05
24181,2.8703409e-05
25366,2.8981933e-05
40,2.880497e-05
43,3.1778418e-05
350,2.688662e-05
415,3.0476554e-05
1704,2.9624398e-05
1781,2.9965584e-05
1967,2.7088761e-05
2043,3.0997733e-05
2430,2.8142253e-05
2964,2.686288e-05
2970,2.9030729e-05
3962,2.940231e-05
4188,2.990525e-05
4197,3.017636e-05
4761,2.9315677e-05
4841,2.6824831e-05
4870,2.8598823e-05
5269,2.8188235e-05
5349,2.7337428e-05
5448,2.9886482e-05
5527,3.0704137e-05
5799,3.1074804e-05
6052,2.9756795e-05
6549,3.14365e-05
6648,3.18651e-05
8042,2.794604e-05
8078,2.7580867e-05
8425,3.1627795e-05
8498,2.7621938e-05
8890,2.4998863e-05
9079,3.076947e-05
9107,3.173771e-05
9362,2.9692883e-05
9617,2.6660791e-05
9770,2.769132e-05
9928,2.607942e-05
10540,3.0600346e-05
10668,2.798692e-05
10811,2.660865e-05
10893,3.047492e-05
10907,2.7362592e-05
11056,2.694586e-05
11153,2.7599086e-05
11217,2.8711169e-05
11296,3.0180618e-05
11711,2.7529573e-05
11796,2.9718722e-05
11852,3.6128855e-05
11934,2.7053306e-05
12692,2.9126415e-05
13362,2.8177274e-05
13917,2.9264207e-05
14086,2.9127174e-05
15735,2.8090097e-05
15900,2.826444e-05
16337,2.7514972e-05
16781,3.1467185e-05
17191,2.7766027e-05
17879,2.8960225e-05
18075,2.9113733e-05
18113,3.0623167e-05
18120,3.1806623e-05
18168,2.7012715e-05
18202,2.7716722e-05
18282,2.6751604e-05
19751,2.77714e-05
19967,2.8220758e-05
20139,2.927767e-05
20276,3.051016e-05
22853,3.0267795e-05
23870,3.4408968e-05
25429,2.94816e-05
117,2.8371043e-05
619,2.842853e-05
847,2.868456e-05
860,3.069768e-05
986,2.9147724e-05
991,2.7286675e-05
1026,2.9223538e-05
1080,3.3124514e-05
1356,2.9479772e-05
1589,3.3921457e-05
2248,2.9991956e-05
2412,3.07359e-05
2694,2.711425e-05
3388,2.7859409e-05
3602,2.7367176e-05
3983,2.840791e-05
4046,3.1201133e-05
5496,2.8935721e-05
5553,2.9262295e-05
5979,2.8320843e-05
6762,2.8637753e-05
6911,2.6659869e-05
7152,2.6387326e-05
7323,2.9455336e-05
7511,2.8997387e-05
7648,2.723681e-05
7925,2.855231e-05
7946,2.8759609e-05
8134,2.6321992e-05
8663,2.6543526e-05
8718,2.7175642e-05
8821,2.9168667e-05
9045,2.8129403e-05
9343,2.8356466e-05
9371,2.580365e-05
9459,2.9815015e-05
10634,2.6916261e-05
11026,2.8118078e-05
11029,2.7639611e-05
11445,2.8309045e-05
11733,2.9321924e-05
12441,2.5351677e-05
12881,2.9171471e-05
12910,2.8032598e-05
12971,2.9431367e-05
13471,2.6584123e-05
13930,2.5079336e-05
13980,2.7124246e-05
14053,2.5935198e-05
14661,2.8822818e-05
15217,2.7060001e-05
15323,2.942193e-05
15600,2.9486504e-05
16478,3.088713e-05
16695,2.8530852e-05
16867,2.8570721e-05
16914,2.6371556e-05
17778,3.0570714e-05
17970,2.8325707e-05
18025,2.7594931e-05
19929,3.1048985e-05
20199,2.8720178e-05
20996,2.9649938e-05
22872,2.6794016e-05
23970,2.5511723e-05
24985,2.4463325e-05
26654,2.6215966e-05
28,2.7382755e-05
443,2.8802007e-05
609,2.7559912e-05
1423,2.9373343e-05
1510,3.0599684e-05
1543,2.835882e-05
1707,3.1475232e-05
1733,3.05337e-05
1961,3.0028943e-05
2670,2.7912605e-05
2800,3.274116e-05
2861,2.499278e-05
3173,2.7137878e-05
3856,3.0694235e-05
3881,2.750572e-05
3971,3.6495847e-05
4140,3.080768e-05
4210,2.88437e-05
4550,2.6794312e-05
4745,3.1559484e-05
4794,2.8905253e-05
4811,2.6677753e-05
5594,2.5445981e-05
6053,2.762055e-05
6191,2.463516e-05
6425,2.6507056e-05
6636,2.8907e-05
6921,2.7241998e-05
7616,2.8379069e-05
7729,3.0256679e-05
8127,2.7635204e-05
8203,2.9131577e-05
9462,3.085366e-05
9584,3.0157815e-05
9999,2.5871985e-05
10441,2.977223e-05
10651,2.7038335e-05
10672,2.726112e-05
10816,2.6694124e-05
10881,3.0496096e-05
10973,3.0128522e-05
11315,2.486426e-05
11676,2.7987116e-05
11902,2.56614e-05
12104,2.620016e-05
12144,2.7570688e-05
12176,2.8235905e-05
12327,3.0117964e-05
12624,2.708086e-05
13148,3.2506698e-05
13251,2.6696043e-05
13573,3.1040046e-05
13847,3.154767e-05
14037,2.9602914e-05
14072,2.7887721e-05
14584,3.3601842e-05
14585,2.7797223e-05
14693,2.7188655e-05
15022,3.257082e-05
15482,2.6550893e-05
15734,2.7562897e-05
16541,2.7269582e-05
16609,3.16772e-05
16664,2.7232858e-05
17911,2.9487604e-05
17951,3.0411647e-05
17978,3.1608877e-05
18074,2.8226556e-05
18088,2.9045412e-05
18153,2.8277598e-05
18220,2.8245873e-05
18346,2.737559e-05
18455,2.544e-05
18476,3.0325904e-05
18674,3.1342388e-05
18982,2.8898497e-05
19029,2.9284944e-05
19053,2.9132496e-05
19064,2.8738472e-05
19065,2.8760154e-05
19099,2.3860499e-05
19163,2.601713e-05
20029,2.9000847e-05
20054,3.0115883e-05
20157,2.9001909e-05
24512,2.590751e-05
25535,2.7716032e-05
25701,2.8554065e-05
19,3.193588e-05
287,2.816064e-05
887,2.6766815e-05
1659,2.7448204e-05
1997,2.7377459e-05
2100,2.8461254e-05
2168,3.139798e-05
2171,2.820331e-05
3603,2.8451177e-05
4113,2.856341e-05
4278,2.6562768e-05
4650,2.7992246e-05
4917,3.5624224e-05
5122,2.8448969e-05
5387,2.7551005e-05
5476,2.9017863e-05
5530,2.8269766e-05
5557,2.7100412e-05
5824,2.5977493e-05
6034,2.6868218e-05
6118,2.7927414e-05
6396,3.2308046e-05
6428,3.60495e-05
6873,2.6959355e-05
6878,2.795726e-05
7112,3.070972e-05
7132,2.6945307e-05
7666,2.6411282e-05
7691,2.8079208e-05
7869,2.7395869e-05
8693,2.9109455e-05
8939,2.8385792e-05
9098,2.8376537e-05
9311,2.7020153e-05
9372,2.6406706e-05
9467,2.639391e-05
9625,3.0596624e-05
10285,2.7414973e-05
10588,2.698282e-05
10590,2.8302358e-05
10615,2.6368785e-05
10754,2.5120304e-05
11261,2.796465e-05
11327,2.8960803e-05
11710,2.8223414e-05
11858,2.7551247e-05
12253,2.7553808e-05
12607,2.6620372e-05
12719,3.0531668e-05
12912,2.7244429e-05
12957,2.6987986e-05
13100,2.9475248e-05
13397,2.639323e-05
13401,2.8952913e-05
13446,2.5479578e-05
13615,2.6295518e-05
14093,2.8083847e-05
14175,2.7105167e-05
14298,3.1910444e-05
14345,2.9061051e-05
15663,3.094093e-05
15728,2.7920532e-05
16386,2.805785e-05
16489,2.9359806e-05
16517,2.7501042e-05
16845,2.6752097e-05
17684,2.901467e-05
18078,2.4720739e-05
18096,2.8706936e-05
18133,2.619934e-05
18406,2.6863583e-05
19640,2.8270088e-05
19949,3.1751013e-05
20503,2.5500127e-05
23614,3.4157576e-05
23755,2.8134269e-05
25700,2.8383745e-05
76,2.7297123e-05
696,2.7475075e-05
1603,3.0688265e-05
2095,2.98929e-05
2329,3.0251349e-05
2395,3.505792e-05
2528,2.6092144e-05
2545,2.609265e-05
2738,2.8069571e-05
3446,2.79879e-05
3626,2.7393045e-05
4106,2.51235e-05
4631,2.6729333e-05
4639,2.7799622e-05
4817,2.7366872e-05
4855,2.629542e-05
4961,2.8491688e-05
5017,3.790261e-05
5166,3.139495e-05
5182,2.9234965e-05
5275,2.7066684e-05
5413,2.6585178e-05
5794,2.667072e-05
5820,2.7237329e-05
5891,2.80151e-05
6307,2.7856278e-05
6403,3.0208867e-05
6503,2.6453934e-05
6578,2.9227731e-05
6591,2.8875269e-05
6750,2.8297305e-05
6794,3.1670108e-05
6972,3.1772986e-05
7011,2.6510037e-05
7307,3.0019257e-05
7409,2.6075595e-05
7516,2.6473295e-05
7772,2.5979321e-05
7833,2.4845915e-05
7847,2.4835028e-05
8121,2.8655908e-05
8202,2.7603037e-05
8272,2.8030277e-05
8795,3.0447372e-05
9090,2.7318718e-05
9113,2.6705602e-05
9500,2.8129496e-05
9536,3.0799245e-05
10020,2.8172079e-05
10193,2.3890385e-05
10232,2.4402612e-05
10274,2.7424418e-05
10575,2.68302e-05
10978,2.6210419e-05
11052,2.958581e-05
11176,2.4425059e-05
11299,2.78202e-05
11338,2.5149438e-05
11404,2.7076068e-05
12220,2.8909062e-05
12260,2.4629884e-05
12319,2.5800258e-05
12326,2.6610931e-05
12365,2.7615744e-05
12446,2.556656e-05
12478,2.6211064e-05
12549,2.9566769e-05
13202,2.6827522e-05
13994,2.595083e-05
13998,2.5577421e-05
14165,2.7536098e-05
14218,2.6983942e-05
14270,2.5771402e-05
14450,2.6724796e-05
14590,2.8391627e-05
14728,2.6408037e-05
14878,2.6219735e-05
14884,2.6804222e-05
15052,3.019914e-05
15405,2.8501527e-05
15506,2.6410484e-05
16388,2.8288418e-05
16401,2.8725395e-05
16443,2.7496922e-05
17121,2.62506e-05
17880,2.6246911e-05
17893,2.5783349e-05
18062,2.5465502e-05
18105,2.7995742e-05
18548,2.7022314e-05
19009,2.8800272e-05
19097,2.6800515e-05
19450,2.5753572e-05
19578,2.4370245e-05
19911,2.6060017e-05
20067,2.8956905e-05
20089,2.7734732e-05
24031,2.63603e-05
24224,2.7996932e-05
25361,2.7094326e-05
84,3.934971e-05
286,2.9414474e-05
402,2.8434872e-05
759,2.4500438e-05
1773,2.67969e-05
2736,2.8557082e-05
2737,2.853326e-05
3786,3.1245396e-05
4637,2.6143516e-05
4690,3.010283e-05
5325,2.6855452e-05
5481,2.7438293e-05
5656,2.4977384e-05
5665,2.6189407e-05
6351,2.3759625e-05
6500,2.7952086e-05
6595,2.6021862e-05
6661,2.8438786e-05
6672,2.783519e-05
7387,2.762525e-05
8225,3.299108e-05
8320,2.6378722e-05
8453,2.5176734e-05
8580,2.538774e-05
8626,2.7543392e-05
8687,2.5627223e-05
8691,2.5670863e-05
8724,2.4848603e-05
8761,2.7318643e-05
8914,2.5951129e-05
8940,2.6702335e-05
8999,2.6630218e-05
9257,2.4802592e-05
9367,2.4882414e-05
9645,2.6558548e-05
9914,2.4464442e-05
10011,2.6649293e-05
10055,2.5919358e-05
10237,2.9469073e-05
10463,2.8777406e-05
10492,3.0405687e-05
10600,2.6022408e-05
10713,2.6871521e-05
11389,2.7590555e-05
11420,2.6915612e-05
11697,2.739517e-05
11700,2.7058342e-05
11727,2.8703318e-05
11960,2.7782324e-05
11961,2.759958e-05
11974,2.4253644e-05
12097,2.9374396e-05
12386,2.39227e-05
12397,2.5584777e-05
12706,2.5542697e-05
13098,2.7786517e-05
13286,2.3976296e-05
13554,2.9997513e-05
13889,2.4061921e-05
13945,2.5955553e-05
13996,2.7263157e-05
14060,2.7671596e-05
14312,2.844437e-05
14383,2.6339954e-05
14662,2.6848167e-05
15763,2.5261012e-05
15879,2.7241182e-05
16057,2.7003214e-05
16555,3.0558753e-05
16579,2.6619713e-05
16697,2.5344465e-05
16803,2.6907814e-05
16819,2.8706756e-05
16841,2.8270975e-05
16873,2.6980693e-05
17201,2.8351345e-05
17244,2.5040245e-05
17770,2.7948065e-05
17929,3.0055446e-05
17974,2.8519857e-05
18073,2.584377e-05
18179,3.1400086e-05
18485,2.5359355e-05
18626,2.2669263e-05
19950,2.8649707e-05
20012,2.6563326e-05
20080,2.6339072e-05
20251,2.7182687e-05
20326,2.6268528e-05
20330,2.5329915e-05
23784,2.9570841e-05
35,2.470224e-05
242,2.6605281e-05
288,3.1426625e-05
325,3.824579e-05
386,2.9597211e-05
625,2.8500237e-05
821,3.1692194e-05
1439,2.640865e-05
1515,2.6932463e-05
1574,2.5807753e-05
1891,2.707235e-05
1899,3.0572486e-05
1992,2.5011392e-05
2057,2.6024314e-05
2061,2.5875865e-05
2179,2.5421314e-05
2265,2.8293185e-05
2417,2.7708398e-05
2500,2.6753443e-05
2512,2.7707125e-05
2572,2.5207511e-05
3110,2.5270368e-05
4112,2.4008063e-05
4416,2.593601e-05
4462,2.3979854e-05
4481,2.876646e-05
4669,2.4661986e-05
4775,2.7565227e-05
4959,2.6321584e-05
5198,2.6746558e-05
5218,5.957682e-05
5467,2.4972076e-05
5479,2.8317561e-05
5518,2.521593e-05
5881,3.185523e-05
5943,2.634972e-05
6012,2.5745469e-05
6713,2.8612343e-05
7170,2.52457e-05
7541,3.312463e-05
7802,2.8521239e-05
7941,3.3572156e-05
8093,2.6647756e-05
8206,2.7369684e-05
8431,2.7269181e-05
8921,2.6729165e-05
9489,2.5656771e-05
9619,2.7020385e-05
9693,2.4524103e-05
9776,2.4979448e-05
9987,2.5912475e-05
10001,2.6548227e-05
10368,2.4884343e-05
10541,2.6012942e-05
10650,2.7081418e-05
10875,2.6516214e-05
11067,2.6540085e-05
11130,2.7816763e-05
11135,2.7103135e-05
11862,2.6031872e-05
12788,2.6396787e-05
13071,2.6017207e-05
13104,2.6339287e-05
13119,2.7519463e-05
13409,2.467144e-05
13613,2.4574962e-05
13616,3.0811185e-05
13707,2.7706852e-05
14030,2.6630165e-05
14095,2.704081e-05
14156,2.64683e-05
14546,2.4017907e-05
14672,2.63718e-05
15068,2.3309956e-05
15369,2.771523e-05
15769,2.8101953e-05
15959,2.4325846e-05
16035,2.5965128e-05
16300,2.751463e-05
16430,2.713755e-05
17761,2.4038314e-05
17859,2.185407e-05
17870,2.7280472e-05
17902,2.718416e-05
17905,2.9933622e-05
17906,2.539586e-05
17908,2.693996e-05
17955,2.7030706e-05
18042,2.5031886e-05
18246,2.6936337e-05
18263,2.612352e-05
18439,2.5977059e-05
18456,2.4783003e-05
19100,2.4907313e-05
19185,2.768024e-05
19200,2.4747293e-05
20453,2.7749513e-05
20981,2.4277573e-05
20993,2.7041044e-05
25373,2.4861765e-05
314,2.819459e-05
399,2.8963346e-05
411,3.2607553e-05
540,2.4605337e-05
997,2.632757e-05
1414,2.8266913e-05
1629,2.575562e-05
1797,2.9436815e-05
1838,2.555649e-05
2014,2.9245715e-05
2093,2.6925607e-05
2433,2.5630077e-05
2476,2.4195324e-05
2540,2.600848e-05
2667,2.5816638e-05
3214,2.5563812e-05
3801,2.6847123e-05
3888,2.4742649e-05
3893,2.9748178e-05
3906,2.6508573e-05
4043,2.6031244e-05
4114,2.8528011e-05
4118,2.7194103e-05
4156,2.7160002e-05
4179,2.6846705e-05
4379,2.6359368e-05
4465,2.8628518e-05
4649,3.3027653e-05
5186,2.5024045e-05
5345,2.5478188e-05
5533,2.45726e-05
5570,2.6059663e-05
5676,2.5887115e-05
6708,2.6509879e-05
6714,2.4933606e-05
6859,2.6443362e-05
6981,2.9342369e-05
7017,2.6816142e-05
7383,2.640559e-05
7531,2.6805617e-05
7540,2.5041303e-05
7636,2.9686498e-05
7795,2.3967359e-05
8159,2.379309e-05
8503,2.4881883e-05
8891,2.8716955e-05
8936,2.550629e-05
9004,2.5586733e-05
9009,2.9933874e-05
9035,2.7727194e-05
9261,2.3996814e-05
9296,2.5387555e-05
9407,2.8820443e-05
9538,2.6720423e-05
9568,2.5598474e-05
9992,2.6922491e-05
10209,2.484646e-05
10263,2.2896691e-05
10387,2.4242434e-05
10545,2.8605198e-05
10591,2.5515443e-05
10796,2.470139e-05
11423,2.676724e-05
11534,2.51384e-05
11593,4.146034e-05
11811,2.5129482e-05
11829,2.6195037e-05
12021,2.3619417e-05
12141,2.3352288e-05
12148,3.8884304e-05
12267,2.8566717e-05
12379,2.7926884e-05
12630,2.621723e-05
12730,2.6973015e-05
12796,2.514807e-05
13480,2.6875256e-05
13561,2.6291222e-05
13647,2.6118401e-05
13821,2.6848058e-05
13902,2.3538305e-05
13908,2.3641733e-05
14073,2.5439684e-05
14190,2.1662348e-05
14330,2.6859954e-05
14406,2.3430683e-05
15078,2.7955137e-05
15099,2.5414256e-05
15308,2.7761285e-05
15324,2.482579e-05
15573,2.929175e-05
15944,4.5925935e-05
16510,2.7584996e-05
16649,2.6567597e-05
16813,2.5885174e-05
17022,2.5414995e-05
17744,2.692109e-05
18030,2.6502115e-05
18108,2.3710589e-05
18231,2.6418133e-05
18292,2.7088907e-05
18372,2.5923846e-05
18412,2.476151e-05
18461,2.5185962e-05
18477,2.6155554e-05
18977,2.6311489e-05
19871,2.6755146e-05
20249,2.6117044e-05
20986,2.9851377e-05
20990,2.9233956e-05
24070,2.7177914e-05
201,3.0171559e-05
264,2.5751211e-05
959,2.6443797e-05
988,2.6344916e-05
1008,2.446348e-05
1365,2.3229957e-05
1584,3.0647865e-05
1676,2.8161512e-05
1732,2.47733e-05
1868,2.6140044e-05
1869,3.023386e-05
1927,2.6289705e-05
1933,2.8326085e-05
1988,2.5822495e-05
2172,2.5681094e-05
2291,2.9926046e-05
2628,2.5527974e-05
2650,2.314973e-05
2741,3.0369301e-05
3142,2.7282818e-05
3941,2.405095e-05
4327,2.3913846e-05
4405,2.454006e-05
4574,3.154961e-05
4609,2.5685513e-05
4791,2.6913527e-05
4926,2.6387357e-05
5086,2.516731e-05
5297,2.3863082e-05
5412,2.693609e-05
5497,2.7090193e-05
6046,2.5714295e-05
6305,2.495687e-05
6437,2.5769517e-05
6463,2.7611684e-05
6479,2.3552358e-05
6627,3.3937435e-05
6861,2.85924e-05
6868,2.9376863e-05
7093,2.799107e-05
7111,2.6827685e-05
7243,2.7708076e-05
7262,2.4458624e-05
7462,2.5086674e-05
7517,2.456738e-05
7539,2.6200905e-05
7625,2.64446e-05
8059,2.5505706e-05
8417,2.3785644e-05
8903,2.863357e-05
9355,2.5449266e-05
9395,2.4290495e-05
9673,2.803035e-05
10508,2.6374073e-05
10895,2.5647349e-05
10945,2.449788e-05
10971,2.5615804e-05
11123,2.7421946e-05
11557,2.6413525e-05
11678,2.4267138e-05
11792,2.4605852e-05
11800,2.631054e-05
12034,2.8077397e-05
12251,2.588534e-05
12696,2.9510025e-05
12929,2.8871595e-05
12961,2.8835122e-05
13096,2.3979856e-05
13107,2.5681518e-05
13370,2.4196988e-05
13403,2.866159e-05
13466,2.4265999e-05
13877,2.4636971e-05
13883,2.3363185e-05
13943,2.5370591e-05
14664,2.6035728e-05
14822,2.5803092e-05
14971,2.6453657e-05
15242,2.6477104e-05
15529,2.5992244e-05
15678,2.3521972e-05
15752,3.0028757e-05
15835,2.510584e-05
16700,2.6548776e-05
16723,2.703614e-05
16782,2.712864e-05
16791,2.5797377e-05
16823,3.181943e-05
16871,2.7809261e-05
17042,2.5943531e-05
17760,2.5606123e-05
17894,2.5108877e-05
17898,2.4792185e-05
18230,2.5541118e-05
18978,2.6892401e-05
19044,2.3277238e-05
19093,2.8234645e-05
20232,2.6569633e-05
23842,2.6316116e-05
24164,2.681476e-05
24850,2.2455204e-05
27146,2.388147e-05
377,2.796347e-05
576,2.983737e-05
705,2.5541338e-05
805,3.2801116e-05
861,2.563071e-05
951,2.4317585e-05
1039,2.9209543e-05
1107,2.5228208e-05
1481,2.340331e-05
1485,2.61287e-05
1956,2.594812e-05
2143,2.4822737e-05
2192,2.4841178e-05
2292,2.5933576e-05
2337,3.0078729e-05
2451,2.8134034e-05
2910,2.362896e-05
3220,2.6780941e-05
3476,2.3130013e-05
3852,2.3891997e-05
3900,2.7377711e-05
4108,2.9277699e-05
4167,2.3690118e-05
4237,3.2192635e-05
4398,2.6145039e-05
4524,2.5244235e-05
5272,3.3757475e-05
5913,2.4296833e-05
6087,2.4221867e-05
6139,2.29986e-05
6400,2.5066334e-05
6504,2.8563762e-05
6703,3.7841983e-05
7097,2.5832785e-05
7117,2.5486344e-05
7330,2.555081e-05
7347,2.4839243e-05
8979,2.5963525e-05
9436,2.2685797e-05
10073,2.7208174e-05
10377,2.9765968e-05
10526,3.1558015e-05
10748,2.7365186e-05
10843,2.5024432e-05
11002,2.6087786e-05
11297,2.5929126e-05
11908,2.4777726e-05
12175,2.5589565e-05
12310,2.58982e-05
12597,2.502534e-05
13017,2.7342257e-05
13078,2.3528484e-05
13623,3.1706884e-05
13934,2.4971054e-05
13969,2.5722342e-05
14011,2.4316836e-05
14536,2.5256311e-05
14917,2.6860578e-05
14970,2.6250402e-05
14989,2.5145859e-05
15605,2.6967598e-05
15823,2.5312818e-05
15975,2.3572185e-05
16546,2.6883394e-05
16589,2.9420315e-05
16615,2.8191564e-05
16864,2.8233573e-05
17119,2.43771e-05
17862,2.3242636e-05
17864,2.5603966e-05
17937,2.4315705e-05
17979,2.6814592e-05
18146,2.8026176e-05
18217,2.942857e-05
18261,2.58843e-05
18324,2.5590505e-05
18445,2.397941e-05
18984,2.5469313e-05
19913,2.2737868e-05
20426,2.5175552e-05
21822,2.6820835e-05
23757,2.5887337e-05
23758,2.7290607e-05
23776,2.8398068e-05
23892,3.1538653e-05
24454,2.5558697e-05
25372,2.5192498e-05
25404,2.256699e-05
27141,2.3190047e-05
278,2.7030139e-05
601,2.4092122e-05
921,2.7454516e-05
990,2.5355981e-05
1070,2.905927e-05
1852,2.4521942e-05
2208,3.7873422e-05
2217,2.5586523e-05
2427,2.53184e-05
2454,2.512379e-05
2655,2.688203e-05
2688,3.0146442e-05
3871,2.4300953e-05
3872,2.4758081e-05
4686,3.450036e-05
4778,2.4961191e-05
4964,2.5158597e-05
5024,2.3402286e-05
5284,2.4201481e-05
5358,2.3857821e-05
5373,2.6682119e-05
5389,2.2068183e-05
5447,2.5183377e-05
6093,2.3524235e-05
6099,2.8161436e-05
6100,3.2579323e-05
6117,2.3761942e-05
6238,2.539124e-05
6684,2.4078383e-05
7025,2.3486256e-05
7164,2.342698e-05
7402,2.553684e-05
7690,2.2742075e-05
7832,3.101299e-05
7921,2.7686096e-05
7974,2.4755824e-05
8256,2.280094e-05
8335,3.1894724e-05
8546,2.2929673e-05
9002,2.5519266e-05
9028,2.6680424e-05
9354,2.2855282e-05
9416,2.3376993e-05
9722,2.323028e-05
9774,2.386341e-05
10268,2.189627e-05
10659,2.3758603e-05
10829,2.628337e-05
11778,2.588682e-05
11880,2.2330687e-05
11917,2.3705074e-05
12306,2.5120244e-05
12460,2.62606e-05
12553,2.684056e-05
13008,2.6799049e-05
13414,2.507025e-05
13552,2.5207348e-05
13932,2.3725403e-05
14252,2.3953937e-05
14262,2.7856264e-05
14339,2.6320722e-05
14507,2.6724787e-05
15008,2.4659956e-05
15414,2.5377518e-05
15696,2.472788e-05
16889,2.4095614e-05
17738,2.4370356e-05
17926,2.4017412e-05
17989,2.4978635e-05
18026,2.4781846e-05
18114,2.401428e-05
18129,2.2797312e-05
18448,2.354443e-05
18506,2.386203e-05
18669,2.5052297e-05
19115,2.2231485e-05
19532,2.3241197e-05
20106,2.6694875e-05
20745,3.199573e-05
21096,2.625255e-05
22075,2.3746754e-05
23547,2.5523352e-05
23726,2.5350522e-05
23733,2.5748872e-05
23744,2.674122e-05
23763,2.351212e-05
23771,2.6727264e-05
24201,2.389248e-05
25512,2.345278e-05
46,2.6087619e-05
681,2.395279e-05
832,2.48398e-05
844,2.44974e-05
1403,2.4730036e-05
1468,2.677913e-05
1491,2.3220273e-05
1506,2.8270355e-05
1808,2.5069785e-05
1989,2.485684e-05
2198,2.3724519e-05
2215,2.480987e-05
2383,2.815187e-05
3109,2.5824836e-05
3271,2.5513911e-05
3495,2.465696e-05
3838,2.7380458e-05
3961,2.4810393e-05
4168,2.325559e-05
4310,3.1446558e-05
4315,2.847942e-05
4440,2.4129768e-05
4569,2.638232e-05
4787,2.325741e-05
4818,2.576577e-05
4921,3.1000818e-05
5573,2.3991826e-05
5582,2.909212e-05
5589,3.051744e-05
5767,2.6125908e-05
6097,2.8079217e-05
6128,2.4626619e-05
6474,2.6409727e-05
7107,2.3754923e-05
7230,2.3431136e-05
7389,2.6429025e-05
7758,2.221969e-05
7913,2.3355722e-05
8075,2.4954323e-05
8223,2.388018e-05
8633,2.7006516e-05
8685,2.5473979e-05
8849,2.6779857e-05
9332,2.431375e-05
9461,2.6366932e-05
9525,2.309512e-05
9746,2.5841922e-05
9855,2.3338738e-05
10029,2.4206667e-05
10264,2.1606962e-05
10388,2.6169433e-05
10589,2.4735018e-05
10673,2.3178976e-05
10773,2.2730697e-05
10842,2.4571103e-05
10961,2.4532455e-05
11133,2.5295953e-05
11220,2.3854001e-05
11772,2.3768582e-05
11802,2.2896533e-05
11855,2.4022847e-05
11968,2.274046e-05
12471,2.4242829e-05
13009,2.5203615e-05
13187,2.4072462e-05
13302,2.4323686e-05
13305,2.4391578e-05
13468,2.4494602e-05
13610,2.5243498e-05
13655,2.4023833e-05
13671,2.4888757e-05
14259,2.4560612e-05
14597,2.5235368e-05
15450,2.5112582e-05
15821,2.2495844e-05
15832,2.2932214e-05
16084,2.2698496e-05
16341,2.3880672e-05
16403,2.5537074e-05
16536,2.4321816e-05
16628,2.585104e-05
16638,2.5998927e-05
16913,2.6137965e-05
17256,2.462368e-05
17751,2.4834593e-05
18003,2.4125799e-05
18031,2.537652e-05
18206,2.4369912e-05
18216,2.2457081e-05
18394,2.3333909e-05
18855,2.480569e-05
18936,2.1877404e-05
18957,2.5952928e-05
19024,2.3220106e-05
19130,2.2635035e-05
19570,2.4216106e-05
19789,2.3231325e-05
19832,2.6198339e-05
20202,2.5959816e-05
21725,2.4730149e-05
21755,2.3809464e-05
23535,2.3982691e-05
23825,2.581448e-05
24022,2.365123e-05
24575,2.0172214e-05
25825,2.382918e-05
147,2.8994085e-05
313,2.3326316e-05
1132,2.2839538e-05
1470,2.4425965e-05
1536,2.565726e-05
1537,3.0162864e-05
1793,2.584645e-05
1860,2.3890934e-05
1865,2.2323322e-05
1901,2.4308749e-05
1986,2.3005345e-05
2079,2.3379853e-05
2174,2.4828718e-05
2231,2.6078615e-05
2556,2.6439086e-05
3066,2.3128523e-05
3352,2.2947128e-05
3394,2.4420855e-05
3889,2.2973849e-05
4547,2.275041e-05
4726,2.7152786e-05
4744,2.9151151e-05
4883,2.4099863e-05
5160,2.3882314e-05
5542,2.4294797e-05
5560,2.3356468e-05
5672,2.3086275e-05
5822,2.4102996e-05
6372,2.458592e-05
6477,2.6031652e-05
6542,2.1722983e-05
6616,2.5993275e-05
6670,2.5238925e-05
6815,2.7670658e-05
6824,2.3151228e-05
6832,2.6328513e-05
6857,2.6604164e-05
6881,2.404035e-05
6885,2.2320177e-05
6930,2.822687e-05
7063,2.3518827e-05
7088,2.5599395e-05
7564,2.3327582e-05
7580,2.3730983e-05
7759,2.2336555e-05
7960,2.7172398e-05
8097,2.3921191e-05
8285,2.655491e-05
8491,2.8470991e-05
8648,2.3696168e-05
8651,2.4252087e-05
8995,2.6505535e-05
9025,2.2819806e-05
9082,2.765705e-05
9262,2.35637e-05
9805,2.6466183e-05
10005,2.19414e-05
10551,2.385514e-05
10728,2.8969347e-05
10731,2.7297983e-05
10901,2.344387e-05
11279,2.2704908e-05
12072,2.4206063e-05
12098,2.2924674e-05
12249,2.536423e-05
12288,2.1860265e-05
12387,2.3165012e-05
12663,2.3172535e-05
12913,2.3833001e-05
13426,2.5303394e-05
13443,2.2493632e-05
14353,2.4860283e-05
14525,2.3674991e-05
14710,2.4946017e-05
14959,2.2669603e-05
14973,2.3328048e-05
15341,2.6374846e-05
15661,2.40513e-05
15664,3.1595806e-05
16118,2.3484281e-05
16389,2.370679e-05
16482,2.3681994e-05
17680,2.241577e-05
17758,2.319759e-05
17990,2.3303606e-05
18171,2.6054498e-05
18621,2.3880228e-05
18929,2.132605e-05
19079,2.117221e-05
19407,2.6252172e-05
19410,2.3563203e-05
20176,2.5344116e-05
22666,2.1057205e-05
25354,2.4893587e-05
25422,2.563766e-05
25487,2.4596844e-05
25784,2.2233362e-05
27209,2.7955744e-05
290,2.3900575e-05
642,2.5116333e-05
862,2.9976403e-05
1484,2.5127445e-05
1554,2.255744e-05
1598,2.8262462e-05
1751,2.457939e-05
1830,2.1296693e-05
2037,2.3790792e-05
2448,2.355183e-05
2627,2.4722722e-05
3756,2.9667102e-05
3892,2.523217e-05
4144,2.876587e-05
4368,2.2586204e-05
4469,2.2567117e-05
4633,2.4833618e-05
4888,2.4710402e-05
5687,2.4498728e-05
5775,2.6594844e-05
5932,2.6242526e-05
5990,3.358714e-05
6041,2.4110725e-05
6050,2.3329583e-05
6629,2.3148796e-05
6630,2.2061573e-05
6650,2.9040024e-05
6719,2.414811e-05
6784,2.5464913e-05
6909,3.969992e-05
7014,2.4476172e-05
7186,2.4481673e-05
7364,2.5605781e-05
7386,2.8510467e-05
7434,2.3313232e-05
7446,2.2453845e-05
7643,2.4057197e-05
7699,2.504038e-05
7722,2.3794611e-05
7876,2.1119853e-05
7878,2.5386062e-05
7987,2.139307e-05
8174,2.355386e-05
8321,2.2042323e-05
8457,2.3067945e-05
8623,2.5142861e-05
8756,2.1606273e-05
9389,2.3264623e-05
9605,2.2435044e-05
9683,2.0792198e-05
9949,2.207796e-05
10290,2.3406817e-05
10512,2.2745537e-05
10578,2.2729748e-05
10640,2.4320561e-05
10831,2.5005822e-05
10870,2.3748042e-05
10923,2.3362118e-05
11263,2.4045456e-05
11272,2.2379263e-05
11483,2.2245393e-05
11489,2.5166943e-05
11724,2.336145e-05
11920,2.1620388e-05
12472,2.4335244e-05
12892,2.2715245e-05
12950,4.740569e-05
14155,2.2925518e-05
14288,2.2829405e-05
14588,2.1509715e-05
14682,2.341779e-05
14818,2.2494785e-05
15233,2.2991922e-05
15253,2.6960637e-05
15342,2.2680957e-05
15389,2.4604386e-05
16515,2.8012357e-05
16776,2.478504e-05
17046,2.268705e-05
17887,2.4249652e-05
17915,2.872876e-05
18294,2.2502141e-05
18302,2.296663e-05
18347,2.7415073e-05
18405,2.4173762e-05
18424,2.2083192e-05
18659,2.3597599e-05
18852,2.201468e-05
18964,2.1757809e-05
19071,2.3526198e-05
20019,2.3515138e-05
20069,2.3153476e-05
22880,2.3064858e-05
23537,2.6019838e-05
23863,2.425718e-05
23876,2.4121677e-05
25377,2.273098e-05
263,2.514673e-05
957,2.6630078e-05
1066,3.196356e-05
1395,2.9588673e-05
1410,2.363271e-05
1496,2.3402086e-05
1983,2.11095e-05
2064,2.27316e-05
2071,2.4657918e-05
2142,2.3773875e-05
2245,2.3005137e-05
2725,2.5364801e-05
3060,2.288032e-05
3082,2.469926e-05
3368,2.1596692e-05
3402,2.654817e-05
3480,2.5140034e-05
3826,2.2844873e-05
3829,2.3880479e-05
3890,2.514182e-05
4159,2.360345e-05
4501,2.7854949e-05
4702,2.3960627e-05
4890,2.2991982e-05
5108,2.4536645e-05
5608,2.3006021e-05
5695,2.2266513e-05
5899,2.3648894e-05
5907,2.392971e-05
6025,2.2507302e-05
6150,2.4338096e-05
6210,2.3737615e-05
6301,2.333667e-05
6493,2.3568791e-05
6537,2.3985303e-05
6705,2.4585897e-05
6816,2.8012713e-05
6920,2.3970699e-05
7085,2.4604147e-05
7214,2.6070746e-05
7237,2.8294844e-05
7480,2.2973669e-05
7493,2.515995e-05
8383,2.3698472e-05
8495,2.4417332e-05
8855,2.4806835e-05
9442,2.15128e-05
9484,2.97041e-05
9954,2.379249e-05
10399,2.222939e-05
10469,2.6899652e-05
10611,2.244686e-05
10943,2.2035267e-05
10963,2.4500694e-05
11227,2.3790075e-05
11375,2.3037566e-05
11380,2.434324e-05
11577,2.2721828e-05
11759,2.1429383e-05
11846,2.6658032e-05
11850,2.410079e-05
12080,2.3588735e-05
12111,2.043874e-05
12665,2.1998969e-05
12885,2.185822e-05
12944,2.6413381e-05
13239,2.1667234e-05
13276,2.5465251e-05
13497,2.4152989e-05
13793,2.4323977e-05
14049,2.2420993e-05
14067,2.5094309e-05
14527,3.471114e-05
14886,2.3405439e-05
15015,2.3162112e-05
15142,2.186812e-05
15672,2.532965e-05
15706,2.4345789e-05
15841,2.2430178e-05
16303,2.0947162e-05
16435,2.3407763e-05
16526,2.3514302e-05
16691,2.3511628e-05
16722,2.5824957e-05
16744,2.3327537e-05
16904,2.2373737e-05
16917,2.3451194e-05
17780,2.3980952e-05
17812,2.2754539e-05
17952,2.4596295e-05
18341,2.3191973e-05
18535,2.1655633e-05
18630,2.2391572e-05
18835,2.289543e-05
18912,2.2911534e-05
19531,2.6248654e-05
19899,2.312634e-05
20096,2.2254651e-05
20141,2.355234e-05
20151,2.3542536e-05
20272,2.2388818e-05
24302,2.1956359e-05
24641,2.147711e-05
24991,2.3098579e-05
25370,2.3903809e-05
26967,2.329183e-05
52,2.2155367e-05
244,2.2632088e-05
305,2.8143993e-05
344,2.7258895e-05
360,2.2683264e-05
801,2.1340755e-05
848,2.6192705e-05
1523,2.1121881e-05
1636,2.2855866e-05
1926,2.3715893e-05
2405,2.8490462e-05
3152,2.3917168e-05
3260,2.1030886e-05
3478,2.287581e-05
3931,2.3234303e-05
4372,2.4786368e-05
4824,2.6518803e-05
5253,2.0616939e-05
5378,2.2651859e-05
5466,2.399326e-05
5550,2.0872098e-05
5857,2.3731307e-05
6009,2.618419e-05
6018,2.2710316e-05
6179,2.2562788e-05
6281,2.1897047e-05
6304,2.5817353e-05
6447,2.6614194e-05
6735,2.3314955e-05
6985,2.1080848e-05
7234,2.5645017e-05
7578,2.375096e-05
7751,2.5386347e-05
7865,2.2232774e-05
8644,2.6596914e-05
8796,2.2958437e-05
8844,2.8179042e-05
8922,2.5526915e-05
9433,2.2038465e-05
9597,2.0919639e-05
9847,2.3564215e-05
9862,2.0947791e-05
9893,2.6858434e-05
10200,2.284412e-05
10204,2.2882112e-05
10352,2.089892e-05
10520,2.3090146e-05
10567,2.2254831e-05
10784,2.156705e-05
10865,2.159869e-05
10905,2.4225474e-05
10911,2.216198e-05
10975,2.2497308e-05
11083,2.1889613e-05
11084,2.2025019e-05
11194,2.0410958e-05
11200,2.3625156e-05
11738,2.0911317e-05
11801,2.2705719e-05
11838,2.3358762e-05
11999,2.2578806e-05
12496,2.3955163e-05
13089,2.2980787e-05
13324,2.5731215e-05
13494,2.3217604e-05
13617,1.9977895e-05
13686,2.4420027e-05
13923,2.0800684e-05
14084,2.3607045e-05
14091,2.2525983e-05
14380,2.2944794e-05
14603,2.1597982e-05
14658,2.2444961e-05
14797,2.1583443e-05
15013,2.1563701e-05
15045,2.2861332e-05
15362,2.2852406e-05
15396,2.6401267e-05
15524,2.4656498e-05
15874,2.2266471e-05
15898,2.6033798e-05
16080,2.4108684e-05
16417,2.2221362e-05
16653,2.2185726e-05
16756,2.3008968e-05
16799,2.1373437e-05
16835,2.1191403e-05
17014,2.2619519e-05
17071,2.2970045e-05
17747,2.2516457e-05
17861,2.3599896e-05
17949,2.3641485e-05
17972,2.317114e-05
18184,2.249032e-05
18692,2.4016166e-05
19040,2.6165862e-05
19118,2.3293696e-05
19137,2.1434787e-05
19774,2.033661e-05
19870,2.2791495e-05
20070,2.1625177e-05
20095,2.3075478e-05
20155,2.4009887e-05
20416,2.2296674e-05
21533,2.1846878e-05
23128,2.208976e-05
24618,2.1311702e-05
24637,2.4753668e-05
25347,2.4260999e-05
25485,2.38046e-05
304,2.4135188e-05
410,2.2503193e-05
993,2.3495835e-05
1097,2.1723083e-05
1169,2.2356997e-05
1479,2.6656544e-05
1596,2.1284206e-05
1769,2.1256226e-05
1783,2.2733944e-05
1824,2.2176537e-05
2360,2.3694187e-05
2460,2.2046084e-05
2679,2.1830954e-05
3760,2.0626068e-05
3825,2.157436e-05
4115,2.1978249e-05
4589,1.9035186e-05
4626,2.4438941e-05
4819,2.0952484e-05
5006,2.2270211e-05
5202,2.5413581e-05
5320,2.1844775e-05
5575,2.2975444e-05
5576,2.18415e-05
5698,2.2719178e-05
5729,2.249637e-05
6222,2.1766391e-05
6891,2.2883392e-05
6902,2.7744194e-05
6975,2.265909e-05
7182,2.1852204e-05
7311,2.4273228e-05
7545,2.4950523e-05
7777,2.2217353e-05
7791,2.5770234e-05
7953,2.6101483e-05
7982,2.137203e-05
8122,2.459875e-05
8187,2.15413e-05
8452,2.0616604e-05
8572,2.0723222e-05
8778,2.2852633e-05
8917,2.4514275e-05
9752,2.197845e-05
10037,2.1090435e-05
10057,2.3287352e-05
10957,2.6799298e-05
10984,2.1396674e-05
11179,2.4359035e-05
11185,2.22508e-05
11370,2.149956e-05
11628,2.0568903e-05
11699,2.2106664e-05
11912,2.163992e-05
11963,2.4879142e-05
12012,2.1875232e-05
12110,2.3893452e-05
12125,2.1447526e-05
12484,2.1758056e-05
12508,2.0959145e-05
12580,2.4252706e-05
13234,2.4162957e-05
13297,2.2054473e-05
13364,2.7488863e-05
13441,2.185053e-05
13454,2.1118487e-05
13477,2.326952e-05
13716,2.20925e-05
13782,2.9637176e-05
14010,2.0198837e-05
14034,2.3944875e-05
14096,2.248281e-05
14145,2.2170114e-05
14147,2.1862106e-05
14289,2.3019158e-05
14340,2.1835447e-05
14460,2.0543413e-05
14461,2.4798164e-05
14602,2.4086208e-05
14646,2.3583772e-05
14668,2.3240367e-05
14684,2.3973733e-05
15608,1.9701203e-05
15786,2.411571e-05
15916,2.0426593e-05
16113,2.1068205e-05
16408,2.7798109e-05
16432,2.2659562e-05
16442,2.2059032e-05
16699,2.2004793e-05
16818,2.424186e-05
16954,2.4572373e-05
17721,2.56339e-05
18123,2.2492808e-05
18134,2.1018315e-05
18327,2.2660122e-05
18421,2.0166019e-05
18829,2.0890124e-05
18983,2.2736494e-05
19139,2.1774169e-05
19142,1.9673203e-05
19403,2.5714053e-05
19474,2.2269067e-05
19813,2.4911034e-05
19892,2.126216e-05
19916,2.2712946e-05
19948,2.3343604e-05
19994,2.1706026e-05
20001,2.3431709e-05
20018,2.1896849e-05
20064,2.0540272e-05
20081,2.2889948e-05
20293,2.1078014e-05
20428,2.1954798e-05
20892,2.247642e-05
23929,2.2670132e-05
49,2.2558013e-05
338,2.0706413e-05
363,2.019624e-05
571,2.3211596e-05
722,2.2537912e-05
735,2.0892541e-05
1573,2.1655545e-05
1834,2.8688763e-05
2012,2.2469501e-05
2022,2.6515912e-05
2335,2.0930729e-05
2468,2.2649692e-05
2699,2.1747463e-05
2855,2.7718164e-05
3735,2.499676e-05
3808,2.1129883e-05
4141,2.1584858e-05
4199,2.3309178e-05
4311,2.0992129e-05
4395,2.1696253e-05
4578,2.309296e-05
4604,2.0248459e-05
4648,2.474795e-05
4662,2.7772581e-05
4766,2.0840514e-05
4863,2.2135759e-05
4876,2.283113e-05
5145,2.2607013e-05
5383,2.5709262e-05
5401,1.9900966e-05
5830,2.1324222e-05
6339,2.478061e-05
6355,2.1726235e-05
6499,2.2727048e-05
7193,2.2344755e-05
7455,2.1692602e-05
7482,2.1841493e-05
7606,2.0005004e-05
7650,2.2129447e-05
7683,2.5871741e-05
7990,2.446656e-05
8002,2.4356981e-05
8184,2.4186631e-05
8390,2.8158625e-05
8912,2.027645e-05
9013,2.2802997e-05
9038,2.1981372e-05
9077,2.171308e-05
9265,2.4133173e-05
9558,2.3016955e-05
9682,1.9547297e-05
9896,2.3459994e-05
9941,2.2290518e-05
9948,2.2432221e-05
10250,2.2811346e-05
10453,2.2007684e-05
10537,2.0266143e-05
10544,2.1625032e-05
10745,2.236749e-05
10868,2.4049605e-05
10884,2.285868e-05
10913,2.181346e-05
11124,2.2528688e-05
11267,2.121697e-05
11378,2.2188378e-05
11457,2.0849999e-05
11728,2.1481868e-05
11774,1.9093462e-05
11964,1.9832281e-05
11996,2.3512239e-05
12018,2.1479973e-05
12064,2.0938907e-05
12394,2.3321676e-05
12501,2.3688968e-05
12742,2.275019e-05
12782,1.9758932e-05
12790,2.0555994e-05
12850,2.114257e-05
13210,2.0248668e-05
13316,2.3655215e-05
13377,2.3138413e-05
13513,2.188822e-05
13658,2.145025e-05
14141,2.6813173e-05
14174,1.9886076e-05
14305,2.2732456e-05
14544,2.3358085e-05
15712,2.6436406e-05
15773,2.2494754e-05
15884,2.333081e-05
16452,2.1422085e-05
17242,2.0171094e-05
17266,2.2108748e-05
17779,2.3486482e-05
17807,2.3058128e-05
17852,2.9425577e-05
17855,2.2094615e-05
17939,2.5075748e-05
18100,2.2965234e-05
18124,2.2953247e-05
18203,2.0923975e-05
18803,2.2919228e-05
19736,1.9883862e-05
20056,2.4911242e-05
20220,2.5094327e-05
21669,2.3322926e-05
21828,2.6092825e-05
23718,2.2582304e-05
23754,2.2932465e-05
23769,2.1186333e-05
24040,1.9741554e-05
25084,2.1159523e-05
25360,2.130236e-05
183,2.5221512e-05
438,2.0208605e-05
527,2.3395678e-05
650,1.964143e-05
697,2.3220717e-05
1100,2.3974048e-05
1473,2.0129924e-05
1590,2.3111395e-05
1653,2.6333157e-05
1671,2.2928114e-05
1780,2.1958087e-05
1885,2.1568325e-05
2086,2.293365e-05
2290,2.1725587e-05
2626,2.2156142e-05
2633,1.9572215e-05
3477,3.236741e-05
4245,1.9531366e-05
4388,2.1155494e-05
4670,2.1512207e-05
4714,2.4300258e-05
4936,2.0889564e-05
5392,2.2971497e-05
5704,2.0485211e-05
5923,2.033669e-05
6000,2.2656051e-05
6462,2.1964835e-05
6575,2.2953616e-05
6624,2.1664791e-05
6700,2.4192606e-05
7130,2.0631564e-05
7224,2.1789845e-05
7244,2.3560266e-05
7264,2.11186e-05
7308,2.1115826e-05
7341,2.595715e-05
7473,2.0182424e-05
7502,2.0382537e-05
7686,2.2263735e-05
7794,2.0600257e-05
7836,2.0357804e-05
8439,2.4937697e-05
8748,1.9573108e-05
8808,2.0380881e-05
8930,2.1365862e-05
9307,2.7183021e-05
9345,2.0617066e-05
9400,3.1100946e-05
9813,1.9901876e-05
9955,2.090176e-05
10253,2.0646648e-05
10396,2.0721669e-05
10867,2.2423905e-05
10900,2.3357494e-05
10917,2.0721676e-05
10939,2.2303528e-05
10972,2.1121898e-05
11090,2.1686476e-05
11640,2.0109037e-05
11781,2.2542892e-05
12152,2.0526611e-05
12408,2.0953728e-05
12431,2.1917132e-05
12702,2.1403383e-05
12745,1.8482579e-05
13109,2.1298725e-05
13140,2.2258046e-05
13400,2.3127308e-05
13992,2.0565998e-05
14022,2.0937161e-05
14045,2.2354265e-05
14310,2.17069e-05
14476,2.0817008e-05
14738,2.5122014e-05
14827,2.0477131e-05
15041,2.091899e-05
15376,2.3166807e-05
15666,2.1487214e-05
15910,2.2431643e-05
16463,2.6104273e-05
16670,2.0442558e-05
16824,2.1708662e-05
16906,2.0811669e-05
17113,2.1115384e-05
17912,2.3328159e-05
18419,2.179845e-05
18436,2.1713775e-05
18488,2.082764e-05
18685,1.988776e-05
18951,2.6802769e-05
19132,2.7536375e-05
19396,2.3465025e-05
19598,2.5230123e-05
19875,2.9308558e-05
19903,2.067204e-05
20032,2.2128972e-05
20193,2.0542753e-05
20317,2.2131868e-05
20466,2.1185337e-05
22076,2.387972e-05
23052,1.823036e-05
23747,2.1469856e-05
23954,2.2113618e-05
24729,1.946498e-05
25382,2.155796e-05
368,2.0655625e-05
680,2.190403e-05
754,2.716557e-05
1037,2.101591e-05
1121,2.410515e-05
1215,2.0841228e-05
1322,1.8986399e-05
1367,2.1322176e-05
1593,2.243996e-05
1763,3.4524033e-05
1939,2.2164542e-05
2072,2.0492089e-05
2316,2.0971494e-05
2434,2.0694737e-05
2555,1.9218061e-05
3448,2.0986192e-05
3568,2.3680932e-05
4055,2.0393418e-05
4127,2.3336343e-05
4279,2.2556964e-05
4577,1.9865027e-05
4673,2.7580469e-05
4746,2.6479178e-05
4816,2.152753e-05
4962,2.201359e-05
5152,2.0733345e-05
5184,2.2683282e-05
5245,2.1698486e-05
5342,2.3148628e-05
5443,2.0380616e-05
5465,2.3053854e-05
5487,2.2604268e-05
5491,2.0210367e-05
5513,1.9181078e-05
5568,2.149511e-05
5640,2.2774297e-05
5752,2.315563e-05
5862,2.0728101e-05
6047,2.3234397e-05
6379,2.2721997e-05
6402,2.8536346e-05
6539,2.079143e-05
6847,2.133476e-05
6990,1.946795e-05
7062,2.2278737e-05
7086,2.116524e-05
7227,2.0096268e-05
7381,2.0747357e-05
7393,2.0169478e-05
7809,2.1142398e-05
7817,2.4030753e-05
7819,2.0033553e-05
7948,2.2527922e-05
7979,1.9926556e-05
8116,2.1074226e-05
8337,2.1658048e-05
8612,2.065738e-05
8672,2.0122989e-05
8874,2.4722278e-05
9361,2.0702219e-05
9511,1.897278e-05
9629,2.1947872e-05
9759,2.2014774e-05
9763,2.1165475e-05
9765,2.0504045e-05
9883,1.8798197e-05
10430,2.0495032e-05
10442,2.1683056e-05
10751,2.3025646e-05
10937,1.886308e-05
11000,2.237501e-05
11009,2.100825e-05
11162,2.184767e-05
11360,2.1274047e-05
11374,2.2603788e-05
11503,2.0156664e-05
11518,2.010386e-05
11785,1.9135001e-05
11893,2.153675e-05
11941,2.0471049e-05
12354,2.195176e-05
12576,2.2384576e-05
13418,2.0309491e-05
13457,2.334584e-05
13634,2.1864154e-05
13692,2.1627548e-05
13721,2.1150941e-05
13764,2.141008e-05
14538,2.0084199e-05
14593,1.964437e-05
14905,2.69665e-05
15264,2.139049e-05
15285,2.289481e-05
15319,2.1476657e-05
15349,2.085663e-05
15505,2.1548043e-05
15611,2.2330205e-05
15979,1.9614045e-05
16304,2.0236785e-05
16512,2.1497548e-05
16661,2.0585103e-05
16861,2.2867109e-05
17066,2.0605898e-05
17798,2.026896e-05
17845,2.1410278e-05
17848,2.1127511e-05
17954,2.2884655e-05
18107,2.4348128e-05
18295,2.061116e-05
18306,2.2197057e-05
18400,2.0973783e-05
18402,2.1968337e-05
18458,2.1672908e-05
18462,1.9216208e-05
18706,2.197194e-05
19019,2.3501721e-05
19127,2.1305164e-05
19258,2.0423413e-05
20162,2.237058e-05
20827,1.9732783e-05
21048,2.0359039e-05
21830,1.8094019e-05
21862,1.9187017e-05
23042,2.3034154e-05
23544,1.9858047e-05
23730,2.1101958e-05
24407,2.1786072e-05
24481,2.0794658e-05
25394,2.2479242e-05
25900,2.0185249e-05
26469,1.8972993e-05
706,2.1817337e-05
739,2.3841445e-05
1114,2.314401e-05
1620,2.0510612e-05
1651,2.1149977e-05
1842,2.087888e-05
2185,2.2934859e-05
2269,2.1245556e-05
2296,2.2227514e-05
2343,2.0286257e-05
2429,1.9973984e-05
2447,2.1160513e-05
2478,2.2622471e-05
2480,2.3778499e-05
2631,2.2846638e-05
2806,2.0406029e-05
3205,1.9534462e-05
3666,2.0625585e-05
3991,2.188682e-05
4165,2.0996387e-05
4281,2.128227e-05
4408,2.026328e-05
4516,1.913584e-05
4571,2.120799e-05
4680,1.970178e-05
4728,2.19908e-05
4747,3.127568e-05
4866,2.0114949e-05
4928,2.0305815e-05
5094,2.2744884e-05
5139,1.9699979e-05
5163,2.1059743e-05
5204,2.3025117e-05
5374,2.0927066e-05
5534,2.1200069e-05
5933,1.952295e-05
6021,2.3991837e-05
6183,1.8200544e-05
6260,2.4031122e-05
6446,2.6515529e-05
6460,2.3848967e-05
6643,2.1577089e-05
6770,2.3243836e-05
6875,2.1136186e-05
7113,2.0638538e-05
7286,2.2198907e-05
7349,2.4748068e-05
7452,2.1064552e-05
8131,2.8675913e-05
8295,2.1768716e-05
8369,2.1341093e-05
8767,2.0139478e-05
8847,2.0238489e-05
8902,2.2151535e-05
8928,2.3014529e-05
8953,2.8576065e-05
9032,1.9031624e-05
9756,2.4704299e-05
9991,2.0961657e-05
10069,2.1263539e-05
10266,1.8914445e-05
10369,1.9773157e-05
10429,2.0367921e-05
10638,1.9160703e-05
10669,1.973101e-05
10752,2.0721393e-05
10885,2.051645e-05
11014,1.9609332e-05
11373,2.052509e-05
11501,2.0393287e-05
11687,2.6865982e-05
11937,2.1647256e-05
12085,2.036674e-05
12345,1.8966914e-05
12376,1.980706e-05
12609,2.305681e-05
12787,1.8811967e-05
12792,2.1385778e-05
13012,2.1323158e-05
13053,2.0564426e-05
13284,2.3573893e-05
13294,2.277e-05
13317,2.3107663e-05
13462,1.9300858e-05
13814,2.1260199e-05
14423,1.9550514e-05
14430,1.9282832e-05
14472,2.090812e-05
14506,1.9698053e-05
14537,2.0686639e-05
14543,1.8203475e-05
14721,2.1229995e-05
15306,2.2172924e-05
15428,2.0265124e-05
15514,2.4110517e-05
15708,2.0848676e-05
15795,2.2670612e-05
15811,2.0690899e-05
15878,2.1011147e-05
15885,2.0914687e-05
16071,2.1033202e-05
16787,1.892952e-05
16978,2.7555787e-05
17001,2.2551401e-05
17118,1.959606e-05
17874,2.174256e-05
17919,2.1330958e-05
18204,2.0536654e-05
18245,2.1377e-05
18267,2.0251606e-05
18305,2.0159947e-05
18536,2.0540101e-05
18728,1.9379135e-05
18846,2.0860407e-05
18887,2.0783484e-05
19092,2.073802e-05
19152,2.2638143e-05
19225,2.1163069e-05
19231,2.5217036e-05
19323,1.9833116e-05
19390,2.0762687e-05
19992,1.9894258e-05
20217,2.096103e-05
20300,2.2642558e-05
20977,2.0876832e-05
21098,2.1663982e-05
21969,2.0559255e-05
23814,2.2555825e-05
25365,2.0312673e-05
25386,1.8064266e-05
25480,2.0495307e-05
27135,1.8813482e-05
27162,2.2485485e-05
259,2.0433987e-05
425,2.2037068e-05
524,1.9204806e-05
573,2.2115124e-05
628,2.080853e-05
644,1.9514855e-05
721,2.2015427e-05
1074,2.3465427e-05
1120,2.0007777e-05
1323,1.7530343e-05
1874,1.9829602e-05
1875,2.2472923e-05
1912,1.9924963e-05
1993,2.6064976e-05
2133,2.0510268e-05
2213,2.5561e-05
2552,2.017987e-05
2810,2.2597855e-05
2875,1.9493207e-05
3044,2.0395853e-05
3244,2.1461412e-05
3348,1.9303105e-05
3689,2.0744232e-05
3953,2.0422634e-05
3998,2.0184483e-05
4142,2.0770192e-05
4305,2.1849472e-05
4537,1.9686879e-05
4937,1.9185038e-05
5080,2.1043288e-05
5179,2.133723e-05
5242,1.9140614e-05
5436,2.0104473e-05
5549,2.064332e-05
5590,2.0946478e-05
6060,2.4502664e-05
6168,2.1388598e-05
6308,2.0448048e-05
6658,2.2319902e-05
6860,1.9059582e-05
6886,1.8337658e-05
6998,2.2257482e-05
7305,2.0402393e-05
7532,2.0093223e-05
7898,2.1458383e-05
8151,1.9996576e-05
8308,1.837709e-05
8357,1.900908e-05
8434,1.9301538e-05
8604,1.97574e-05
8661,2.193905e-05
8782,1.8668234e-05
9029,2.0088799e-05
9092,1.9976442e-05
9321,1.9071704e-05
9344,2.0459584e-05
9470,2.1602846e-05
9532,1.7612423e-05
9735,2.155165e-05
10260,1.80332e-05
10390,1.9244391e-05
10699,2.0163094e-05
10800,1.8348457e-05
11393,2.2826072e-05
11439,2.1396121e-05
11449,2.1095606e-05
11674,2.0687343e-05
11753,2.0200936e-05
11854,1.9925901e-05
11903,2.0389216e-05
11926,2.0514042e-05
12073,2.2387518e-05
12228,1.8155453e-05
12359,2.2150643e-05
12411,2.1252037e-05
12649,1.7958842e-05
12655,1.81409e-05
13180,2.2354137e-05
13236,2.3943056e-05
13503,2.1961429e-05
13550,2.76284e-05
13624,2.2696075e-05
13772,2.3425753e-05
13836,2.1675478e-05
13910,1.8744331e-05
14065,1.9371924e-05
14299,2.1053915e-05
14459,1.7990853e-05
14505,2.2550203e-05
14731,2.264703e-05
15372,2.0349451e-05
15391,2.035943e-05
15590,1.8759587e-05
15827,1.9023366e-05
15849,2.0857999e-05
15872,1.8757331e-05
15983,2.2028878e-05
16469,2.1439617e-05
16641,2.1662201e-05
16751,2.0011663e-05
16760,2.0173822e-05
17076,1.8694207e-05
17082,1.9537936e-05
17176,1.9764368e-05
17204,1.787679e-05
17713,2.0657717e-05
17892,1.8567724e-05
18122,2.1035683e-05
18141,2.074334e-05
18278,2.515329e-05
18283,2.1292242e-05
18387,1.9539395e-05
18510,1.9961979e-05
18564,2.1226555e-05
18677,1.851943e-05
18678,1.946234e-05
18690,2.14637e-05
18720,2.1544507e-05
18932,2.0031923e-05
18968,1.9907427e-05
19138,2.062543e-05
19197,1.9764135e-05
19330,2.042482e-05
19554,2.4590652e-05
20370,1.902946e-05
20372,1.9676037e-05
21981,2.3563665e-05
23063,2.3579989e-05
23783,2.1785203e-05
23806,2.2293298e-05
23895,2.0450794e-05
23983,1.9900097e-05
25426,2.0060277e-05
25450,2.0619702e-05
25616,1.9357838e-05
26509,1.9156301e-05
395,1.9357116e-05
482,1.928322e-05
668,2.2229679e-05
755,1.9992367e-05
1513,1.9539542e-05
1717,2.2934582e-05
1740,2.0542126e-05
1823,1.9668649e-05
1859,4.3478853e-05
1878,2.0813262e-05
2169,1.8805262e-05
2397,1.9537893e-05
2597,2.2776774e-05
2599,2.0059533e-05
2984,1.8602866e-05
3314,2.0265514e-05
4326,2.0299343e-05
4358,1.8557563e-05
4376,2.2801847e-05
4580,2.3541292e-05
4682,1.8516927e-05
4795,1.9376304e-05
4923,1.9672414e-05
5489,1.965377e-05
5522,1.8639752e-05
5577,2.1195861e-05
5607,2.0619185e-05
5838,1.8894267e-05
5856,2.0499128e-05
6013,1.97804e-05
6084,1.886414e-05
6156,1.981395e-05
6325,2.1531601e-05
6411,1.9786748e-05
6546,2.0188465e-05
6696,2.0895504e-05
6819,2.0840966e-05
6838,2.074712e-05
6883,1.8564777e-05
7319,1.93068e-05
7579,1.9403891e-05
7656,2.0997777e-05
8053,2.4661467e-05
8226,2.0119369e-05
8252,2.181637e-05
8649,2.0885398e-05
8780,1.9005865e-05
9283,2.0302981e-05
9289,1.8979663e-05
9477,2.244647e-05
9762,1.9718818e-05
9825,2.0850766e-05
9872,1.8939569e-05
10276,1.936018e-05
10443,2.1015629e-05
10450,2.0378411e-05
10462,2.1745509e-05
10671,1.8739134e-05
10919,2.0276588e-05
10997,2.117961e-05
11414,1.8194733e-05
11568,1.907092e-05
11615,2.0637712e-05
11667,2.0489784e-05
11721,1.8337563e-05
12087,2.2196002e-05
12167,1.941536e-05
12494,1.9188867e-05
12583,2.4150908e-05
13263,1.9195671e-05
13391,2.0303536e-05
13433,1.9411902e-05
13448,2.1577569e-05
13520,1.9005873e-05
13688,1.9614477e-05
13862,2.0602498e-05
13953,1.7064536e-05
14075,1.9062962e-05
14264,2.0673078e-05
14463,2.011139e-05
14751,1.8662044e-05
14969,2.1431215e-05
15087,2.1300486e-05
15375,1.961257e-05
15468,1.8139217e-05
15525,1.9196004e-05
15877,1.9140474e-05
15927,1.9661886e-05
16092,1.9323159e-05
16419,2.0142712e-05
16483,1.920468e-05
16498,2.0024789e-05
16562,1.9748268e-05
16607,2.2528806e-05
16624,2.1091333e-05
16663,1.7979131e-05
16761,2.0219506e-05
17026,1.9618801e-05
17975,2.1566193e-05
17997,1.9680661e-05
18181,1.9632536e-05
18422,2.1428536e-05
18479,2.0667454e-05
18527,1.7581315e-05
18704,1.8746838e-05
18856,1.8310202e-05
18913,1.8347297e-05
18969,2.1201457e-05
19061,1.8490027e-05
19166,1.9349027e-05
19187,2.0345678e-05
19239,1.925993e-05
19907,1.9022904e-05
19937,1.957927e-05
19951,2.0598334e-05
19955,2.3435485e-05
20333,1.8765488e-05
20637,1.8650475e-05
20702,1.7854374e-05
23591,2.1236072e-05
23612,1.9875171e-05
23740,2.1525073e-05
23781,2.6458525e-05
23885,2.160657e-05
24308,1.9881934e-05
24702,1.9816453e-05
25411,2.150003e-05
25655,2.0115498e-05
272,2.5759971e-05
333,1.8304574e-05
511,2.534417e-05
566,2.1014755e-05
577,1.8477383e-05
981,1.9256207e-05
1259,1.9342075e-05
1407,1.948736e-05
1419,2.0152269e-05
1770,2.2122245e-05
1788,1.8126882e-05
1825,1.9653065e-05
1864,1.9854182e-05
2038,2.0757278e-05
2101,2.22895e-05
2144,1.949292e-05
2635,1.8608167e-05
2842,1.851054e-05
3509,1.8682997e-05
3822,2.4086901e-05
4171,2.0577932e-05
4306,2.731285e-05
4949,1.9931238e-05
4974,1.9027148e-05
5348,1.9821546e-05
5456,1.9262838e-05
5855,2.2586695e-05
5983,2.0444242e-05
6004,2.0401256e-05
6188,2.1520558e-05
6247,1.9780193e-05
6257,2.0439387e-05
6538,1.96904e-05
6599,2.2156739e-05
6747,2.3815752e-05
6791,2.0861082e-05
6933,1.8951952e-05
7019,1.9739737e-05
7033,2.0435175e-05
7291,1.8713752e-05
7312,1.92084e-05
7348,1.8534934e-05
7485,1.9257599e-05
7533,1.9395953e-05
8115,1.9173805e-05
8440,2.3693614e-05
8637,1.9044071e-05
8879,2.0600546e-05
9288,1.9960762e-05
9369,1.980588e-05
9392,1.897658e-05
9481,1.9751995e-05
9503,1.986369e-05
9681,1.9857955e-05
9881,1.8874103e-05
10242,1.9560403e-05
10448,2.0338372e-05
10460,1.8236276e-05
10711,1.7910981e-05
10836,1.9538042e-05
11252,1.8510089e-05
11619,2.0540996e-05
11690,1.9227462e-05
11797,1.9428895e-05
12052,1.9404655e-05
12165,1.8533232e-05
12578,2.0006482e-05
12707,1.9692336e-05
12794,1.71213e-05
12958,1.913159e-05
13201,1.9575835e-05
13216,1.9028364e-05
13392,2.047419e-05
13668,1.8184917e-05
13676,2.0447396e-05
13735,1.976077e-05
13895,1.8772877e-05
14727,1.955912e-05
14960,2.3145429e-05
15373,1.9782257e-05
15765,2.1174903e-05
15960,1.8147057e-05
16588,1.9728213e-05
16694,1.9621004e-05
16768,2.1289383e-05
16796,1.8921452e-05
16827,1.9701161e-05
16874,1.9106545e-05
16896,2.1838481e-05
17069,1.827878e-05
17175,1.9894218e-05
17706,2.4534656e-05
17786,2.1686214e-05
18058,1.7967806e-05
18085,1.9181647e-05
18086,2.0307685e-05
18131,2.1695041e-05
18138,1.8341565e-05
18139,1.893343e-05
18285,1.8414868e-05
18297,1.83478e-05
18356,1.833251e-05
18475,1.9052954e-05
18939,1.749705e-05
18967,1.7605807e-05
18972,1.9846804e-05
19006,1.9525954e-05
19042,1.786443e-05
19134,1.840894e-05
19582,1.8411949e-05
19976,2.260522e-05
20144,2.3447079e-05
20160,2.3475259e-05
20260,1.8628189e-05
20273,1.9707753e-05
20365,1.8933264e-05
20399,1.8760584e-05
21030,1.9560139e-05
21674,2.116189e-05
22882,1.7607079e-05
23861,1.9928895e-05
24148,1.9581908e-05
25392,1.9765492e-05
25529,1.9456793e-05
2,1.902606e-05
27,2.115079e-05
232,2.045179e-05
670,2.695126e-05
1514,2.1181406e-05
1520,1.9212755e-05
2387,3.1661984e-05
2611,1.8045983e-05
2618,1.9388135e-05
3375,1.9316363e-05
4042,1.8623283e-05
4363,1.9038467e-05
4621,2.0017833e-05
4699,1.93199e-05
4902,1.9189225e-05
4918,1.8560706e-05
5154,1.8862505e-05
5175,1.7688215e-05
5539,1.9998872e-05
5638,1.8065557e-05
5692,1.9248435e-05
5708,2.086928e-05
5769,2.1288615e-05
6023,1.9577823e-05
6327,2.0087167e-05
6387,1.9543671e-05
6407,2.292117e-05
6506,1.8834888e-05
6524,2.1357726e-05
6579,2.167663e-05
6604,1.929528e-05
7023,1.961226e-05
7044,2.0282594e-05
7046,1.90222e-05
7065,1.8961247e-05
7136,1.9768471e-05
7157,2.3872371e-05
7183,2.1761845e-05
7229,2.858975e-05
7318,1.8889423e-05
7425,2.0507978e-05
7538,1.815395e-05
7634,1.9885829e-05
7709,1.838488e-05
7897,2.081001e-05
8005,1.7982802e-05
8014,1.9812262e-05
8154,1.9108753e-05
8247,1.8733866e-05
8413,1.9122135e-05
8615,1.9059149e-05
8699,1.8224455e-05
8715,1.8277133e-05
8968,1.9860541e-05
9421,1.716492e-05
9562,1.844015e-05
9598,1.8162084e-05
9925,1.9768813e-05
10433,1.719188e-05
10594,2.9437044e-05
10738,2.0412012e-05
10794,1.7597007e-05
11289,1.9201776e-05
11543,1.764336e-05
11638,1.9735207e-05
11898,1.7403527e-05
11909,1.8916224e-05
11911,1.9652809e-05
12079,1.8271247e-05
12118,1.812359e-05
12416,1.7931929e-05
12443,1.8162456e-05
12824,1.8121491e-05
12894,1.897738e-05
12942,1.7008997e-05
13088,2.026377e-05
13093,1.7607279e-05
13427,1.7359853e-05
13472,1.9799681e-05
13622,1.7865324e-05
13722,1.8612081e-05
13778,2.2392986e-05
13781,1.9549661e-05
14220,1.8972847e-05
14413,2.009914e-05
14441,1.9811921e-05
14514,2.127626e-05
14519,1.803119e-05
14530,1.93726e-05
14667,1.7910443e-05
14689,1.9467498e-05
15317,1.8603325e-05
15429,2.1600934e-05
15481,1.7871966e-05
15873,1.788505e-05
15967,2.2893953e-05
16056,1.8109251e-05
16066,2.0289037e-05
16342,1.7379643e-05
16344,1.7256802e-05
16418,2.0417581e-05
16462,2.0866391e-05
16473,1.9167623e-05
16501,1.8188859e-05
16548,1.8468556e-05
16789,1.989384e-05
16952,1.9068228e-05
17092,2.5272144e-05
17754,1.8708519e-05
17842,1.8675793e-05
17958,2.0184722e-05
18104,2.1245918e-05
18300,1.8171362e-05
18432,1.8139963e-05
18576,1.8730596e-05
18684,1.6789054e-05
19012,1.8842244e-05
19021,1.8834002e-05
19038,1.8854003e-05
19050,1.6721035e-05
19066,1.909594e-05
19168,1.8006467e-05
19191,1.7572482e-05
19953,2.1955177e-05
20171,1.7827731e-05
20184,1.883824e-05
20506,1.8165205e-05
21769,2.0637153e-05
21813,1.8264058e-05
22870,1.8892179e-05
23540,1.8676246e-05
23813,1.9913274e-05
23999,2.0025824e-05
24065,1.9857162e-05
24728,1.65394e-05
25379,1.876619e-05
25901,1.6987247e-05
27131,1.828296e-05
160,2.1748652e-05
467,2.0462558e-05
1068,2.033978e-05
1694,1.8687768e-05
2053,1.8685474e-05
2536,1.7818096e-05
2537,1.8120923e-05
2571,1.7750735e-05
2578,1.769861e-05
2603,1.8149194e-05
2636,1.8725525e-05
2706,1.8354953e-05
2878,1.8916651e-05
2925,1.9969093e-05
2978,1.8456252e-05
3078,1.8694755e-05
3274,1.7627337e-05
3340,1.762385e-05
3710,2.0257636e-05
3945,1.9866653e-05
4117,1.8500774e-05
4545,3.1275562e-05
4781,1.7566941e-05
4930,2.105107e-05
4976,1.8911842e-05
5406,2.2407527e-05
5919,1.7223398e-05
6074,2.1090664e-05
6270,1.8929772e-05
6395,2.5899484e-05
6410,1.8198558e-05
6419,1.9973093e-05
6423,1.8866614e-05
6638,2.118849e-05
6686,2.8315495e-05
6803,1.913055e-05
8300,1.794028e-05
8412,1.9933526e-05
8877,2.2081385e-05
9277,1.8165421e-05
9335,1.7322016e-05
9504,1.9671816e-05
9643,2.024593e-05
9859,1.849552e-05
10074,1.8234103e-05
10244,2.069218e-05
10498,1.781016e-05
10722,2.1248119e-05
10828,1.9667988e-05
10855,2.3133347e-05
10912,1.7062786e-05
10970,1.8974433e-05
11046,1.9835303e-05
11143,1.8191775e-05
11187,1.877743e-05
11250,1.7934713e-05
11293,1.803686e-05
11304,1.9798186e-05
11324,1.9720464e-05
11392,1.9442976e-05
11444,1.890275e-05
11837,2.0165257e-05
11885,1.8806688e-05
11945,1.9631403e-05
11948,1.9354915e-05
11983,1.8245324e-05
12245,1.7711724e-05
12331,2.1724241e-05
12455,1.9783507e-05
12772,1.8414516e-05
13385,1.8530362e-05
13474,2.0311627e-05
13523,1.842142e-05
13713,1.7781775e-05
13916,1.6520999e-05
13933,1.8251332e-05
14013,1.7278004e-05
14029,1.8095148e-05
14062,2.0366744e-05
14253,1.936516e-05
14388,2.6003485e-05
14449,1.8917472e-05
14695,1.8604023e-05
14703,1.718251e-05
14801,2.058025e-05
14946,1.7602135e-05
15066,1.8481784e-05
15425,1.8295861e-05
15480,1.9244668e-05
15521,1.9111207e-05
15768,1.9392564e-05
16513,2.120092e-05
16924,1.8651506e-05
17977,1.9260531e-05
18005,1.8612445e-05
18008,1.7428923e-05
18029,1.7109145e-05
18109,1.8789022e-05
18209,1.713268e-05
18241,1.7893672e-05
18311,2.1176957e-05
18581,1.8566929e-05
18597,1.9723288e-05
18693,1.801532e-05
18900,1.7306098e-05
18981,1.780634e-05
19082,2.0295809e-05
19177,1.7236367e-05
19337,1.7224736e-05
19457,1.6978966e-05
19539,2.819983e-05
19581,1.851694e-05
19919,1.768819e-05
20036,2.092243e-05
20124,1.9588111e-05
20163,1.838994e-05
20227,1.9516743e-05
20308,2.0686475e-05
20340,2.0116875e-05
20663,2.0406993e-05
22061,1.8002065e-05
23006,2.1826978e-05
23800,2.0302552e-05
24030,1.857509e-05
24140,1.7715209e-05
24195,1.7531342e-05
24693,2.1073936e-05
24724,1.664469e-05
25014,1.8670466e-05
25079,1.8070381e-05
25570,1.7585073e-05
25776,1.712472e-05
27129,1.7787397e-05
80,1.9195559e-05
219,2.0264173e-05
503,1.9507204e-05
654,1.8275934e-05
830,1.7649256e-05
1019,2.5207335e-05
1583,1.9984735e-05
1592,1.7213153e-05
1661,1.7867533e-05
1681,1.9231804e-05
1712,1.8874975e-05
1894,1.8410792e-05
1930,1.7668963e-05
2046,1.9253781e-05
2304,1.7712735e-05
2577,1.8909283e-05
2581,1.8550607e-05
2614,1.8507544e-05
2785,1.822262e-05
3245,1.7713499e-05
4152,2.0543477e-05
4175,1.7851762e-05
4182,1.7454151e-05
4515,1.8176952e-05
4625,1.9133833e-05
4710,1.9092284e-05
4831,1.8992116e-05
5277,1.8843231e-05
5313,1.8709348e-05
5322,1.8456803e-05
5484,1.833744e-05
5971,2.0038757e-05
6250,1.8294786e-05
6313,1.9508077e-05
6464,2.5829442e-05
6589,2.1027554e-05
6613,1.6881448e-05
6634,2.1819242e-05
6711,2.0459525e-05
6741,1.8529294e-05
6775,1.7019036e-05
6865,1.807034e-05
6929,1.780598e-05
7246,1.8660885e-05
7274,1.756185e-05
7275,1.9157364e-05
7622,1.95432e-05
7705,1.7901622e-05
7774,4.241656e-05
7858,1.8514635e-05
8023,1.8661825e-05
8126,1.7466531e-05
8304,1.7253915e-05
8925,1.8290382e-05
8985,1.8412107e-05
9011,1.7596562e-05
9144,1.8215162e-05
9272,1.7309945e-05
9383,1.7509936e-05
9445,1.8665733e-05
9506,2.0288066e-05
9534,1.8249719e-05
10079,1.8909486e-05
10454,3.1400657e-05
10471,2.2776972e-05
10820,1.7898938e-05
11066,1.7359234e-05
11168,1.7147995e-05
11198,1.8436467e-05
11573,1.817828e-05
11693,1.724092e-05
11760,1.9294053e-05
11779,1.6945092e-05
12120,1.781831e-05
12410,1.9162682e-05
12476,1.864695e-05
12575,1.858832e-05
12751,1.6878485e-05
12789,1.7256954e-05
13242,1.9159197e-05
13430,1.7170765e-05
13482,1.9017774e-05
13584,1.85815e-05
13853,1.7658103e-05
13940,1.8199597e-05
14007,1.7366647e-05
14018,1.9876832e-05
14094,1.9936788e-05
14171,1.77003e-05
14455,2.0284175e-05
14582,1.9094241e-05
14711,1.7797722e-05
15385,1.7114236e-05
15461,1.753923e-05
15546,1.9435303e-05
15557,1.8711753e-05
15907,1.7556617e-05
15981,1.8109757e-05
15986,1.7374685e-05
15991,1.6821527e-05
16439,1.7958828e-05
16485,1.8251298e-05
16537,1.8627909e-05
16612,1.8901914e-05
16625,1.7170994e-05
16627,1.7319762e-05
16932,1.9420913e-05
17152,1.9872676e-05
17832,1.744735e-05
17886,1.782856e-05
17948,1.7651944e-05
17983,1.7524702e-05
18080,1.7873892e-05
18187,1.9650826e-05
18440,1.747373e-05
18599,1.8972543e-05
18853,1.753992e-05
19080,1.8468381e-05
19131,1.9251094e-05
19176,1.6930971e-05
19928,2.3278726e-05
19964,2.4174547e-05
20130,2.135323e-05
20170,1.692298e-05
20236,1.8833818e-05
20316,1.7589327e-05
20456,1.8520848e-05
20975,1.923196e-05
21994,1.734169e-05
22658,1.7503617e-05
22760,1.6559128e-05
22869,1.7253855e-05
23519,1.7025126e-05
23778,3.97933e-05
23798,1.7736793e-05
23868,1.908818e-05
23873,1.903434e-05
23899,1.906328e-05
23905,1.906687e-05
24214,1.8368462e-05
25443,1.6487103e-05
112,1.8200033e-05
163,1.7284196e-05
429,2.0997959e-05
662,1.9564855e-05
794,2.581383e-05
890,1.8159866e-05
1034,1.717748e-05
1432,1.7627777e-05
1461,1.8632298e-05
1700,1.760201e-05
1729,2.3172628e-05
1928,1.8902912e-05
1946,1.685307e-05
1970,1.8846938e-05
2282,1.7103259e-05
2392,1.662499e-05
2461,1.8514218e-05
2580,1.741034e-05
2665,1.8910949e-05
2750,1.9470514e-05
2751,1.7849603e-05
2763,1.7365071e-05
2992,1.599467e-05
3512,1.8114039e-05
3966,2.0878364e-05
3977,1.7450184e-05
4129,1.785737e-05
4539,1.9573265e-05
4844,2.7009199e-05
5324,1.8802846e-05
5344,1.674934e-05
5410,2.1106778e-05
5696,2.1061389e-05
5801,2.0706111e-05
5920,1.7695142e-05
6007,1.8550363e-05
6171,1.9818523e-05
6178,1.8462464e-05
6227,1.9517553e-05
6245,1.9698979e-05
6318,1.9360647e-05
6321,1.7827915e-05
6341,1.9831346e-05
6436,1.9511197e-05
6675,2.0831441e-05
6742,2.0616064e-05
6823,1.8691675e-05
6849,2.5480365e-05
7101,1.826027e-05
7123,1.9134377e-05
7206,1.7980954e-05
7585,2.1288673e-05
7614,2.954419e-05
7725,2.0224323e-05
7894,1.9114794e-05
7952,1.7174943e-05
7977,1.7256589e-05
7988,1.9462068e-05
7994,1.719996e-05
8653,1.744594e-05
8787,1.7749895e-05
8813,1.6959684e-05
9197,2.017055e-05
9596,1.8583722e-05
9663,1.7609049e-05
9716,1.7063272e-05
9826,1.9334531e-05
9970,1.594804e-05
10041,1.9257277e-05
10275,1.6937478e-05
10389,1.7821598e-05
10470,1.724372e-05
10579,1.6453127e-05
10629,1.6515374e-05
10727,1.693433e-05
10992,1.6626494e-05
11045,2.1704345e-05
11138,1.8047942e-05
11189,1.8981948e-05
11222,1.7137236e-05
11224,1.765305e-05
11248,1.8193554e-05
11256,1.7760918e-05
11391,1.791416e-05
11446,1.7356739e-05
11450,1.9340972e-05
11641,1.7001472e-05
12223,1.7411277e-05
12273,1.6540664e-05
12433,1.9419705e-05
12517,1.7375754e-05
12531,1.7386437e-05
13281,1.9571737e-05
13491,1.7686743e-05
13884,1.6762493e-05
14038,1.8098013e-05
14046,1.581946e-05
14283,1.9565983e-05
14386,1.702514e-05
14548,1.7396622e-05
14594,1.7705737e-05
14665,1.9797915e-05
14984,1.7512275e-05
15296,1.6283197e-05
15321,1.8204577e-05
15384,1.8010203e-05
15475,1.7616636e-05
15565,1.8772882e-05
15717,1.8675557e-05
16336,1.7080123e-05
16490,1.7677796e-05
16496,1.664219e-05
16545,1.9731835e-05
16603,1.9025469e-05
16859,1.703695e-05
17202,1.7500244e-05
17885,2.0555946e-05
17909,1.6969609e-05
18028,1.6783162e-05
18154,2.2913302e-05
18189,1.7027802e-05
18214,1.7526789e-05
18316,1.7441887e-05
18328,1.8522125e-05
18474,1.7666007e-05
18577,1.6612732e-05
18934,1.6318978e-05
18955,1.6078713e-05
18974,1.8618954e-05
18975,1.952825e-05
19105,1.8961604e-05
19146,1.7054865e-05
19157,1.7258299e-05
19446,1.8483848e-05
20024,1.7513516e-05
20270,1.6603504e-05
20283,1.7917684e-05
20855,1.9830546e-05
21810,1.5303198e-05
23064,1.821103e-05
23131,1.8057035e-05
23684,1.9609352e-05
24028,1.824186e-05
24446,1.7965049e-05
25544,1.7287026e-05
65,1.6161572e-05
361,1.6679794e-05
387,1.9218645e-05
520,1.7417226e-05
602,1.8471015e-05
955,1.6775663e-05
1359,1.6194439e-05
1646,2.0259242e-05
1827,1.672083e-05
1902,2.148484e-05
1962,1.7485729e-05
2047,1.6187527e-05
2195,1.7815493e-05
2220,2.3509938e-05
2352,1.7384315e-05
2391,1.7808834e-05
2471,1.8568724e-05
2759,1.7417402e-05
3021,2.3088563e-05
3227,1.6537437e-05
3405,1.6851247e-05
3426,1.6736694e-05
4208,1.7079245e-05
4536,1.7209337e-05
4601,1.6121383e-05
4717,1.7912755e-05
4812,1.6570948e-05
5191,1.6456981e-05
5274,1.7124687e-05
5291,1.8576942e-05
5357,1.6949909e-05
5471,2.130309e-05
5595,1.708704e-05
5677,1.8642282e-05
5812,1.7637569e-05
5997,1.677635e-05
6174,1.9137728e-05
6226,1.7342605e-05
6416,1.9237785e-05
6656,1.7717226e-05
6743,1.708876e-05
6820,1.8270619e-05
6968,1.6617369e-05
7153,1.937787e-05
7208,1.8088575e-05
7211,1.6077154e-05
7332,1.6950611e-05
7470,1.7614151e-05
7526,1.7805098e-05
7568,2.011547e-05
7679,4.0051298e-05
8123,1.6691753e-05
8191,1.8626297e-05
8208,1.7897804e-05
8402,1.6954145e-05
8458,2.0897634e-05
8810,3.655443e-05
8870,2.0674768e-05
8961,1.6547961e-05
8963,1.7441542e-05
9359,1.7001084e-05
9408,1.7000906e-05
9515,1.9000208e-05
9520,1.561603e-05
9572,1.6329786e-05
9635,1.6122047e-05
9782,1.6023894e-05
9867,2.0770978e-05
9974,1.6981672e-05
10269,1.7401473e-05
10397,1.7033035e-05
10500,1.9908715e-05
10577,1.6329746e-05
10654,1.6233951e-05
10729,1.6465267e-05
10743,1.6585374e-05
10802,1.6838818e-05
10863,1.6164393e-05
11060,2.0239411e-05
11120,1.6825956e-05
11193,1.5796842e-05
11294,1.5820604e-05
11319,1.8666424e-05
11584,1.8077179e-05
11589,1.549159e-05
11713,1.7562783e-05
11731,1.763399e-05
11743,1.8203727e-05
11745,1.7265622e-05
11803,1.8215651e-05
11861,1.7263585e-05
11868,1.6835575e-05
11878,1.6011461e-05
11892,1.6522054e-05
12346,1.8992094e-05
12438,1.7428494e-05
12637,1.6771524e-05
12886,1.8675111e-05
12917,1.6278149e-05
13087,2.2034585e-05
13214,1.6819995e-05
13218,1.8852916e-05
13366,1.8590383e-05
13570,1.6861919e-05
13603,1.7645312e-05
13763,1.6458083e-05
13844,1.6376418e-05
13891,2.1131975e-05
13990,1.9508532e-05
14199,1.741342e-05
14258,2.0910791e-05
14438,1.6867907e-05
14707,1.634623e-05
14737,1.6809412e-05
14812,1.6188578e-05
15048,2.33075e-05
15069,1.5383206e-05
15202,1.6850126e-05
15418,1.6681484e-05
15442,1.6930084e-05
15448,1.825007e-05
15507,1.7113414e-05
15520,1.707489e-05
15854,2.2450822e-05
15863,1.7497394e-05
15908,1.549192e-05
16054,1.7426759e-05
16072,1.7794793e-05
16329,1.5730011e-05
16806,1.7749824e-05
16946,1.7773871e-05
17095,1.6487966e-05
17110,1.6911246e-05
17787,1.8298953e-05
17820,1.7344893e-05
17884,1.8260807e-05
17987,1.8129891e-05
18010,1.8585377e-05
18022,1.6270802e-05
18050,1.6784565e-05
18079,1.6786431e-05
18213,1.7881168e-05
18521,1.60536e-05
18702,1.6606342e-05
18832,1.6848604e-05
18941,1.6735974e-05
18950,1.6478563e-05
19007,1.6409223e-05
19112,1.7811308e-05
19149,1.6022797e-05
19165,1.8667328e-05
19326,1.6214346e-05
19541,1.7567983e-05
20062,2.0165948e-05
20991,1.9435976e-05
21159,1.7905099e-05
21557,1.6178365e-05
21869,1.7990687e-05
22716,1.7376182e-05
22759,1.814934e-05
22782,1.6534323e-05
23477,2.283703e-05
23820,1.8636278e-05
23980,1.964679e-05
24033,1.7575381e-05
24153,1.7000213e-05
24451,1.723332e-05
25418,1.7324319e-05
26858,1.8967736e-05
27152,1.6456243e-05
128,2.0464586e-05
247,1.7897355e-05
369,1.7640003e-05
409,1.9038134e-05
636,2.0718104e-05
757,1.5831381e-05
1046,2.6909851e-05
1750,2.0514683e-05
1982,1.6448874e-05
2130,1.7096841e-05
2140,1.8282268e-05
2445,1.696897e-05
2543,2.1914579e-05
2564,1.5872767e-05
2847,2.0521707e-05
3059,1.7039058e-05
3157,1.6975348e-05
3201,1.8453777e-05
3213,1.7419095e-05
3500,1.5996642e-05
3532,2.0401316e-05
3887,1.5601127e-05
4095,1.9142108e-05
4109,1.5416514e-05
4288,1.8340404e-05
4420,1.778354e-05
4588,1.607035e-05
4623,1.706944e-05
4796,2.0297535e-05
4822,3.3666503e-05
4862,1.8647155e-05
5065,1.7600438e-05
5370,1.8065717e-05
5385,1.5811802e-05
5397,1.7152948e-05
5405,2.283281e-05
5756,1.6627337e-05
5849,1.7658433e-05
5875,1.6153464e-05
5975,1.7566223e-05
6063,2.2113254e-05
6064,1.6435717e-05
6132,1.7874856e-05
6275,1.83652e-05
6348,1.909237e-05
6478,1.8996832e-05
6560,1.7777671e-05
6574,2.6251668e-05
6617,1.8013647e-05
6852,2.2286851e-05
7276,1.5720145e-05
7401,2.6029793e-05
7504,1.7538776e-05
7633,1.881222e-05
7702,1.7462902e-05
7724,1.743052e-05
7843,1.6534543e-05
8117,1.8399045e-05
8254,1.628262e-05
8330,1.8483088e-05
8336,1.5960308e-05
8654,1.7632176e-05
8880,1.7530592e-05
8937,1.7664996e-05
8983,1.9992163e-05
9328,1.5933863e-05
9357,1.7571876e-05
9463,1.6388803e-05
9573,2.0378795e-05
9594,1.654795e-05
9981,1.5949241e-05
10417,1.5650978e-05
10456,1.594815e-05
10475,1.8250077e-05
10573,1.8145718e-05
10607,1.6914853e-05
10635,1.8340917e-05
10646,1.9969824e-05
10701,1.6636868e-05
10709,1.7068392e-05
10766,1.7315679e-05
10852,1.7312126e-05
11390,2.7176118e-05
11405,1.6152479e-05
11431,1.6998792e-05
11588,1.6922504e-05
11607,1.6076538e-05
11635,1.6913145e-05
12028,1.7206023e-05
12093,1.6036334e-05
12295,1.6563661e-05
12304,1.6887861e-05
12424,2.1384645e-05
12532,1.5996271e-05
12554,2.307946e-05
12635,1.7156082e-05
12729,1.606794e-05
12814,1.8933693e-05
12872,1.6678392e-05
12955,1.820213e-05
13185,1.8510571e-05
13291,1.6998481e-05
13469,1.697337e-05
13660,1.7105915e-05
13756,1.6890255e-05
13855,1.8142038e-05
14112,1.7932576e-05
14286,1.7014454e-05
14532,1.9745064e-05
14666,1.830781e-05
15016,1.7139459e-05
15297,1.7677134e-05
15347,1.6183689e-05
15412,1.7016833e-05
15704,1.5564568e-05
15788,1.7037895e-05
15866,1.7522996e-05
15893,1.6402624e-05
16402,1.6281336e-05
16412,1.6946096e-05
16477,1.5659745e-05
16542,1.8810497e-05
16572,1.7640366e-05
16741,1.7307386e-05
16869,1.897992e-05
16920,1.8458692e-05
16923,1.6417438e-05
17117,1.6652508e-05
17917,1.8517385e-05
18018,1.6830876e-05
18309,1.691277e-05
18425,1.7853818e-05
18491,1.9664332e-05
18518,1.7087537e-05
18618,1.6732245e-05
18732,1.5671843e-05
19005,1.5978621e-05
19069,1.7359847e-05
19113,1.8569426e-05
19257,1.6321603e-05
19448,1.7196264e-05
19944,1.7152477e-05
20022,1.5652655e-05
20133,1.784261e-05
20137,1.6019902e-05
20150,1.7199725e-05
20172,1.6599926e-05
23712,2.0446878e-05
23857,1.8496652e-05
24741,1.5763908e-05
24762,1.5909005e-05
25349,1.9100207e-05
25399,1.7376846e-05
25703,1.6572178e-05
99,2.0688363e-05
101,1.5754993e-05
1071,2.1757134e-05
1851,1.863317e-05
1918,1.7096749e-05
2039,1.89334e-05
2054,1.6406353e-05
2124,1.6072529e-05
2188,1.6937403e-05
2441,1.6923204e-05
3927,1.6351958e-05
4215,1.6572256e-05
4230,1.998265e-05
4322,1.691399e-05
4491,2.3932049e-05
4646,1.610164e-05
4692,1.8370127e-05
4700,1.8882067e-05
4882,1.6271384e-05
5599,1.7020062e-05
6076,1.7610144e-05
6107,1.8730507e-05
6283,1.6456648e-05
6475,1.738293e-05
6691,1.571713e-05
6924,1.7519034e-05
7057,1.5537664e-05
7066,6.777328e-05
7423,1.6158776e-05
7429,1.6882574e-05
7565,1.6342321e-05
7684,1.8163215e-05
7773,1.9521796e-05
7900,1.684337e-05
8096,1.6273136e-05
8100,1.8296147e-05
8516,1.5473905e-05
8525,1.6700827e-05
8909,3.2721757e-05
9016,1.7836674e-05
9578,1.6975438e-05
10072,1.718869e-05
10344,1.7308985e-05
10697,1.5450936e-05
10737,1.5502776e-05
10841,1.5787444e-05
11253,1.5835096e-05
11464,1.5379177e-05
11576,1.5927604e-05
11844,1.5786862e-05
11994,1.7036418e-05
12244,2.1930255e-05
12399,1.782863e-05
12488,1.6440594e-05
12540,1.6436454e-05
12582,1.802445e-05
12712,1.5516947e-05
12726,1.6103335e-05
12741,1.7371694e-05
12783,1.7272507e-05
12915,1.5460168e-05
13007,1.6397627e-05
13049,1.6288579e-05
13184,1.6146401e-05
13193,2.1617567e-05
13246,1.765865e-05
13724,1.6702745e-05
13789,1.620433e-05
13820,1.8787414e-05
13856,1.5570175e-05
13859,1.7020031e-05
14236,1.927468e-05
14337,1.8297626e-05
14389,1.7984454e-05
14419,1.7300888e-05
14499,1.5877024e-05
14701,1.584698e-05
14722,1.6221442e-05
14744,1.5357075e-05
15047,2.0462205e-05
15203,1.6373082e-05
15215,1.6955604e-05
15386,1.6933862e-05
15394,1.6240518e-05
15424,1.7773018e-05
15472,1.5375932e-05
15508,1.7161568e-05
15552,1.7563469e-05
15586,1.6789872e-05
15631,1.7108352e-05
15857,1.5174401e-05
15962,1.5268473e-05
15984,1.6137645e-05
16340,1.6723778e-05
16492,1.6789994e-05
16597,1.741278e-05
16903,1.6547681e-05
16916,1.608702e-05
16935,1.6437021e-05
16936,1.7531484e-05
16987,1.5384096e-05
17091,1.658578e-05
17129,1.9144636e-05
17748,1.7505987e-05
17936,1.6427295e-05
17981,1.624694e-05
18021,1.6519729e-05
18024,1.7211303e-05
18071,1.6977094e-05
18188,1.6558224e-05
18280,1.4864982e-05
18340,1.6498927e-05
18342,1.6639562e-05
18353,1.5721494e-05
18446,1.6464319e-05
18595,1.6564236e-05
18723,1.7905939e-05
18935,1.573445e-05
19018,1.6131187e-05
19341,1.5953423e-05
19521,1.51648865e-05
19557,1.7011876e-05
19559,1.529188e-05
19940,2.2386783e-05
19974,1.5304862e-05
20039,1.7501172e-05
20091,1.6986107e-05
20103,1.7663622e-05
20123,1.641861e-05
20216,1.6179152e-05
20275,1.6502183e-05
20291,1.6208865e-05
20337,1.7311317e-05
20498,2.074789e-05
20959,1.5955096e-05
21086,1.9517713e-05
21770,1.8751436e-05
21811,1.6772656e-05
23761,1.7105533e-05
23840,1.7102e-05
23947,1.704336e-05
24044,1.6967795e-05
24136,1.7729564e-05
24851,1.4876228e-05
25374,1.74719e-05
25545,1.6833801e-05
27140,1.5980542e-05
327,1.746646e-05
992,1.5781674e-05
1041,1.5850846e-05
1067,1.50520655e-05
1446,1.504623e-05
1787,2.3548851e-05
1848,1.623371e-05
2035,1.4386672e-05
2295,1.6148615e-05
2479,1.6542612e-05
2481,1.6162227e-05
2490,1.7243934e-05
2576,1.8250355e-05
2579,1.5804615e-05
2648,1.7894992e-05
2914,1.757455e-05
2950,1.79816e-05
3139,1.584283e-05
3353,1.5671161e-05
3615,1.5719197e-05
4180,1.7562896e-05
4324,1.5757829e-05
4342,1.81087e-05
4459,1.5782993e-05
4570,1.589261e-05
4579,1.9024987e-05
4596,1.7094371e-05
4933,1.7582603e-05
4990,1.5587122e-05
5022,1.6412663e-05
5075,1.6653416e-05
5176,1.586297e-05
5219,1.5909896e-05
5444,1.5628366e-05
5449,1.5333739e-05
5473,1.5638585e-05
5652,1.6289056e-05
5688,1.6714112e-05
5789,1.726352e-05
5819,1.8269337e-05
5944,1.8211933e-05
5985,1.50546875e-05
6335,1.5444142e-05
6352,1.4974904e-05
6540,1.6685071e-05
6666,1.7269916e-05
6695,1.5563712e-05
6717,1.6448963e-05
6773,2.568054e-05
7195,1.5862397e-05
7454,1.5318124e-05
7483,1.5413487e-05
7484,1.7122044e-05
7871,1.639953e-05
8088,1.5473244e-05
8146,1.5695017e-05
8566,2.0517968e-05
8746,1.6861359e-05
8895,1.6426804e-05
9005,1.5689546e-05
9067,1.824948e-05
9827,1.7381224e-05
9919,1.5890186e-05
10411,1.561483e-05
10555,1.5698894e-05
10624,2.1672817e-05
10735,1.5172181e-05
10993,1.4757001e-05
11077,1.7126215e-05
11121,1.637929e-05
11144,1.6102338e-05
11184,1.610457e-05
11244,1.6323413e-05
11287,1.539208e-05
11519,1.50641235e-05
11682,2.1159685e-05
11757,1.6446284e-05
12046,1.6752134e-05
12421,1.5440182e-05
12544,1.5059104e-05
12704,1.4755752e-05
13274,1.6023729e-05
13492,1.711874e-05
13511,1.6549146e-05
13543,1.7507886e-05
13557,1.4521926e-05
13730,1.6385457e-05
13733,1.5777192e-05
13749,1.5867214e-05
13809,1.5688694e-05
13867,1.6494947e-05
13942,1.5621163e-05
14042,1.5713313e-05
14085,1.5262953e-05
14179,1.4801809e-05
14203,1.502162e-05
14267,1.653342e-05
14331,1.5720754e-05
14485,1.6053604e-05
14792,1.6214717e-05
14978,1.751098e-05
14979,1.6982907e-05
15310,1.7655673e-05
15326,1.5168186e-05
15423,1.649317e-05
15491,1.6508133e-05
15539,1.6294642e-05
15632,1.7313694e-05
15778,1.8630119e-05
15842,1.5475605e-05
15865,1.5443724e-05
16390,1.7359085e-05
16397,1.7966026e-05
16428,1.6762133e-05
16599,1.6422247e-05
16714,2.2562754e-05
16753,1.6309688e-05
16909,1.44934e-05
16968,1.6155103e-05
17005,1.7189499e-05
17030,1.7071623e-05
17189,1.7000462e-05
17223,1.9341378e-05
17792,1.7697063e-05
17804,1.6586333e-05
18054,1.5230242e-05
18090,1.5997568e-05
18161,1.6199534e-05
18185,1.5716587e-05
18248,1.5080458e-05
18276,1.5896181e-05
18338,1.556685e-05
18351,1.5331581e-05
18381,1.5382102e-05
18407,1.6395003e-05
18468,1.5703437e-05
18513,1.6989898e-05
18604,1.832697e-05
18670,1.6497484e-05
19083,1.5281394e-05
19101,1.623627e-05
19121,1.51181075e-05
19174,1.5266169e-05
19193,1.5838528e-05
19194,1.6669912e-05
19235,1.6730652e-05
19381,1.5447815e-05
19513,1.5187139e-05
19546,1.6209042e-05
19866,1.4815078e-05
20240,1.6418275e-05
20250,1.6849943e-05
20292,1.5293157e-05
20318,1.7482971e-05
20397,1.6329674e-05
20721,1.6655697e-05
20735,1.47817145e-05
20896,1.5371892e-05
20972,1.7721377e-05
21059,1.4895134e-05
21124,1.7114082e-05
21520,1.781253e-05
21525,1.5446101e-05
21721,1.7254151e-05
21983,1.574603e-05
22067,1.5762882e-05
23113,1.624454e-05
23398,1.6790058e-05
23534,1.65717e-05
23850,2.2665417e-05
23901,1.5932863e-05
24132,1.6396121e-05
24443,1.52050925e-05
24758,2.0608826e-05
24779,1.5127464e-05
25012,1.6928818e-05
25359,1.5304102e-05
25396,1.5363707e-05
25484,1.6088881e-05
25499,1.6040538e-05
26739,1.5200483e-05
972,1.85423e-05
1233,1.6197591e-05
1244,2.4658577e-05
1274,1.632331e-05
2048,1.5867368e-05
2497,1.567162e-05
2499,1.49501575e-05
2639,2.1164566e-05
3321,2.2735818e-05
4198,1.7580642e-05
4219,1.532771e-05
4507,1.7446551e-05
4575,1.644367e-05
4674,2.3475439e-05
4837,1.6547601e-05
5333,1.6158601e-05
5464,1.5898228e-05
5532,1.996233e-05
5604,1.492704e-05
5697,1.5770489e-05
5709,1.740064e-05
5831,1.537839e-05
5999,1.6964636e-05
6026,1.5909185e-05
6057,1.8773919e-05
6116,1.632908e-05
6306,1.6779888e-05
6311,1.6206977e-05
6392,1.5948199e-05
6393,1.610148e-05
6449,1.5797217e-05
6507,1.746103e-05
6631,1.5420175e-05
6694,1.6174981e-05
7283,1.4087304e-05
7294,1.5461823e-05
7359,1.7630931e-05
7417,1.7425318e-05
7428,1.8438845e-05
7652,1.555318e-05
7756,1.627283e-05
7770,1.6789298e-05
7800,1.5387568e-05
7919,1.8099769e-05
8071,1.6504422e-05
8124,1.563957e-05
8645,1.5602676e-05
9006,1.6491133e-05
9339,1.4827675e-05
9519,1.5663056e-05
9603,1.4704372e-05
9626,1.5731232e-05
10547,1.6019761e-05
10641,1.4978317e-05
10767,1.6665415e-05
10924,1.796964e-05
11012,1.4957242e-05
11432,1.5517353e-05
11644,1.5284108e-05
11736,1.6684286e-05
11795,1.5180448e-05
11820,1.4386964e-05
11867,1.537241e-05
11901,1.5996673e-05
12003,1.5862453e-05
12006,1.7053755e-05
12497,1.451394e-05
12646,1.6632674e-05
13178,2.1652573e-05
13275,1.8299083e-05
13750,1.6854683e-05
13868,1.6744152e-05
13926,1.809762e-05
13956,1.5767917e-05
14005,1.5700565e-05
14078,1.50755e-05
14087,2.0325817e-05
14160,1.611874e-05
14242,1.6094236e-05
14247,1.4906205e-05
14533,1.403123e-05
14732,1.6070715e-05
14734,1.7413182e-05
14736,1.4229678e-05
14749,1.5728952e-05
14778,1.5915528e-05
15004,1.458596e-05
15067,1.5502697e-05
15165,1.8881254e-05
15225,1.4654316e-05
15256,1.835487e-05
15263,2.0063182e-05
15345,1.6534657e-05
15408,1.6498581e-05
15503,1.4904136e-05
15591,1.5596932e-05
15639,1.4858761e-05
15697,1.4534123e-05
15760,1.4385421e-05
16061,1.9907175e-05
16626,1.5395048e-05
16711,1.7033588e-05
16728,1.6870057e-05
16802,1.6947957e-05
16863,1.5589838e-05
16894,1.644947e-05
16939,1.5887801e-05
16971,1.5091869e-05
16972,2.0323087e-05
17007,1.5681882e-05
17103,1.457323e-05
17776,1.5330179e-05
17833,1.5936968e-05
17877,1.6258078e-05
17897,1.5351625e-05
18156,1.4806019e-05
18229,1.53449e-05
18350,1.6170858e-05
18354,1.4207742e-05
18369,1.5462705e-05
18427,1.4695552e-05
18697,1.4060678e-05
18902,1.581431e-05
19227,1.39096555e-05
19281,1.4357384e-05
19898,1.5523612e-05
20090,1.727616e-05
20166,1.5969248e-05
20178,1.6707494e-05
20181,1.7369393e-05
20200,1.5571766e-05
20225,1.610562e-05
20264,1.618242e-05
20329,1.4393797e-05
20439,1.5503994e-05
20935,1.4775923e-05
20940,1.722589e-05
20978,1.5892843e-05
21128,1.6459897e-05
23046,1.5072459e-05
23609,1.6745582e-05
23746,1.6495462e-05
23864,1.4763805e-05
24774,1.7580394e-05
25427,1.728985e-05
424,1.6331223e-05
526,1.6347032e-05
570,1.7408762e-05
749,1.537473e-05
834,1.6643104e-05
858,1.7907063e-05
902,1.6624732e-05
967,1.5252548e-05
1222,1.5796171e-05
1698,1.5082794e-05
1953,1.5265236e-05
2102,1.865078e-05
2129,1.6260621e-05
2506,2.8440629e-05
2519,1.6334856e-05
2565,1.6163292e-05
2754,1.5013144e-05
2765,2.096288e-05
3090,1.5030933e-05
3725,2.5801834e-05
3875,1.5243845e-05
3940,1.4392359e-05
4007,1.5642907e-05
4355,1.6356767e-05
4400,1.4951604e-05
4443,1.6302221e-05
4542,1.77477e-05
4846,2.4155637e-05
4893,1.528862e-05
5150,1.4893649e-05
5375,1.704672e-05
5597,1.45374315e-05
5641,1.5751122e-05
5815,1.53327e-05
5826,1.5000398e-05
5908,1.38865735e-05
6239,2.0680784e-05
6357,1.6375276e-05
6386,1.5925587e-05
6418,1.8259918e-05
6573,1.5098437e-05
6654,1.4847802e-05
7038,1.5873184e-05
7042,1.6686465e-05
7070,1.957684e-05
7110,1.5773467e-05
7120,1.5840049e-05
7210,1.628123e-05
7352,1.8665158e-05
7385,1.656148e-05
7391,1.5604543e-05
7449,1.4964372e-05
7451,1.5190408e-05
7639,1.8743207e-05
7813,1.6313556e-05
7883,1.4834003e-05
7903,1.8734088e-05
8140,1.4081834e-05
8219,1.948493e-05
8309,1.5509306e-05
8607,1.44263695e-05
8875,1.4782167e-05
8967,1.6170532e-05
9336,1.767243e-05
9360,1.4103554e-05
9385,1.4262921e-05
9546,1.8863073e-05
9840,2.0619977e-05
9842,1.4779918e-05
9997,1.5995762e-05
10447,1.5897356e-05
10539,2.4207407e-05
10569,1.6070788e-05
10585,1.3735832e-05
10723,1.7423883e-05
11069,1.5039494e-05
11213,1.3780314e-05
11232,1.5371812e-05
11274,1.501222e-05
11639,1.5415464e-05
11645,1.3835835e-05
11729,1.4967143e-05
12004,1.6473454e-05
12143,1.4024955e-05
12154,1.5655462e-05
12162,1.4349207e-05
12248,1.671915e-05
12274,1.6219536e-05
12393,2.1154137e-05
12404,1.4300674e-05
12674,1.3867069e-05
12781,1.49775005e-05
12871,1.4768096e-05
13062,1.5949032e-05
13411,1.4746866e-05
13429,1.4646304e-05
13504,1.9739844e-05
13538,2.4898109e-05
13583,1.5561198e-05
13596,1.4835468e-05
13625,1.6740432e-05
13670,1.5052933e-05
13682,1.4642285e-05
13784,1.5040772e-05
13914,1.542596e-05
14068,1.5666204e-05
14111,2.1393542e-05
14410,1.4904484e-05
14446,1.7060207e-05
14465,1.5416339e-05
14554,1.975844e-05
14745,1.3464358e-05
14798,1.5673912e-05
14894,1.4967015e-05
15210,1.4483855e-05
15613,1.5415206e-05
15909,1.5342783e-05
15953,1.4022305e-05
16108,1.4019493e-05
16438,1.5274103e-05
16458,1.5679605e-05
16590,1.5663034e-05
16648,1.7432145e-05
16673,2.2327224e-05
16698,1.5527214e-05
16746,1.9365762e-05
17072,1.5457334e-05
17081,1.4641978e-05
17120,1.516012e-05
17976,1.5249124e-05
18081,1.5595586e-05
18119,1.5747104e-05
18235,1.5566851e-05
18244,1.5997266e-05
18478,1.6112335e-05
18494,1.7374821e-05
18534,1.5339638e-05
18598,1.4951724e-05
18799,1.433385e-05
18811,1.4266592e-05
18923,1.485861e-05
18985,1.49881635e-05
18997,1.4842943e-05
19015,1.573768e-05
19028,1.6272048e-05
19057,1.5382406e-05
19147,1.5088732e-05
19155,1.6001064e-05
19186,1.4247589e-05
19469,1.654473e-05
19914,1.4820423e-05
20035,1.572349e-05
20044,1.5573e-05
20065,1.5329213e-05
20186,1.539522e-05
20211,1.5019534e-05
20224,1.4515046e-05
20241,1.4597999e-05
20349,1.4334499e-05
20810,1.5099527e-05
20898,1.455115e-05
21114,1.6318958e-05
21149,1.533538e-05
21632,1.4664568e-05
21955,1.402673e-05
23067,1.5285093e-05
23103,1.6756454e-05
23707,1.5534759e-05
23869,1.6162385e-05
23953,1.5534913e-05
24163,1.444087e-05
24170,1.48644e-05
24217,2.036331e-05
24306,1.4159912e-05
24449,1.4267328e-05
24516,1.4160709e-05
24538,1.5206446e-05
24605,1.5096861e-05
24859,1.5979376e-05
25229,1.492567e-05
25387,1.50449705e-05
25400,1.4553543e-05
25489,1.5283633e-05
25777,1.3971875e-05
26039,1.5448952e-05
574,1.5012649e-05
1029,1.4131279e-05
1374,1.4536879e-05
1402,1.542369e-05
1747,1.5867952e-05
1796,1.4158346e-05
2080,1.4822314e-05
2141,1.5432412e-05
2239,1.6155707e-05
2293,1.6092916e-05
2353,2.133688e-05
2356,1.4606774e-05
2465,1.4847077e-05
2608,1.6879101e-05
3145,1.5657766e-05
3290,1.5349087e-05
3677,1.4253978e-05
3774,1.5943688e-05
3898,1.4757349e-05
4149,1.56313e-05
4173,1.6685766e-05
4235,1.4698019e-05
4397,1.4279382e-05
4402,1.614671e-05
4543,1.8101016e-05
4567,1.8307193e-05
5020,1.5128817e-05
5021,2.0910502e-05
5157,1.521144e-05
5718,1.4253666e-05
5759,1.496726e-05
5783,1.5140812e-05
5850,1.6730848e-05
5993,1.3680624e-05
6015,1.4402261e-05
6113,1.7181868e-05
6242,1.5609969e-05
6299,1.5211859e-05
6389,1.4181984e-05
6571,1.4536288e-05
6655,1.6800548e-05
6685,1.5371179e-05
6879,1.7933993e-05
6944,1.5644353e-05
7247,1.4829649e-05
7464,1.3956799e-05
7674,1.4648824e-05
7748,2.5859375e-05
7879,1.4590878e-05
8155,1.556147e-05
8183,1.7060995e-05
8351,1.4600547e-05
8535,1.42411645e-05
8697,1.38861205e-05
9017,1.7370821e-05
9131,1.7755241e-05
9269,1.5673631e-05
9375,1.4683577e-05
9380,1.6932177e-05
9414,1.4696632e-05
9476,1.4899418e-05
9485,1.6120932e-05
9554,1.4543784e-05
10277,1.3777612e-05
10398,1.3805747e-05
10401,1.4940446e-05
10502,1.394087e-05
10648,1.4155443e-05
10663,1.4838718e-05
10750,1.39962685e-05
10838,1.5590678e-05
10932,1.43941315e-05
11051,1.6746544e-05
11053,1.987288e-05
11146,1.3849386e-05
11210,1.5868363e-05
11215,1.4851184e-05
11308,1.4260182e-05
11396,1.45198655e-05
11530,1.446436e-05
11539,1.4223047e-05
11541,1.4147106e-05
11775,1.538252e-05
11782,1.6868167e-05
11787,1.4708582e-05
11833,1.42853e-05
12045,1.5788444e-05
12081,1.4266261e-05
12102,1.5035867e-05
12138,1.4855606e-05
12487,1.4981395e-05
12610,1.4326224e-05
12671,1.4580963e-05
12713,1.3347118e-05
12724,1.478251e-05
12811,1.3915439e-05
13018,1.536744e-05
13047,1.4674283e-05
13206,1.6560676e-05
13420,1.7234019e-05
13524,1.7449016e-05
13532,1.5352232e-05
13555,1.3840101e-05
13656,1.4822378e-05
13681,1.4595813e-05
13691,1.5440228e-05
13694,1.5515545e-05
13729,1.5567977e-05
13741,1.4904571e-05
13795,1.5737432e-05
13798,1.4958816e-05
13813,1.4250737e-05
14088,1.5988977e-05
14434,1.5339283e-05
14478,2.2283357e-05
14555,1.4190376e-05
14595,1.3907929e-05
14705,1.4500421e-05
14997,1.44077885e-05
15009,1.4632759e-05
15398,1.6847627e-05
15603,1.4391734e-05
15651,1.59264e-05
15689,1.4516031e-05
15691,1.4513329e-05
15711,1.4063512e-05
15856,1.5443231e-05
15912,1.5647323e-05
16042,1.4206237e-05
16063,1.4439816e-05
16374,1.4304938e-05
16456,1.6034752e-05
16547,1.5558007e-05
16610,1.530015e-05
16838,1.5425236e-05
16854,1.49418665e-05
16882,1.4352671e-05
16980,1.5580612e-05
17165,1.5324053e-05
17263,1.4474402e-05
17752,1.4328654e-05
17813,1.4758197e-05
17854,1.5564568e-05
18055,1.5045971e-05
18069,1.6150127e-05
18070,1.5960946e-05
18207,1.548765e-05
18313,1.5085041e-05
18505,1.4369647e-05
18590,1.4923736e-05
18664,1.44429105e-05
18718,1.4251712e-05
18910,1.5591208e-05
18959,1.3489396e-05
19034,1.5493319e-05
19051,1.5074673e-05
19129,1.3961819e-05
19184,1.4398713e-05
19209,1.4056137e-05
19285,1.3840683e-05
19298,1.3824538e-05
19735,1.4439194e-05
19859,1.4527576e-05
19893,1.3835896e-05
19918,1.356178e-05
19987,1.61557e-05
19990,1.6378615e-05
20083,1.554938e-05
20134,1.7262155e-05
20164,1.5512936e-05
20407,1.942449e-05
20425,1.481937e-05
21139,1.5173247e-05
21571,1.4413903e-05
21743,1.3266416e-05
21860,1.4544796e-05
21870,1.43738325e-05
22888,1.4144992e-05
23807,1.5096055e-05
24215,1.4139749e-05
24334,1.44545675e-05
24573,1.3948782e-05
24731,1.3310569e-05
25375,1.5140447e-05
25434,1.5157729e-05
25486,1.6340251e-05
25534,1.5225455e-05
25806,1.38665655e-05
143,1.7490422e-05
157,1.743481e-05
275,1.4092568e-05
469,1.9779474e-05
525,1.51415425e-05
740,1.4826329e-05
758,1.402911e-05
763,1.4669734e-05
808,1.4901722e-05
999,1.3377146e-05
1127,1.6915368e-05
1311,1.35484e-05
1421,1.4457371e-05
1710,1.4323442e-05
1748,1.4293738e-05
2111,1.5034341e-05
2167,1.3879729e-05
2384,1.4734725e-05
2560,1.4465317e-05
2643,1.4282961e-05
2700,1.7013976e-05
2805,1.4575446e-05
2909,1.3456273e-05
3140,1.8934788e-05
3166,1.4576424e-05
3371,1.4808292e-05
4170,1.4205188e-05
4172,1.618811e-05
4189,1.3752116e-05
4317,1.6050428e-05
4382,1.49018515e-05
4503,1.491844e-05
4528,1.5923e-05
4587,1.3587928e-05
4739,1.4357291e-05
4905,1.42025565e-05
4954,1.4459384e-05
5005,1.4414782e-05
5431,1.4121182e-05
5458,1.4141371e-05
5514,1.3806454e-05
5565,1.4435663e-05
5649,1.40031425e-05
5770,1.4026418e-05
5921,1.6309541e-05
5926,1.4581188e-05
5927,1.4389957e-05
6022,1.4287218e-05
6070,1.664571e-05
6155,1.5291065e-05
6246,1.46343655e-05
6359,1.6753349e-05
6488,1.5358175e-05
6567,1.832091e-05
6572,1.4859057e-05
6683,1.5207931e-05
6848,1.4872313e-05
6876,1.536218e-05
6907,1.4928365e-05
7083,1.6235446e-05
7121,1.4249755e-05
7126,1.6283166e-05
7398,2.0871817e-05
7528,1.4716564e-05
7612,1.4052272e-05
7669,1.3289786e-05
7694,1.3362877e-05
7993,1.4770059e-05
8408,1.52550765e-05
8801,1.4190197e-05
8889,1.437706e-05
9066,1.465452e-05
9457,1.4204503e-05
9565,1.5474478e-05
9624,1.6459042e-05
9685,1.4890537e-05
9786,1.4746982e-05
9836,1.4698136e-05
9927,1.46543225e-05
10126,1.7895047e-05
10457,1.4814154e-05
10468,1.4922473e-05
10593,1.6409223e-05
10603,1.49163025e-05
10612,1.8879628e-05
10630,1.3236954e-05
10786,1.353597e-05
10888,1.3448963e-05
11047,1.4265722e-05
11059,1.4497932e-05
11233,1.5115147e-05
11242,1.442513e-05
11437,1.4045898e-05
11580,1.5114527e-05
11718,1.4133729e-05
11739,1.9631338e-05
11905,1.46412185e-05
11942,1.4492125e-05
12062,1.492999e-05
12235,1.3386983e-05
12297,1.399157e-05
12468,1.4188538e-05
12495,1.6441663e-05
12584,1.3988634e-05
13019,1.4737385e-05
13127,1.4309677e-05
13312,1.4086624e-05
13322,1.777567e-05
13396,1.4891268e-05
13593,1.4072887e-05
13605,1.4222274e-05
13628,1.9757785e-05
13630,1.5584696e-05
13652,1.516547e-05
13667,1.4661581e-05
13760,1.4083721e-05
13797,1.4426194e-05
13832,1.592012e-05
13941,1.3202503e-05
13951,1.5782876e-05
14347,1.3856985e-05
14350,1.3543774e-05
14416,1.8475188e-05
14504,1.427952e-05
14541,1.4390016e-05
14766,1.5577989e-05
14793,1.3873569e-05
14813,1.7773824e-05
14877,1.8975425e-05
15035,1.3497558e-05
15079,1.4347788e-05
15236,1.4765838e-05
15534,1.46976045e-05
15562,1.3232823e-05
15621,1.4220754e-05
15674,1.3782199e-05
15887,1.4302862e-05
15961,1.3074445e-05
15971,1.5060092e-05
16318,1.76973e-05
16413,1.394788e-05
16429,1.506076e-05
16440,1.5410811e-05
16505,1.4887315e-05
16617,1.476122e-05
16645,1.38573805e-05
16742,1.5751457e-05
16829,1.5909605e-05
16912,1.3559812e-05
16981,1.5736992e-05
17065,1.3499593e-05
17084,1.5021346e-05
17133,1.3714192e-05
17186,1.4841759e-05
17230,1.8438635e-05
17925,1.4186015e-05
17944,1.6100514e-05
17967,1.5293937e-05
18253,1.8447527e-05
18330,1.3058596e-05
18470,1.4889869e-05
18541,1.6737331e-05
18561,1.919893e-05
18575,1.4413664e-05
18699,1.4605829e-05
18760,1.5236834e-05
19004,1.379738e-05
19022,1.4448023e-05
19046,1.3867132e-05
19085,1.3316824e-05
19096,1.3278867e-05
19120,1.3835722e-05
19145,1.7889286e-05
19282,1.3507069e-05
19533,1.5245605e-05
19861,1.3562339e-05
20026,1.3278321e-05
20219,1.4388097e-05
20222,1.4542442e-05
20228,1.469412e-05
20323,1.37987645e-05
20359,1.4137361e-05
20430,1.44128535e-05
20437,1.4523363e-05
20985,1.4938503e-05
21033,1.5355594e-05
21115,1.5516234e-05
21559,1.4292894e-05
22784,1.4319282e-05
22860,1.5276388e-05
23129,1.4097145e-05
23773,1.6692275e-05
23815,1.4771387e-05
24094,1.5911673e-05
24142,1.4398846e-05
24333,1.40195225e-05
24513,1.4326843e-05
25341,1.47678065e-05
25385,1.36769495e-05
25401,1.404947e-05
25448,1.4934374e-05
25554,1.4120381e-05
27132,1.3457469e-05
738,1.3633039e-05
777,1.4915889e-05
806,1.6000495e-05
1072,1.4671117e-05
1073,1.4323119e-05
1105,1.3515316e-05
1137,1.3799372e-05
1360,1.717242e-05
1714,1.5056254e-05
1907,1.3872883e-05
1915,1.4598631e-05
2182,1.536539e-05
2315,1.4539732e-05
2585,1.3983548e-05
2625,1.4002629e-05
3243,1.5022688e-05
3429,1.4338527e-05
3529,1.4046924e-05
3660,1.52219e-05
3661,1.2934361e-05
4023,1.5138348e-05
4201,1.5308358e-05
4220,2.0966014e-05
4227,1.4617265e-05
4255,1.9870151e-05
4289,1.6393586e-05
4447,1.5402904e-05
4483,1.5548167e-05
4508,1.3982642e-05
4530,1.7133943e-05
4647,1.3460036e-05
4681,1.4757509e-05
4785,1.46499015e-05
4799,1.5464157e-05
4948,1.7591221e-05
5008,1.3916002e-05
5025,1.4590901e-05
5189,1.5273341e-05
5232,1.4222919e-05
5239,1.5179321e-05
5279,1.7588205e-05
5446,1.3467365e-05
5540,1.4381465e-05
5707,1.4604619e-05
6269,1.45888425e-05
6276,1.5503114e-05
6377,1.5468837e-05
6441,2.0988238e-05
6454,1.573423e-05
6545,1.6698477e-05
6608,1.3863205e-05
6745,1.3714118e-05
6764,1.4629449e-05
6769,1.35921355e-05
6795,1.4585504e-05
6867,1.4496736e-05
7003,1.3999005e-05
7009,1.741487e-05
7026,1.3539019e-05
7379,1.972473e-05
7745,1.5587095e-05
7840,2.519384e-05
7875,1.4452424e-05
7973,1.5071349e-05
8012,1.4302008e-05
8420,1.6021568e-05
8764,1.3459354e-05
8846,1.3594735e-05
8980,1.4239121e-05
9161,2.2854867e-05
9384,1.3116735e-05
9402,1.4814607e-05
9468,1.4749186e-05
9490,1.3617083e-05
9555,1.3495541e-05
10125,1.3515861e-05
10207,1.530784e-05
10488,1.413139e-05
10559,1.411335e-05
10566,1.4725391e-05
10587,1.34445545e-05
10628,1.2706166e-05
10632,1.7258792e-05
10656,1.5661606e-05
10667,1.3502978e-05
10770,1.27787e-05
10790,1.4103903e-05
11015,1.392698e-05
11136,1.3963482e-05
11137,1.572431e-05
11264,1.4416493e-05
11369,1.4044652e-05
11472,1.3362823e-05
11513,1.3197207e-05
11537,1.3862309e-05
11579,1.4979995e-05
11614,1.3309199e-05
11798,1.6393162e-05
11873,1.369494e-05
11969,1.825286e-05
12059,1.3839189e-05
12078,1.3291688e-05
12161,1.4515223e-05
12269,1.638724e-05
12293,1.4726916e-05
12342,1.95439e-05
12440,1.4493705e-05
12511,1.3650038e-05
12589,1.38563355e-05
12616,1.4160154e-05
12672,1.4814288e-05
12676,1.3746846e-05
12722,1.4472479e-05
12831,1.4931118e-05
12977,1.8835333e-05
12986,1.6160397e-05
13038,1.6994934e-05
13108,1.4813318e-05
13118,1.4036195e-05
13141,1.4194674e-05
13196,1.5217944e-05
13257,1.3275959e-05
13287,1.4221889e-05
13313,1.410614e-05
13323,1.49494e-05
13527,1.4805919e-05
13602,3.1339427e-05
13770,1.3867268e-05
13819,1.3259272e-05
13823,1.8963605e-05
13849,1.38854975e-05
13937,1.357598e-05
14064,1.3827301e-05
14153,1.3248342e-05
14287,1.5571695e-05
14403,1.627271e-05
14534,1.4334102e-05
14545,1.339765e-05
14669,1.2849669e-05
14796,1.8290377e-05
15043,1.395829e-05
15344,1.4006233e-05
15382,1.3537508e-05
15512,1.3299777e-05
15604,1.3807563e-05
15738,1.3047475e-05
15824,1.3148127e-05
15921,1.348902e-05
15995,1.4274321e-05
16031,1.3517794e-05
16044,1.2705046e-05
16045,1.349689e-05
16105,1.3339514e-05
16117,1.3942942e-05
16493,1.3085504e-05
16529,1.5563912e-05
16621,1.5343056e-05
16696,1.3837638e-05
16737,1.3936229e-05
16846,1.51805725e-05
16872,1.3957897e-05
16940,1.4383666e-05
16989,1.4762282e-05
17035,1.4203094e-05
17589,1.5368798e-05
17828,1.5547366e-05
18040,1.3273489e-05
18101,1.4449863e-05
18157,1.4685058e-05
18162,1.375294e-05
18172,1.4372908e-05
18182,1.397665e-05
18191,1.4629593e-05
18329,1.42732015e-05
18357,1.3931506e-05
18430,1.4455352e-05
18464,1.3881161e-05
18545,1.4901222e-05
18600,1.3482412e-05
18646,1.3173472e-05
18721,1.3688277e-05
18927,1.3832489e-05
19047,1.3185752e-05
19207,1.3938305e-05
19244,1.3981429e-05
19246,1.3669107e-05
19314,1.4855605e-05
19361,1.3676986e-05
19395,1.4768001e-05
19455,1.2529302e-05
19786,1.4262365e-05
19825,1.3330166e-05
20093,1.4242379e-05
20110,1.3468012e-05
20244,1.3816728e-05
20247,1.4098393e-05
20284,1.4516274e-05
20369,1.5534348e-05
20375,1.3549969e-05
20460,1.4403318e-05
21528,1.2913498e-05
21581,1.4511195e-05
21816,1.3968603e-05
22762,1.2961929e-05
23051,1.3194896e-05
23539,1.337712e-05
23723,1.4437733e-05
23749,1.486414e-05
23794,1.3939146e-05
23832,1.4081366e-05
23903,1.4701252e-05
23931,1.4470979e-05
23991,1.3805224e-05
24259,1.5173104e-05
24304,1.3605223e-05
24556,1.29883065e-05
24612,1.3216395e-05
25405,1.4002636e-05
25410,1.3892183e-05
25565,1.420596e-05
25780,1.291217e-05
26486,1.26531895e-05
27227,1.8573532e-05
461,1.3367512e-05
684,1.4176868e-05
1128,1.3698694e-05
1283,1.43602465e-05
1715,1.6441201e-05
1893,1.35960245e-05
1963,1.4239937e-05
2003,1.3599357e-05
2280,1.3104838e-05
2508,1.346663e-05
3063,1.4300808e-05
3101,1.4256497e-05
3235,1.2974405e-05
3374,1.2774539e-05
3454,1.2760266e-05
3672,1.2906082e-05
3938,1.8705821e-05
3988,1.3901915e-05
4160,1.3721428e-05
4241,1.4067922e-05
4378,1.3502048e-05
4529,1.9213627e-05
4592,1.2487087e-05
4707,1.3114525e-05
4748,2.073121e-05
4797,1.4331557e-05
4957,1.4284091e-05
5159,1.3281314e-05
5416,1.3615985e-05
5504,1.3846887e-05
5536,1.4184123e-05
5581,1.3504462e-05
5710,1.412428e-05
5829,1.3256785e-05
5852,1.3009086e-05
5947,1.4209436e-05
5952,1.8750634e-05
6083,1.3091832e-05
6194,1.2722165e-05
6364,1.6376376e-05
6602,1.3475426e-05
6620,1.3926325e-05
6835,1.3501003e-05
6960,1.6121245e-05
7021,1.348505e-05
7115,1.544814e-05
7280,1.3814549e-05
7445,1.4179714e-05
7505,1.3805522e-05
7530,1.3897828e-05
7663,1.3404666e-05
7707,1.2738087e-05
7712,1.3679499e-05
7718,1.6639686e-05
7775,1.4453113e-05
7798,1.665709e-05
8799,1.3883881e-05
8854,1.3659711e-05
8886,1.41425435e-05
8899,1.3763525e-05
8918,1.4061872e-05
8978,1.345401e-05
9091,1.26741415e-05
9309,1.3798375e-05
9401,1.4332374e-05
9452,1.369591e-05
9482,1.3675513e-05
9495,1.3490105e-05
9496,1.3170108e-05
9623,1.4130513e-05
10197,1.3671261e-05
10213,1.517123e-05
10241,1.3481471e-05
10582,1.2881175e-05
10604,1.2740724e-05
10666,1.22488655e-05
10782,1.2810906e-05
10887,1.3174283e-05
11036,1.377226e-05
11073,1.3907372e-05
11078,1.3322715e-05
11152,1.3833007e-05
11243,1.4890086e-05
11488,1.384366e-05
11499,1.3003306e-05
11669,1.3889828e-05
11754,1.3938107e-05
12019,1.3171407e-05
12094,1.3299671e-05
12096,1.5733398e-05
12114,1.3359939e-05
12129,1.3444154e-05
12374,1.3192517e-05
12390,1.4811991e-05
12448,1.2887026e-05
12462,1.4084079e-05
12651,1.4668865e-05
12890,1.2748998e-05
12897,1.275053e-05
13112,1.4295121e-05
13155,1.3636786e-05
13277,1.4317659e-05
13361,1.2839942e-05
13542,1.351426e-05
13599,1.4630703e-05
13734,1.3529337e-05
13745,1.2917593e-05
13753,1.339325e-05
13768,1.3450896e-05
13806,1.3576855e-05
13875,1.3207436e-05
13968,1.3532281e-05
14020,1.3042141e-05
14333,1.3375063e-05
14443,1.3318376e-05
14579,1.231162e-05
14685,1.6042508e-05
14739,1.4364614e-05
14742,1.6031621e-05
14981,1.4046825e-05
15209,1.3918019e-05
15316,1.3670523e-05
15366,1.2816504e-05
15388,1.34865395e-05
15440,1.3534177e-05
15495,1.4312181e-05
15574,1.3488991e-05
15581,1.3578868e-05
15626,1.3440118e-05
15834,1.3485109e-05
15989,1.3192149e-05
16043,1.462278e-05
16376,1.3078471e-05
16495,1.3386043e-05
16732,1.417254e-05
16764,1.5358517e-05
16780,1.547342e-05
16804,1.36105555e-05
16809,1.4005531e-05
16858,1.3017416e-05
16915,1.548124e-05
16927,1.7854814e-05
17087,1.4048722e-05
17101,1.2989226e-05
17719,1.2589616e-05
17784,1.4741156e-05
17878,1.26163295e-05
17966,1.47645915e-05
18052,1.311086e-05
18089,1.4734306e-05
18115,1.344369e-05
18176,1.6665528e-05
18177,1.3662415e-05
18194,1.305934e-05
18262,1.423249e-05
18332,1.3162901e-05
18377,1.4213504e-05
18393,1.3724739e-05
18399,1.3867747e-05
18497,1.2827598e-05
18520,1.3857329e-05
18563,1.2978986e-05
18593,1.512006e-05
18689,1.3929218e-05
18858,1.3036468e-05
18986,1.3600839e-05
19014,1.2880195e-05
19026,1.2728928e-05
19089,1.2553764e-05
19123,1.3008014e-05
19164,1.2748003e-05
19170,1.2597197e-05
19202,1.2356377e-05
19250,1.4971684e-05
19308,1.2789327e-05
19327,1.294053e-05
19526,1.3304232e-05
19639,1.3393884e-05
19753,1.46589455e-05
19904,1.27009625e-05
19931,2.0295609e-05
20008,1.3617462e-05
20068,1.420904e-05
20111,1.3246871e-05
20128,1.3683149e-05
20230,1.3218255e-05
20231,1.3460301e-05
20265,1.6774038e-05
20780,1.4212123e-05
20933,1.27048215e-05
21010,1.32830055e-05
21517,1.2870703e-05
21613,1.6276454e-05
22097,1.30493945e-05
22885,1.3415816e-05
23545,1.1982689e-05
23711,1.3518646e-05
23775,1.6036322e-05
23809,1.3743485e-05
23846,1.4730635e-05
24016,1.5459125e-05
24020,1.267154e-05
24069,1.31031775e-05
24671,1.4470802e-05
24696,1.364169e-05
25106,1.3216833e-05
25263,1.3671506e-05
25350,1.39149315e-05
25364,1.38557e-05
25380,1.4194756e-05
25474,1.4483181e-05
26823,1.2209123e-05
351,1.2834454e-05
922,1.557264e-05
1151,1.809824e-05
1242,1.6765884e-05
1785,1.3675621e-05
2098,1.3905791e-05
2300,1.3536877e-05
2350,1.3497048e-05
2435,1.47032e-05
2517,1.4328296e-05
2586,1.4450117e-05
2615,1.3272908e-05
3564,1.3533541e-05
3712,1.38611285e-05
4031,1.4247011e-05
4158,1.3661778e-05
4226,1.3396732e-05
4262,1.4288015e-05
4323,1.3546932e-05
4367,1.4347146e-05
4466,1.3790157e-05
4478,1.2962803e-05
4549,1.3192924e-05
4554,1.6278756e-05
4663,1.8207567e-05
4722,1.681587e-05
4814,2.0464746e-05
4821,1.3766469e-05
4838,1.35273485e-05
5058,4.423711e-05
5067,1.2749682e-05
5318,1.3252928e-05
5658,1.3331763e-05
5934,1.2959259e-05
6036,1.5185491e-05
6151,1.30015105e-05
6415,1.3898171e-05
6518,1.48543795e-05
6541,1.3260619e-05
6621,1.3384791e-05
6651,1.5505846e-05
7015,1.2571837e-05
7058,1.44921e-05
7075,1.3273685e-05
7091,1.2768366e-05
7143,1.3700332e-05
7189,1.30799e-05
7200,1.5352947e-05
7370,1.2895075e-05
7509,1.3974719e-05
7561,1.303941e-05
7632,1.890705e-05
7761,1.8670313e-05
7799,1.2972872e-05
7951,1.301782e-05
7989,1.4222713e-05
8073,1.331759e-05
8494,1.2356588e-05
8695,1.3083124e-05
8970,1.5513288e-05
8994,1.3083483e-05
9027,1.1895688e-05
9303,1.4266987e-05
9424,1.4091706e-05
9448,1.5456138e-05
9471,1.1754947e-05
9488,1.5241281e-05
9559,1.4224847e-05
9609,1.8380388e-05
9755,1.3286504e-05
9834,1.2272244e-05
9960,1.2759931e-05
10054,1.4057837e-05
10342,1.2910735e-05
10602,1.2493662e-05
10620,1.5181943e-05
10691,1.2436844e-05
10898,1.3753339e-05
10967,1.3320005e-05
10986,1.3056438e-05
11010,1.2881429e-05
11139,1.4840034e-05
11247,1.2652895e-05
11398,1.3639514e-05
11460,1.3516357e-05
11546,1.1909468e-05
11889,1.3959409e-05
11890,1.3865317e-05
11904,1.497303e-05
12153,1.3329519e-05
12246,1.2539645e-05
12303,1.3474731e-05
12364,1.3759493e-05
12504,1.2904021e-05
12524,1.4209864e-05
12806,1.3909515e-05
13026,1.2575406e-05
13125,1.3097024e-05
13256,1.4601916e-05
13412,1.4628295e-05
13444,1.31951765e-05
13507,2.0247517e-05
13728,1.3440078e-05
13858,1.2435091e-05
13898,1.3741914e-05
13948,1.34138545e-05
13985,1.2817089e-05
14082,1.293985e-05
14083,1.3032085e-05
14405,1.3222425e-05
14458,1.2789004e-05
14488,1.2674922e-05
14692,1.336788e-05
15007,1.5291504e-05
15077,1.2768126e-05
15098,1.6152975e-05
15266,1.41643695e-05
15346,1.2499684e-05
15377,1.4123991e-05
15378,1.9486182e-05
15397,1.502668e-05
15402,1.4550137e-05
15407,1.2944125e-05
15535,1.3347548e-05
15630,1.2473756e-05
15705,1.3330268e-05
15740,1.24711305e-05
15845,1.253466e-05
15869,1.3478976e-05
15976,1.1625257e-05
16190,1.861769e-05
16460,1.3121233e-05
16484,1.3570039e-05
16519,1.30396575e-05
16559,1.9981548e-05
16733,1.8925328e-05
16735,1.2713386e-05
16795,1.2865631e-05
16928,1.5079247e-05
17089,1.313859e-05
17823,1.36002245e-05
18053,1.2746544e-05
18066,1.3017955e-05
18082,1.2906403e-05
18136,1.3200114e-05
18144,1.3522218e-05
18205,1.319629e-05
18254,1.3500797e-05
18259,1.3269382e-05
18310,1.2818021e-05
18318,1.30721e-05
18326,1.3062086e-05
18361,1.4030496e-05
18385,1.3354795e-05
18418,1.2905144e-05
18467,1.4166474e-05
18526,1.29078235e-05
18719,1.334739e-05
18725,1.1973564e-05
18886,1.1988594e-05
18908,1.5051261e-05
18915,1.2408275e-05
18943,1.2838679e-05
19062,1.38977e-05
19119,1.3745168e-05
19126,1.3492224e-05
19156,1.2117711e-05
19158,1.4052048e-05
19172,1.2278961e-05
19175,1.5047182e-05
19178,1.3871044e-05
19195,1.6760901e-05
19230,1.2145971e-05
19270,1.2512926e-05
19276,1.2356366e-05
19464,1.8657725e-05
19941,1.3946249e-05
20033,1.2737749e-05
20100,1.29748205e-05
20146,1.3281594e-05
20168,1.246178e-05
20206,1.2752158e-05
20286,1.3117337e-05
20338,1.28310885e-05
20343,1.2228098e-05
20350,1.3240999e-05
20353,1.3547097e-05
20392,1.3385618e-05
21062,1.2401539e-05
21065,1.28780885e-05
21112,1.308228e-05
22729,1.4847684e-05
22781,1.3120119e-05
22803,1.18243925e-05
23774,1.5617232e-05
23830,1.45684535e-05
23898,1.3832752e-05
24161,1.2777515e-05
24469,1.2837645e-05
24537,1.289523e-05
24610,1.6085323e-05
24736,1.2766304e-05
24970,1.2192245e-05
25449,1.4357092e-05
25463,1.5905709e-05
25558,1.3223619e-05
25567,1.2769039e-05
26854,1.2988615e-05
26986,1.18602065e-05
248,1.6499622e-05
265,1.2458783e-05
652,1.3392787e-05
863,1.2673136e-05
915,1.2568861e-05
1009,1.2230709e-05
1087,1.3305882e-05
1098,1.2697626e-05
1152,1.28052825e-05
1229,1.2954327e-05
1635,1.2651339e-05
2299,1.2806476e-05
2312,1.28620095e-05
2472,1.24859e-05
2773,1.5959962e-05
3013,1.5153261e-05
3096,1.2512151e-05
3193,1.2555723e-05
3295,1.4204377e-05
3447,1.4197474e-05
3738,1.2911721e-05
3897,1.8068928e-05
4217,1.3745194e-05
4272,1.2328433e-05
4392,1.3365502e-05
4406,1.2687726e-05
4526,1.2123127e-05
4655,1.2659879e-05
4660,1.4370313e-05
4810,1.3030874e-05
4868,1.3896283e-05
4965,1.3329408e-05
5055,1.2324533e-05
5069,1.26766245e-05
5382,1.2387098e-05
5415,1.351706e-05
5571,1.1685436e-05
5635,1.5533966e-05
5749,1.307026e-05
5765,1.41827795e-05
6035,1.2809386e-05
6169,1.2423839e-05
6319,1.3405078e-05
6349,1.2289491e-05
6375,1.5771535e-05
6398,1.3607297e-05
6940,1.2475492e-05
6954,1.2590986e-05
6965,1.4698287e-05
7334,1.4238832e-05
7343,1.3068249e-05
7436,1.4182511e-05
7486,1.25362785e-05
7518,2.2370443e-05
7575,1.4503357e-05
7892,1.4420193e-05
7912,1.3340314e-05
8021,1.3668713e-05
8136,1.2680541e-05
8838,1.2173309e-05
9069,1.28184565e-05
9267,1.1643768e-05
9410,1.2470529e-05
9425,1.2774641e-05
9464,1.3857696e-05
9757,1.3424594e-05
9803,1.2381892e-05
10068,1.3400668e-05
10088,1.4624332e-05
10403,1.7736884e-05
10409,1.2057365e-05
10422,1.3171389e-05
10584,1.2450767e-05
10598,1.1331828e-05
10623,1.4080875e-05
10643,1.2061276e-05
10680,1.27641615e-05
10706,1.18176395e-05
10712,1.253251e-05
10835,1.2354504e-05
10908,1.2436903e-05
10950,1.2852339e-05
11007,1.23008895e-05
11061,1.2409978e-05
11072,1.2815162e-05
11169,1.4987911e-05
11229,1.2844702e-05
11442,1.4612936e-05
11481,1.20637715e-05
11487,1.2510787e-05
11922,1.3027069e-05
12113,1.2849192e-05
12209,1.1919731e-05
12237,1.3013522e-05
12341,1.5528829e-05
12453,1.4058058e-05
12587,1.2428608e-05
12621,1.3183302e-05
12628,1.28148e-05
12949,1.279871e-05
13059,1.33234125e-05
13154,1.3590315e-05
13235,1.2643399e-05
13310,1.1968887e-05
13415,1.2740727e-05
13549,1.1612307e-05
13595,1.7502443e-05
13669,1.214356e-05
13828,1.4190786e-05
13874,1.3528641e-05
13971,1.2649238e-05
14009,1.2875978e-05
14021,1.3148511e-05
14040,1.2528528e-05
14338,1.2630938e-05
14408,1.3642296e-05
14462,1.2236566e-05
14559,1.3463477e-05
14568,1.2320217e-05
14676,1.29911305e-05
14690,1.2117953e-05
14752,1.3723232e-05
15039,1.2732045e-05
15075,1.29204e-05
15265,1.3571324e-05
15356,1.2507037e-05
15465,1.3726874e-05
15550,1.32635e-05
15612,1.1955772e-05
15628,1.2988142e-05
15671,1.2184996e-05
15985,1.1997602e-05
16052,1.3051252e-05
16249,1.685048e-05
16384,1.2279922e-05
16534,1.2781952e-05
16578,1.4013935e-05
16581,1.2692684e-05
16611,1.3974151e-05
16630,1.2577744e-05
16658,1.3388101e-05
16677,1.20418545e-05
16755,1.2865846e-05
16836,1.2710754e-05
16884,1.9179504e-05
16994,1.4228226e-05
17241,1.1631622e-05
17685,1.2459133e-05
17743,1.2034706e-05
17881,1.3112382e-05
17942,1.22808515e-05
18033,1.4353629e-05
18132,1.266564e-05
18159,1.2225296e-05
18160,1.3035248e-05
18196,1.2606195e-05
18237,1.5359712e-05
18249,1.30324115e-05
18365,1.2152685e-05
18410,1.2864964e-05
18489,1.2743776e-05
18496,1.4030728e-05
18675,1.344901e-05
18711,1.22809e-05
18838,1.837603e-05
18987,1.3717718e-05
18990,1.2564179e-05
19016,1.439521e-05
19020,1.2481709e-05
19056,1.19767965e-05
19059,1.3083637e-05
19128,1.1403366e-05
19135,1.8067396e-05
19189,1.2285389e-05
19256,1.2221301e-05
19261,1.2092587e-05
19289,1.51936865e-05
19291,1.2908233e-05
19316,1.3202226e-05
19420,1.4946551e-05
19452,1.199283e-05
19454,1.2300185e-05
19476,1.304697e-05
19497,1.5061709e-05
19742,1.1630656e-05
19858,1.5371488e-05
19912,1.1719008e-05
19934,1.3101927e-05
19972,1.47478195e-05
20017,1.3168059e-05
20031,1.3007642e-05
20058,1.3370291e-05
20101,1.3535934e-05
20213,1.2033349e-05
20242,1.3756115e-05
20262,1.4870926e-05
20311,1.3569925e-05
20334,1.2245626e-05
20417,1.249156e-05
20899,1.2820511e-05
21026,1.1671164e-05
21535,1.1934679e-05
21546,1.3145998e-05
21744,1.1760066e-05
21919,1.3399496e-05
22096,1.2505196e-05
22678,1.2005409e-05
22751,1.2580382e-05
23290,1.4308632e-05
23697,1.3442448e-05
23729,1.2766718e-05
23731,1.3438474e-05
23735,1.3029041e-05
23738,1.3932531e-05
23786,1.260914e-05
23787,1.3405183e-05
23973,1.2961957e-05
24001,1.2307733e-05
24045,1.4255949e-05
24081,1.34793945e-05
24115,1.3788148e-05
24169,1.2789955e-05
24174,1.2420444e-05
24205,1.265945e-05
24732,1.1511545e-05
25531,1.2528913e-05
25775,1.5596768e-05
26651,1.2075898e-05
26653,1.2119637e-05
26798,1.2048294e-05
27153,1.3113531e-05
27166,1.2409611e-05
27172,1.4382328e-05
21,1.2352079e-05
952,1.4767902e-05
1002,1.1570123e-05
1047,1.2248281e-05
1384,1.2502058e-05
1613,1.2655741e-05
1713,1.3868158e-05
1839,1.3315703e-05
2036,1.2533638e-05
2246,1.2458376e-05
2325,1.12109565e-05
2582,1.3589748e-05
2605,1.5086407e-05
2617,1.1626464e-05
2629,1.2741754e-05
2752,1.2871109e-05
3197,1.3178881e-05
3494,1.4826446e-05
3842,1.1824657e-05
4017,1.3581576e-05
4027,1.35014125e-05
4029,1.2174257e-05
4238,1.641295e-05
4239,1.4951915e-05
4480,1.4797897e-05
4548,1.3008479e-05
4603,1.3146829e-05
4864,1.2354247e-05
4980,1.2506527e-05
4985,1.2296504e-05
5036,1.4322701e-05
5044,1.4894006e-05
5061,1.3706366e-05
5230,1.2613487e-05
5234,1.2435228e-05
5438,1.1864045e-05
5488,1.3621965e-05
5572,1.2160917e-05
5574,1.2040611e-05
5750,1.5360694e-05
5981,1.2080226e-05
6391,1.2848167e-05
6429,1.2524236e-05
6448,1.2849745e-05
6525,1.276092e-05
6526,1.5809654e-05
6632,1.2143104e-05
6653,1.1740201e-05
6842,1.2005365e-05
6874,1.2348078e-05
6977,1.3163111e-05
7032,1.5312558e-05
7056,1.3321532e-05
7081,1.1705283e-05
7127,1.2252282e-05
7212,1.2002737e-05
7304,1.3070156e-05
7366,1.2672701e-05
7468,1.2281262e-05
7487,1.1769564e-05
7628,1.6126452e-05
7713,1.393615e-05
7872,1.6844608e-05
7891,1.2321619e-05
7917,1.31145425e-05
7972,1.4434141e-05
7991,1.5789567e-05
8084,1.7047932e-05
8119,1.2708805e-05
8168,1.1808089e-05
8245,1.1104029e-05
8465,1.1722163e-05
8753,1.243166e-05
8851,1.2290919e-05
8866,1.1914284e-05
8915,1.4858657e-05
9364,1.2222688e-05
9492,1.2321599e-05
9521,1.1973766e-05
9545,1.2555561e-05
9550,1.210054e-05
9701,1.3323323e-05
9857,1.6796086e-05
9898,1.2472009e-05
10120,1.376608e-05
10240,1.2501482e-05
10435,1.2923887e-05
10458,1.2500094e-05
10496,1.3874857e-05
10605,1.1949697e-05
10814,1.2223801e-05
11148,1.2111524e-05
11155,1.179156e-05
11208,1.1960206e-05
11312,1.6275908e-05
11411,1.28600805e-05
11412,1.24044855e-05
11730,1.2306323e-05
11777,1.2099108e-05
11793,1.2691097e-05
11864,1.2350269e-05
11907,1.17561085e-05
11952,1.1664965e-05
12011,1.2308523e-05
12043,1.2443375e-05
12227,1.4431646e-05
12451,1.3045708e-05
12489,1.3108885e-05
12503,1.2733631e-05
12545,1.2393865e-05
12547,1.4143855e-05
12572,1.1232358e-05
12590,1.2259862e-05
12605,1.24016115e-05
12747,1.2436067e-05
12768,1.2090057e-05
13064,1.2921922e-05
13079,1.3774125e-05
13529,1.1575941e-05
13786,1.2706362e-05
13808,1.3396049e-05
13861,1.2390108e-05
13870,1.2018227e-05
13924,1.2387914e-05
13965,1.2713282e-05
14219,1.1924297e-05
14232,1.3599356e-05
14435,1.2203259e-05
14500,1.2535848e-05
14503,1.3521914e-05
14535,1.19511715e-05
14726,1.1996737e-05
14735,1.2369853e-05
14836,2.1155545e-05
14903,1.205958e-05
14962,1.2036269e-05
15355,1.2515358e-05
15403,1.3331286e-05
15446,1.3422222e-05
15867,1.2699908e-05
15889,1.2311524e-05
15997,1.2416889e-05
16068,1.20864515e-05
16319,1.15303e-05
16454,1.3709994e-05
16487,1.2968198e-05
16499,1.2064733e-05
16506,1.2421349e-05
16598,1.1956758e-05
16608,1.256508e-05
16613,1.2860983e-05
16656,1.265124e-05
16702,1.2615309e-05
16786,1.1750151e-05
16801,1.1779734e-05
16891,1.1921016e-05
16897,1.3917847e-05
17104,1.251388e-05
17159,1.2443454e-05
17811,1.188644e-05
17903,1.2136592e-05
17904,1.25223105e-05
17933,1.2145177e-05
17961,1.1971846e-05
17965,1.2235158e-05
17999,1.4008328e-05
18011,1.250123e-05
18016,1.3204266e-05
18046,1.1622593e-05
18056,1.1358241e-05
18192,1.34495895e-05
18413,1.3077547e-05
18454,1.2393105e-05
18542,1.3007495e-05
18570,1.3933552e-05
18709,1.2089774e-05
18714,1.1532507e-05
18741,1.2368039e-05
19114,1.4109768e-05
19122,1.2332191e-05
19160,1.2322003e-05
19196,1.1615548e-05
19208,1.19629885e-05
19271,1.5525042e-05
19283,1.2142775e-05
19286,1.1348204e-05
19329,1.16915235e-05
19347,1.1740454e-05
19374,1.17479885e-05
19412,1.2044795e-05
19749,1.189141e-05
19763,1.1774129e-05
19817,1.1463537e-05
19946,1.3417283e-05
20011,1.2524211e-05
20025,1.3178374e-05
20040,1.1639985e-05
20075,1.2203525e-05
20148,1.3766578e-05
20175,1.377436e-05
20287,1.2452352e-05
20431,1.1663948e-05
20646,1.1192529e-05
20890,1.1638947e-05
21080,1.2572196e-05
21526,1.2850438e-05
21892,1.2549676e-05
21914,1.2564488e-05
22003,1.2092331e-05
22663,1.1470566e-05
23003,1.2568633e-05
23050,1.1715409e-05
23122,1.1553701e-05
23689,1.2441699e-05
23772,1.3565922e-05
23816,1.3001251e-05
23887,1.2826706e-05
23889,1.2254766e-05
23902,1.2682986e-05
23913,1.1825272e-05
24057,1.25145125e-05
24240,1.2329356e-05
24733,1.1122046e-05
24763,1.2602968e-05
24772,1.8262588e-05
24954,1.4577979e-05
25281,1.5713553e-05
25383,1.2595596e-05
25481,1.2527452e-05
25513,1.1911361e-05
26444,1.2314866e-05
44,1.2722811e-05
105,1.885513e-05
222,1.1313458e-05
457,1.6797996e-05
719,1.3624327e-05
1035,1.2059438e-05
1420,1.2001137e-05
1567,1.2246946e-05
1628,1.2542902e-05
1833,1.7501088e-05
2026,1.2149554e-05
2040,1.2247759e-05
2153,1.3397105e-05
2276,1.1681927e-05
2321,1.4005726e-05
2449,1.17084155e-05
2457,1.1485667e-05
2734,1.177742e-05
2753,1.2037143e-05
2812,1.1035546e-05
3415,1.2684182e-05
3468,1.2321239e-05
3713,1.2723996e-05
4338,1.1384176e-05
4356,1.1973641e-05
4383,1.2339455e-05
4385,1.1941572e-05
4428,1.2900973e-05
4506,1.2738465e-05
4513,1.22522915e-05
4657,1.1270894e-05
4874,1.2222042e-05
5217,1.2504119e-05
5244,1.1838391e-05
5282,1.30284825e-05
5390,1.808834e-05
5404,1.2748062e-05
5408,1.2772097e-05
5490,1.20181485e-05
5524,1.22800475e-05
5628,1.3258421e-05
5666,1.1346642e-05
5702,1.3026489e-05
5738,1.23182845e-05
5834,1.1964481e-05
5844,1.2238578e-05
6045,1.1719233e-05
6048,1.252864e-05
6061,1.1952785e-05
6080,1.2512658e-05
6255,1.1588579e-05
6345,1.1554899e-05
6397,1.1999535e-05
6414,1.1905006e-05
6426,1.18718135e-05
6498,1.46643115e-05
6592,1.2179991e-05
6597,1.26472705e-05
6603,1.2470521e-05
6669,1.2169629e-05
6689,1.2576521e-05
6690,1.1443733e-05
6744,1.3347422e-05
6834,1.3402671e-05
6888,1.2681098e-05
6934,1.3151439e-05
7020,1.3160105e-05
7036,1.1691372e-05
7140,1.17663185e-05
7176,1.1417565e-05
7216,1.2442784e-05
7299,1.22030215e-05
7499,1.140461e-05
7611,1.2319098e-05
7646,1.2049986e-05
7959,1.1882368e-05
8001,1.1757524e-05
8055,1.7299697e-05
8070,1.2197087e-05
8072,1.1096921e-05
8793,1.13955475e-05
8950,1.2363769e-05
8951,1.1824472e-05
8977,1.2710199e-05
9034,1.1625142e-05
9325,1.1805682e-05
9352,1.18675025e-05
9465,1.2319631e-05
9551,1.1783973e-05
9561,1.2535219e-05
9885,1.0861865e-05
9917,1.4707207e-05
10010,1.112688e-05
10273,1.1567337e-05
10614,1.3894552e-05
10850,1.35329365e-05
11005,1.145472e-05
11017,1.1397845e-05
11237,1.234388e-05
11313,1.1451508e-05
11359,1.1646932e-05
11523,1.1706101e-05
11762,1.1313438e-05
11767,1.2115738e-05
12015,1.2193769e-05
12022,1.1638351e-05
12069,1.2970632e-05
12169,1.11312265e-05
12173,1.1340762e-05
12286,1.1744515e-05
12361,1.19831375e-05
12363,1.2384047e-05
12395,1.2316324e-05
12426,1.4534383e-05
12492,1.26135155e-05
12518,1.4666687e-05
12569,1.23057625e-05
12606,1.2306689e-05
12690,1.1500814e-05
12762,1.1482072e-05
12766,1.3684427e-05
12865,1.2278651e-05
12898,1.1728941e-05
12941,1.19963115e-05
13082,1.1899065e-05
13174,1.3252693e-05
13450,1.2184821e-05
13609,1.0994469e-05
13635,1.2931627e-05
13673,1.2191772e-05
13674,1.2076879e-05
13705,1.1683232e-05
13740,1.1309265e-05
13747,1.1396835e-05
13752,1.2336254e-05
13824,1.1977552e-05
14327,1.2665613e-05
14368,1.2643821e-05
14587,1.1872861e-05
14642,1.4873726e-05
14677,1.1476984e-05
14704,1.1795801e-05
14748,1.126619e-05
14789,1.1205324e-05
14790,1.0994609e-05
14925,1.3814121e-05
14976,1.600902e-05
15031,1.1778708e-05
15158,1.2748982e-05
15196,1.4548305e-05
15409,1.2098773e-05
15426,1.2417238e-05
15489,1.1503842e-05
15549,1.2719252e-05
15561,1.2595776e-05
15625,1.2391023e-05
15653,1.2114327e-05
15876,1.1701102e-05
15886,1.3318838e-05
15941,1.8874476e-05
16171,1.6641503e-05
16243,1.5256153e-05
16570,1.3188146e-05
16595,1.2281704e-05
16600,1.2739225e-05
16635,1.2200959e-05
16668,1.1626182e-05
16675,1.4074968e-05
16724,1.2474324e-05
16767,1.7451905e-05
16769,1.2403324e-05
16810,1.2221462e-05
16958,1.2525367e-05
16963,1.3298304e-05
17138,1.287847e-05
17172,1.2146865e-05
17227,1.2060013e-05
17582,1.2962962e-05
17728,1.3112024e-05
17741,1.084428e-05
17901,1.2206516e-05
17914,1.2715444e-05
18093,1.1609348e-05
18142,1.3565341e-05
18145,1.1903303e-05
18167,1.2122471e-05
18170,1.23171285e-05
18200,1.2344564e-05
18250,1.1859267e-05
18312,1.2931173e-05
18315,1.3103775e-05
18337,1.1612612e-05
18339,1.1858046e-05
18378,1.2001809e-05
18434,1.2700637e-05
18437,1.18619355e-05
18442,1.1396344e-05
18507,1.1647372e-05
18544,1.2344033e-05
18662,1.0777558e-05
18773,1.2509276e-05
18808,1.2765079e-05
18850,1.2045725e-05
19033,1.3462209e-05
19045,1.2506508e-05
19072,1.2340187e-05
19117,1.1721857e-05
19151,1.19229935e-05
19205,1.29231485e-05
19216,1.1558258e-05
19228,1.6236312e-05
19267,1.3320176e-05
19269,1.1262369e-05
19272,1.313075e-05
19280,1.2050236e-05
19296,1.1518627e-05
19310,1.4905909e-05
19338,1.098697e-05
19896,1.1219129e-05
20009,1.1574396e-05
20034,1.1547124e-05
20037,1.2241906e-05
20061,1.2558376e-05
20077,1.1289283e-05
20105,1.1512747e-05
20126,1.2107748e-05
20229,1.1294942e-05
20243,1.1519554e-05
20263,1.1796714e-05
20285,1.1908707e-05
20294,1.1120794e-05
20331,1.2295335e-05
20377,1.538583e-05
20401,1.3256367e-05
20432,1.2316387e-05
20483,1.2803397e-05
20817,1.2944571e-05
20822,1.2513225e-05
20888,1.1700298e-05
21155,1.1943462e-05
21554,1.2127298e-05
21564,1.1784021e-05
21751,1.2690394e-05
21815,1.14782815e-05
21817,1.1513051e-05
21868,1.1817694e-05
21895,1.07713895e-05
21926,1.18081e-05
22095,1.36742465e-05
22877,1.1734486e-05
22883,1.14186605e-05
23724,1.2100545e-05
23780,1.1656039e-05
23793,1.16626015e-05
23859,1.2197099e-05
23964,1.18981725e-05
24085,1.165728e-05
24098,1.1342882e-05
24204,1.2223785e-05
24395,1.2142529e-05
24679,1.0942879e-05
24703,1.3938785e-05
25236,1.1740573e-05
25288,1.2249085e-05
25368,1.1978539e-05
25460,1.2722131e-05
25488,1.2259402e-05
25494,1.1445938e-05
25500,1.22153015e-05
25578,1.1645705e-05
25790,1.1582476e-05
26706,1.0522666e-05
27134,1.08962595e-05
27163,1.2924193e-05
1502,1.1594178e-05
1709,1.0939794e-05
1761,1.149133e-05
1807,1.1364205e-05
1810,1.2260816e-05
1979,1.1473656e-05
2088,1.1778647e-05
2342,1.1626829e-05
2351,1.4127719e-05
2446,1.172013e-05
2463,1.3180255e-05
2470,1.19465485e-05
3098,1.1196655e-05
3322,1.3163479e-05
4264,1.4278135e-05
4546,1.1155576e-05
4565,1.1104886e-05
4742,1.2034963e-05
4762,1.0558281e-05
4906,1.09085195e-05
4970,1.1872478e-05
5064,1.152184e-05
5355,1.1959656e-05
5381,1.1402813e-05
5407,1.1829032e-05
5480,1.1231273e-05
5773,1.4046452e-05
5938,1.0917486e-05
6044,1.3699238e-05
6142,1.1557839e-05
6316,1.312638e-05
6317,1.5296397e-05
6417,1.2129767e-05
6444,1.3636969e-05
6455,1.1696399e-05
6489,1.631619e-05
6552,1.0999307e-05
6562,1.2168466e-05
6598,1.1128332e-05
6607,1.11368345e-05
6637,1.2715332e-05
6715,1.3190261e-05
6771,1.3746906e-05
6798,1.1550278e-05
6979,1.1930798e-05
7006,1.1627926e-05
7205,1.1482428e-05
7219,1.48301115e-05
7261,1.3942587e-05
7287,1.1777932e-05
7292,1.0994361e-05
7339,1.4331793e-05
7397,1.6231375e-05
7893,1.2397487e-05
7995,1.1062638e-05
8293,1.2732582e-05
8624,1.2162533e-05
8634,1.2146891e-05
8682,1.1203594e-05
8850,1.1765185e-05
8873,1.1481473e-05
8934,1.1939074e-05
9312,1.2112874e-05
9526,1.10812325e-05
9795,1.0483232e-05
10016,1.270843e-05
10525,1.13666565e-05
10528,1.2865405e-05
10533,1.13775e-05
10572,1.0529195e-05
10617,1.09086795e-05
10798,1.135882e-05
11057,1.1448891e-05
11093,1.1352747e-05
11269,1.1373488e-05
11286,1.1678312e-05
11367,1.2214756e-05
11400,1.1583765e-05
11586,1.1487407e-05
11788,1.154718e-05
11932,1.13639035e-05
11938,1.1326491e-05
11962,1.2369674e-05
12103,1.1216453e-05
12137,1.2102609e-05
12456,1.117366e-05
12602,1.1368066e-05
12603,1.1154656e-05
12623,1.2198777e-05
12759,1.2669566e-05
12779,1.2363536e-05
12797,1.1561091e-05
13120,1.0885103e-05
13224,1.1809091e-05
13270,1.0923064e-05
13395,1.1462896e-05
13410,1.1808337e-05
13423,1.1005918e-05
13473,1.1178228e-05
13548,1.1481808e-05
13575,1.1999503e-05
13629,1.1464266e-05
13662,1.0998977e-05
13679,1.09158345e-05
13697,1.1042425e-05
13765,1.1149853e-05
13818,1.125543e-05
13838,1.194256e-05
13947,1.0933048e-05
13999,1.031289e-05
14209,1.1783115e-05
14302,1.1169398e-05
14349,1.1700365e-05
14444,1.1902187e-05
14522,1.1337636e-05
14531,1.0971204e-05
14550,1.0806244e-05
14556,1.0883922e-05
14671,1.42748e-05
14950,1.7567432e-05
14954,1.145042e-05
15071,1.1026885e-05
15224,1.2150317e-05
15235,1.8833089e-05
15239,2.0912716e-05
15275,1.3081111e-05
15301,1.1119327e-05
15352,1.1856977e-05
15359,1.1390882e-05
15457,1.1795136e-05
15469,1.1028395e-05
15515,1.38887035e-05
15554,1.0742513e-05
15559,1.1408326e-05
15602,1.0681896e-05
15614,1.0811766e-05
15699,1.2455911e-05
15703,1.1556213e-05
15739,1.15191215e-05
15901,1.1544838e-05
16033,1.1391349e-05
16339,1.1594769e-05
16405,1.1983185e-05
16455,1.1235064e-05
16551,1.1829145e-05
16564,1.2254575e-05
16568,1.43824145e-05
16631,1.1391933e-05
16684,1.0368073e-05
16726,1.1615581e-05
16743,1.1510499e-05
16750,1.1382746e-05
16875,1.2015162e-05
16950,1.1357907e-05
17717,1.395712e-05
17831,1.080514e-05
17913,1.159138e-05
17940,1.0944789e-05
17985,1.1363692e-05
18094,1.1869941e-05
18103,1.1374659e-05
18127,1.14539225e-05
18288,1.1673053e-05
18375,1.128721e-05
18376,1.1164867e-05
18386,1.1041731e-05
18453,1.1784998e-05
18469,1.199187e-05
18574,1.1319569e-05
18636,1.1406431e-05
18673,1.1078012e-05
18841,1.0566291e-05
18903,1.0659799e-05
18920,1.123084e-05
18995,1.1390939e-05
19039,1.1218917e-05
19055,1.0853131e-05
19070,1.0375694e-05
19107,1.1091425e-05
19110,1.1457462e-05
19179,1.0741455e-05
19190,1.12419575e-05
19219,1.1294004e-05
19221,1.1157256e-05
19240,1.1727398e-05
19249,1.1022608e-05
19265,1.4071923e-05
19273,1.0741542e-05
19332,1.0939574e-05
19399,1.14497e-05
19409,1.2400317e-05
19411,1.4947462e-05
19441,1.1026506e-05
19572,1.1654077e-05
19745,1.1106298e-05
19767,1.1832804e-05
19930,1.1937375e-05
20085,1.1105756e-05
20088,1.175495e-05
20138,1.1478945e-05
20226,1.1330948e-05
20271,1.152773e-05
20280,1.1225953e-05
20310,1.1477069e-05
20319,1.1789631e-05
20324,1.3189917e-05
20336,1.126938e-05
20423,1.2227193e-05
20497,1.1573238e-05
20905,1.142184e-05
21542,1.1189776e-05
21848,1.1659637e-05
21853,1.19392125e-05
23543,1.1243979e-05
23583,1.4581771e-05
23683,1.2317947e-05
23799,1.1188284e-05
23801,1.4245397e-05
23855,1.1755656e-05
23909,1.1732946e-05
23910,1.3122601e-05
23974,1.1650528e-05
24139,1.2305337e-05
24199,1.138915e-05
24403,1.2741115e-05
24685,1.0833762e-05
24695,1.2445662e-05
24708,1.1155964e-05
24767,1.1192257e-05
24952,1.0448349e-05
25002,1.1641818e-05
25322,1.2006106e-05
25345,1.1780463e-05
25428,1.1693596e-05
25430,1.1566866e-05
25436,1.2037518e-05
25454,1.2425635e-05
25468,1.1085296e-05
25492,1.2624903e-05
25506,1.0758592e-05
25522,1.0972086e-05
25561,1.1989825e-05
25566,1.1682395e-05
25772,1.0624431e-05
25778,1.0788944e-05
25788,1.129758e-05
25795,1.0466114e-05
25937,1.0629146e-05
243,1.1027927e-05
638,1.1320159e-05
741,1.1062095e-05
976,1.0728165e-05
1096,1.01244295e-05
1140,1.0822003e-05
1443,1.1663746e-05
1469,1.1138403e-05
1564,1.1181535e-05
1897,1.1402619e-05
2060,1.2460757e-05
2082,1.1187914e-05
2090,1.1922341e-05
2403,1.1861868e-05
2606,1.3462029e-05
2613,1.0898308e-05
2904,1.0619512e-05
3116,1.2318029e-05
3247,1.1049844e-05
3540,1.1228431e-05
3967,1.1429023e-05
4134,1.1460162e-05
4228,1.1655508e-05
4304,1.0966006e-05
4390,1.4058809e-05
4414,1.19842025e-05
4872,1.1688076e-05
4901,1.0960029e-05
5206,1.3399967e-05
5236,1.3647109e-05
5251,1.173506e-05
5303,1.0893563e-05
5386,1.1459484e-05
5417,1.12138605e-05
5501,1.2764953e-05
5646,1.0468832e-05
5833,1.0576004e-05
5842,1.3585704e-05
6358,1.0220647e-05
6468,1.1306611e-05
6548,1.1678098e-05
6559,1.3986507e-05
6590,1.1807869e-05
6843,1.17528e-05
6844,1.0590576e-05
6846,1.0671564e-05
6882,1.0865808e-05
6918,1.0678778e-05
6948,1.2121821e-05
7049,1.1330206e-05
7412,1.1705477e-05
7426,1.1237081e-05
7441,1.2270554e-05
7477,1.1244496e-05
7523,1.0654815e-05
7536,1.09931225e-05
7607,1.1020684e-05
7763,1.575165e-05
7837,1.0835588e-05
7848,1.0633625e-05
7870,1.13387905e-05
7969,1.1957792e-05
8169,1.2837751e-05
8281,1.0409094e-05
8616,1.0336849e-05
8803,1.0938343e-05
8900,1.22190795e-05
8905,1.0798481e-05
8920,1.2317816e-05
8946,1.0636948e-05
8972,1.5313726e-05
9062,1.1045932e-05
9145,1.533767e-05
9278,1.0651625e-05
9381,1.1201996e-05
9387,1.07652995e-05
9391,1.1816935e-05
9458,1.0423117e-05
9499,1.2075819e-05
9512,1.1639128e-05
9524,1.0995368e-05
9527,1.8766636e-05
9615,1.0630085e-05
9864,1.0642678e-05
10058,1.3400161e-05
10070,1.1437628e-05
10392,1.1422036e-05
10413,1.1328747e-05
10534,1.1290878e-05
10557,1.0772535e-05
10653,1.0414535e-05
10942,1.0953979e-05
10982,1.1603332e-05
11154,1.0765889e-05
11170,1.1365597e-05
11202,1.1293978e-05
11235,1.1128201e-05
11270,1.181621e-05
11436,1.0538053e-05
11504,1.16455785e-05
11511,1.1090416e-05
11602,1.1569226e-05
11812,1.15199355e-05
11927,1.1355915e-05
11958,1.410291e-05
11986,1.1462445e-05
11990,1.26655705e-05
11997,1.2106649e-05
12065,1.043785e-05
12075,1.2599474e-05
12279,1.7901983e-05
12302,1.126435e-05
12383,1.146905e-05
12384,1.1019823e-05
12418,1.0669643e-05
12449,1.0994438e-05
12579,1.1466846e-05
12639,1.0859585e-05
12673,1.417468e-05
12691,1.0985216e-05
12701,1.0750065e-05
12875,1.278548e-05
12882,1.1209086e-05
12883,1.1749831e-05
12932,1.3011181e-05
12948,1.0515397e-05
12963,1.0314487e-05
13061,1.1390321e-05
13200,1.251582e-05
13220,1.5284104e-05
13229,1.1375527e-05
13416,1.1331476e-05
13417,1.0763636e-05
13425,1.0564663e-05
13541,1.2629648e-05
13559,1.0737671e-05
13604,1.095484e-05
13607,1.0882872e-05
13614,1.1301946e-05
13644,1.1211918e-05
13650,1.1933312e-05
13663,1.0899915e-05
13817,1.1459483e-05
13829,1.1975297e-05
13850,1.180061e-05
13977,1.0335833e-05
14056,1.2657104e-05
14057,1.1052112e-05
14210,1.0962693e-05
14269,1.1730698e-05
14508,1.1035484e-05
14577,1.0127271e-05
14921,9.979487e-06
15090,1.1209959e-05
15272,1.31701945e-05
15404,1.127925e-05
15451,1.1280267e-05
15517,1.1195304e-05
15560,1.1142286e-05
15568,1.1851416e-05
15599,1.1255297e-05
15654,2.5185194e-05
15675,1.0764069e-05
15859,1.8908206e-05
15870,1.1023521e-05
16095,1.1123878e-05
16298,1.1604782e-05
16434,1.26078885e-05
16450,1.1982668e-05
16461,1.1186038e-05
16507,1.1222481e-05
16532,1.0604034e-05
16566,1.0708048e-05
16592,1.1930941e-05
16618,1.1137782e-05
16667,1.1358049e-05
16703,1.1892138e-05
16747,1.0881017e-05
16748,1.1134904e-05
16759,1.069009e-05
16772,1.0477392e-05
16876,1.1363524e-05
16878,1.0568445e-05
16899,1.129512e-05
16934,1.0909055e-05
17052,1.0752905e-05
17145,1.2969844e-05
17164,1.1376609e-05
17173,1.2565176e-05
17930,1.14573795e-05
17994,1.1571117e-05
18087,1.1323767e-05
18151,1.1524645e-05
18197,1.0591515e-05
18201,1.06729285e-05
18275,1.1673309e-05
18301,1.0498421e-05
18533,1.2383588e-05
18540,1.2210802e-05
18589,1.1816645e-05
18648,1.1050552e-05
19037,1.1066943e-05
19090,1.0254782e-05
19124,1.0873417e-05
19143,1.0335499e-05
19199,1.0905521e-05
19201,1.00453835e-05
19215,1.42610725e-05
19222,1.0281505e-05
19232,1.02376125e-05
19234,1.4106468e-05
19242,1.0363933e-05
19247,1.8692619e-05
19264,1.2696332e-05
19290,1.04102555e-05
19313,1.0720649e-05
19349,1.0439201e-05
19357,1.1558091e-05
19565,1.0606465e-05
19628,1.09927605e-05
19828,1.2756897e-05
19887,1.240737e-05
20112,1.1360316e-05
20121,1.0951616e-05
20198,1.1038376e-05
20214,1.1057054e-05
20277,1.1536199e-05
20302,1.1973652e-05
20313,1.1936198e-05
20325,1.0735156e-05
20387,1.0991124e-05
20411,1.0550463e-05
20444,1.0745408e-05
20496,1.1101162e-05
20501,1.0925238e-05
20783,1.3648001e-05
20932,1.1010319e-05
20952,1.1283912e-05
20969,1.0487881e-05
21064,1.3529548e-05
21141,1.1642513e-05
21899,1.1292016e-05
22747,1.04631745e-05
22868,1.071047e-05
23030,1.082575e-05
23756,1.1577458e-05
23811,1.1664025e-05
23956,1.1384139e-05
24121,1.14547565e-05
24397,1.1298007e-05
24493,1.0316046e-05
24501,1.0893864e-05
24525,1.0383405e-05
24567,1.0305951e-05
24606,1.1256605e-05
24646,1.084026e-05
24784,1.1503824e-05
25381,1.2540398e-05
25497,1.0783474e-05
25540,1.0444559e-05
25770,1.0453779e-05
25771,1.0413028e-05
27139,9.840139e-06
25,1.0220895e-05
149,2.212959e-05
881,1.2447174e-05
929,1.1813767e-05
969,1.1391591e-05
1102,1.0696318e-05
1386,1.0704844e-05
1508,1.0895867e-05
1581,1.052195e-05
2000,1.1130013e-05
2241,1.0818628e-05
2505,1.1052176e-05
2645,1.043014e-05
3216,1.0741127e-05
3218,1.0921944e-05
3847,1.0207366e-05
4331,1.1243499e-05
4477,1.0134871e-05
4514,1.0775976e-05
4552,1.1807308e-05
4614,1.2765797e-05
4620,1.0529685e-05
4854,1.1039196e-05
5311,1.3196088e-05
5376,1.3089769e-05
5395,1.2281402e-05
5498,1.3430179e-05
5537,1.1444614e-05
5754,1.07263895e-05
5761,1.1456278e-05
6081,1.1103208e-05
6108,1.1906541e-05
6136,1.070943e-05
6138,1.06500565e-05
6331,1.0847742e-05
6435,1.1566066e-05
6467,1.0534018e-05
6776,1.0617569e-05
6854,1.025905e-05
6916,1.1754967e-05
6925,1.3877207e-05
6957,1.6318518e-05
7098,1.0707748e-05
7122,1.0692886e-05
7180,1.0445559e-05
7213,1.0866794e-05
7255,1.0859944e-05
7424,1.1521134e-05
7438,1.3282774e-05
7494,1.1316365e-05
7543,1.4368115e-05
7571,1.0573485e-05
7582,1.0274829e-05
7762,1.0765839e-05
7874,1.1397042e-05
7902,1.0336385e-05
7918,1.0742903e-05
7926,1.1086503e-05
8025,1.5276442e-05
8038,1.22306255e-05
8197,1.19403385e-05
8389,1.0793149e-05
8831,1.2477737e-05
8856,9.851785e-06
8885,1.2514608e-05
9120,1.2034654e-05
9170,1.2036534e-05
9276,1.0988262e-05
9304,1.09619405e-05
9348,1.0654264e-05
9399,1.0315976e-05
9413,9.992107e-06
9428,1.0636595e-05
9535,1.0772522e-05
9542,1.1363271e-05
9749,1.0427237e-05
9760,1.0788271e-05
9790,1.0733384e-05
9793,1.0429764e-05
9831,1.7750112e-05
9933,1.098942e-05
9958,1.01181e-05
10245,1.0344711e-05
10362,1.11640475e-05
10597,1.0244841e-05
10608,1.0292975e-05
10696,1.0153253e-05
10720,9.737235e-06
10765,9.731048e-06
10779,1.0419598e-05
10897,1.2024128e-05
11065,1.0982183e-05
11303,1.0763019e-05
11328,1.0327799e-05
11409,1.09133025e-05
11434,1.0547924e-05
11506,1.1906648e-05
11525,1.0637318e-05
11551,9.848993e-06
11571,1.178344e-05
11734,1.0953508e-05
11817,1.2410959e-05
11827,1.3121378e-05
11900,1.0545228e-05
11925,1.0519278e-05
11931,1.0022909e-05
11991,1.0376539e-05
12023,9.836143e-06
12054,1.034077e-05
12071,1.5895052e-05
12163,1.0139351e-05
12332,1.0816349e-05
12350,1.0507983e-05
12409,1.0323433e-05
12459,1.058279e-05
12473,9.932189e-06
12477,1.1979934e-05
12502,1.222673e-05
12662,1.2571305e-05
12670,9.963061e-06
12737,1.0196916e-05
12743,1.0664205e-05
12775,1.1561437e-05
12924,1.0982679e-05
12952,1.0514324e-05
12956,1.0897979e-05
12962,9.843239e-06
13048,1.2869522e-05
13163,1.1980566e-05
13221,1.047842e-05
13232,1.0917248e-05
13387,1.1467356e-05
13453,1.0726995e-05
13461,1.0876062e-05
13486,1.497992e-05
13489,1.1003416e-05
13638,1.1430204e-05
13640,1.029021e-05
13717,1.0155573e-05
13767,1.07897395e-05
13802,1.2096406e-05
13869,1.0205047e-05
13876,1.0739719e-05
13949,1.0004999e-05
13954,1.0289332e-05
13975,1.0251313e-05
13988,1.0223825e-05
14076,1.0780697e-05
14167,1.033888e-05
14189,1.0864854e-05
14217,1.1897378e-05
14282,1.2307834e-05
14394,1.19189e-05
14418,1.26172845e-05
14437,1.0900304e-05
14439,1.029642e-05
14489,1.0068665e-05
14516,1.2113827e-05
14576,9.716259e-06
14679,1.1106419e-05
14724,1.0570308e-05
14725,1.577974e-05
14829,1.0201081e-05
14830,1.0813869e-05
14949,1.2743222e-05
14995,1.2706032e-05
15149,1.622728e-05
15254,1.3575623e-05
15268,1.093399e-05
15279,1.1880162e-05
15305,1.1609192e-05
15320,1.1040097e-05
15401,1.1518266e-05
15444,1.095665e-05
15463,1.1719084e-05
15490,1.1492642e-05
15544,9.94282e-06
15577,1.1351916e-05
15585,1.1815348e-05
15707,1.1145422e-05
15718,1.2026215e-05
15846,1.0599986e-05
15972,1.0926133e-05
16114,1.1484595e-05
16387,1.0461134e-05
16411,1.0679878e-05
16457,1.0902271e-05
16464,1.0220328e-05
16466,1.0539944e-05
16467,1.0551347e-05
16586,1.0688238e-05
16604,1.0612965e-05
16647,1.1741637e-05
16707,1.06013795e-05
16758,1.1271621e-05
16783,1.18662265e-05
16844,1.1057416e-05
17051,9.919147e-06
17057,1.1615403e-05
17063,1.0803911e-05
17083,1.1874021e-05
17115,1.1164295e-05
17174,1.1120044e-05
17187,1.812531e-05
17218,1.17620575e-05
17749,1.1543393e-05
17774,1.065001e-05
17850,1.0028362e-05
17857,1.0710145e-05
17889,1.1523529e-05
17918,1.03386e-05
18020,1.0680776e-05
18072,1.0549024e-05
18224,1.0382812e-05
18256,1.1267368e-05
18411,1.0561446e-05
18528,1.0280423e-05
18555,1.13432125e-05
18591,1.0604715e-05
18594,1.1085056e-05
18596,1.0257819e-05
18686,1.1451174e-05
18756,1.0569145e-05
18864,1.0358306e-05
18926,1.0633935e-05
18988,1.0520367e-05
18998,9.723213e-06
19041,1.0769443e-05
19054,1.0996583e-05
19180,1.3240248e-05
19188,1.04257515e-05
19241,1.5725891e-05
19279,1.0212663e-05
19292,9.889502e-06
19293,1.3473666e-05
19295,1.0333346e-05
19303,1.0749754e-05
19372,1.0507969e-05
19443,1.0970715e-05
19547,9.916859e-06
19802,1.0426421e-05
19926,1.118462e-05
19954,1.2341378e-05
19961,1.5686654e-05
19984,1.4360617e-05
19998,1.0637169e-05
20047,1.0451277e-05
20102,1.0672073e-05
20129,1.1081195e-05
20152,1.0450547e-05
20177,1.1075719e-05
20195,1.0270258e-05
20268,1.0298116e-05
20307,1.05930885e-05
20309,1.1360396e-05
20322,1.0610968e-05
20419,1.1394071e-05
20438,1.1305411e-05
20461,1.5632115e-05
20494,1.0257444e-05
20724,1.0345182e-05
21028,9.843003e-06
21045,1.0394889e-05
21221,1.1000087e-05
21519,1.1404973e-05
21544,1.0851698e-05
21578,1.0207648e-05
21603,1.034484e-05
21771,1.33664425e-05
22092,1.0323006e-05
22659,9.982692e-06
22674,1.4146443e-05
22675,1.4146443e-05
22712,1.00852085e-05
22761,1.0182427e-05
22835,1.0387006e-05
22999,9.991549e-06
23699,1.0635871e-05
23722,1.0855337e-05
23777,1.0832379e-05
23829,1.0770665e-05
23860,1.1353188e-05
23912,1.098588e-05
23915,1.1746881e-05
23938,1.0905314e-05
23959,1.1493145e-05
23972,1.1892253e-05
23994,1.0779994e-05
24029,2.150337e-05
24047,1.0616862e-05
24054,1.1011901e-05
24110,1.0689915e-05
24166,1.1324193e-05
24305,1.0308626e-05
24540,9.975058e-06
24591,1.0537489e-05
24706,1.0240084e-05
24754,1.09680905e-05
24786,1.1660685e-05
24798,1.0362016e-05
24873,1.0781954e-05
25343,1.0751141e-05
25378,1.0145127e-05
25423,1.0803913e-05
25458,1.13802735e-05
25473,1.08716085e-05
25478,1.0718873e-05
25503,1.3946977e-05
25507,1.0443384e-05
25510,1.1090087e-05
25511,1.1334394e-05
25621,1.0674407e-05
25626,1.0284319e-05
25725,1.1134217e-05
25846,1.02500535e-05
27029,1.0480503e-05
27180,1.0709748e-05
27195,1.6396862e-05
103,9.81071e-06
230,1.0439542e-05
324,1.1902228e-05
472,1.0292476e-05
698,1.07821215e-05
804,1.0821434e-05
820,1.0471008e-05
906,9.558522e-06
1013,1.0115406e-05
1337,9.84223e-06
1478,1.0711835e-05
1778,1.0638791e-05
1931,1.0379613e-05
2033,1.0340609e-05
2073,1.0298441e-05
2139,9.787854e-06
2150,9.900607e-06
2176,1.2700817e-05
2308,1.0449317e-05
2359,1.1185179e-05
2388,1.0408101e-05
2464,9.886405e-06
3062,1.2218361e-05
3163,9.990672e-06
3538,1.0104604e-05
3619,1.0329563e-05
3789,1.0638839e-05
3790,9.53233e-06
4011,1.0414581e-05
4016,1.0206046e-05
4032,1.0295447e-05
4148,1.115525e-05
4181,1.0899187e-05
4504,1.1788798e-05
4576,1.2181964e-05
4643,1.0329549e-05
4698,1.016094e-05
4783,1.0620966e-05
4786,1.10712945e-05
4843,1.2920892e-05
5046,1.4670965e-05
5056,1.1039649e-05
5066,1.0803807e-05
5109,1.1858259e-05
5119,9.647505e-06
5353,1.0420983e-05
5425,9.593433e-06
5614,1.1121604e-05
5747,9.505427e-06
5757,1.06881025e-05
5854,1.0694885e-05
5939,9.914887e-06
6105,1.6997396e-05
6122,1.0323831e-05
6175,1.19475735e-05
6394,1.0621201e-05
6521,1.2074542e-05
6674,1.0730013e-05
6785,1.070709e-05
6825,1.0328594e-05
6845,1.0240039e-05
6880,1.0574258e-05
6996,1.0805423e-05
7133,1.1719961e-05
7199,9.710449e-06
7209,1.0917818e-05
7317,1.0561352e-05
7321,1.1193232e-05
7354,1.1877377e-05
7362,1.1670532e-05
7373,9.997148e-06
7458,1.1701335e-05
7506,1.1192232e-05
7521,1.0419226e-05
7603,1.5491438e-05
7895,1.0969249e-05
7901,9.750708e-06
7922,1.1815056e-05
7992,1.0407455e-05
7998,1.0915737e-05
8139,9.845395e-06
8165,1.1611175e-05
8869,1.035592e-05
8976,1.0628665e-05
9047,1.0096517e-05
9148,1.5402977e-05
9149,1.71668e-05
9263,1.0224563e-05
9295,9.584469e-06
9353,1.023629e-05
9377,9.777822e-06
9444,1.0978006e-05
9530,1.0120235e-05
9640,1.1834408e-05
9806,1.0257346e-05
9822,9.71725e-06
9854,1.0287813e-05
9866,1.2651399e-05
9882,1.3410617e-05
10086,1.0313183e-05
10384,1.0173866e-05
10412,9.678243e-06
10439,1.1017772e-05
10633,1.1430064e-05
10687,1.0205642e-05
10791,9.452437e-06
10825,1.1297433e-05
10890,1.3647371e-05
10918,9.800716e-06
10941,1.0199039e-05
11171,1.0869276e-05
11182,1.03911325e-05
11241,9.75789e-06
11255,1.0012785e-05
11288,1.009021e-05
11333,2.3283914e-05
11408,1.0979005e-05
11428,1.0113792e-05
11478,2.0178664e-05
11532,1.01665955e-05
11536,9.910297e-06
11621,1.0195426e-05
11671,1.0954207e-05
11680,1.0116568e-05
11698,1.0049979e-05
11732,1.1428129e-05
11876,1.0969603e-05
12001,1.0988397e-05
12084,1.0274891e-05
12112,1.0229349e-05
12147,9.921018e-06
12391,1.1547382e-05
12657,9.609692e-06
12688,9.4985635e-06
12746,1.0021828e-05
12825,9.727436e-06
12969,1.0012779e-05
12998,1.0272686e-05
13001,1.0092442e-05
13035,9.625155e-06
13073,9.851608e-06
13091,1.0797074e-05
13095,1.0099084e-05
13439,9.778102e-06
13456,1.01507885e-05
13488,1.0359029e-05
13505,1.2773223e-05
13540,1.0299992e-05
13661,1.0173363e-05
13693,1.0596221e-05
13754,1.0414151e-05
13804,9.637138e-06
13840,1.0571602e-05
14051,1.0142522e-05
14063,9.992307e-06
14106,1.0620379e-05
14157,9.670554e-06
14201,1.02533495e-05
14212,1.0325013e-05
14223,1.5389338e-05
14295,1.0922815e-05
14395,1.0844477e-05
14448,1.0643602e-05
14474,9.860373e-06
14529,9.916466e-06
14553,1.0005381e-05
14697,1.1690988e-05
14807,1.1478279e-05
14815,1.0094502e-05
14895,1.0447947e-05
14924,1.1047171e-05
15044,1.1446244e-05
15105,1.0063315e-05
15205,1.1487081e-05
15228,9.919375e-06
15338,9.572296e-06
15364,1.0771007e-05
15410,1.0101506e-05
15427,9.822565e-06
15474,9.877252e-06
15532,1.0200923e-05
15533,1.2505583e-05
15548,1.0696474e-05
15582,9.80107e-06
15593,1.0502314e-05
15732,1.0027396e-05
15831,1.0188037e-05
15871,1.018362e-05
15875,9.726348e-06
15954,9.758544e-06
15996,1.0077736e-05
16032,1.0721777e-05
16034,1.0168202e-05
16039,9.6545045e-06
16404,1.1158157e-05
16488,1.0957652e-05
16720,1.0882175e-05
16757,1.1601245e-05
16773,1.0582766e-05
16774,1.0808766e-05
17067,9.839905e-06
17148,1.04510145e-05
17182,1.04912815e-05
17799,1.0143547e-05
17822,9.938777e-06
18099,1.22297315e-05
18106,1.0252048e-05
18117,1.0242401e-05
18175,1.0731131e-05
18195,9.951736e-06
18226,9.670998e-06
18274,9.976853e-06
18291,9.737984e-06
18303,1.0895346e-05
18355,9.7009015e-06
18358,9.881406e-06
18363,1.0185222e-05
18371,1.0535556e-05
18384,1.0733624e-05
18404,1.0159882e-05
18522,1.0228595e-05
18537,1.0438626e-05
18569,1.0216411e-05
18639,1.0238271e-05
18695,9.613339e-06
18701,9.588941e-06
18724,1.0851883e-05
18767,1.3851546e-05
18806,1.23986e-05
18813,1.021789e-05
18947,9.552162e-06
19023,9.869319e-06
19052,9.741867e-06
19074,1.0338883e-05
19108,9.470605e-06
19226,1.9198907e-05
19229,9.970352e-06
19237,9.953334e-06
19262,1.0296094e-05
19311,9.693608e-06
19343,1.0315852e-05
19348,9.900656e-06
19358,1.2359377e-05
19360,9.648331e-06
19362,1.04686205e-05
19401,1.0729292e-05
19453,9.730178e-06
19637,9.500233e-06
19766,9.916017e-06
19811,1.2220341e-05
19876,9.687013e-06
19891,1.0323218e-05
19943,1.0646401e-05
19977,1.1655727e-05
20014,9.855272e-06
20030,1.0019505e-05
20048,1.0309743e-05
20073,9.989797e-06
20074,1.014939e-05
20076,9.835605e-06
20120,1.0550038e-05
20140,1.354389e-05
20153,1.0218562e-05
20190,1.0646984e-05
20203,1.0092447e-05
20255,1.04157025e-05
20258,1.00574e-05
20301,1.065975e-05
20355,9.74359e-06
20368,9.828346e-06
20394,1.11908585e-05
20396,1.1249649e-05
20400,9.65688e-06
20440,9.63005e-06
20451,1.0185669e-05
20512,1.0026998e-05
20521,1.0094735e-05
20640,9.361726e-06
20939,1.0173932e-05
21021,1.1078304e-05
21083,9.669403e-06
21130,1.0141775e-05
21182,1.0531715e-05
21223,1.01448795e-05
21522,1.01426185e-05
21555,9.9429735e-06
21670,1.2178653e-05
21718,1.02657505e-05
21800,1.0131875e-05
21803,1.05597455e-05
21849,1.1307174e-05
21898,9.5944715e-06
21984,1.02971935e-05
22070,9.744313e-06
22664,1.0432408e-05
22689,9.8819e-06
22743,1.0208322e-05
22744,1.0260805e-05
22764,9.82702e-06
22836,1.2069476e-05
23048,9.916875e-06
23060,9.740306e-06
23750,1.1351119e-05
23759,1.0814327e-05
23865,1.0191329e-05
23908,1.0272389e-05
23923,1.0700378e-05
23927,1.1564145e-05
23968,1.0349813e-05
24197,1.0024674e-05
24300,1.0064417e-05
24427,9.333579e-06
24456,1.1050239e-05
24458,1.1204306e-05
24701,1.0452722e-05
24735,1.0111685e-05
24750,1.0176339e-05
24775,1.19594415e-05
24918,1.05634845e-05
25006,1.0666687e-05
25088,9.4474035e-06
25358,1.1137247e-05
25456,9.769065e-06
25461,1.5021321e-05
25465,1.0252239e-05
25504,1.02797985e-05
25589,1.2140983e-05
25718,9.598996e-06
25857,9.499192e-06
25973,1.0121642e-05
26652,9.273576e-06
27175,1.1699633e-05
37,1.01744245e-05
493,1.0302007e-05
709,9.478469e-06
776,1.041157e-05
1040,1.0707591e-05
1200,1.5494797e-05
1476,1.05567005e-05
1999,1.2650861e-05
2006,9.653303e-06
2063,1.0773013e-05
2084,1.4189248e-05
2194,9.723058e-06
2375,9.854195e-06
2406,1.849191e-05
2414,9.740882e-06
2452,1.2802732e-05
2548,9.540332e-06
3178,9.664037e-06
3513,1.0342616e-05
3614,1.12401785e-05
3916,9.25924e-06
4128,9.877774e-06
4151,1.0108666e-05
4174,1.0892729e-05
4251,1.5605998e-05
4330,1.03303755e-05
4354,1.05072795e-05
4404,9.784833e-06
4482,1.2090359e-05
4557,9.485623e-06
4597,1.14814975e-05
4852,1.0185396e-05
4886,1.0795293e-05
5118,9.2779355e-06
5170,9.723133e-06
5674,1.1549106e-05
5840,9.936698e-06
5967,1.0107076e-05
6073,1.0146012e-05
6095,9.944727e-06
6167,9.795735e-06
6207,1.2069237e-05
6261,1.2680041e-05
6267,1.0673426e-05
6326,9.813857e-06
6376,1.116284e-05
6490,1.9418201e-05
6551,1.0292288e-05
6660,1.084115e-05
6938,1.0931073e-05
7141,9.623786e-06
7201,9.714665e-06
7217,1.0005253e-05
7410,9.646306e-06
7433,9.985156e-06
7453,9.999767e-06
7563,1.767009e-05
7590,9.546115e-06
7806,9.504365e-06
7808,1.0259003e-05
7839,1.0421269e-05
7886,1.0116339e-05
7906,1.0409426e-05
7967,9.092858e-06
8066,1.2815732e-05
8132,1.0058935e-05
8740,9.377832e-06
8800,9.669455e-06
8839,9.745993e-06
8859,9.257711e-06
8965,9.938074e-06
8969,9.796713e-06
9150,1.6855633e-05
9165,1.7916123e-05
9184,1.8990595e-05
9299,1.0387082e-05
9323,1.0015873e-05
9350,9.624837e-06
9502,1.036285e-05
9541,9.793364e-06
9838,1.2024862e-05
9904,9.505203e-06
9924,9.388118e-06
9962,9.66825e-06
10075,1.1238208e-05
10085,1.1847351e-05
10407,1.1245201e-05
10489,1.1364255e-05
10499,9.815807e-06
10661,9.336244e-06
10684,9.354941e-06
10694,9.63204e-06
10732,9.465033e-06
10742,9.486434e-06
10753,1.5473657e-05
10783,9.227351e-06
10840,9.342864e-06
10914,1.0750219e-05
10987,9.877386e-06
10991,9.458243e-06
11016,9.972342e-06
11150,9.262836e-06
11164,9.562134e-06
11218,9.698392e-06
11284,9.620138e-06
11306,9.942556e-06
11357,1.0154475e-05
11365,9.862035e-06
11366,9.83313e-06
11430,1.2049848e-05
11454,9.575214e-06
11505,9.075373e-06
11651,9.673821e-06
11683,9.916049e-06
11816,1.0577899e-05
11913,9.931424e-06
11916,9.563178e-06
11940,9.675407e-06
12050,9.689388e-06
12151,1.0420362e-05
12218,9.703824e-06
12309,1.13525275e-05
12325,1.1308736e-05
12334,9.6154945e-06
12343,9.31913e-06
12358,1.0731376e-05
12369,9.849311e-06
12486,9.712516e-06
12538,1.042626e-05
12627,9.410986e-06
12684,9.491102e-06
12876,1.05855715e-05
12887,9.49523e-06
12899,9.2998725e-06
12905,9.3762565e-06
12918,9.88354e-06
12981,1.0716752e-05
13013,9.345552e-06
13032,9.497462e-06
13265,1.1775898e-05
13407,9.618608e-06
13475,9.899507e-06
13526,1.0136068e-05
13536,1.021641e-05
13619,9.2054925e-06
13621,1.1778522e-05
13632,1.1462845e-05
13645,9.88329e-06
13659,1.1287967e-05
13711,1.0124045e-05
13719,1.109922e-05
13775,1.1192287e-05
13822,1.0137826e-05
13848,1.0069724e-05
13972,9.725892e-06
14008,1.0921505e-05
14102,8.982323e-06
14149,9.780133e-06
14255,1.0582497e-05
14273,1.0601706e-05
14402,1.0172102e-05
14414,9.550109e-06
14452,1.0487967e-05
14487,9.316512e-06
14490,1.037237e-05
14549,9.788581e-06
14565,9.775047e-06
14575,1.0987904e-05
14578,9.079384e-06
14806,9.394466e-06
14953,9.976351e-06
15033,1.0106805e-05
15085,1.4973993e-05
15113,1.2363756e-05
15231,9.973762e-06
15246,1.0342573e-05
15337,9.283473e-06
15340,1.0661193e-05
15387,1.097472e-05
15422,9.341807e-06
15438,9.854378e-06
15476,9.973118e-06
15485,1.38398145e-05
15486,1.3018852e-05
15541,9.591771e-06
15572,9.497197e-06
15619,1.2690071e-05
15690,1.0856797e-05
15721,9.131785e-06
15850,9.713492e-06
16038,1.0090596e-05
16106,1.0180106e-05
16112,9.273866e-06
16267,1.4223073e-05
16316,1.05738545e-05
16561,9.915081e-06
16573,9.912418e-06
16591,9.965201e-06
16596,9.554543e-06
16642,9.671949e-06
16881,1.0124748e-05
16895,1.0158856e-05
16901,1.0666349e-05
16960,1.0703121e-05
16991,1.0235938e-05
16999,1.1205366e-05
17000,1.0229045e-05
17008,1.0484097e-05
17259,9.611506e-06
17368,1.08159575e-05
17731,1.4744428e-05
17746,9.457346e-06
17816,9.539628e-06
17956,9.893393e-06
18158,9.358596e-06
18180,9.564064e-06
18211,1.0465535e-05
18273,9.897818e-06
18287,9.543397e-06
18290,9.920325e-06
18298,1.0071177e-05
18383,9.547613e-06
18441,9.518203e-06
18472,9.418862e-06
18562,9.383194e-06
18572,1.4261759e-05
18612,9.62621e-06
18629,1.0827823e-05
18637,9.43711e-06
18647,9.873325e-06
18683,9.752872e-06
18696,1.2373783e-05
18715,9.305084e-06
18722,9.657079e-06
18739,1.0020305e-05
18828,9.519979e-06
19010,1.0329903e-05
19133,9.995242e-06
19140,8.969132e-06
19238,9.222681e-06
19263,9.552752e-06
19284,1.0331133e-05
19320,9.336122e-06
19335,1.2301266e-05
19352,9.626307e-06
19359,9.521843e-06
19371,8.953077e-06
19422,9.638621e-06
19437,9.580246e-06
19451,1.0049619e-05
19528,8.867555e-06
19534,9.04339e-06
19776,9.393326e-06
19814,1.0284518e-05
19819,1.01282185e-05
19823,1.0036488e-05
19826,9.527856e-06
19989,1.0310629e-05
19991,1.0521442e-05
19995,1.27880285e-05
20010,1.0422387e-05
20059,1.0060994e-05
20060,9.016407e-06
20072,1.0646165e-05
20116,9.873108e-06
20122,9.911924e-06
20125,9.859625e-06
20132,1.0578813e-05
20259,9.380296e-06
20289,9.926328e-06
20379,9.325571e-06
20381,1.109827e-05
20390,1.0243721e-05
20436,1.2261482e-05
20443,1.0507891e-05
20470,1.0265018e-05
20495,9.577393e-06
20505,1.19111355e-05
20508,9.514824e-06
20699,1.095601e-05
20749,1.0371494e-05
20962,1.1007793e-05
20967,9.2762375e-06
21020,9.774058e-06
21082,9.039871e-06
21108,9.660389e-06
21129,9.813411e-06
21190,9.939273e-06
21192,9.903515e-06
21561,9.254113e-06
21572,1.02278955e-05
21722,8.977639e-06
21775,9.555569e-06
21938,1.0076806e-05
21966,9.619325e-06
21987,9.613898e-06
22800,9.491543e-06
22834,9.884396e-06
23022,9.773666e-06
23079,9.3211875e-06
23080,9.822932e-06
23084,1.0933059e-05
23121,9.75321e-06
23693,9.856731e-06
23748,9.622339e-06
23789,1.0405668e-05
23843,1.0147603e-05
23940,9.686365e-06
24027,1.0429138e-05
24141,1.1685806e-05
24180,9.150018e-06
24185,9.910625e-06
24396,1.0819679e-05
24473,9.576168e-06
24604,9.26133e-06
24629,1.0059063e-05
24677,9.878063e-06
24725,9.940142e-06
24738,1.0113041e-05
24764,9.166414e-06
24919,1.0056437e-05
25479,9.910179e-06
25505,9.284407e-06
25527,9.638733e-06
25550,1.6857131e-05
25576,9.453555e-06
25674,9.321186e-06
25702,9.719632e-06
25708,9.763543e-06
25779,9.899612e-06
25797,1.2167565e-05
25823,9.521563e-06
26391,9.995815e-06
26696,8.976298e-06
27024,1.0120588e-05
27160,1.0063205e-05
27167,1.1336733e-05
392,9.264554e-06
508,9.358049e-06
558,9.034253e-06
663,1.121366e-05
1599,9.3445815e-06
2109,1.0001417e-05
2127,8.848352e-06
2513,1.31444995e-05
2539,9.73339e-06
2809,9.245049e-06
2828,1.0909844e-05
2959,9.091309e-06
3196,9.63769e-06
3624,9.401004e-06
3835,9.4183315e-06
4028,9.8347045e-06
4294,1.1219974e-05
4313,8.916588e-06
4350,9.282122e-06
4500,9.318277e-06
4519,9.335483e-06
4556,9.98057e-06
4664,1.1137757e-05
4740,1.5621994e-05
4873,9.870873e-06
4941,9.858644e-06
5035,9.525643e-06
5048,8.743841e-06
5057,9.644638e-06
5059,9.930034e-06
5203,1.3298191e-05
5437,9.471268e-06
5583,9.585693e-06
5679,9.416633e-06
5716,9.119441e-06
5778,9.049364e-06
5884,9.78244e-06
5903,1.1850335e-05
5904,9.442117e-06
5909,9.120965e-06
5918,1.0024695e-05
6002,1.0419216e-05
6062,1.1421852e-05
6065,1.0919727e-05
6066,9.392516e-06
6096,9.645521e-06
6206,9.326701e-06
6217,1.0032138e-05
6285,1.5663123e-05
6322,1.0722182e-05
6360,1.01376045e-05
6374,1.1328874e-05
6520,1.0131485e-05
6550,1.0421107e-05
6581,1.0052154e-05
6619,9.413033e-06
6730,9.090035e-06
6783,9.253401e-06
6897,9.022415e-06
6976,1.3532388e-05
7010,9.49535e-06
7128,9.780972e-06
7142,1.08919e-05
7236,9.481335e-06
7303,8.917158e-06
7328,8.9900395e-06
7411,9.735743e-06
7418,1.0800073e-05
7547,9.360681e-06
7555,2.1021197e-05
7556,1.064193e-05
7581,9.171799e-06
7665,9.181028e-06
7769,1.0579404e-05
7781,9.9506715e-06
7844,8.962207e-06
7882,9.052637e-06
8379,1.0534064e-05
8391,9.092512e-06
9007,9.007656e-06
9127,1.4316274e-05
9137,1.7339873e-05
9259,1.2112257e-05
9474,9.907077e-06
9510,9.727649e-06
9517,9.441109e-06
9531,9.3253375e-06
9717,9.183651e-06
9802,9.169023e-06
10252,8.675426e-06
10426,8.755662e-06
10631,8.828331e-06
10639,9.249544e-06
10649,8.769161e-06
10683,9.569186e-06
11070,9.344837e-06
11142,9.183268e-06
11173,9.326964e-06
11203,1.0482406e-05
11239,9.1024085e-06
11285,9.2140635e-06
11569,9.448116e-06
11578,9.63168e-06
11765,9.245356e-06
11831,9.265122e-06
11946,9.503444e-06
12020,9.368027e-06
12038,9.071715e-06
12039,9.142485e-06
12335,9.672826e-06
12348,1.094385e-05
12385,1.0066169e-05
12388,9.366607e-06
12396,8.937772e-06
12523,9.006696e-06
12560,9.11969e-06
12568,9.249514e-06
12599,8.9718615e-06
12620,9.095064e-06
12632,8.841988e-06
12689,8.878074e-06
12757,8.954826e-06
12786,9.119597e-06
12891,9.130273e-06
13102,8.909526e-06
13117,9.931434e-06
13179,1.3050396e-05
13244,9.649627e-06
13321,9.899417e-06
13388,8.845423e-06
13428,9.159204e-06
13478,9.691262e-06
13484,9.585041e-06
13551,1.0205485e-05
13579,9.989523e-06
13627,9.736189e-06
13703,9.767703e-06
13726,9.805723e-06
13751,9.553154e-06
13771,9.452271e-06
13792,9.26987e-06
13830,9.742623e-06
13835,9.467955e-06
13973,1.08151135e-05
14129,1.0926336e-05
14136,1.6311296e-05
14173,9.564263e-06
14205,8.761779e-06
14248,9.781143e-06
14257,1.02939e-05
14296,8.996014e-06
14344,1.2087873e-05
14384,1.3656088e-05
14479,9.082567e-06
14480,8.9519735e-06
14483,9.334526e-06
14486,9.367248e-06
14659,1.2204639e-05
14698,8.940334e-06
14713,9.276126e-06
14747,9.241625e-06
14754,1.041312e-05
14773,9.0974645e-06
14845,9.236093e-06
14846,1.1926765e-05
14948,9.686508e-06
15091,9.0616295e-06
15207,1.0550915e-05
15232,1.0005744e-05
15257,1.08379745e-05
15282,1.1845245e-05
15350,9.425615e-06
15354,9.667462e-06
15383,9.182743e-06
15406,9.724016e-06
15419,9.0604335e-06
15620,9.3331e-06
15634,9.507368e-06
15641,9.285375e-06
15677,9.70378e-06
15855,9.864386e-06
15858,8.657266e-06
16037,9.869697e-06
16075,1.0316344e-05
16077,9.491627e-06
16099,8.975766e-06
16326,9.158555e-06
16371,9.2588925e-06
16459,9.22155e-06
16539,1.2832027e-05
16543,9.76378e-06
16565,9.238675e-06
16580,9.506756e-06
16602,9.1958e-06
16605,1.006998e-05
16616,9.471726e-06
16634,9.092397e-06
16660,1.0075286e-05
16672,1.07974265e-05
16805,9.461053e-06
16839,9.222217e-06
16880,9.604758e-06
16890,9.565703e-06
17105,9.7511465e-06
17127,9.297229e-06
17188,9.390339e-06
17203,9.8120845e-06
17477,9.924673e-06
17795,1.0188679e-05
17802,9.299207e-06
17806,1.0187902e-05
17907,9.736726e-06
17943,9.388041e-06
18041,8.859658e-06
18048,9.187344e-06
18137,9.615237e-06
18360,9.234653e-06
18379,8.994167e-06
18380,9.291448e-06
18428,9.5002315e-06
18473,9.160831e-06
18482,1.0612832e-05
18484,9.416135e-06
18492,1.0112012e-05
18529,9.634047e-06
18551,8.934253e-06
18557,1.024487e-05
18559,1.4826287e-05
18578,1.4813482e-05
18635,1.3756829e-05
18643,8.765818e-06
18681,9.412697e-06
18682,9.018776e-06
18694,9.389406e-06
18800,1.0671599e-05
18919,9.038585e-06
18924,9.333956e-06
18949,9.5137875e-06
19049,9.493034e-06
19060,9.24549e-06
19106,9.270261e-06
19125,1.1512926e-05
19136,9.679696e-06
19144,8.899651e-06
19167,8.912761e-06
19182,8.8475745e-06
19223,8.97375e-06
19268,9.341122e-06
19322,8.798012e-06
19363,1.238239e-05
19406,8.710206e-06
19456,1.1126347e-05
19458,9.210114e-06
19494,1.4851177e-05
19552,8.958798e-06
19555,1.0091993e-05
19632,8.730974e-06
19761,9.11515e-06
19803,9.351057e-06
19821,9.48158e-06
19864,9.320838e-06
19885,9.784359e-06
19958,1.0955076e-05
19993,9.986978e-06
20043,9.281865e-06
20051,1.0196639e-05
20055,1.0091826e-05
20113,9.729654e-06
20119,9.226838e-06
20156,9.421876e-06
20189,9.090762e-06
20210,9.2760765e-06
20233,9.476045e-06
20246,9.108986e-06
20297,8.840487e-06
20385,8.997308e-06
20389,9.616815e-06
20406,1.0510473e-05
20504,9.055485e-06
20716,9.054699e-06
20718,9.935005e-06
20744,9.922859e-06
20754,1.12712705e-05
20976,1.0140427e-05
21029,8.704828e-06
21043,9.175645e-06
21140,9.657313e-06
21143,9.607574e-06
21446,9.247655e-06
21531,9.615239e-06
21598,9.6292015e-06
21695,8.72874e-06
21703,9.351718e-06
21716,9.143926e-06
21864,1.0099967e-05
21865,8.7578e-06
21876,8.806122e-06
21900,9.335482e-06
21910,8.950954e-06
21922,9.052564e-06
21925,9.556141e-06
21932,9.223701e-06
21995,9.167682e-06
21998,9.2668315e-06
22062,9.303357e-06
22102,1.044071e-05
22661,8.8170045e-06
22665,8.575019e-06
22695,1.0556172e-05
22718,9.279593e-06
22720,8.951194e-06
22740,9.247046e-06
22790,8.863554e-06
22852,1.1019045e-05
23000,8.949035e-06
23005,9.147926e-06
23010,8.758455e-06
23055,9.9713325e-06
23058,9.351072e-06
23087,9.230157e-06
23120,9.137498e-06
23690,1.1231947e-05
23701,9.190816e-06
23720,9.464684e-06
23877,1.0279277e-05
23879,9.285752e-06
23888,9.792003e-06
23925,1.0164722e-05
23926,1.1083154e-05
23948,1.0789302e-05
24023,1.080983e-05
24026,9.281495e-06
24038,9.442936e-06
24048,9.730644e-06
24050,9.278729e-06
24059,1.0296094e-05
24074,9.567368e-06
24103,8.928252e-06
24143,9.176748e-06
24405,9.022946e-06
24497,1.1134566e-05
24676,9.246706e-06
24734,8.671442e-06
24855,9.213168e-06
24979,8.712367e-06
25231,8.950813e-06
25376,9.8623e-06
25397,9.453522e-06
25402,9.558455e-06
25421,9.120712e-06
25433,1.0331137e-05
25438,9.829624e-06
25472,1.0077659e-05
25476,9.3539375e-06
25517,9.604798e-06
25709,9.096397e-06
25783,8.915552e-06
25800,8.901447e-06
25804,8.984113e-06
26067,9.601061e-06
26399,8.594433e-06
26461,9.221862e-06
27151,1.0517541e-05
27200,9.035798e-06
237,8.722639e-06
378,9.189125e-06
1122,8.669292e-06
1143,1.2257491e-05
1149,1.4340667e-05
1186,8.681478e-06
1234,1.2548892e-05
1314,1.3495805e-05
1427,9.021898e-06
1973,9.1418915e-06
2401,9.321022e-06
2546,9.413128e-06
2620,1.0391221e-05
2786,9.928908e-06
3209,8.863135e-06
3344,8.930793e-06
3706,8.506975e-06
4100,8.623545e-06
4270,1.0386261e-05
4553,9.730399e-06
4617,1.0967517e-05
4730,1.00139905e-05
4950,9.525848e-06
4953,1.0611788e-05
5034,8.725644e-06
5068,8.788704e-06
5077,8.913872e-06
5241,1.1327221e-05
5422,1.121605e-05
5499,9.1961265e-06
5655,9.194331e-06
5806,9.27249e-06
5816,8.945491e-06
5900,1.0706093e-05
6121,1.204343e-05
6140,9.635538e-06
6263,9.222767e-06
6481,1.01434935e-05
6535,1.0326344e-05
6663,1.0066847e-05
6692,8.981443e-06
6721,8.778567e-06
6866,8.825007e-06
6877,9.264584e-06
6896,8.672534e-06
7059,9.0549165e-06
7072,8.936331e-06
7221,9.166835e-06
7296,8.89367e-06
7298,8.836768e-06
7357,9.188801e-06
7369,9.151527e-06
7444,9.365663e-06
7559,9.590445e-06
7583,1.0973542e-05
7599,8.920802e-06
7600,9.491341e-06
7651,8.530193e-06
7700,1.1119311e-05
7873,9.233043e-06
7881,8.82482e-06
7954,9.545198e-06
8045,9.139516e-06
8085,1.6614867e-05
8137,8.998236e-06
8143,1.0007674e-05
8198,9.142918e-06
8455,8.781589e-06
8668,8.51691e-06
8862,9.310375e-06
8881,9.024408e-06
8932,8.483759e-06
9014,8.821445e-06
9104,8.850997e-06
9136,1.0482141e-05
9167,1.846861e-05
9275,9.238331e-06
9394,8.939095e-06
9417,1.1482376e-05
9439,8.62875e-06
9509,8.560506e-06
9552,9.309561e-06
9613,9.336919e-06
9646,8.903523e-06
9647,9.06578e-06
9670,8.825848e-06
9768,9.171634e-06
9777,8.387184e-06
9845,8.648023e-06
9891,8.583837e-06
9939,8.675692e-06
9951,9.355683e-06
9963,8.291691e-06
10455,8.757711e-06
10576,8.877785e-06
10625,8.727406e-06
10626,1.0789234e-05
10637,1.2729616e-05
10645,8.862547e-06
10674,1.0355661e-05
10681,1.0365989e-05
10899,1.2873879e-05
10946,9.603092e-06
10948,1.1923352e-05
11082,8.439666e-06
11211,9.283198e-06
11277,8.41505e-06
11422,8.704869e-06
11462,8.787614e-06
11485,9.566043e-06
11560,9.028085e-06
11620,9.255683e-06
11634,8.57646e-06
11637,8.516589e-06
11670,8.95158e-06
11746,8.990169e-06
11749,9.551414e-06
11791,8.918293e-06
11805,8.50951e-06
11826,8.579947e-06
11835,8.837059e-06
11883,8.7627795e-06
11918,8.7916305e-06
11935,9.487975e-06
12000,9.017682e-06
12005,8.737347e-06
12024,8.88843e-06
12025,8.657349e-06
12040,9.634607e-06
12100,8.964325e-06
12121,8.678721e-06
12362,9.012255e-06
12465,9.713334e-06
12469,8.376701e-06
12527,9.029471e-06
12535,1.075626e-05
12573,8.640385e-06
12636,8.785185e-06
12641,8.512217e-06
12678,9.630574e-06
12687,8.439901e-06
12735,9.201271e-06
12774,8.918511e-06
12908,8.665993e-06
12968,9.462492e-06
13036,8.606609e-06
13164,9.743807e-06
13250,9.834993e-06
13393,9.3813815e-06
13500,9.227219e-06
13528,8.974508e-06
13531,9.635229e-06
13558,8.881025e-06
13572,9.476426e-06
13590,8.986581e-06
13608,8.839456e-06
13639,9.032361e-06
13678,8.675248e-06
13696,8.784879e-06
13708,8.77013e-06
13736,8.9180885e-06
13737,8.850788e-06
13854,9.597123e-06
13863,9.247197e-06
14035,8.405898e-06
14118,9.47251e-06
14166,8.879229e-06
14211,8.757985e-06
14243,9.219001e-06
14360,1.41374185e-05
14362,1.240718e-05
14407,9.349745e-06
14502,8.54072e-06
14518,9.184737e-06
14539,8.836618e-06
14557,9.108862e-06
14592,8.315081e-06
14691,8.897437e-06
14712,9.153813e-06
14996,8.790113e-06
15070,9.147411e-06
15208,8.944598e-06
15218,8.5366155e-06
15262,8.647932e-06
15292,9.121524e-06
15392,1.1010835e-05
15537,8.863544e-06
15601,1.0533924e-05
15606,8.666386e-06
15681,9.723743e-06
15713,8.450181e-06
15714,8.651119e-06
15766,9.246214e-06
15848,8.7653625e-06
15888,8.923127e-06
15913,8.775639e-06
15918,8.554967e-06
15935,1.705754e-05
16005,9.00028e-06
16024,1.0205481e-05
16040,9.124362e-06
16097,9.401261e-06
16116,9.540354e-06
16307,9.3125145e-06
16425,9.089731e-06
16470,8.997069e-06
16516,1.1979794e-05
16549,9.51329e-06
16550,9.409721e-06
16587,9.1480615e-06
16594,8.909761e-06
16606,8.782443e-06
16643,9.850662e-06
16650,8.941264e-06
16666,8.656615e-06
16687,9.23144e-06
16689,9.093511e-06
16717,8.844695e-06
16754,8.880802e-06
16763,8.811214e-06
16770,8.891036e-06
16775,9.028705e-06
16790,8.659415e-06
16815,8.897993e-06
16842,9.344317e-06
16938,9.136562e-06
16943,9.054864e-06
16973,8.9984305e-06
17122,8.522373e-06
17131,8.608143e-06
17153,1.3391491e-05
17184,9.061371e-06
17190,9.742543e-06
17207,1.2803081e-05
17265,9.006655e-06
17276,9.855498e-06
17681,9.405238e-06
17708,8.914519e-06
17720,8.237893e-06
17730,8.830055e-06
17735,8.7463295e-06
17785,1.070693e-05
18001,9.501212e-06
18009,9.603597e-06
18015,8.813524e-06
18057,8.9061905e-06
18116,8.719869e-06
18164,1.4371654e-05
18173,8.747754e-06
18193,8.695953e-06
18221,9.017489e-06
18333,1.0503137e-05
18344,8.667182e-06
18423,8.838849e-06
18435,8.508048e-06
18465,9.078061e-06
18500,9.566371e-06
18514,8.814236e-06
18547,8.7720855e-06
18584,9.620601e-06
18601,9.13618e-06
18610,8.844453e-06
18650,8.709327e-06
18667,1.4342252e-05
18713,8.480346e-06
18752,1.2343956e-05
18901,8.937185e-06
18930,8.792106e-06
18946,8.956833e-06
18953,1.0727576e-05
19076,8.549454e-06
19102,8.775532e-06
19154,9.087655e-06
19181,8.768141e-06
19192,8.703392e-06
19204,9.666942e-06
19211,8.525907e-06
19253,8.703421e-06
19259,8.712366e-06
19278,8.841148e-06
19287,8.513238e-06
19304,9.061282e-06
19325,9.543177e-06
19336,8.508172e-06
19339,8.437277e-06
19355,1.1090603e-05
19369,8.83259e-06
19373,8.816404e-06
19378,8.32147e-06
19380,8.935564e-06
19388,8.755166e-06
19428,9.299618e-06
19429,8.7272565e-06
19438,1.0909337e-05
19488,1.829156e-05
19502,1.4933228e-05
19762,9.238131e-06
19908,9.013366e-06
19915,8.819444e-06
19925,9.015152e-06
19932,8.472581e-06
19960,9.00306e-06
19979,9.103078e-06
19997,9.643256e-06
19999,1.0658627e-05
20007,9.167292e-06
20023,8.749376e-06
20049,1.4210652e-05
20052,1.1514647e-05
20071,9.285219e-06
20082,1.1362716e-05
20084,8.9243695e-06
20099,9.405398e-06
20114,9.117165e-06
20154,8.560907e-06
20180,9.237307e-06
20209,9.0012645e-06
20253,9.010484e-06
20261,8.946579e-06
20274,8.781207e-06
20279,9.044495e-06
20281,8.713404e-06
20290,9.198522e-06
20296,8.756184e-06
20305,9.276576e-06
20345,8.690833e-06
20363,8.814294e-06
20373,8.999753e-06
20376,8.813063e-06
20380,8.963061e-06
20386,8.571979e-06
20418,9.392772e-06
20446,8.9301375e-06
20447,9.020052e-06
20502,8.468778e-06
20524,9.150505e-06
20668,1.1844771e-05
20995,9.455508e-06
21046,8.382496e-06
21123,9.3511735e-06
21134,8.611322e-06
21183,8.849593e-06
21216,8.844257e-06
21524,9.214743e-06
21532,9.549573e-06
21537,8.939698e-06
21550,8.861232e-06
21575,8.946379e-06
21798,8.801467e-06
21871,9.248607e-06
21872,8.6901055e-06
21991,8.583827e-06
22068,8.378711e-06
22090,9.03312e-06
22733,8.586335e-06
22777,9.14363e-06
22901,1.602436e-05
23069,8.889366e-06
23171,1.2435203e-05
23513,9.603989e-06
23721,9.455625e-06
23764,8.684588e-06
23788,9.7493685e-06
23805,9.502266e-06
23810,8.677001e-06
23835,8.781073e-06
23844,8.691797e-06
23866,8.864572e-06
23872,8.851213e-06
23881,1.1175565e-05
23891,8.61094e-06
23906,9.217288e-06
23937,8.961371e-06
23962,1.1996435e-05
23995,9.067978e-06
23998,9.8749715e-06
24003,9.137606e-06
24024,9.070881e-06
24084,9.087853e-06
24102,9.54218e-06
24159,9.114288e-06
24227,9.86738e-06
24237,8.950113e-06
24239,9.244075e-06
24283,8.906079e-06
24461,8.778722e-06
24468,8.272766e-06
24500,8.620027e-06
24503,1.3896476e-05
24530,8.399083e-06
24547,8.517983e-06
24579,8.406234e-06
24619,8.513609e-06
24620,8.722655e-06
24682,9.985231e-06
24771,1.1632489e-05
24910,1.0230936e-05
24912,1.0559921e-05
24958,1.0524542e-05
24978,8.513215e-06
25010,9.586509e-06
25109,8.133729e-06
25246,9.066737e-06
25319,8.810392e-06
25353,8.546144e-06
25395,1.5331554e-05
25406,8.7221115e-06
25412,8.897357e-06
25414,8.987248e-06
25425,8.873342e-06
25435,8.552727e-06
25446,9.154099e-06
25466,9.482567e-06
25471,8.976451e-06
25483,1.0280996e-05
25490,8.837584e-06
25491,8.700664e-06
25516,8.955524e-06
25555,8.740319e-06
25559,8.813757e-06
25585,9.144954e-06
25586,9.424962e-06
25658,9.055601e-06
25663,8.6654645e-06
25713,8.566333e-06
25716,8.469515e-06
25769,9.169324e-06
25782,9.258064e-06
25785,8.516912e-06
25809,8.482153e-06
25848,9.863921e-06
25896,8.475413e-06
26650,8.437091e-06
27174,9.138065e-06
935,8.617885e-06
1150,1.1371362e-05
1155,1.1402932e-05
1219,9.36442e-06
1223,1.6327464e-05
1284,1.093394e-05
1336,1.0209339e-05
1462,9.859674e-06
1686,8.307248e-06
2106,8.205784e-06
2363,8.322288e-06
2416,8.299069e-06
2515,8.414377e-06
2518,9.159675e-06
2523,8.575616e-06
3833,8.409749e-06
3968,8.895582e-06
3970,1.2435133e-05
3976,8.478875e-06
4138,8.6726695e-06
4196,8.5010615e-06
4214,8.357619e-06
4256,1.1882949e-05
4344,8.455635e-06
4419,8.225406e-06
4471,1.1226237e-05
4602,8.607366e-06
4656,8.336068e-06
4688,9.8794135e-06
4892,1.6642665e-05
5012,8.363296e-06
5013,8.663769e-06
5211,1.4945413e-05
5221,1.4016123e-05
5278,9.189054e-06
5384,8.364082e-06
5569,8.350112e-06
5659,8.187761e-06
5810,8.283867e-06
5949,8.519843e-06
6160,9.181382e-06
6223,1.0937093e-05
6259,1.1606331e-05
6262,8.82465e-06
6302,8.513687e-06
6465,8.4048415e-06
6530,8.235259e-06
6662,9.425087e-06
6729,9.060682e-06
6746,1.0780117e-05
6763,8.708533e-06
6799,9.258799e-06
6836,8.253144e-06
6840,8.3895775e-06
6841,8.563291e-06
6869,8.392493e-06
6962,8.684694e-06
6997,1.0274223e-05
7028,8.325041e-06
7043,8.77651e-06
7102,8.708111e-06
7109,9.221545e-06
7188,8.304985e-06
7251,8.634458e-06
7295,8.303398e-06
7300,8.374754e-06
7302,8.908336e-06
7405,8.1380595e-06
7440,8.851023e-06
7598,8.487322e-06
7602,9.527649e-06
7618,8.285051e-06
7757,8.551947e-06
7780,8.212771e-06
7793,8.705156e-06
7857,8.046568e-06
7929,8.430267e-06
7943,9.671897e-06
7956,9.1207e-06
7970,9.533616e-06
7981,1.0408837e-05
8037,1.2066333e-05
8081,1.1229511e-05
8500,8.371577e-06
8878,8.392064e-06
9141,1.4347297e-05
9142,1.3735068e-05
9472,9.312189e-06
9487,1.4894266e-05
9614,8.29851e-06
9671,8.398043e-06
9873,9.114877e-06
9874,8.304911e-06
9937,8.014146e-06
9956,8.295744e-06
10040,8.678849e-06
10379,8.423602e-06
10385,8.2419065e-06
10395,8.284114e-06
10497,9.439881e-06
10657,9.105795e-06
10676,8.536288e-06
10716,8.25598e-06
10861,1.5624297e-05
10902,8.5086e-06
11076,8.236122e-06
11088,8.4397325e-06
11240,8.747447e-06
11351,8.561809e-06
11469,8.246443e-06
11486,9.100249e-06
11610,9.318771e-06
11613,8.555496e-06
11633,8.460093e-06
11679,8.735068e-06
11703,8.1972275e-06
11744,8.938726e-06
11769,8.79062e-06
11836,8.735816e-06
11860,8.8358875e-06
11884,8.863493e-06
11978,8.5179445e-06
11992,8.178217e-06
12008,8.891114e-06
12041,8.521502e-06
12042,8.031242e-06
12086,8.414735e-06
12131,8.5055735e-06
12136,8.704811e-06
12160,8.74365e-06
12298,8.270467e-06
12314,9.072314e-06
12442,8.313931e-06
12457,8.394887e-06
12500,9.232285e-06
12562,8.437849e-06
12598,8.150625e-06
12654,8.150625e-06
12661,7.9939155e-06
12666,8.142834e-06
12667,8.142834e-06
12698,8.13886e-06
12739,8.298701e-06
12804,1.5092316e-05
12848,1.3776931e-05
12930,8.407108e-06
13037,8.706544e-06
13058,9.226844e-06
13188,8.004732e-06
13258,1.0274817e-05
13271,8.06442e-06
13280,8.84558e-06
13328,8.429845e-06
13331,8.19157e-06
13502,1.0091472e-05
13512,8.175702e-06
13547,8.535442e-06
13565,9.049019e-06
13571,8.450156e-06
13687,8.544715e-06
13690,9.35851e-06
13791,8.874805e-06
13796,8.5338515e-06
13801,9.764235e-06
13841,9.093658e-06
13955,7.972255e-06
14101,8.970228e-06
14154,7.964266e-06
14208,1.05404115e-05
14274,9.329856e-06
14370,9.305832e-06
14385,8.178069e-06
14399,8.387714e-06
14428,8.135482e-06
14454,8.944484e-06
14464,8.88643e-06
14493,8.05377e-06
14566,8.523453e-06
14586,8.146946e-06
14678,8.529194e-06
14688,8.1298285e-06
14817,8.585873e-06
14828,8.087985e-06
14837,1.376891e-05
14842,1.4004883e-05
14957,8.8608485e-06
14961,8.011695e-06
15014,8.776177e-06
15028,8.297209e-06
15088,7.973996e-06
15122,8.667127e-06
15227,8.949773e-06
15237,9.161994e-06
15260,8.617458e-06
15304,8.911605e-06
15311,8.854669e-06
15327,8.099743e-06
15331,8.780074e-06
15413,1.07577225e-05
15447,9.3265735e-06
15496,8.3261e-06
15551,1.0518314e-05
15587,8.363869e-06
15589,8.915495e-06
15610,8.802072e-06
15652,8.516887e-06
15660,9.301568e-06
15754,9.877653e-06
15770,8.322008e-06
15882,8.35413e-06
15948,7.986127e-06
15974,8.152858e-06
16074,8.287611e-06
16338,8.569272e-06
16393,8.3720815e-06
16426,8.882501e-06
16453,8.362918e-06
16563,9.037274e-06
16569,8.331411e-06
16614,8.418427e-06
16676,8.471066e-06
16705,8.6089985e-06
16730,8.374288e-06
16738,8.219946e-06
16766,8.275185e-06
16778,8.47627e-06
16808,8.698397e-06
16856,8.788172e-06
16883,8.286302e-06
16922,8.57259e-06
16955,8.405772e-06
16982,8.259854e-06
16984,8.889198e-06
17009,8.547949e-06
17031,8.179122e-06
17123,9.053024e-06
17124,8.219663e-06
17146,8.45683e-06
17179,8.9652885e-06
17181,8.430301e-06
17209,8.230607e-06
17694,9.006974e-06
17714,1.1112665e-05
17745,9.116661e-06
17789,9.435035e-06
17809,8.268225e-06
17923,8.724092e-06
17938,8.684101e-06
17959,8.08389e-06
18150,8.395215e-06
18166,8.247679e-06
18307,8.566285e-06
18374,8.3516625e-06
18392,8.613637e-06
18409,8.832508e-06
18414,8.690575e-06
18429,8.309626e-06
18480,8.528162e-06
18495,8.504715e-06
18501,1.7604936e-05
18519,8.460587e-06
18539,8.4146595e-06
18546,8.815569e-06
18556,1.1163454e-05
18565,8.252561e-06
18571,1.039782e-05
18583,9.523805e-06
18665,9.594023e-06
18666,8.21394e-06
18676,8.081899e-06
18712,8.247441e-06
18717,8.193258e-06
18735,1.4124516e-05
18740,8.125743e-06
18753,8.281766e-06
18758,8.4528665e-06
18781,8.067837e-06
18804,8.441749e-06
18822,9.469349e-06
18914,8.531683e-06
18944,8.570572e-06
18994,8.340461e-06
18999,8.187965e-06
19027,8.102184e-06
19162,8.500218e-06
19169,8.254435e-06
19203,1.0895279e-05
19214,8.403576e-06
19224,8.465532e-06
19233,8.314366e-06
19252,8.314786e-06
19255,9.038485e-06
19274,7.986738e-06
19294,8.752946e-06
19302,8.359765e-06
19305,1.1519267e-05
19307,8.205435e-06
19317,1.0812045e-05
19319,8.517188e-06
19340,8.741671e-06
19344,8.225785e-06
19356,8.106316e-06
19364,8.23586e-06
19393,9.029672e-06
19427,9.306063e-06
19434,8.6234895e-06
19515,1.3864481e-05
19524,8.407813e-06
19564,8.517459e-06
19566,9.029699e-06
19591,1.0669494e-05
19746,8.061185e-06
19750,7.976188e-06
19752,8.163479e-06
19796,8.321961e-06
19801,8.465937e-06
19963,1.0696524e-05
20015,1.5793832e-05
20021,8.840559e-06
20045,1.0366488e-05
20046,8.411039e-06
20086,8.688867e-06
20118,8.5674965e-06
20197,9.956104e-06
20207,8.600926e-06
20208,8.501619e-06
20235,9.4971065e-06
20295,8.402721e-06
20304,9.285821e-06
20342,8.621024e-06
20351,8.394937e-06
20382,9.39339e-06
20383,8.302424e-06
20405,8.96897e-06
20408,8.299651e-06
20457,8.942181e-06
20469,8.932539e-06
20534,1.301378e-05
20555,1.0337236e-05
20572,8.793695e-06
20677,1.225844e-05
20703,1.0392395e-05
20894,8.839584e-06
20956,8.2175975e-06
21036,8.0976915e-06
21089,8.877655e-06
21126,8.593791e-06
21162,8.411591e-06
21170,8.570288e-06
21176,8.470537e-06
21534,8.351946e-06
21540,9.246175e-06
21565,8.170781e-06
21585,8.540315e-06
21712,8.367958e-06
21719,7.8849525e-06
21741,8.412254e-06
21745,8.37246e-06
21801,8.565084e-06
21920,8.687763e-06
21945,8.974248e-06
21982,8.15798e-06
21988,8.606214e-06
22006,7.957526e-06
22098,8.812493e-06
22099,8.51541e-06
22676,8.03447e-06
22677,7.952468e-06
22702,8.215605e-06
22739,8.612534e-06
22798,8.435283e-06
22825,7.994883e-06
22858,8.199391e-06
23024,9.077076e-06
23047,8.544519e-06
23124,8.317243e-06
23143,7.977887e-06
23298,1.0641272e-05
23521,8.058762e-06
23584,8.519721e-06
23589,9.824447e-06
23818,8.478271e-06
23839,8.303917e-06
23862,8.099821e-06
23867,9.084289e-06
23896,8.58735e-06
23928,9.312925e-06
23934,8.688332e-06
23950,8.611377e-06
23961,8.878311e-06
23975,8.604528e-06
23976,8.53357e-06
23987,8.553648e-06
24015,8.584179e-06
24021,8.5228e-06
24035,8.482104e-06
24089,9.03305e-06
24097,8.574857e-06
24114,8.6852115e-06
24125,8.575495e-06
24137,9.104438e-06
24189,8.4105695e-06
24194,8.399312e-06
24207,8.702804e-06
24208,8.620863e-06
24210,8.56226e-06
24265,8.32943e-06
24291,8.164335e-06
24294,8.138082e-06
24312,8.412694e-06
24422,1.0531361e-05
24435,8.172212e-06
24439,8.251694e-06
24470,8.011913e-06
24554,8.0751915e-06
24562,8.511007e-06
24580,8.192394e-06
24684,9.576509e-06
24761,8.595526e-06
24907,7.867495e-06
25105,8.594278e-06
25239,8.631022e-06
25352,1.0521199e-05
25388,9.031648e-06
25391,8.617259e-06
25398,8.565186e-06
25442,8.546601e-06
25515,8.595764e-06
25518,8.228096e-06
25533,8.250457e-06
25551,8.643628e-06
25562,8.174161e-06
25580,8.350341e-06
25717,9.076982e-06
25781,7.954347e-06
25850,8.197534e-06
26088,8.065136e-06
26805,8.081275e-06
320,8.841066e-06
491,1.01317955e-05
594,7.951631e-06
1148,8.270555e-06
1153,1.0428833e-05
1162,1.1186373e-05
1170,1.32745745e-05
1193,9.336442e-06
1240,9.135649e-06
1666,7.99135e-06
1730,8.065906e-06
1980,8.483393e-06
2005,8.4180865e-06
2162,8.723915e-06
2233,7.6660435e-06
2354,8.167838e-06
2575,7.957471e-06
2594,7.990303e-06
2747,8.384641e-06
2748,8.2870265e-06
3320,8.116746e-06
3717,8.327211e-06
3719,8.868456e-06
3785,8.480069e-06
3793,1.1843577e-05
4004,7.9577085e-06
4010,7.947896e-06
4243,1.1838553e-05
4244,1.5213424e-05
4249,1.2178677e-05
4566,8.191476e-06
4612,1.50226115e-05
4615,9.586178e-06
4705,9.050718e-06
4743,9.4509805e-06
4779,8.131261e-06
4800,9.18971e-06
5110,8.297001e-06
5136,7.926136e-06
5205,8.888786e-06
5210,8.967816e-06
5213,8.883001e-06
5260,7.689973e-06
5502,8.005709e-06
5544,7.975095e-06
5642,8.469319e-06
5653,8.240485e-06
5768,8.109935e-06
5791,8.318315e-06
5792,8.1733315e-06
5835,7.9466545e-06
5935,7.811231e-06
6029,8.7755825e-06
6068,1.0468178e-05
6069,9.059159e-06
6098,7.911283e-06
6111,8.202689e-06
6220,8.445075e-06
6268,8.919431e-06
6451,8.191062e-06
6553,8.271883e-06
6623,8.321831e-06
6628,8.289707e-06
6697,7.971382e-06
6822,8.201199e-06
6947,1.114051e-05
6999,8.0899235e-06
7105,7.87217e-06
7125,8.132409e-06
7278,8.382068e-06
7281,7.88448e-06
7316,9.541481e-06
7360,8.0475265e-06
7550,8.25272e-06
7615,7.870979e-06
7743,9.151351e-06
7767,8.627774e-06
7783,7.912668e-06
7807,7.845449e-06
7909,9.785076e-06
7920,8.584608e-06
7942,8.351856e-06
7968,1.0924557e-05
7985,9.208244e-06
8026,9.10379e-06
8213,7.924883e-06
8227,8.6273185e-06
8315,7.833065e-06
8670,7.777193e-06
8676,8.826437e-06
8809,7.746863e-06
9111,7.911325e-06
9186,1.0595094e-05
9268,7.563117e-06
9333,7.8678295e-06
9405,9.138906e-06
9579,7.799494e-06
9600,8.49342e-06
9665,8.17361e-06
9697,9.642438e-06
9789,7.675184e-06
9794,7.843123e-06
9801,8.188185e-06
9887,7.896296e-06
9926,7.845435e-06
10449,7.753294e-06
10491,7.91999e-06
10595,1.2116766e-05
10596,1.1198297e-05
10618,7.855721e-06
10730,8.577554e-06
10774,7.6035367e-06
10860,7.732575e-06
10964,9.549082e-06
11048,7.956486e-06
11122,7.5612056e-06
11132,8.601758e-06
11161,8.713674e-06
11214,8.062496e-06
11343,8.683536e-06
11491,8.222039e-06
11495,1.3994878e-05
11594,9.182274e-06
11606,8.527464e-06
11776,7.746931e-06
11881,8.200925e-06
11897,7.988067e-06
12056,7.6932665e-06
12083,8.651285e-06
12091,8.1084345e-06
12225,7.731003e-06
12243,7.948537e-06
12275,8.844077e-06
12333,8.735342e-06
12392,8.07473e-06
12417,8.018278e-06
12427,8.5964075e-06
12428,8.474809e-06
12450,7.823282e-06
12528,1.6234146e-05
12571,8.090783e-06
12618,8.595506e-06
12648,7.765536e-06
12683,7.736894e-06
12699,7.995651e-06
12795,8.493357e-06
12870,8.2989345e-06
12884,8.04006e-06
12888,7.922055e-06
12911,8.182241e-06
12978,8.723073e-06
13097,8.208267e-06
13157,9.980611e-06
13159,1.001665e-05
13198,1.3583401e-05
13259,8.8487e-06
13314,8.520101e-06
13490,7.742542e-06
13509,8.251464e-06
13567,9.106196e-06
13672,8.082466e-06
13675,8.932706e-06
13677,9.254502e-06
13701,7.991148e-06
13755,7.74549e-06
13783,8.484695e-06
13787,1.0076424e-05
13790,8.599604e-06
13852,8.058314e-06
13857,7.638298e-06
14032,7.8258845e-06
14058,7.895669e-06
14098,8.3506575e-06
14114,9.626118e-06
14122,8.767219e-06
14126,8.854287e-06
14151,7.7394925e-06
14164,8.087277e-06
14178,7.890841e-06
14221,9.061942e-06
14276,9.358907e-06
14320,2.0110774e-05
14482,7.679291e-06
14496,8.3168e-06
14599,7.9994525e-06
14605,8.063189e-06
14654,1.1745159e-05
14681,8.083775e-06
14746,7.7134155e-06
14850,1.4621654e-05
14865,1.0995303e-05
14908,7.808509e-06
15012,8.260974e-06
15095,8.29988e-06
15213,1.4040418e-05
15313,8.10911e-06
15329,7.981082e-06
15332,8.686052e-06
15363,8.187028e-06
15399,1.0915792e-05
15437,7.633177e-06
15456,7.871294e-06
15462,8.723481e-06
15478,8.04668e-06
15523,8.880155e-06
15526,7.754284e-06
15543,9.330952e-06
15592,7.789315e-06
15594,8.128172e-06
15709,9.3248655e-06
15729,8.30706e-06
15881,1.0050627e-05
15969,1.2348548e-05
16023,8.408858e-06
16087,7.719421e-06
16119,7.728943e-06
16128,1.1751114e-05
16203,1.8332797e-05
16221,1.5887455e-05
16301,7.88967e-06
16385,7.737352e-06
16414,8.259604e-06
16444,7.914769e-06
16474,7.9100555e-06
16500,7.724954e-06
16533,8.06467e-06
16584,7.975148e-06
16601,8.2686465e-06
16636,7.8709045e-06
16669,8.049693e-06
16834,8.119875e-06
16837,8.220106e-06
16853,1.0087161e-05
16970,8.4271505e-06
16996,8.1139e-06
17036,8.622679e-06
17048,8.397787e-06
17085,7.989418e-06
17126,1.21310495e-05
17137,8.015918e-06
17166,8.1903145e-06
17197,8.080705e-06
17205,8.135333e-06
17234,7.758722e-06
17235,8.329009e-06
17518,8.660797e-06
17679,7.829598e-06
17734,8.3188115e-06
17737,9.505666e-06
17740,7.638281e-06
17815,8.33328e-06
17819,8.2163015e-06
17856,8.317374e-06
18038,7.876692e-06
18174,8.194602e-06
18178,8.499396e-06
18208,8.013606e-06
18265,7.993159e-06
18271,8.2905635e-06
18370,8.01397e-06
18382,8.553709e-06
18396,8.479106e-06
18403,7.836209e-06
18431,8.282617e-06
18509,8.135122e-06
18517,8.070895e-06
18531,8.904089e-06
18552,8.729558e-06
18573,1.1382056e-05
18609,7.723743e-06
18611,7.844277e-06
18679,7.859491e-06
18691,7.887995e-06
18737,1.5149048e-05
18833,7.96083e-06
18843,7.95702e-06
18917,8.036335e-06
18948,7.654996e-06
18962,8.247485e-06
18996,7.876144e-06
19011,7.784908e-06
19035,7.813458e-06
19048,8.596185e-06
19148,7.994453e-06
19206,7.776216e-06
19210,7.758229e-06
19212,7.673469e-06
19213,7.71561e-06
19218,8.056458e-06
19243,7.869677e-06
19245,7.750929e-06
19251,7.668704e-06
19254,7.6914675e-06
19300,7.86682e-06
19301,9.584878e-06
19309,7.946641e-06
19312,7.824009e-06
19328,7.84297e-06
19342,8.339492e-06
19350,8.678603e-06
19366,7.893738e-06
19377,7.868135e-06
19379,7.950381e-06
19382,7.7938985e-06
19392,9.2815335e-06
19419,8.320971e-06
19425,8.641033e-06
19459,9.3717745e-06
19463,7.841587e-06
19487,1.0881427e-05
19489,1.3977815e-05
19511,8.245118e-06
19536,7.5984985e-06
19638,7.6026163e-06
19901,8.016515e-06
19920,8.163182e-06
19952,8.075042e-06
20028,7.8451485e-06
20041,8.572073e-06
20115,8.600686e-06
20127,8.177843e-06
20158,7.884408e-06
20169,8.106e-06
20185,8.3671675e-06
20196,8.0122e-06
20204,7.990006e-06
20234,8.355827e-06
20314,8.000529e-06
20356,8.423091e-06
20361,8.362935e-06
20362,8.528785e-06
20384,7.662591e-06
20402,7.4984937e-06
20404,7.961886e-06
20413,9.823332e-06
20415,7.9031215e-06
20420,8.0706905e-06
20458,8.639271e-06
20500,7.96063e-06
20507,7.6462175e-06
20667,1.3412834e-05
20676,1.1338784e-05
20701,7.743267e-06
20781,8.602959e-06
20815,8.545015e-06
20895,7.970333e-06
20953,8.510073e-06
21025,7.728704e-06
21032,7.598654e-06
21052,7.8478415e-06
21057,8.001116e-06
21067,7.79283e-06
21081,7.992286e-06
21137,8.5661695e-06
21144,8.121457e-06
21189,8.107702e-06
21228,8.1574835e-06
21237,8.310466e-06
21246,8.037349e-06
21248,7.919249e-06
21393,8.009805e-06
21510,7.825256e-06
21518,8.248037e-06
21774,1.2596825e-05
21808,7.5740522e-06
21837,7.508741e-06
21840,8.7575445e-06
21854,7.836158e-06
21878,7.643566e-06
21879,7.794882e-06
21928,8.07189e-06
21931,8.447756e-06
21957,7.90116e-06
21979,7.69611e-06
21980,7.915506e-06
22091,7.964361e-06
22745,7.828389e-06
22749,7.872562e-06
22796,7.650338e-06
22846,9.24894e-06
22875,7.968752e-06
22879,9.76421e-06
22898,1.4127454e-05
23001,8.057009e-06
23061,8.689358e-06
23102,8.0350765e-06
23115,8.032432e-06
23142,8.402673e-06
23148,7.562528e-06
23329,1.0964863e-05
23514,8.092667e-06
23524,8.021955e-06
23557,7.997157e-06
23821,8.320254e-06
23831,1.413635e-05
23836,8.101079e-06
23849,8.305057e-06
23880,8.101468e-06
23893,8.343014e-06
23914,7.679533e-06
23971,8.615488e-06
23989,8.321148e-06
24000,9.065773e-06
24005,8.190077e-06
24008,8.479059e-06
24010,8.015504e-06
24064,7.914506e-06
24080,8.138549e-06
24088,8.261103e-06
24101,8.505172e-06
24120,9.3187255e-06
24127,8.026588e-06
24134,8.748815e-06
24145,7.782962e-06
24178,8.621446e-06
24216,7.974103e-06
24222,7.940708e-06
24271,7.511474e-06
24273,8.298343e-06
24296,7.55384e-06
24411,7.748537e-06
24412,8.771576e-06
24420,7.5048874e-06
24437,7.772411e-06
24455,8.976976e-06
24463,8.397234e-06
24464,8.075661e-06
24546,8.501832e-06
24557,7.980017e-06
24596,7.674929e-06
24615,7.609042e-06
24640,8.333877e-06
24675,7.5686858e-06
24688,7.649618e-06
24713,8.12362e-06
24723,7.750202e-06
24727,7.952066e-06
24765,7.486421e-06
24773,9.323559e-06
24853,7.6709275e-06
24854,9.620709e-06
24857,7.8452795e-06
24900,8.022308e-06
24908,8.014642e-06
24959,1.0113797e-05
24967,9.167983e-06
25100,7.660585e-06
25214,7.7477e-06
25384,8.258905e-06
25420,7.876704e-06
25440,8.090417e-06
25451,8.095704e-06
25493,7.9117235e-06
25520,9.934906e-06
25521,8.034952e-06
25526,8.853098e-06
25528,7.904109e-06
25536,8.444662e-06
25549,7.754242e-06
25574,7.937323e-06
25601,8.937906e-06
25610,7.766938e-06
25624,7.833984e-06
25631,8.384831e-06
25637,7.9740075e-06
25656,7.9634965e-06
25664,8.123369e-06
25733,8.408131e-06
25755,9.2699665e-06
25761,7.7168625e-06
25787,7.5935313e-06
25798,7.8745725e-06
26060,7.815383e-06
26061,8.126267e-06
26098,7.727398e-06
26780,7.912184e-06
27081,8.01879e-06
27106,7.78001e-06
27147,7.920844e-06
27148,7.638026e-06
27156,8.524061e-06
27165,9.790258e-06
27179,8.275301e-06
27212,7.532528e-06
104,7.568292e-06
172,8.019995e-06
494,8.173864e-06
1146,9.822966e-06
1147,1.0490492e-05
1160,9.309541e-06
1161,1.0419408e-05
1168,8.857324e-06
1179,1.0432258e-05
1195,9.805449e-06
1198,1.1279447e-05
1205,1.2365315e-05
1231,1.2217216e-05
1253,8.749249e-06
1258,9.3313e-06
1306,9.261986e-06
1315,1.67882e-05
1331,7.779096e-06
1335,1.0179233e-05
1519,7.852773e-06
2067,7.665574e-06
2149,7.996216e-06
2320,7.722547e-06
2413,7.857091e-06
2640,7.47321e-06
3548,8.197089e-06
3795,7.504315e-06
3821,8.3360865e-06
3848,7.943358e-06
3911,8.012399e-06
4096,7.6307915e-06
4250,1.12598755e-05
4259,9.372037e-06
4266,7.95558e-06
4268,9.880507e-06
4269,9.72523e-06
4296,8.897968e-06
4301,7.914735e-06
4309,1.4544286e-05
4314,8.080806e-06
4527,7.5410026e-06
4585,8.554539e-06
4738,7.434479e-06
4848,9.280303e-06
4939,1.6584248e-05
5070,8.095267e-06
5073,7.429235e-06
5132,7.372204e-06
5188,8.191915e-06
5222,9.59043e-06
5271,7.844036e-06
5362,8.379978e-06
5455,7.5820244e-06
5500,9.21338e-06
5618,8.819948e-06
5703,7.68262e-06
5828,1.2006453e-05
5885,8.343533e-06
5986,1.1068875e-05
6033,7.4917134e-06
6120,7.6566685e-06
6147,1.5025516e-05
6158,7.836775e-06
6165,7.4475447e-06
6180,1.2406669e-05
6181,1.412909e-05
6219,7.890884e-06
6221,8.323597e-06
6228,7.982003e-06
6252,7.261396e-06
6258,8.575632e-06
6265,1.3826974e-05
6291,1.43698935e-05
6315,8.469911e-06
6333,7.4264503e-06
6442,1.5552101e-05
6476,7.902041e-06
6480,7.689902e-06
6587,7.511915e-06
6707,7.548556e-06
6767,7.693983e-06
6774,1.1226943e-05
6818,7.60898e-06
6895,9.658648e-06
6949,7.459351e-06
6950,1.0366133e-05
6951,8.625252e-06
6952,7.901644e-06
7134,7.864672e-06
7232,7.5871503e-06
7241,8.816818e-06
7475,7.965721e-06
7520,1.3076649e-05
7567,7.755721e-06
7574,7.624417e-06
7613,7.795004e-06
7641,1.17389845e-05
7661,8.361166e-06
7726,8.959709e-06
7730,8.519664e-06
7804,7.6005854e-06
7867,7.557698e-06
7890,8.01158e-06
7936,7.5104685e-06
7996,7.944098e-06
8043,7.5599187e-06
8054,7.792021e-06
8060,7.097485e-06
8079,7.719189e-06
8216,1.34571765e-05
8352,7.721034e-06
8488,7.80714e-06
8860,7.4256623e-06
8949,7.944769e-06
9130,1.445488e-05
9138,1.2167527e-05
9146,9.458949e-06
9147,9.264964e-06
9162,1.4419725e-05
9175,1.1991561e-05
9346,9.356567e-06
9501,7.763068e-06
9577,8.45579e-06
9586,7.576382e-06
9587,1.4365691e-05
9711,7.714256e-06
9753,7.2708335e-06
9764,7.613019e-06
9788,1.03437305e-05
9798,1.1976881e-05
9820,7.8446665e-06
9906,7.338053e-06
9908,8.724629e-06
10206,7.70896e-06
10538,1.3135024e-05
10560,7.670697e-06
10619,7.744579e-06
10688,7.3586084e-06
10707,7.341852e-06
10762,1.0311793e-05
10763,7.2798985e-06
10778,7.4708755e-06
10812,7.3453484e-06
10989,9.576783e-06
11034,1.0192308e-05
11246,7.742509e-06
11302,7.955055e-06
11317,7.681501e-06
11332,1.0379826e-05
11388,7.766861e-06
11402,7.929679e-06
11497,7.5031103e-06
11549,7.272319e-06
11563,7.8302e-06
11629,8.01046e-06
11672,9.477955e-06
11735,7.91347e-06
11840,8.099683e-06
11928,7.755635e-06
12226,7.3613373e-06
12238,1.5695496e-05
12241,7.886587e-06
12285,8.209301e-06
12322,7.3284896e-06
12338,8.511683e-06
12400,8.491384e-06
12415,7.3750343e-06
12675,7.341365e-06
12731,7.2490498e-06
12808,7.413947e-06
12823,7.806734e-06
12826,8.161509e-06
12846,8.294316e-06
12914,7.770058e-06
12920,7.33525e-06
12935,9.429172e-06
12974,8.384974e-06
13040,8.555486e-06
13063,7.627926e-06
13066,7.821088e-06
13111,7.580483e-06
13116,7.629939e-06
13131,7.996061e-06
13194,1.1299614e-05
13197,1.2222635e-05
13211,7.5694184e-06
13213,9.0204985e-06
13254,1.1420196e-05
13320,8.395515e-06
13389,7.743521e-06
13402,7.5895955e-06
13434,7.4277305e-06
13445,7.5956964e-06
13464,7.68376e-06
13588,7.588756e-06
13631,7.80059e-06
13689,7.702885e-06
13702,7.3318834e-06
13710,8.644655e-06
13712,8.019093e-06
13810,7.799834e-06
14024,7.5262165e-06
14181,7.89086e-06
14193,7.930837e-06
14194,7.878818e-06
14214,7.739272e-06
14263,8.7129465e-06
14323,1.0677849e-05
14377,9.367735e-06
14379,7.5420594e-06
14433,7.38757e-06
14524,7.5104044e-06
14569,7.6214737e-06
14583,7.321641e-06
14606,9.901896e-06
14645,8.41378e-06
14694,7.500698e-06
14840,7.472845e-06
14849,1.2764204e-05
14863,7.5752196e-06
14868,1.3857412e-05
14873,1.118221e-05
14974,7.694615e-06
14980,8.100672e-06
14988,7.773417e-06
15072,7.58552e-06
15073,7.581856e-06
15109,1.3683644e-05
15145,1.3369184e-05
15148,8.621454e-06
15182,1.1492491e-05
15187,8.010307e-06
15229,8.252131e-06
15261,7.650263e-06
15303,7.729403e-06
15371,7.555569e-06
15379,7.761091e-06
15393,7.76281e-06
15445,7.748461e-06
15449,7.983126e-06
15483,7.658571e-06
15510,7.803755e-06
15540,1.0136278e-05
15555,9.446707e-06
15566,7.8812045e-06
15575,8.003254e-06
15579,8.483714e-06
15595,7.786514e-06
15623,7.869604e-06
15635,7.672477e-06
15685,8.361285e-06
15692,7.741746e-06
15710,7.6254364e-06
15716,7.552298e-06
15755,7.725611e-06
15772,7.483126e-06
15868,7.8875955e-06
15922,8.830295e-06
15933,1.6060032e-05
15936,1.4311447e-05
15939,1.602748e-05
15980,7.4258883e-06
15982,7.4010427e-06
16011,7.896382e-06
16083,7.4674203e-06
16134,1.6386326e-05
16146,1.5973626e-05
16158,1.2145448e-05
16234,1.51314125e-05
16258,1.5169706e-05
16353,7.497842e-06
16433,7.633817e-06
16468,8.481057e-06
16620,7.810622e-06
16637,7.7932245e-06
16681,7.647144e-06
16715,7.650122e-06
16716,7.5442194e-06
16740,7.4842133e-06
16771,8.588288e-06
16792,8.01446e-06
16814,7.5470034e-06
16831,8.078233e-06
16855,8.283882e-06
16898,9.916141e-06
16965,7.959531e-06
16979,7.5049093e-06
16983,7.5518656e-06
16995,7.95724e-06
17006,7.6198157e-06
17015,7.891546e-06
17018,7.656869e-06
17040,7.4964837e-06
17107,7.619243e-06
17108,7.4915915e-06
17168,7.5725575e-06
17237,7.69291e-06
17245,7.3152705e-06
17252,7.584992e-06
17282,8.423156e-06
17472,8.472611e-06
17764,7.7178065e-06
17883,7.467436e-06
17934,7.4992413e-06
18140,7.677943e-06
18143,8.509565e-06
18149,7.487485e-06
18155,8.029246e-06
18186,7.451749e-06
18227,8.1317385e-06
18364,7.47931e-06
18417,8.006646e-06
18433,7.836353e-06
18444,7.694297e-06
18466,7.2326643e-06
18498,7.4899017e-06
18504,8.096305e-06
18511,7.720572e-06
18525,7.444251e-06
18532,7.974352e-06
18554,7.931098e-06
18567,7.5274884e-06
18568,7.4927584e-06
18587,7.725263e-06
18632,8.4578805e-06
18638,7.684071e-06
18660,7.234989e-06
18698,7.892958e-06
18700,7.788932e-06
18708,7.5643466e-06
18727,7.583319e-06
18750,8.757776e-06
18771,7.935672e-06
18801,8.413161e-06
18844,7.41837e-06
18854,7.941692e-06
18866,8.244134e-06
18905,7.4982017e-06
18907,8.056115e-06
18965,7.638327e-06
18989,7.720534e-06
19025,7.495626e-06
19058,7.795893e-06
19073,7.918036e-06
19078,8.227776e-06
19116,7.3088167e-06
19141,7.3434862e-06
19217,7.651339e-06
19248,7.60745e-06
19260,7.684303e-06
19266,7.2368557e-06
19275,7.4398963e-06
19331,1.0941133e-05
19333,7.50861e-06
19345,7.8914945e-06
19385,7.8805215e-06
19386,8.42769e-06
19389,8.120341e-06
19424,7.954304e-06
19436,7.3935585e-06
19475,7.87946e-06
19485,9.860561e-06
19490,1.4102793e-05
19495,1.635499e-05
19556,7.922514e-06
19558,7.908041e-06
19641,7.2958173e-06
19648,1.2241783e-05
19808,7.631597e-06
19812,8.010194e-06
19818,7.767079e-06
19827,7.2835433e-06
19865,7.3362485e-06
19872,1.3833185e-05
19877,7.546271e-06
19880,7.37944e-06
19923,9.260963e-06
19938,7.675418e-06
19965,8.412869e-06
19980,1.0934226e-05
19983,7.701511e-06
19988,8.322362e-06
20053,7.816371e-06
20117,7.592676e-06
20131,7.535491e-06
20142,1.2002082e-05
20145,7.753666e-06
20147,7.878766e-06
20194,7.3940937e-06
20205,7.919533e-06
20238,7.5599373e-06
20321,7.425638e-06
20335,7.56487e-06
20339,8.046414e-06
20358,7.890704e-06
20374,7.80324e-06
20393,7.5495386e-06
20403,7.977995e-06
20412,7.749781e-06
20421,7.569888e-06
20424,7.5340563e-06
20450,7.863716e-06
20454,7.4939267e-06
20477,7.691436e-06
20481,7.487776e-06
20510,7.92576e-06
20523,8.084758e-06
20539,1.1904541e-05
20650,7.5466405e-06
20659,1.4419725e-05
20739,7.752749e-06
20809,7.654863e-06
20814,8.500362e-06
20897,8.1250655e-06
20957,7.830321e-06
20970,7.968591e-06
20982,7.7451095e-06
20994,7.5965413e-06
21034,7.3227334e-06
21035,7.315032e-06
21044,7.4543677e-06
21051,7.426655e-06
21056,7.4448385e-06
21066,7.5155754e-06
21071,7.487403e-06
21131,7.844354e-06
21133,7.858574e-06
21150,7.629404e-06
21151,7.663686e-06
21178,7.711047e-06
21181,7.778588e-06
21222,7.830817e-06
21264,7.675342e-06
21304,7.741621e-06
21311,7.507415e-06
21329,8.114199e-06
21346,8.406936e-06
21373,8.0008695e-06
21386,8.242655e-06
21511,8.041638e-06
21543,7.5964786e-06
21628,1.3851659e-05
21675,7.976028e-06
21704,7.387277e-06
21709,7.45364e-06
21710,8.491259e-06
21724,7.704413e-06
21738,7.3748197e-06
21785,7.848928e-06
21804,8.288466e-06
21936,8.8904235e-06
21952,7.744389e-06
21953,7.671636e-06
21976,7.2943144e-06
21989,7.193918e-06
21993,7.6158735e-06
22000,7.4284135e-06
22011,7.5468115e-06
22013,7.669978e-06
22023,1.0786409e-05
22064,9.447941e-06
22081,7.293022e-06
22087,7.373928e-06
22089,8.11808e-06
22660,7.2894723e-06
22697,7.723307e-06
22728,8.165503e-06
22734,7.4477575e-06
22758,7.764121e-06
22774,7.7313925e-06
22816,7.510053e-06
22845,9.907304e-06
22848,7.5734024e-06
23054,7.5058374e-06
23057,8.050679e-06
23066,7.6083275e-06
23092,7.4817644e-06
23105,7.69265e-06
23107,7.881074e-06
23144,7.726251e-06
23189,9.792863e-06
23439,9.663758e-06
23470,1.1331362e-05
23516,7.920302e-06
23517,7.7360755e-06
23592,7.950116e-06
23709,7.646335e-06
23828,7.650179e-06
23834,8.528152e-06
23851,7.792114e-06
23854,7.800923e-06
23874,8.126604e-06
23882,7.437404e-06
23900,7.832478e-06
23904,8.0214795e-06
23917,8.424565e-06
23936,7.535338e-06
23942,1.1064941e-05
23949,1.3783667e-05
23957,7.4284553e-06
23969,7.73834e-06
24014,7.653323e-06
24017,7.458778e-06
24053,7.6260762e-06
24063,7.834515e-06
24071,7.4536015e-06
24072,7.734898e-06
24076,7.654715e-06
24079,7.4478103e-06
24087,7.4500676e-06
24093,8.152909e-06
24096,8.9790055e-06
24100,8.227529e-06
24113,7.662915e-06
24129,1.06166535e-05
24150,8.678743e-06
24229,7.448727e-06
24234,7.6009283e-06
24251,7.718298e-06
24252,7.5873604e-06
24256,7.463234e-06
24270,7.522495e-06
24286,7.570118e-06
24301,9.189993e-06
24303,9.349131e-06
24316,7.418214e-06
24418,9.679534e-06
24424,7.723025e-06
24432,7.847516e-06
24440,7.4430577e-06
24444,7.371301e-06
24450,1.3841989e-05
24453,7.660551e-06
24457,7.655685e-06
24460,8.260873e-06
24467,7.392606e-06
24494,7.4529094e-06
24498,7.45399e-06
24504,7.2334537e-06
24520,7.322715e-06
24561,7.781422e-06
24571,8.412372e-06
24589,7.4794e-06
24595,8.165574e-06
24598,7.3462293e-06
24624,7.3287333e-06
24630,7.729034e-06
24634,7.332125e-06
24681,7.15864e-06
24691,8.228271e-06
24694,8.170513e-06
24769,1.0908881e-05
24789,7.541669e-06
24852,7.339113e-06
24856,7.878428e-06
24887,7.4475206e-06
24895,7.644001e-06
24920,7.749485e-06
24964,1.0770546e-05
24982,7.3350493e-06
24990,8.208567e-06
24992,8.261251e-06
25104,7.2047387e-06
25271,7.632477e-06
25339,7.291287e-06
25362,8.316855e-06
25403,7.4231816e-06
25408,1.10193105e-05
25419,8.1690605e-06
25464,8.421569e-06
25477,7.798323e-06
25525,8.669042e-06
25581,7.712432e-06
25603,8.254461e-06
25612,7.5946787e-06
25619,8.311325e-06
25622,7.978553e-06
25625,7.65537e-06
25641,7.8041385e-06
25645,7.859203e-06
25652,7.595132e-06
25666,9.017996e-06
25715,7.62963e-06
25720,7.377959e-06
25732,7.426693e-06
25791,8.132415e-06
25793,7.4818536e-06
25826,8.047455e-06
25936,7.2964917e-06
25939,7.472626e-06
26004,8.830448e-06
26022,7.4807785e-06
26408,7.4941863e-06
26431,7.3369633e-06
26432,7.3369633e-06
26433,7.3369633e-06
26747,7.806669e-06
27164,7.5100297e-06
27178,7.659309e-06
27206,7.226499e-06
27223,7.5072894e-06
949,7.288911e-06
1126,7.480854e-06
1144,9.925659e-06
1145,9.884625e-06
1154,8.911489e-06
1156,9.288183e-06
1159,7.5802845e-06
1182,7.415907e-06
1190,7.1753875e-06
1191,9.940535e-06
1196,8.369848e-06
1203,1.0172717e-05
1204,9.1562315e-06
1210,1.0786072e-05
1230,9.570347e-06
1238,1.0011619e-05
1262,1.0011619e-05
1279,8.986376e-06
1282,8.572514e-06
1287,1.1111311e-05
1294,1.213202e-05
1325,7.313527e-06
1790,7.2941884e-06
2285,7.2100697e-06
2491,7.168594e-06
2547,7.5678845e-06
2644,7.184945e-06
2691,9.860683e-06
2721,7.959257e-06
2732,7.961392e-06
2772,1.4531241e-05
3003,7.323222e-06
3354,7.2671687e-06
3410,7.446413e-06
3720,1.2985209e-05
3782,7.240913e-06
3903,7.4521045e-06
3934,7.055039e-06
4246,8.561363e-06
4247,8.588675e-06
4253,8.289275e-06
4265,8.851441e-06
4325,7.5923053e-06
4410,7.1219215e-06
4555,7.468002e-06
4616,9.548809e-06
4687,7.4550835e-06
4704,8.792846e-06
4715,9.119731e-06
4737,7.3121246e-06
4857,7.273318e-06
5099,7.811512e-06
5103,7.067828e-06
5127,7.196399e-06
5153,7.206187e-06
5178,7.2578305e-06
5227,8.932942e-06
5258,7.905422e-06
5265,7.3950487e-06
5558,7.180757e-06
5561,7.069171e-06
5762,1.3287953e-05
5942,7.1341674e-06
5946,9.3918825e-06
6075,8.865048e-06
6329,7.665827e-06
6334,7.869999e-06
6443,1.7545546e-05
6471,6.9206208e-06
6492,7.5014896e-06
6585,7.284197e-06
6723,7.432889e-06
6893,7.69807e-06
6903,6.9628663e-06
6917,8.93117e-06
6966,1.04972305e-05
7022,7.0785263e-06
7024,7.2517664e-06
7194,7.2714333e-06
7220,6.992275e-06
7240,8.104669e-06
7256,7.3472756e-06
7309,7.336506e-06
7331,7.837194e-06
7335,7.724514e-06
7419,8.482437e-06
7421,1.1389454e-05
7554,7.610644e-06
7557,7.028922e-06
7594,1.1003043e-05
7631,7.731798e-06
7740,7.560107e-06
7742,7.4980417e-06
7744,7.834292e-06
7765,8.204367e-06
7778,7.854347e-06
7885,7.393744e-06
7904,6.8964805e-06
7916,8.007598e-06
7923,7.957045e-06
7947,7.175471e-06
7958,7.2603643e-06
8056,8.949963e-06
8176,7.187552e-06
8196,7.891523e-06
8266,6.9659327e-06
8305,7.1313166e-06
8326,7.974031e-06
8730,7.0203428e-06
8744,7.1424306e-06
8871,9.442045e-06
8943,7.0983924e-06
8957,7.372061e-06
9116,8.696991e-06
9119,8.2989e-06
9123,7.992439e-06
9143,1.2580198e-05
9160,1.0478259e-05
9179,1.0505522e-05
9181,9.034379e-06
9182,8.816175e-06
9205,1.3841047e-05
9206,1.718997e-05
9208,1.2512876e-05
9226,1.5338515e-05
9363,7.7636505e-06
9368,7.0616916e-06
9382,7.0971296e-06
9386,7.0095357e-06
9539,7.1555683e-06
9548,7.657235e-06
9563,7.087105e-06
9610,8.501156e-06
9618,7.1116847e-06
9658,7.120794e-06
9679,7.1298405e-06
9769,6.970943e-06
9821,7.005912e-06
9877,6.9752464e-06
9886,7.0376695e-06
9938,6.9027305e-06
9986,1.31404795e-05
10134,8.994829e-06
10400,1.2065185e-05
10436,1.0333191e-05
10514,7.079141e-06
10695,7.1751047e-06
10700,6.962344e-06
10705,6.8136715e-06
10736,7.135509e-06
10807,7.105416e-06
10819,6.9838566e-06
10854,7.57894e-06
10864,1.2376127e-05
10944,7.373171e-06
11032,9.701526e-06
11054,1.393662e-05
11177,7.743913e-06
11260,7.383453e-06
11347,7.116738e-06
11350,7.1616373e-06
11356,7.1138516e-06
11364,7.4275404e-06
11379,7.448136e-06
11387,7.0358083e-06
11492,1.230198e-05
11550,6.907477e-06
11562,6.9141765e-06
11612,7.0257015e-06
11677,7.991643e-06
11740,7.4602867e-06
11748,7.248933e-06
11794,8.813385e-06
11848,7.094486e-06
11924,7.1053723e-06
11955,7.127628e-06
12179,7.1695204e-06
12231,1.0659953e-05
12232,9.966406e-06
12236,7.18553e-06
12242,8.224428e-06
12271,8.176704e-06
12284,1.0793052e-05
12316,7.784992e-06
12330,7.468796e-06
12353,7.026079e-06
12367,7.666288e-06
12461,7.1766285e-06
12467,7.009527e-06
12474,7.0910387e-06
12506,7.719699e-06
12529,9.803717e-06
12542,7.4141044e-06
12700,7.192272e-06
12720,6.911763e-06
12749,7.216641e-06
12756,6.888118e-06
12780,6.9842217e-06
12822,7.246166e-06
12834,9.093621e-06
12857,9.547417e-06
12864,8.716301e-06
12873,7.1400636e-06
12878,6.98711e-06
12922,7.0999113e-06
12925,8.4533085e-06
12936,7.1544127e-06
12938,7.185536e-06
12943,8.9074065e-06
12987,7.318208e-06
13016,8.853589e-06
13029,6.9285293e-06
13034,7.187552e-06
13083,7.534169e-06
13121,6.9194793e-06
13142,7.401691e-06
13152,7.320211e-06
13153,8.136229e-06
13158,7.2767293e-06
13203,7.681904e-06
13228,7.1113345e-06
13283,8.05331e-06
13288,7.2044686e-06
13318,8.231938e-06
13358,1.11621775e-05
13383,8.999573e-06
13413,7.591505e-06
13422,7.719299e-06
13424,7.1645404e-06
13483,7.1189424e-06
13546,7.41975e-06
13574,7.5325174e-06
13576,8.431266e-06
13578,7.0671263e-06
13580,7.2730236e-06
13581,7.207389e-06
13612,7.142908e-06
13643,7.5133385e-06
13715,7.080577e-06
13725,7.1061913e-06
13776,7.3862693e-06
13779,7.208755e-06
13799,7.2056696e-06
13803,7.085921e-06
13834,7.4901877e-06
13982,6.818307e-06
14006,7.62676e-06
14104,7.169587e-06
14117,7.324109e-06
14121,7.087754e-06
14135,9.593951e-06
14161,7.516767e-06
14192,7.837647e-06
14228,8.111582e-06
14244,8.417539e-06
14250,7.729266e-06
14254,8.386768e-06
14275,7.744165e-06
14278,8.31339e-06
14279,8.185534e-06
14280,7.960659e-06
14285,8.240259e-06
14321,8.567568e-06
14417,8.410386e-06
14442,7.044771e-06
14469,6.936103e-06
14470,7.3580254e-06
14471,7.2909743e-06
14660,7.3489764e-06
14683,7.668023e-06
14706,8.980748e-06
14720,6.9699927e-06
14757,6.9698203e-06
14761,7.055472e-06
14791,7.2773087e-06
14839,9.625179e-06
14857,9.625179e-06
14888,7.037431e-06
14928,1.211546e-05
14956,7.3443352e-06
14977,7.6072347e-06
14999,1.0446335e-05
15032,7.7013765e-06
15049,7.256209e-06
15083,7.409796e-06
15100,1.1541352e-05
15118,9.2933715e-06
15161,9.097417e-06
15162,9.097417e-06
15220,9.3258805e-06
15234,7.324177e-06
15238,7.2325624e-06
15293,6.8049344e-06
15430,7.467658e-06
15431,8.4111225e-06
15470,8.479504e-06
15487,1.0568488e-05
15492,7.26611e-06
15516,7.6891865e-06
15518,7.0969927e-06
15519,7.3513015e-06
15558,7.193193e-06
15627,7.188704e-06
15655,7.6247093e-06
15676,7.1511877e-06
15686,8.138636e-06
15700,7.0852425e-06
15725,7.088737e-06
15727,7.1715435e-06
15744,7.695629e-06
15753,1.2081239e-05
15784,6.886736e-06
15791,7.3448136e-06
15833,7.4113095e-06
15843,8.294124e-06
15864,7.038569e-06
15891,7.1606346e-06
15897,6.90599e-06
15920,7.766725e-06
15926,7.5968724e-06
15934,1.1820674e-05
15945,6.8504282e-06
16036,6.997321e-06
16049,6.9978546e-06
16086,6.9928988e-06
16129,1.4961445e-05
16138,1.49618945e-05
16162,1.6457663e-05
16172,1.40803295e-05
16231,1.4213284e-05
16290,1.4338089e-05
16291,1.6666918e-05
16292,1.3307352e-05
16380,9.720143e-06
16382,7.307197e-06
16409,7.1939544e-06
16471,7.3531055e-06
16535,7.5241915e-06
16544,7.4059703e-06
16619,7.291966e-06
16623,7.337967e-06
16655,1.0543928e-05
16665,7.683085e-06
16674,7.136696e-06
16706,7.3578476e-06
16788,6.972832e-06
16794,7.741411e-06
16797,7.242814e-06
16816,7.656103e-06
16832,7.3139945e-06
16847,7.1712284e-06
16849,7.216435e-06
16852,7.619964e-06
16866,7.1177274e-06
16957,7.234004e-06
17016,7.234283e-06
17025,7.1659715e-06
17043,7.4932896e-06
17054,7.444098e-06
17077,7.3423653e-06
17114,7.0365386e-06
17144,7.2777357e-06
17147,7.510528e-06
17195,7.3571396e-06
17216,7.1036993e-06
17231,1.0007904e-05
17239,7.0509886e-06
17240,7.835848e-06
17350,8.236755e-06
17435,8.023653e-06
17488,8.0596e-06
17509,8.2404185e-06
17511,8.471393e-06
17557,9.067549e-06
17633,8.133224e-06
17710,1.02373415e-05
17818,7.2105186e-06
17830,7.08334e-06
18019,7.061539e-06
18023,7.301605e-06
18092,7.5136263e-06
18199,7.067727e-06
18228,7.191558e-06
18252,7.862187e-06
18304,7.518166e-06
18331,7.5245575e-06
18335,7.327764e-06
18366,7.2786315e-06
18389,7.1900117e-06
18450,7.517438e-06
18487,7.5177227e-06
18523,7.445948e-06
18558,7.1518925e-06
18580,7.150084e-06
18614,7.022589e-06
18633,7.1390714e-06
18649,7.265817e-06
18672,7.1400714e-06
18687,7.0685114e-06
18707,7.2102807e-06
18716,6.9355574e-06
18733,1.0296531e-05
18736,1.1016734e-05
18754,7.240552e-06
18764,9.800414e-06
18776,7.1713157e-06
18784,7.038754e-06
18807,7.529494e-06
18814,9.98088e-06
18815,7.2162516e-06
18825,1.0131215e-05
18836,7.943585e-06
19171,7.5191942e-06
19173,7.0146402e-06
19183,7.188691e-06
19277,7.718559e-06
19351,7.8908715e-06
19353,9.53899e-06
19368,6.974755e-06
19370,7.192137e-06
19383,7.071973e-06
19391,7.357937e-06
19402,7.686648e-06
19433,7.194075e-06
19447,7.408289e-06
19466,7.1124086e-06
19472,7.214951e-06
19482,1.00825555e-05
19498,1.291546e-05
19503,1.3458602e-05
19506,1.3033933e-05
19518,9.986586e-06
19530,8.937382e-06
19535,7.002094e-06
19538,7.1031027e-06
19560,7.09022e-06
19569,7.0953683e-06
19574,7.2451217e-06
19609,1.2175988e-05
19611,1.3548489e-05
19633,6.9986877e-06
19657,8.48354e-06
19677,1.0764932e-05
19688,1.1382822e-05
19708,7.888223e-06
19709,1.0764932e-05
19710,1.0877527e-05
19769,7.1747945e-06
19772,8.198906e-06
19773,7.216122e-06
19790,7.839217e-06
19805,9.315909e-06
19820,7.419503e-06
19879,7.3938377e-06
19884,7.0108053e-06
19905,7.348384e-06
19906,7.064307e-06
19924,8.971254e-06
19939,7.293831e-06
19962,8.047962e-06
19969,7.3452456e-06
19982,9.19266e-06
20042,7.193248e-06
20136,7.138151e-06
20174,7.410187e-06
20237,7.767076e-06
20256,7.5114717e-06
20328,7.353803e-06
20352,7.37387e-06
20360,7.1653058e-06
20367,7.125386e-06
20395,7.2502485e-06
20398,7.4251343e-06
20434,7.2450653e-06
20435,7.380269e-06
20455,7.2191797e-06
20459,7.238912e-06
20462,6.967058e-06
20463,7.064525e-06
20468,7.8673465e-06
20472,7.4232566e-06
20475,7.2758717e-06
20485,8.74492e-06
20490,7.1812487e-06
20520,7.1244826e-06
20557,1.151567e-05
20629,1.4677701e-05
20631,1.4677701e-05
20634,8.581137e-06
20638,7.0259503e-06
20652,7.1366326e-06
20671,1.1356242e-05
20672,1.3289572e-05
20674,1.3303784e-05
20682,1.1470091e-05
20692,1.3303784e-05
20697,1.3303784e-05
20700,6.818734e-06
20720,7.666785e-06
20727,7.546549e-06
20758,7.612107e-06
20765,7.632799e-06
20891,7.451986e-06
20958,7.342431e-06
20989,7.3435103e-06
20998,7.2637276e-06
21042,7.0593173e-06
21053,7.1464387e-06
21068,6.8271497e-06
21072,6.8815352e-06
21076,7.031341e-06
21077,8.515245e-06
21078,8.387417e-06
21079,7.005183e-06
21090,7.437478e-06
21105,7.204751e-06
21109,7.071921e-06
21116,7.311513e-06
21171,8.346162e-06
21198,7.5950948e-06
21202,7.351755e-06
21204,7.413411e-06
21232,7.19403e-06
21234,7.103041e-06
21263,7.082744e-06
21267,7.6105193e-06
21315,7.3563933e-06
21359,7.3212136e-06
21363,7.210571e-06
21365,7.1583613e-06
21508,1.2843291e-05
21541,7.3967312e-06
21545,7.7584555e-06
21562,7.134657e-06
21602,8.550634e-06
21652,1.1202936e-05
21673,7.3989922e-06
21700,6.9804996e-06
21726,7.697133e-06
21727,7.080761e-06
21742,9.625488e-06
21776,7.0262745e-06
21796,7.1305913e-06
21827,7.546588e-06
21851,7.243108e-06
21855,7.2603084e-06
21882,7.1546324e-06
21904,7.322135e-06
21908,7.21214e-06
21915,9.412398e-06
21935,7.3426568e-06
21956,7.2293456e-06
21967,7.215465e-06
21973,7.057543e-06
21977,7.009611e-06
21990,6.9925195e-06
21997,6.9852417e-06
22002,7.04436e-06
22059,7.320869e-06
22060,7.115656e-06
22073,7.4634777e-06
22074,7.067078e-06
22106,7.269698e-06
22662,7.3166498e-06
22679,7.325913e-06
22732,7.4097725e-06
22753,7.1779023e-06
22767,7.1972654e-06
22808,7.2301827e-06
22822,7.101285e-06
22891,1.3256703e-05
22894,1.0934838e-05
22925,1.3106304e-05
22935,1.326135e-05
22991,1.5494688e-05
23013,7.408706e-06
23014,7.0630454e-06
23023,7.091881e-06
23037,7.599566e-06
23086,7.226104e-06
23088,7.726321e-06
23090,7.048152e-06
23098,7.2150197e-06
23132,7.948227e-06
23133,7.370956e-06
23155,9.484406e-06
23227,9.5368805e-06
23268,1.0948258e-05
23309,1.3242491e-05
23364,9.4949555e-06
23469,1.0839135e-05
23478,1.0871157e-05
23515,6.8060735e-06
23518,7.069029e-06
23520,7.006322e-06
23522,8.977067e-06
23608,7.207913e-06
23804,7.4065056e-06
23819,7.3139945e-06
23856,7.582412e-06
23858,6.9575735e-06
23894,7.415676e-06
23932,7.0267e-06
23939,7.1738796e-06
23955,6.939226e-06
23997,7.4046848e-06
24006,7.70883e-06
24007,7.2472394e-06
24018,7.2346993e-06
24034,7.1794266e-06
24042,7.0598417e-06
24046,7.2974103e-06
24049,7.720061e-06
24061,7.2126513e-06
24066,7.455452e-06
24078,8.321212e-06
24083,7.607217e-06
24095,8.676362e-06
24109,7.313804e-06
24118,7.3762294e-06
24119,7.342685e-06
24146,7.449247e-06
24155,8.183627e-06
24158,7.394297e-06
24160,8.063696e-06
24167,7.483134e-06
24172,7.129942e-06
24196,7.1957156e-06
24233,7.1374016e-06
24243,7.1391264e-06
24254,7.771319e-06
24263,6.8601676e-06
24290,7.0565466e-06
24310,7.0283263e-06
24325,9.648505e-06
24404,7.5438775e-06
24416,7.359815e-06
24434,7.613122e-06
24474,7.111226e-06
24486,6.9800335e-06
24491,6.9004045e-06
24519,8.395317e-06
24528,7.0413726e-06
24533,8.162817e-06
24558,7.466707e-06
24581,8.953246e-06
24588,6.9068415e-06
24594,6.8779705e-06
24603,6.965293e-06
24607,7.1617687e-06
24627,7.756886e-06
24639,1.0055546e-05
24698,7.0282626e-06
24714,6.9967537e-06
24721,7.2932767e-06
24730,7.082749e-06
24868,7.1071236e-06
24870,6.902897e-06
24874,6.9496127e-06
24879,7.027961e-06
24902,7.0567494e-06
24957,9.147303e-06
24972,7.064167e-06
24980,7.2020725e-06
24983,7.0129076e-06
24999,7.5620437e-06
25001,7.195028e-06
25013,7.223906e-06
25085,7.5484677e-06
25090,6.890324e-06
25115,8.851706e-06
25265,7.4609993e-06
25276,7.555852e-06
25291,7.449142e-06
25306,7.4347363e-06
25310,7.666979e-06
25331,7.01831e-06
25357,7.5432263e-06
25437,1.008154e-05
25439,7.181993e-06
25453,7.59071e-06
25501,7.038548e-06
25514,7.277353e-06
25537,7.462793e-06
25543,7.75719e-06
25564,8.388636e-06
25573,7.234351e-06
25575,7.567947e-06
25590,7.688009e-06
25593,7.2027487e-06
25595,7.2845655e-06
25605,7.2461253e-06
25611,7.260254e-06
25614,8.64906e-06
25630,7.3678616e-06
25633,7.494811e-06
25639,7.668824e-06
25644,7.268266e-06
25646,7.4349196e-06
25648,7.437027e-06
25665,7.4613686e-06
25673,7.0035576e-06
25677,6.9315747e-06
25688,7.3309184e-06
25696,7.6160054e-06
25711,8.1281505e-06
25723,8.116778e-06
25786,1.0084829e-05
25792,6.891726e-06
25794,7.6684655e-06
25803,7.5815624e-06
25810,1.06661755e-05
25822,6.989334e-06
25842,7.043249e-06
25851,7.0628394e-06
25856,6.99354e-06
25904,7.0370575e-06
25912,6.977569e-06
25916,6.8204495e-06
25928,7.4799755e-06
25940,6.985781e-06
25946,7.1738614e-06
25975,6.9550515e-06
26007,7.20121e-06
26017,7.039121e-06
26019,7.0664955e-06
26020,7.2333683e-06
26092,6.9113935e-06
26248,7.596996e-06
26387,7.1160102e-06
26398,6.95808e-06
26416,7.0886376e-06
26425,7.002433e-06
26438,6.9279336e-06
26441,7.0357564e-06
26485,7.297453e-06
26492,7.254345e-06
26669,7.132065e-06
26736,7.326216e-06
26746,8.001084e-06
26750,7.1482827e-06
26760,7.07588e-06
26774,7.131715e-06
26806,7.186559e-06
26808,6.954474e-06
26883,7.3117894e-06
27089,6.975452e-06
27091,7.0173946e-06
27092,6.975452e-06
27112,6.952479e-06
27154,7.138243e-06
27161,7.0346823e-06
27169,7.669955e-06
27176,7.1884256e-06
176,6.7985097e-06
271,7.650845e-06
556,6.6316834e-06
1163,7.92088e-06
1164,7.3472156e-06
1175,8.1378885e-06
1178,7.858952e-06
1183,8.1378885e-06
1184,8.878842e-06
1192,7.403126e-06
1211,9.405752e-06
1213,8.793003e-06
1224,8.7615435e-06
1225,1.1197743e-05
1252,9.405752e-06
1271,8.347249e-06
1277,8.949926e-06
1298,8.376262e-06
1308,9.2456585e-06
1316,7.258819e-06
1319,1.1234823e-05
1324,7.493203e-06
1340,8.381764e-06
1977,6.7295528e-06
2257,6.800135e-06
2719,7.041727e-06
2813,6.8515033e-06
2829,7.4648606e-06
3302,6.702822e-06
3722,7.6528895e-06
3828,8.996405e-06
3975,6.873612e-06
3985,6.7625224e-06
4101,6.7526375e-06
4254,6.7104716e-06
4258,7.527809e-06
4260,6.912162e-06
4261,6.7003252e-06
4434,6.6486673e-06
4461,6.9656076e-06
4505,7.808597e-06
4544,8.330421e-06
4765,8.617481e-06
4825,7.206805e-06
4938,9.207407e-06
5112,7.1769773e-06
5114,6.6644798e-06
5141,6.6667926e-06
5142,6.7894457e-06
5143,7.3971405e-06
5212,7.644731e-06
5215,7.644731e-06
5216,7.644731e-06
5229,8.279826e-06
5246,6.698999e-06
5257,6.777229e-06
5264,6.966928e-06
5281,7.607176e-06
5452,6.6999733e-06
5509,6.5302984e-06
5567,8.283817e-06
5699,9.630128e-06
5905,6.8152126e-06
5940,6.6532953e-06
5945,8.311434e-06
5965,6.9498233e-06
5980,6.767835e-06
6039,6.728511e-06
6089,6.5526237e-06
6114,6.877008e-06
6130,8.4114745e-06
6143,7.0588226e-06
6182,1.079656e-05
6197,6.5713984e-06
6216,6.77159e-06
6248,6.9588095e-06
6253,6.5980325e-06
6324,9.726457e-06
6347,6.6778134e-06
6388,6.7913734e-06
6457,6.546097e-06
6482,6.846984e-06
6491,6.664324e-06
6664,6.782497e-06
6740,6.985608e-06
6800,6.808109e-06
6853,7.0466767e-06
6898,1.1383095e-05
6901,6.7295023e-06
6928,6.7263163e-06
6970,6.776074e-06
7051,6.691657e-06
7089,6.885405e-06
7114,6.6864177e-06
7151,6.7338065e-06
7163,7.519446e-06
7177,7.3942483e-06
7218,7.231882e-06
7301,6.825257e-06
7315,7.3635515e-06
7374,7.3609517e-06
7415,7.09412e-06
7457,7.2546422e-06
7489,6.796204e-06
7497,8.130226e-06
7577,6.7207584e-06
7608,6.9973676e-06
7623,6.787908e-06
7662,9.084493e-06
7670,1.0873601e-05
7685,7.4277964e-06
7764,7.3452543e-06
7820,1.0980234e-05
7853,7.3021265e-06
7863,6.56021e-06
7877,9.133103e-06
7907,6.8064846e-06
7927,6.676387e-06
7932,6.923522e-06
7933,9.58634e-06
7950,9.1359e-06
7964,6.809077e-06
8017,7.706942e-06
8040,6.6469775e-06
8057,9.189762e-06
8166,6.8265513e-06
8188,7.3724405e-06
8217,1.2064921e-05
8228,7.291459e-06
8277,6.703864e-06
8325,7.0185874e-06
8344,6.603237e-06
8638,9.453391e-06
8745,6.5880217e-06
8759,6.800414e-06
8781,6.677695e-06
8828,6.712313e-06
8971,6.999872e-06
8973,6.817421e-06
8988,6.7991723e-06
9117,1.18616335e-05
9118,8.142723e-06
9122,1.15420835e-05
9124,1.4420386e-05
9133,7.926591e-06
9156,9.943983e-06
9159,1.1896062e-05
9169,8.059303e-06
9173,1.4733669e-05
9176,1.2006501e-05
9177,7.564934e-06
9190,1.4420386e-05
9191,8.146396e-06
9195,9.148879e-06
9199,7.672631e-06
9207,7.829257e-06
9230,1.0384383e-05
9251,1.0972034e-05
9491,6.6285334e-06
9497,7.1549734e-06
9513,6.831373e-06
9547,1.5218945e-05
9599,6.7805363e-06
9628,6.7195183e-06
9630,6.822554e-06
9633,9.016661e-06
9648,6.6608086e-06
9657,6.6618677e-06
9660,6.75616e-06
9675,7.305228e-06
9700,6.61281e-06
9718,6.595318e-06
9767,6.7564547e-06
9779,6.668863e-06
9780,6.873668e-06
9832,6.631902e-06
9870,1.01485675e-05
9892,6.614911e-06
10017,6.9461976e-06
10028,6.765705e-06
10035,6.875186e-06
10087,8.374788e-06
10119,9.425201e-06
10138,8.660065e-06
10178,8.998803e-06
10234,9.379318e-06
10386,6.6866796e-06
10444,9.904708e-06
10467,6.7126016e-06
10480,6.7335513e-06
10527,7.4127825e-06
10586,6.5654253e-06
10606,6.7322007e-06
10739,7.1838135e-06
10824,6.5413815e-06
10903,7.395608e-06
10962,7.4166305e-06
10990,8.075287e-06
10999,6.686241e-06
11165,6.589701e-06
11207,6.7459364e-06
11273,6.6088337e-06
11311,7.5518983e-06
11340,7.735383e-06
11349,7.242386e-06
11362,6.935934e-06
11363,6.935934e-06
11401,6.7794463e-06
11467,6.9087932e-06
11474,7.0497626e-06
11484,8.993527e-06
11496,6.704911e-06
11498,8.059068e-06
11516,7.3595597e-06
11581,6.8419995e-06
11608,7.502655e-06
11786,6.6616763e-06
11789,6.7664055e-06
11849,6.970838e-06
11871,6.6057805e-06
11879,6.7648925e-06
12067,6.84333e-06
12089,6.9947123e-06
12294,7.426687e-06
12336,6.7410356e-06
12339,7.4795216e-06
12347,7.255611e-06
12355,6.8469712e-06
12368,7.2758567e-06
12377,1.0411823e-05
12380,7.428047e-06
12407,7.0189785e-06
12482,6.8159247e-06
12514,6.924139e-06
12525,6.643067e-06
12541,6.820717e-06
12556,7.138752e-06
12567,1.0823076e-05
12577,6.7244246e-06
12617,6.8709182e-06
12629,6.7467386e-06
12677,6.5531276e-06
12679,6.608725e-06
12682,6.754068e-06
12697,6.7273027e-06
12705,6.6718153e-06
12733,6.608959e-06
12734,6.766372e-06
12740,6.6870143e-06
12773,6.5954996e-06
12807,6.9581724e-06
12858,7.918438e-06
12868,6.727317e-06
12889,6.814787e-06
12902,6.882131e-06
12926,6.7270685e-06
12927,6.7337874e-06
12931,7.2527973e-06
12937,6.819001e-06
12947,6.8301983e-06
12965,6.9131956e-06
12976,7.2783605e-06
12997,6.7141204e-06
13020,7.135443e-06
13022,6.6204125e-06
13023,6.615021e-06
13024,6.7240926e-06
13039,6.905013e-06
13044,7.374232e-06
13051,6.833253e-06
13060,6.7062874e-06
13068,6.713421e-06
13069,6.658175e-06
13080,7.342109e-06
13123,6.935793e-06
13267,6.8425397e-06
13272,6.905949e-06
13327,6.720165e-06
13354,1.18616335e-05
13375,8.455943e-06
13376,9.612512e-06
13386,6.855574e-06
13458,6.743524e-06
13463,6.712246e-06
13515,1.0606127e-05
13525,6.7392166e-06
13533,6.9025705e-06
13560,6.8857084e-06
13562,7.1504273e-06
13709,6.8097206e-06
13833,6.855086e-06
13851,7.169257e-06
13922,6.6086195e-06
14000,6.8856384e-06
14015,6.8026093e-06
14123,6.7356755e-06
14138,9.0860485e-06
14144,6.8216928e-06
14277,7.4757972e-06
14319,7.903158e-06
14336,8.395339e-06
14365,7.1267705e-06
14374,6.662211e-06
14376,1.0905386e-05
14387,7.148076e-06
14390,6.7424335e-06
14420,9.731647e-06
14436,7.4104223e-06
14453,7.010577e-06
14456,7.3370356e-06
14501,6.66904e-06
14540,6.7150313e-06
14564,9.599335e-06
14591,6.747435e-06
14604,8.656306e-06
14614,6.9156977e-06
14649,7.797013e-06
14653,1.2675482e-05
14723,7.4754807e-06
14729,6.6290795e-06
14743,6.8092745e-06
14750,6.6373186e-06
14774,6.885563e-06
14780,6.6144657e-06
14805,1.4719002e-05
14819,6.8343716e-06
14834,1.3823305e-05
14866,7.720887e-06
14867,7.720887e-06
14871,8.219547e-06
14874,1.13842e-05
14875,8.33048e-06
14883,7.486166e-06
14889,9.242944e-06
14890,7.4621944e-06
14975,6.7971314e-06
14992,7.427284e-06
15003,7.5860166e-06
15030,1.0144587e-05
15042,6.6541243e-06
15063,6.5896907e-06
15081,9.945853e-06
15092,1.2605459e-05
15101,8.738219e-06
15106,1.0264736e-05
15110,1.1749039e-05
15111,1.0264736e-05
15126,7.317851e-06
15134,9.727157e-06
15140,7.2350467e-06
15152,8.021029e-06
15153,8.021029e-06
15163,8.059303e-06
15166,8.036212e-06
15169,1.1097065e-05
15174,1.0937605e-05
15222,6.853936e-06
15240,6.6395337e-06
15241,6.7162323e-06
15336,6.7640185e-06
15353,7.545309e-06
15380,7.0812785e-06
15390,7.0659107e-06
15453,7.169631e-06
15471,6.6993994e-06
15530,7.341221e-06
15643,7.0781643e-06
15656,6.7871715e-06
15673,6.6638354e-06
15726,6.5984555e-06
15733,6.8513955e-06
15737,7.03147e-06
15741,6.5348154e-06
15748,7.793591e-06
15751,7.1520526e-06
15758,6.7489514e-06
15781,7.135724e-06
15790,6.745479e-06
15837,7.1583436e-06
15839,6.7731717e-06
15840,6.699127e-06
15929,1.290985e-05
15937,1.0657652e-05
15957,8.1580265e-06
15965,7.1238965e-06
16029,9.402718e-06
16082,6.749698e-06
16103,6.754107e-06
16109,6.639094e-06
16123,1.15420835e-05
16133,1.608824e-05
16161,1.2941201e-05
16165,1.2941201e-05
16177,1.4420386e-05
16188,1.4307791e-05
16189,1.0788418e-05
16195,1.2813609e-05
16199,1.2255927e-05
16214,1.3747516e-05
16216,1.3836041e-05
16229,1.4721649e-05
16232,1.3209937e-05
16248,1.36491335e-05
16252,1.4307791e-05
16254,1.1847894e-05
16256,1.36491335e-05
16265,1.4307791e-05
16275,1.36491335e-05
16277,1.4307791e-05
16299,7.925857e-06
16314,6.581667e-06
16315,6.5456716e-06
16322,6.8025024e-06
16346,6.6291873e-06
16349,6.8081736e-06
16361,7.635222e-06
16364,7.4090103e-06
16398,6.8476143e-06
16400,6.749145e-06
16422,6.7029055e-06
16424,7.021873e-06
16582,6.70014e-06
16629,6.866414e-06
16639,6.8704344e-06
16662,7.03834e-06
16678,6.8723493e-06
16686,6.6772827e-06
16830,6.9017497e-06
16886,6.894396e-06
16888,6.8010254e-06
16893,7.0076503e-06
16910,6.8264308e-06
16945,6.723199e-06
16967,7.636068e-06
16975,6.9295197e-06
17012,7.0265214e-06
17017,6.788229e-06
17019,7.026308e-06
17020,7.026308e-06
17029,6.73597e-06
17034,6.8988006e-06
17041,6.8219756e-06
17058,7.1091354e-06
17059,6.819509e-06
17073,6.8925847e-06
17098,6.715209e-06
17109,6.603036e-06
17132,7.07536e-06
17156,6.7591764e-06
17199,6.7086544e-06
17214,6.592721e-06
17219,8.986877e-06
17238,7.5044813e-06
17253,7.4424324e-06
17254,6.869249e-06
17274,6.957142e-06
17283,7.455435e-06
17300,7.664122e-06
17302,7.807777e-06
17334,7.45212e-06
17358,8.003018e-06
17373,7.664122e-06
17393,7.608703e-06
17434,7.537456e-06
17451,7.725676e-06
17530,7.641688e-06
17546,7.664122e-06
17565,7.66113e-06
17586,7.664122e-06
17597,7.614992e-06
17604,7.6095876e-06
17661,7.4509644e-06
17704,8.9962805e-06
17711,6.597761e-06
17750,6.9366347e-06
17858,6.7050332e-06
17980,7.503975e-06
18014,6.8518684e-06
18222,7.4950703e-06
18238,6.9108455e-06
18239,6.7155565e-06
18242,6.6491352e-06
18343,6.742954e-06
18362,6.8386867e-06
18499,6.880031e-06
18549,6.7428387e-06
18566,1.0103063e-05
18592,6.9983967e-06
18603,6.897246e-06
18608,6.699233e-06
18613,1.3155793e-05
18615,7.0391884e-06
18623,7.427604e-06
18625,6.8300046e-06
18627,6.772949e-06
18634,6.808367e-06
18657,6.9202624e-06
18658,6.622087e-06
18710,6.6856733e-06
18745,7.4721843e-06
18748,6.9930684e-06
18749,9.99229e-06
18762,7.644731e-06
18788,6.7231153e-06
18809,7.2770085e-06
18812,6.661438e-06
18818,6.79328e-06
18845,6.663711e-06
18848,6.703197e-06
18892,6.9985686e-06
18918,6.813523e-06
18954,6.768876e-06
19159,7.504749e-06
19198,6.597651e-06
19236,6.7287424e-06
19299,7.1351355e-06
19315,6.769033e-06
19318,6.5858076e-06
19346,6.962462e-06
19365,6.8713016e-06
19367,6.7150854e-06
19400,6.839748e-06
19416,8.080758e-06
19421,7.0779797e-06
19439,6.944388e-06
19493,1.0016149e-05
19501,1.1796597e-05
19505,1.0016149e-05
19512,9.544399e-06
19514,9.544399e-06
19540,6.739989e-06
19550,6.6704188e-06
19553,6.623765e-06
19568,6.571727e-06
19597,9.312879e-06
19600,1.1597625e-05
19601,9.202739e-06
19605,8.674968e-06
19608,9.40672e-06
19610,1.0776313e-05
19634,6.7100327e-06
19655,7.995664e-06
19656,9.193798e-06
19662,8.093732e-06
19667,1.08594395e-05
19693,1.018657e-05
19695,8.07064e-06
19715,7.981137e-06
19738,6.6083876e-06
19748,6.5300305e-06
19775,7.0198885e-06
19778,7.1602003e-06
19779,7.907997e-06
19809,7.3477077e-06
19848,8.681648e-06
19888,7.4107957e-06
19894,6.746759e-06
19942,6.9803687e-06
19947,7.0874135e-06
19978,7.2223756e-06
19985,7.1151317e-06
19996,8.795815e-06
20000,8.503114e-06
20192,6.816976e-06
20221,6.6377397e-06
20223,7.168554e-06
20282,6.7217957e-06
20341,6.8028394e-06
20378,6.739322e-06
20388,6.724522e-06
20410,6.805317e-06
20414,7.981206e-06
20465,7.061286e-06
20491,6.576887e-06
20511,6.760908e-06
20541,7.648548e-06
20544,1.3731814e-05
20545,8.6529135e-06
20560,9.132512e-06
20575,1.0626694e-05
20582,8.138797e-06
20626,8.835972e-06
20633,8.423243e-06
20644,8.10848e-06
20648,8.296412e-06
20665,7.609133e-06
20666,7.641686e-06
20669,7.441743e-06
20675,9.861331e-06
20680,9.153398e-06
20681,1.23004365e-05
20698,7.807564e-06
20729,6.8807763e-06
20731,6.8599684e-06
20798,7.1689315e-06
20801,7.0232863e-06
20811,7.261546e-06
20856,6.853238e-06
20909,6.972532e-06
20910,6.9349126e-06
20915,6.955272e-06
20934,7.3067513e-06
20936,7.1084205e-06
20951,6.875891e-06
20961,6.7174956e-06
21022,6.62475e-06
21031,6.805968e-06
21050,6.5833406e-06
21055,7.4256445e-06
21063,7.167898e-06
21084,7.482201e-06
21091,6.862966e-06
21095,6.5295726e-06
21097,7.3741217e-06
21104,9.032563e-06
21111,6.991406e-06
21120,6.7858346e-06
21146,6.962954e-06
21157,7.113395e-06
21161,7.860886e-06
21166,6.8153663e-06
21167,7.0431506e-06
21169,6.8756353e-06
21173,7.0146907e-06
21184,6.9087773e-06
21200,6.8742256e-06
21215,6.8494164e-06
21217,6.7472774e-06
21220,6.6754997e-06
21229,6.7635174e-06
21231,6.7281694e-06
21233,6.7557694e-06
21257,7.686067e-06
21270,6.806445e-06
21278,6.9531957e-06
21285,7.960667e-06
21317,6.89598e-06
21318,6.850538e-06
21326,7.034118e-06
21328,6.9664898e-06
21334,6.767865e-06
21375,6.7424967e-06
21382,6.95183e-06
21433,6.692674e-06
21503,6.9862467e-06
21507,9.400838e-06
21515,7.071459e-06
21529,6.825823e-06
21538,6.8086824e-06
21551,6.7210954e-06
21563,7.2253647e-06
21579,7.394173e-06
21586,6.9930575e-06
21589,6.679526e-06
21593,6.974995e-06
21612,6.9930575e-06
21634,7.240555e-06
21643,8.584547e-06
21649,9.8650835e-06
21651,1.0943393e-05
21653,1.0671339e-05
21654,1.0671339e-05
21658,9.99847e-06
21663,9.304748e-06
21671,6.846781e-06
21680,7.701479e-06
21684,1.0579782e-05
21690,6.7828873e-06
21693,6.7955457e-06
21706,6.910514e-06
21708,6.8092945e-06
21715,6.761391e-06
21728,7.203318e-06
21734,7.914138e-06
21737,7.3826095e-06
21739,6.6072525e-06
21753,6.5988106e-06
21768,7.3593947e-06
21778,6.744538e-06
21791,7.062125e-06
21807,7.023927e-06
21818,6.80613e-06
21841,1.0651053e-05
21846,1.2104007e-05
21856,6.8953177e-06
21857,6.805264e-06
21858,7.5537505e-06
21859,7.1630293e-06
21861,6.521191e-06
21863,6.744547e-06
21874,6.529504e-06
21877,7.188286e-06
21880,6.697562e-06
21881,7.165422e-06
21885,7.3613046e-06
21902,6.4706987e-06
21906,8.855865e-06
21916,6.8082363e-06
21937,6.7992937e-06
21960,6.7802293e-06
21964,6.8453146e-06
21972,6.615819e-06
21996,6.840339e-06
21999,8.561492e-06
22009,6.6372954e-06
22030,1.20171735e-05
22043,1.0522991e-05
22055,9.100258e-06
22072,6.597794e-06
22667,6.700892e-06
22673,8.506614e-06
22706,6.733839e-06
22725,6.8504246e-06
22763,7.148569e-06
22785,7.0271426e-06
22792,6.8335276e-06
22813,6.827112e-06
22837,7.1920026e-06
22844,7.3441347e-06
22849,6.841856e-06
22859,6.82007e-06
22861,6.9605067e-06
22871,6.875257e-06
22873,6.6691186e-06
22878,6.6444977e-06
22896,9.846804e-06
22897,1.2725106e-05
22907,1.3038389e-05
22924,9.693389e-06
22926,1.2285909e-05
22927,1.5477495e-05
22933,9.81425e-06
22936,1.2558012e-05
22937,1.2725106e-05
22938,1.0152614e-05
22946,1.0638313e-05
22947,1.2164831e-05
22968,1.0118906e-05
22973,1.0265208e-05
22976,1.0012681e-05
22985,9.242433e-06
22986,1.2253356e-05
22992,1.569536e-05
23004,6.5728123e-06
23009,6.7555407e-06
23011,6.6500356e-06
23027,6.7491737e-06
23029,6.5812424e-06
23036,1.1567355e-05
23040,6.7547e-06
23045,6.552245e-06
23070,6.863917e-06
23073,6.769097e-06
23074,6.684038e-06
23081,7.65314e-06
23094,7.4568306e-06
23108,7.0176134e-06
23111,6.689624e-06
23130,7.702402e-06
23141,6.5610056e-06
23145,6.9578286e-06
23152,7.659785e-06
23161,1.2239145e-05
23179,8.994807e-06
23186,1.2823489e-05
23200,1.0624101e-05
23212,9.672376e-06
23225,1.2710894e-05
23226,1.0624101e-05
23230,9.8821665e-06
23233,9.804686e-06
23262,9.666653e-06
23311,1.2239145e-05
23312,1.2239145e-05
23313,9.679178e-06
23327,1.0624101e-05
23351,1.1216712e-05
23371,1.0624101e-05
23382,1.2071317e-05
23432,1.0624101e-05
23447,8.991185e-06
23462,1.0472908e-05
23487,8.146396e-06
23554,6.9710254e-06
23555,6.583287e-06
23613,6.835111e-06
23621,1.0818744e-05
23682,6.6061393e-06
23704,7.3290184e-06
23790,6.8092495e-06
23792,7.8124285e-06
23796,7.6627175e-06
23797,7.840493e-06
23812,6.9564576e-06
23833,6.7330334e-06
23841,6.6594157e-06
23845,1.0178161e-05
23848,6.704532e-06
23875,7.3598044e-06
23907,6.9715948e-06
23922,6.765651e-06
23924,7.0975193e-06
23930,6.7548563e-06
23943,6.7163446e-06
23945,6.7616656e-06
23960,6.8895943e-06
23966,6.906913e-06
23967,7.183434e-06
23977,6.580415e-06
23978,7.127246e-06
23996,6.8076242e-06
24002,6.943791e-06
24019,7.4595105e-06
24039,6.708355e-06
24056,6.965127e-06
24058,6.758119e-06
24060,7.074458e-06
24077,6.7813075e-06
24091,6.817374e-06
24104,6.8046425e-06
24106,6.6970097e-06
24128,7.30616e-06
24149,6.88451e-06
24151,6.984193e-06
24152,7.162394e-06
24156,6.89871e-06
24162,6.9131556e-06
24171,6.782011e-06
24175,6.910166e-06
24182,6.754329e-06
24188,7.0123774e-06
24190,6.908397e-06
24192,6.7555757e-06
24209,6.6904545e-06
24213,6.6948796e-06
24219,6.770404e-06
24230,6.861393e-06
24257,6.6835623e-06
24260,6.584864e-06
24264,6.6295947e-06
24269,8.161036e-06
24287,7.3225137e-06
24292,6.60643e-06
24295,6.650487e-06
24299,6.5103472e-06
24311,6.5511376e-06
24321,7.1201453e-06
24323,7.700234e-06
24328,7.700234e-06
24329,7.700234e-06
24398,6.9858957e-06
24417,7.238805e-06
24445,6.7715046e-06
24447,6.5730574e-06
24448,6.6379075e-06
24459,6.640759e-06
24465,6.6953658e-06
24475,6.564754e-06
24478,6.560221e-06
24506,6.5291097e-06
24508,6.5460194e-06
24515,6.5873555e-06
24527,6.789902e-06
24529,6.650471e-06
24535,6.99732e-06
24545,6.5825798e-06
24549,6.6686425e-06
24550,6.5196923e-06
24552,7.091235e-06
24570,6.5464083e-06
24578,6.4873566e-06
24592,6.7745173e-06
24597,6.7781443e-06
24600,7.028029e-06
24609,6.542004e-06
24611,6.9577404e-06
24622,6.574247e-06
24645,1.0811272e-05
24674,6.519078e-06
24680,6.9808057e-06
24710,6.5840595e-06
24712,6.613124e-06
24719,6.5764125e-06
24722,6.656357e-06
24726,6.818425e-06
24742,6.653496e-06
24747,6.5518725e-06
24768,6.613428e-06
24770,7.797259e-06
24788,6.9743255e-06
24804,6.9059197e-06
24806,7.0542587e-06
24846,6.687198e-06
24848,6.9242606e-06
24866,7.419156e-06
24876,6.8481954e-06
24905,6.577935e-06
24938,7.5146286e-06
24951,6.5923286e-06
24968,8.263121e-06
25081,8.216514e-06
25082,7.2701814e-06
25093,6.5865793e-06
25119,8.97046e-06
25130,8.857865e-06
25134,8.97046e-06
25165,8.97046e-06
25173,8.857865e-06
25191,1.1296971e-05
25230,8.080652e-06
25234,6.9913553e-06
25241,7.465136e-06
25250,7.3235415e-06
25251,8.564139e-06
25275,7.0626293e-06
25294,7.1424893e-06
25313,1.4934155e-05
25363,6.753296e-06
25413,6.7735245e-06
25444,6.967655e-06
25455,6.8788604e-06
25457,6.9415e-06
25462,6.9552916e-06
25469,7.657602e-06
25475,7.2824278e-06
25496,6.526704e-06
25502,6.6716857e-06
25508,6.6345356e-06
25524,6.840105e-06
25530,7.057581e-06
25532,6.704928e-06
25541,6.982107e-06
25542,7.218553e-06
25546,6.9475213e-06
25548,7.009801e-06
25553,6.9024445e-06
25556,6.9509842e-06
25568,7.02018e-06
25572,6.788837e-06
25577,6.7663073e-06
25592,6.7133637e-06
25594,6.8598847e-06
25596,7.780194e-06
25613,6.8481786e-06
25623,6.593181e-06
25634,7.395881e-06
25636,7.0219794e-06
25643,6.707204e-06
25650,7.114544e-06
25653,6.7442697e-06
25661,6.7123965e-06
25662,7.665953e-06
25672,7.72905e-06
25675,7.114075e-06
25678,6.6610555e-06
25726,6.6649905e-06
25730,6.7062338e-06
25774,7.4047075e-06
25789,6.8304676e-06
25799,7.277787e-06
25801,7.3579467e-06
25805,6.666998e-06
25811,6.75262e-06
25814,7.4348204e-06
25817,7.2187627e-06
25831,7.2764933e-06
25832,7.471394e-06
25855,6.8549825e-06
25859,7.775677e-06
25905,6.5439367e-06
25923,7.0318656e-06
25976,6.836707e-06
25985,6.668693e-06
25997,6.789242e-06
25999,6.5606405e-06
26013,7.1243994e-06
26055,6.62175e-06
26057,6.804393e-06
26378,6.930259e-06
26402,6.646418e-06
26405,6.5378836e-06
26412,6.674627e-06
26417,6.6606635e-06
26418,6.69277e-06
26426,6.6155576e-06
26429,6.6271864e-06
26442,6.828153e-06
26508,6.940456e-06
26637,6.458244e-06
26644,6.8507366e-06
26668,6.672877e-06
26697,6.73699e-06
26738,6.479934e-06
26756,7.4698237e-06
26770,6.6560374e-06
26821,6.6599478e-06
26869,6.6405014e-06
26872,6.580444e-06
26889,6.7769106e-06
26894,7.484336e-06
27055,6.604019e-06
27087,6.632502e-06
27088,6.632502e-06
27090,6.632502e-06
27107,6.6489315e-06
27118,6.624664e-06
27157,6.7798846e-06
27224,6.516005e-06
27225,6.8313375e-06
27267,7.501308e-06
1157,6.439635e-06
1158,6.5802506e-06
1165,6.5802506e-06
1166,6.5802506e-06
1167,6.3743964e-06
1171,6.566629e-06
1185,6.636161e-06
1187,7.370924e-06
1188,7.370924e-06
1194,6.797259e-06
1199,7.370924e-06
1202,6.636161e-06
1206,7.952082e-06
1207,7.839488e-06
1216,7.2793428e-06
1220,7.175786e-06
1226,7.4420077e-06
1227,7.4420077e-06
1228,8.344059e-06
1236,7.952082e-06
1239,9.605725e-06
1241,7.566169e-06
1243,8.344059e-06
1248,8.344059e-06
1251,7.897834e-06
1254,7.4420077e-06
1257,8.344059e-06
1264,8.344059e-06
1265,8.344059e-06
1266,8.344059e-06
1268,7.4420077e-06
1269,7.4420077e-06
1278,7.897834e-06
1280,8.344059e-06
1281,7.4420077e-06
1285,7.3241695e-06
1297,7.692981e-06
1304,8.885173e-06
1310,6.868343e-06
1312,6.868343e-06
1317,9.543831e-06
1318,6.868343e-06
1320,6.522703e-06
2326,6.571166e-06
2453,7.0012284e-06
2692,7.163071e-06
2693,8.870961e-06
2707,7.0591122e-06
2731,6.39456e-06
3393,6.253762e-06
3676,6.364098e-06
3728,9.941892e-06
3730,9.504523e-06
3731,7.5027865e-06
4242,9.746191e-06
4293,6.7173646e-06
4430,6.744045e-06
4485,1.6441261e-05
4703,7.1149634e-06
4805,7.146045e-06
5104,6.37062e-06
5138,7.846809e-06
5180,6.304552e-06
5208,6.4060605e-06
5220,7.1638847e-06
5223,7.1638847e-06
5224,7.1638847e-06
5225,7.1638847e-06
5226,1.0874894e-05
5228,7.1638847e-06
5240,6.865967e-06
5259,6.2596823e-06
5267,7.026696e-06
5314,6.222801e-06
5486,6.3191824e-06
5578,6.2932054e-06
5964,6.2619524e-06
5970,6.2150184e-06
5972,6.240371e-06
5987,6.190099e-06
5988,6.230874e-06
6038,9.714049e-06
6072,6.187731e-06
6112,6.5928443e-06
6173,6.342547e-06
6176,7.0240844e-06
6177,6.4470046e-06
6225,6.290165e-06
6286,7.544377e-06
6287,7.7688865e-06
6338,8.306271e-06
6361,6.4956794e-06
6413,6.2666286e-06
6438,1.0267208e-05
6517,6.158624e-06
6519,6.626049e-06
6536,6.546798e-06
6558,6.798019e-06
6596,6.202915e-06
6618,6.238291e-06
6665,8.744407e-06
6678,6.464067e-06
6727,6.34133e-06
6814,6.344475e-06
6872,8.6664595e-06
6908,6.252463e-06
6959,6.5246995e-06
7060,6.649732e-06
7077,6.2298986e-06
7090,6.179683e-06
7155,6.6709445e-06
7223,6.3488355e-06
7233,6.2671743e-06
7252,6.28984e-06
7297,6.570534e-06
7310,6.243881e-06
7314,6.6237258e-06
7351,6.792213e-06
7443,6.344475e-06
7495,6.3555735e-06
7501,6.2454865e-06
7508,6.5314443e-06
7596,6.999291e-06
7610,6.254325e-06
7629,6.3352686e-06
7637,8.296092e-06
7676,6.3975062e-06
7677,6.4332294e-06
7681,6.6289076e-06
7704,6.664306e-06
7732,6.3963744e-06
7735,6.2862505e-06
7747,6.803346e-06
7749,6.5531635e-06
7779,7.178705e-06
7782,1.0517871e-05
7784,6.6533607e-06
7785,1.0583819e-05
7787,6.846838e-06
7788,6.2626846e-06
7796,6.269908e-06
7810,6.3073194e-06
7845,7.091035e-06
7846,9.012508e-06
7852,6.274813e-06
7862,8.215693e-06
7868,6.8741547e-06
7908,6.2356025e-06
7934,6.7984574e-06
7938,6.271139e-06
7944,6.493937e-06
7980,6.2812246e-06
8006,6.2009917e-06
8011,6.341808e-06
8024,7.760761e-06
8028,6.562181e-06
8041,6.7627984e-06
8049,6.9592757e-06
8067,6.3981843e-06
8068,6.5232175e-06
8069,6.6107586e-06
8098,6.331889e-06
8175,8.758365e-06
8218,6.8562313e-06
8238,7.147246e-06
8327,7.049678e-06
8348,6.2477493e-06
8349,6.211111e-06
8667,6.180784e-06
8669,6.422854e-06
8678,6.2762374e-06
8680,6.3566513e-06
8772,6.3285156e-06
8773,8.701109e-06
8774,6.48542e-06
8829,6.2798385e-06
8843,6.4311544e-06
8982,6.28266e-06
9023,6.466613e-06
9024,7.069819e-06
9103,6.3608504e-06
9125,7.4951527e-06
9128,7.175603e-06
9129,7.878321e-06
9134,7.1476966e-06
9135,7.4951527e-06
9139,1.0977933e-05
9140,7.175603e-06
9154,7.022189e-06
9155,7.6147994e-06
9158,6.9423454e-06
9163,1.00539055e-05
9168,9.395248e-06
9174,7.0783726e-06
9183,7.022189e-06
9187,8.559723e-06
9192,7.6147994e-06
9193,9.395248e-06
9194,1.0977933e-05
9203,7.4951527e-06
9214,7.529581e-06
9218,7.529581e-06
9219,1.0977933e-05
9223,1.0977933e-05
9235,7.4502796e-06
9236,7.0662195e-06
9239,1.00539055e-05
9242,1.00539055e-05
9243,1.00539055e-05
9245,1.00539055e-05
9246,7.6147994e-06
9250,1.0977933e-05
9255,8.687315e-06
9256,8.687315e-06
9279,6.233865e-06
9437,6.219488e-06
9533,6.311872e-06
9544,6.4855217e-06
9595,6.3589896e-06
9611,6.329395e-06
9631,6.3205753e-06
9649,6.2852405e-06
9655,6.355039e-06
9664,6.5905524e-06
9721,6.286513e-06
9772,6.5874206e-06
9787,6.480406e-06
9823,6.3392094e-06
9863,7.0065107e-06
9865,7.328739e-06
9868,6.966424e-06
9869,8.737986e-06
9905,8.653101e-06
9923,7.1929467e-06
9930,6.3127395e-06
9940,6.2429162e-06
9983,6.3426355e-06
10117,6.2411846e-06
10122,6.2604886e-06
10149,8.279591e-06
10151,7.4678996e-06
10159,7.873239e-06
10236,6.5506524e-06
10371,6.403121e-06
10394,6.2285335e-06
10445,6.434205e-06
10552,6.1966825e-06
10562,7.0829533e-06
10692,6.2059025e-06
10747,6.688566e-06
10761,6.2498593e-06
10788,6.6200278e-06
10866,6.818737e-06
10889,7.4682107e-06
10954,6.3907746e-06
10956,6.334222e-06
10965,6.2694107e-06
11050,6.272098e-06
11081,6.3591497e-06
11204,6.4118217e-06
11283,6.891892e-06
11309,6.3330044e-06
11310,6.3421194e-06
11316,6.2536283e-06
11325,6.292466e-06
11330,6.952812e-06
11342,6.3988377e-06
11344,6.3475177e-06
11345,6.3475177e-06
11346,6.3475177e-06
11348,6.3475177e-06
11355,6.315593e-06
11358,6.9253933e-06
11415,6.697465e-06
11435,6.550518e-06
11452,6.573153e-06
11465,6.329592e-06
11470,6.5361555e-06
11476,6.542965e-06
11490,7.132916e-06
11493,9.997947e-06
11514,6.32756e-06
11520,6.2577715e-06
11521,6.203605e-06
11522,7.1300155e-06
11559,6.5826434e-06
11611,6.2786185e-06
11625,6.2918643e-06
11686,6.334035e-06
11702,6.322762e-06
11719,6.6707157e-06
11834,6.269625e-06
11877,6.313424e-06
11957,6.4263345e-06
12107,6.378252e-06
12155,7.0512265e-06
12156,6.251553e-06
12181,6.4096703e-06
12230,6.2010754e-06
12233,6.953625e-06
12265,6.3886346e-06
12272,7.346168e-06
12283,6.321222e-06
12292,6.2139206e-06
12324,7.791025e-06
12340,6.967681e-06
12352,6.257079e-06
12360,7.0239007e-06
12378,7.1225827e-06
12412,7.051086e-06
12413,6.426751e-06
12454,6.2227687e-06
12479,6.3200887e-06
12534,6.2665836e-06
12539,7.6054703e-06
12695,6.2602494e-06
12717,6.234131e-06
12718,6.2688327e-06
12721,6.3057487e-06
12727,6.3254133e-06
12728,6.365236e-06
12732,6.2512568e-06
12755,6.19121e-06
12765,6.5155873e-06
12771,6.3748907e-06
12784,6.5043164e-06
12785,6.219225e-06
12798,6.2710183e-06
12805,8.173893e-06
12809,6.368131e-06
12816,6.362877e-06
12821,6.459818e-06
12830,7.042643e-06
12833,6.6521707e-06
12842,6.915091e-06
12849,6.6269563e-06
12852,6.6591506e-06
12853,7.1031914e-06
12855,8.954647e-06
12856,7.1884097e-06
12859,7.1884097e-06
12867,6.3295015e-06
12874,6.285569e-06
12880,6.4878286e-06
12900,6.3976886e-06
12928,6.3340203e-06
12939,6.4411124e-06
12940,6.2412196e-06
12984,6.296127e-06
12993,6.911255e-06
13011,6.289277e-06
13021,6.264201e-06
13025,6.321472e-06
13043,6.414408e-06
13045,6.5677336e-06
13052,6.1252276e-06
13055,6.3794078e-06
13074,8.616209e-06
13084,6.3190732e-06
13135,6.2019844e-06
13145,7.9254305e-06
13160,8.809083e-06
13161,6.251076e-06
13162,6.412407e-06
13190,9.380226e-06
13195,6.881017e-06
13199,6.915784e-06
13219,6.5587014e-06
13226,6.317608e-06
13278,6.275738e-06
13309,7.130314e-06
13315,7.172115e-06
13330,6.9802527e-06
13348,7.8574485e-06
13355,8.687315e-06
13360,6.578523e-06
13374,7.39684e-06
13381,1.0073295e-05
13495,6.5062873e-06
13517,6.624249e-06
13518,6.339337e-06
13568,6.452482e-06
13585,6.400367e-06
13586,6.648662e-06
13592,6.3949597e-06
13597,7.0195965e-06
13626,6.446746e-06
13762,6.5969325e-06
13769,8.208032e-06
13785,6.3363627e-06
13845,6.4486185e-06
13860,6.296532e-06
14100,6.2299987e-06
14105,8.339482e-06
14107,1.0250729e-05
14108,6.8656045e-06
14113,6.2165764e-06
14119,7.270258e-06
14137,6.597035e-06
14139,7.862057e-06
14142,7.1402187e-06
14143,6.8327395e-06
14146,6.991841e-06
14183,6.435522e-06
14197,6.487614e-06
14222,7.0943734e-06
14230,6.1463106e-06
14245,7.020228e-06
14256,7.112585e-06
14260,7.0102133e-06
14272,7.384678e-06
14281,7.1282693e-06
14363,6.2771105e-06
14364,6.2771105e-06
14366,6.4476235e-06
14375,9.040288e-06
14398,6.2840095e-06
14447,6.404544e-06
14477,6.2384834e-06
14491,6.5140407e-06
14509,6.303525e-06
14511,6.497052e-06
14570,8.874162e-06
14574,7.053717e-06
14581,6.2267845e-06
14601,6.259337e-06
14610,6.259997e-06
14612,6.2752574e-06
14613,6.2752574e-06
14615,6.2752574e-06
14616,6.2752574e-06
14617,6.2752574e-06
14618,6.2752574e-06
14619,6.2752574e-06
14620,6.2752574e-06
14621,6.2752574e-06
14627,7.251893e-06
14628,7.1392983e-06
14633,7.1392983e-06
14639,7.0059123e-06
14641,6.3285743e-06
14643,6.8937516e-06
14644,7.1486206e-06
14650,7.1392983e-06
14651,6.810223e-06
14655,6.2752574e-06
14696,6.7386377e-06
14717,6.686935e-06
14730,6.269608e-06
14741,6.628666e-06
14763,6.3498014e-06
14777,6.5501185e-06
14779,6.490507e-06
14782,6.3742445e-06
14804,6.446783e-06
14811,6.9906077e-06
14833,6.2314025e-06
14835,9.456825e-06
14851,6.3689627e-06
14860,6.425109e-06
14864,1.0380853e-05
14869,7.0177193e-06
14870,6.7175397e-06
14876,6.8980726e-06
14891,6.299345e-06
14892,6.260561e-06
14899,6.5229146e-06
14900,6.2450163e-06
14902,6.3785487e-06
14904,7.079163e-06
14906,9.0765425e-06
14910,7.0854217e-06
14923,6.306017e-06
14929,9.145307e-06
14933,7.2456833e-06
14943,6.7382857e-06
14963,6.2380204e-06
14968,6.321088e-06
14972,6.654791e-06
14986,6.3018333e-06
14991,6.2852405e-06
15021,6.3154334e-06
15023,6.402753e-06
15024,6.3488355e-06
15029,6.439783e-06
15062,6.2840754e-06
15064,6.5405266e-06
15074,6.2639447e-06
15094,7.4951527e-06
15117,6.753909e-06
15127,6.7899477e-06
15130,6.7899477e-06
15131,8.455074e-06
15133,6.8094505e-06
15135,7.4951527e-06
15151,8.455074e-06
15157,7.4951527e-06
15167,9.821664e-06
15170,1.0745692e-05
15171,8.708395e-06
15176,7.0328656e-06
15181,7.382558e-06
15184,1.0745692e-05
15186,8.327482e-06
15193,8.455074e-06
15194,8.331806e-06
15198,7.4951527e-06
15199,7.382558e-06
15211,6.200501e-06
15212,6.337194e-06
15214,6.3161315e-06
15251,6.33443e-06
15255,6.41391e-06
15267,6.392705e-06
15269,6.485434e-06
15271,6.218519e-06
15294,6.2629e-06
15295,6.2629e-06
15298,7.1524373e-06
15299,6.407948e-06
15315,6.521427e-06
15322,7.0512265e-06
15334,6.2755216e-06
15367,6.498749e-06
15395,7.021012e-06
15455,6.384322e-06
15473,6.3782227e-06
15493,6.267729e-06
15497,6.3353564e-06
15502,6.3578564e-06
15504,6.342191e-06
15509,6.684648e-06
15570,6.3831885e-06
15609,6.3647567e-06
15617,6.568793e-06
15629,6.228162e-06
15638,7.811192e-06
15642,6.2821723e-06
15650,6.306758e-06
15694,6.55669e-06
15698,6.656987e-06
15701,7.0177193e-06
15702,7.0177193e-06
15792,6.3410325e-06
15829,6.2174004e-06
15830,6.2423874e-06
15860,7.56293e-06
15862,6.3612865e-06
15905,6.175313e-06
15919,7.328739e-06
15943,1.0126055e-05
15951,6.2006534e-06
15952,6.338769e-06
15955,7.1356103e-06
15964,6.294232e-06
15968,6.6109606e-06
15970,7.085657e-06
15999,8.912232e-06
16009,7.31408e-06
16012,6.6289936e-06
16014,6.2566273e-06
16016,7.1048094e-06
16019,7.1048094e-06
16021,7.1048094e-06
16028,6.4232904e-06
16091,6.2611907e-06
16096,6.2929535e-06
16111,6.3230223e-06
16115,8.052121e-06
16125,1.0662714e-05
16130,1.08653385e-05
16135,1.08653385e-05
16137,1.08653385e-05
16147,1.2631575e-05
16148,1.3304444e-05
16150,1.0900107e-05
16153,1.0780121e-05
16156,1.1937855e-05
16179,1.0448398e-05
16180,1.3304444e-05
16183,1.2631575e-05
16185,1.08653385e-05
16186,1.0780121e-05
16191,1.1139986e-05
16196,1.3617728e-05
16209,1.2631575e-05
16212,1.08653385e-05
16228,1.08653385e-05
16233,1.0207759e-05
16235,1.08653385e-05
16246,1.0977933e-05
16250,1.3304444e-05
16259,1.0214358e-05
16261,1.0731953e-05
16263,1.08653385e-05
16268,1.2645786e-05
16269,1.2631575e-05
16270,1.1937855e-05
16272,1.2645786e-05
16274,1.2631575e-05
16282,1.3304444e-05
16288,1.3304444e-05
16317,6.8103122e-06
16323,7.388779e-06
16324,7.388779e-06
16334,6.3507528e-06
16335,6.219489e-06
16350,6.2858803e-06
16355,6.289824e-06
16356,8.657928e-06
16359,7.1463865e-06
16362,6.3296543e-06
16365,8.250897e-06
16367,7.965226e-06
16378,6.2228137e-06
16379,6.3438483e-06
16381,6.339543e-06
16420,6.29947e-06
16441,6.6469975e-06
16491,6.417658e-06
16504,6.2917507e-06
16511,6.228667e-06
16525,6.4312153e-06
16530,6.282629e-06
16560,6.306123e-06
16640,6.562434e-06
16679,6.3040575e-06
16680,6.36158e-06
16704,6.3799935e-06
16736,6.3763105e-06
16739,6.424363e-06
16752,6.3170273e-06
16777,6.4028313e-06
16817,6.3710227e-06
16825,6.795603e-06
16850,6.2425597e-06
16857,6.8619556e-06
16860,6.363533e-06
16865,6.543797e-06
16870,6.4030905e-06
16879,6.5081695e-06
16892,6.377465e-06
16911,6.3166585e-06
16919,6.8314107e-06
16933,6.686935e-06
16942,6.398346e-06
16947,6.32213e-06
16948,6.3586253e-06
16974,6.472154e-06
16992,6.3671014e-06
16993,6.3650846e-06
17002,6.8901336e-06
17011,6.4490832e-06
17033,6.350728e-06
17037,6.6486323e-06
17038,6.4404567e-06
17039,6.6486323e-06
17050,6.3576294e-06
17078,6.2439617e-06
17080,6.2042823e-06
17116,6.6510624e-06
17139,6.6563316e-06
17143,6.2271706e-06
17149,9.640923e-06
17150,8.654772e-06
17160,6.3544003e-06
17171,6.582287e-06
17180,6.780524e-06
17198,6.3929606e-06
17200,6.235202e-06
17206,6.472942e-06
17208,6.9492444e-06
17215,7.5970484e-06
17229,6.8314002e-06
17261,7.247718e-06
17272,6.617055e-06
17277,7.0851797e-06
17281,7.791025e-06
17284,7.643754e-06
17285,7.791025e-06
17290,7.0597794e-06
17294,7.791025e-06
17295,7.103394e-06
17296,7.1849454e-06
17315,7.0605056e-06
17344,7.254219e-06
17369,7.2577764e-06
17376,7.791025e-06
17387,7.127744e-06
17389,7.0555584e-06
17399,7.328739e-06
17411,7.2606545e-06
17419,7.1410655e-06
17437,7.045658e-06
17438,7.791025e-06
17441,7.328739e-06
17443,7.791025e-06
17445,7.244657e-06
17446,7.244657e-06
17456,7.328739e-06
17470,7.1573036e-06
17475,7.643754e-06
17484,7.0926794e-06
17492,7.0881956e-06
17493,7.1523427e-06
17499,7.072666e-06
17507,7.0622305e-06
17512,7.061079e-06
17523,7.328739e-06
17542,7.643754e-06
17554,7.328739e-06
17572,7.1011914e-06
17576,7.947937e-06
17581,7.244657e-06
17594,7.791025e-06
17598,7.0321885e-06
17632,7.0717874e-06
17641,7.244657e-06
17647,7.791025e-06
17654,7.1045592e-06
17665,6.9961748e-06
17673,7.3272304e-06
17676,8.623355e-06
17682,6.2903964e-06
17686,6.4605792e-06
17698,9.004269e-06
17700,6.9740986e-06
17709,6.228108e-06
17718,6.3402545e-06
17729,6.1993646e-06
17732,6.570182e-06
17998,1.0273626e-05
18095,6.7347673e-06
18125,6.3677458e-06
18443,6.490235e-06
18486,6.7319606e-06
18502,8.621164e-06
18538,6.3503203e-06
18543,1.6584658e-05
18550,6.3080747e-06
18616,9.285304e-06
18624,6.4841383e-06
18628,6.2257895e-06
18688,6.32651e-06
18726,6.161555e-06
18730,6.419963e-06
18734,7.937525e-06
18746,7.800897e-06
18747,6.9517355e-06
18755,6.374959e-06
18759,6.294573e-06
18761,7.0470637e-06
18765,6.3998277e-06
18772,6.4691826e-06
18775,6.3205207e-06
18777,6.3205207e-06
18789,6.3205207e-06
18794,6.3205207e-06
18802,6.361146e-06
18820,6.7231117e-06
18821,8.37026e-06
18837,9.8887795e-06
18839,6.2572303e-06
18872,6.3770576e-06
18879,6.3485145e-06
18904,6.283493e-06
18922,6.3408506e-06
18925,6.295032e-06
18938,6.1877918e-06
18970,8.335658e-06
18973,6.3052516e-06
18976,6.50358e-06
18979,6.25315e-06
19043,6.513406e-06
19068,6.398469e-06
19075,6.4701803e-06
19297,6.325271e-06
19321,6.32566e-06
19324,6.228237e-06
19334,6.4272112e-06
19376,6.322346e-06
19394,6.1604865e-06
19398,6.2341255e-06
19408,7.078627e-06
19415,6.736297e-06
19423,6.228446e-06
19435,6.4081282e-06
19462,6.317563e-06
19483,7.827079e-06
19492,9.012802e-06
19496,7.246565e-06
19504,9.012802e-06
19507,9.012802e-06
19508,6.774815e-06
19510,9.012802e-06
19516,9.012802e-06
19517,9.012802e-06
19520,6.2618515e-06
19542,7.854518e-06
19543,7.854518e-06
19544,6.804413e-06
19545,6.832214e-06
19561,6.353969e-06
19563,6.2206805e-06
19576,6.6881253e-06
19583,1.1267148e-05
19588,8.828042e-06
19590,1.0594279e-05
19592,8.828042e-06
19593,8.828042e-06
19594,8.36772e-06
19595,8.828042e-06
19602,8.828042e-06
19607,9.777291e-06
19614,8.873312e-06
19617,6.4088877e-06
19618,6.4088877e-06
19619,6.4088877e-06
19620,6.4088877e-06
19621,6.4088877e-06
19622,6.4088877e-06
19623,6.4088877e-06
19625,6.2058825e-06
19626,6.2058825e-06
19636,6.2025024e-06
19644,9.856092e-06
19647,6.9777902e-06
19652,9.856092e-06
19654,7.4169866e-06
19665,7.4169866e-06
19668,7.4169866e-06
19671,7.4169866e-06
19672,7.0273645e-06
19682,7.4169866e-06
19683,7.4169866e-06
19685,7.4169866e-06
19690,7.4169866e-06
19691,7.4169866e-06
19692,7.4169866e-06
19694,7.4169866e-06
19696,7.4169866e-06
19697,7.691634e-06
19704,1.0169376e-05
19705,6.9533667e-06
19707,6.9777902e-06
19711,7.4169866e-06
19712,6.9777902e-06
19714,6.9777902e-06
19718,9.856092e-06
19719,9.856092e-06
19721,1.0169376e-05
19728,6.8204367e-06
19732,6.2272625e-06
19741,6.2790277e-06
19765,6.275636e-06
19780,6.6846105e-06
19785,6.787221e-06
19787,6.4009446e-06
19788,6.4008705e-06
19797,6.3402545e-06
19824,6.2721792e-06
19829,7.971416e-06
19830,8.024558e-06
19831,8.116666e-06
19839,8.274541e-06
19881,6.2719287e-06
19883,6.6649113e-06
19886,6.42053e-06
19895,6.2857384e-06
19897,6.2502268e-06
19900,6.2664362e-06
19902,6.2363383e-06
19921,6.3545153e-06
19927,6.353821e-06
19935,8.50699e-06
19936,6.9831103e-06
19945,7.2319826e-06
19956,7.098609e-06
19959,8.81179e-06
19968,1.0337938e-05
19986,6.3157554e-06
20005,6.2617514e-06
20109,6.7565393e-06
20257,6.698987e-06
20303,6.5487798e-06
20354,6.42181e-06
20364,6.392869e-06
20371,6.3907733e-06
20391,6.746691e-06
20409,6.213985e-06
20441,6.606087e-06
20449,6.255424e-06
20452,6.3688713e-06
20467,7.021459e-06
20473,6.3497664e-06
20474,6.3889097e-06
20479,6.209597e-06
20484,7.602092e-06
20488,6.5043423e-06
20509,6.2751014e-06
20513,8.199391e-06
20517,8.241065e-06
20518,6.5565805e-06
20528,6.88185e-06
20529,7.0257315e-06
20531,6.2502136e-06
20535,7.097776e-06
20536,7.811619e-06
20540,7.097776e-06
20542,7.1872796e-06
20543,7.811619e-06
20546,6.9443618e-06
20547,9.3032095e-06
20548,7.536972e-06
20550,7.536972e-06
20564,9.5573e-06
20573,7.811619e-06
20577,7.152128e-06
20578,7.776852e-06
20579,9.543089e-06
20584,7.5035337e-06
20585,7.889446e-06
20590,7.148203e-06
20599,8.451453e-06
20602,7.923218e-06
20604,1.0890559e-05
20608,8.451453e-06
20619,8.451453e-06
20623,1.1203842e-05
20625,7.8970825e-06
20636,8.451453e-06
20642,6.231356e-06
20651,6.3080465e-06
20654,7.077536e-06
20656,9.829925e-06
20657,8.857984e-06
20661,7.077536e-06
20678,7.077536e-06
20679,6.605786e-06
20685,7.077536e-06
20688,9.5166415e-06
20691,9.5166415e-06
20694,6.610433e-06
20695,9.5166415e-06
20696,6.605786e-06
20705,6.657403e-06
20719,6.6141542e-06
20722,6.4996702e-06
20742,6.7921715e-06
20752,6.773257e-06
20761,6.697684e-06
20768,6.9420653e-06
20777,6.5501185e-06
20793,6.4956134e-06
20804,6.6354373e-06
20820,6.697684e-06
20824,6.697684e-06
20829,6.6354373e-06
20875,6.5056324e-06
20893,6.9420653e-06
20901,6.6354373e-06
20902,6.6354373e-06
20904,6.6016905e-06
20908,6.624693e-06
20911,6.624693e-06
20912,6.624693e-06
20913,6.5617714e-06
20916,6.624693e-06
20919,6.494769e-06
20921,6.624693e-06
20925,6.6016905e-06
20926,6.6016905e-06
20927,6.624693e-06
20938,6.6354373e-06
20941,6.717074e-06
20948,6.507037e-06
20950,6.7921715e-06
20964,6.335569e-06
20965,6.3011216e-06
20968,7.003032e-06
20983,6.253396e-06
20997,6.639508e-06
21027,6.235486e-06
21037,6.3036373e-06
21040,6.324546e-06
21058,6.295252e-06
21061,6.4706173e-06
21070,6.2246e-06
21074,1.0436069e-05
21075,1.0493036e-05
21088,6.8935115e-06
21092,6.298915e-06
21102,8.601571e-06
21106,6.4628357e-06
21107,6.2794516e-06
21122,8.28775e-06
21132,6.861936e-06
21135,6.1946157e-06
21142,6.4945584e-06
21147,6.316597e-06
21148,6.489533e-06
21160,6.2537847e-06
21163,6.3437215e-06
21164,6.6798784e-06
21175,6.4811516e-06
21179,6.339712e-06
21186,7.5147227e-06
21187,6.3102643e-06
21188,6.3246416e-06
21197,6.4446112e-06
21208,6.4365668e-06
21213,6.491549e-06
21219,6.890275e-06
21224,7.5147227e-06
21227,6.197015e-06
21238,6.5253976e-06
21241,6.3647694e-06
21243,6.623501e-06
21244,6.415771e-06
21249,6.341188e-06
21251,7.0508254e-06
21253,6.299241e-06
21256,6.5547342e-06
21258,6.579048e-06
21262,6.5884456e-06
21273,6.339722e-06
21277,6.3198468e-06
21280,6.192531e-06
21281,6.469401e-06
21282,6.41081e-06
21287,6.3076195e-06
21292,6.326285e-06
21293,7.5147227e-06
21294,7.5147227e-06
21300,6.4184496e-06
21302,6.4316127e-06
21303,6.933965e-06
21305,6.35217e-06
21307,6.9729454e-06
21308,6.3787484e-06
21310,6.397244e-06
21312,6.301685e-06
21319,6.241407e-06
21320,6.3578827e-06
21327,6.3970383e-06
21333,6.4588953e-06
21343,6.81751e-06
21345,7.258031e-06
21349,6.6751963e-06
21350,6.1949245e-06
21355,6.4440565e-06
21361,6.5205136e-06
21369,6.3526127e-06
21381,7.5147227e-06
21391,6.455418e-06
21394,6.22007e-06
21395,6.995362e-06
21400,6.2432246e-06
21403,6.451984e-06
21405,7.5147227e-06
21407,6.70501e-06
21417,7.183612e-06
21421,7.5147227e-06
21424,6.5575246e-06
21427,6.65741e-06
21432,6.456165e-06
21434,6.5533554e-06
21435,6.303741e-06
21442,6.4444603e-06
21444,6.732658e-06
21447,6.268523e-06
21448,6.583485e-06
21455,7.090774e-06
21466,6.240398e-06
21468,6.541236e-06
21471,6.2725467e-06
21481,6.388983e-06
21483,6.430481e-06
21484,6.337662e-06
21492,6.460536e-06
21505,6.781904e-06
21521,6.39543e-06
21527,8.3504265e-06
21549,6.3424877e-06
21560,6.507177e-06
21566,6.402599e-06
21573,6.3297584e-06
21588,6.4595633e-06
21601,6.6162975e-06
21604,6.3988646e-06
21605,6.52181e-06
21608,6.32939e-06
21616,7.0084866e-06
21617,6.7617834e-06
21621,6.6147877e-06
21622,8.995123e-06
21624,7.2288863e-06
21627,8.995123e-06
21637,9.667992e-06
21639,9.667992e-06
21640,7.2288863e-06
21642,8.995123e-06
21645,7.2288863e-06
21650,8.995123e-06
21667,6.297806e-06
21668,6.3931648e-06
21677,6.2344757e-06
21681,7.1373292e-06
21685,7.1373292e-06
21692,6.427884e-06
21697,6.2437516e-06
21702,6.788353e-06
21731,6.2000527e-06
21732,6.7469705e-06
21733,6.242555e-06
21740,6.376695e-06
21750,6.220996e-06
21772,7.643572e-06
21786,6.466506e-06
21788,6.542079e-06
21794,6.309466e-06
21799,6.542079e-06
21802,6.566617e-06
21809,6.220309e-06
21819,6.4787364e-06
21824,6.4894834e-06
21829,6.2698928e-06
21831,6.395588e-06
21832,6.5196355e-06
21838,6.4524247e-06
21842,9.647706e-06
21845,6.761931e-06
21847,6.8953173e-06
21850,6.2936774e-06
21875,6.16817e-06
21884,7.1232416e-06
21896,6.2915374e-06
21901,6.1992323e-06
21905,7.2786065e-06
21909,6.5221247e-06
21911,6.495733e-06
21923,6.5071886e-06
21929,6.4668548e-06
21933,7.1262148e-06
21934,6.431377e-06
21940,6.3848433e-06
21941,6.5940108e-06
21944,6.4149367e-06
21948,6.411955e-06
21949,6.5713616e-06
21954,6.4790843e-06
21959,6.7949277e-06
21968,6.511009e-06
21985,6.4863425e-06
21992,6.1769774e-06
22005,7.859371e-06
22017,1.1013826e-05
22018,8.441334e-06
22020,7.928211e-06
22021,8.687315e-06
22029,8.574721e-06
22034,1.03409575e-05
22035,1.03409575e-05
22040,1.0355168e-05
22045,8.574721e-06
22051,8.574721e-06
22056,8.574721e-06
22058,6.215836e-06
22063,6.20706e-06
22066,6.3310717e-06
22077,6.6141433e-06
22082,6.3212865e-06
22086,6.251528e-06
22088,6.4639426e-06
22093,6.229258e-06
22101,6.30352e-06
22104,6.4144683e-06
22105,6.5449717e-06
22669,6.434287e-06
22680,6.575826e-06
22681,6.575826e-06
22692,6.355237e-06
22698,6.4986775e-06
22713,6.3057864e-06
22719,6.2691006e-06
22755,6.312693e-06
22765,6.744634e-06
22771,6.575826e-06
22772,6.59474e-06
22773,6.3076027e-06
22788,7.0827e-06
22789,6.307118e-06
22791,6.208311e-06
22793,6.3523066e-06
22795,6.2748622e-06
22801,6.153448e-06
22807,6.485041e-06
22810,6.3513467e-06
22811,6.663786e-06
22819,6.4643805e-06
22821,6.521844e-06
22824,6.3700963e-06
22826,6.3255657e-06
22830,6.4386e-06
22831,6.4842493e-06
22832,6.5400727e-06
22833,6.268488e-06
22841,7.2020252e-06
22851,6.3781404e-06
22862,6.484779e-06
22863,6.484779e-06
22884,6.1954556e-06
22890,8.843456e-06
22900,9.282653e-06
22902,8.6557075e-06
22903,9.282653e-06
22912,1.1721759e-05
22928,9.282653e-06
22934,9.282653e-06
22942,9.80253e-06
22954,8.810903e-06
22961,1.2035041e-05
22963,1.1721759e-05
22967,9.282653e-06
22970,9.282653e-06
22972,9.282653e-06
22978,9.282653e-06
22979,9.282653e-06
22980,9.282653e-06
23008,6.292819e-06
23012,6.3068605e-06
23025,6.292076e-06
23031,9.397396e-06
23039,6.232872e-06
23043,6.286304e-06
23049,6.3315997e-06
23062,6.429133e-06
23065,6.4070337e-06
23077,6.244662e-06
23078,6.2505433e-06
23089,6.5440763e-06
23091,6.2802956e-06
23096,6.69397e-06
23101,6.3557395e-06
23106,8.278206e-06
23109,6.2886975e-06
23110,6.449589e-06
23118,6.329014e-06
23166,8.796692e-06
23174,9.268441e-06
23178,9.268441e-06
23180,8.796692e-06
23185,9.268441e-06
23187,9.268441e-06
23188,8.995123e-06
23203,1.1707548e-05
23209,8.738704e-06
23220,8.675831e-06
23224,8.675831e-06
23232,9.268441e-06
23235,8.829245e-06
23242,8.796692e-06
23246,9.268441e-06
23255,9.268441e-06
23269,8.675831e-06
23272,9.268441e-06
23296,9.268441e-06
23303,9.268441e-06
23304,9.268441e-06
23305,9.268441e-06
23307,8.796692e-06
23310,9.268441e-06
23314,9.268441e-06
23317,1.0213365e-05
23344,9.268441e-06
23348,1.1707548e-05
23350,9.268441e-06
23359,9.268441e-06
23369,1.0213365e-05
23383,9.381036e-06
23386,9.268441e-06
23393,9.268441e-06
23395,9.268441e-06
23396,9.268441e-06
23405,9.268441e-06
23427,9.268441e-06
23437,1.1707548e-05
23449,6.2436825e-06
23452,9.469561e-06
23453,9.469561e-06
23454,9.469561e-06
23459,6.563352e-06
23460,6.6807625e-06
23461,7.030455e-06
23465,9.782844e-06
23475,7.030455e-06
23483,7.1430495e-06
23484,7.030455e-06
23485,9.782844e-06
23490,6.582693e-06
23527,6.983695e-06
23551,6.4101114e-06
23560,6.5650815e-06
23561,6.425144e-06
23581,6.4895085e-06
23588,6.416268e-06
23598,6.49146e-06
23606,6.73256e-06
23626,9.815398e-06
23630,1.2693699e-05
23659,9.981275e-06
23660,1.2693699e-05
23679,1.0254594e-05
23708,6.597079e-06
23745,6.352082e-06
23765,6.411736e-06
23766,6.411736e-06
23791,6.3289535e-06
23817,6.388234e-06
23838,6.4225005e-06
23847,6.463132e-06
23884,6.386896e-06
23916,6.6791968e-06
23921,6.365419e-06
23941,6.292366e-06
23951,6.3169637e-06
23958,6.4052547e-06
23963,6.5665517e-06
23965,6.197466e-06
23979,6.874707e-06
23981,6.407708e-06
23982,6.390676e-06
23990,6.351999e-06
23992,6.261046e-06
23993,6.559062e-06
24004,6.550155e-06
24011,6.4458436e-06
24032,6.3333287e-06
24055,6.338108e-06
24062,6.308042e-06
24067,6.3569437e-06
24068,6.3804687e-06
24082,6.35284e-06
24092,7.676365e-06
24105,6.4335322e-06
24107,6.4023466e-06
24111,6.4933492e-06
24112,6.465071e-06
24116,6.5488002e-06
24117,6.4030905e-06
24123,6.488948e-06
24126,6.441211e-06
24144,6.4519895e-06
24154,6.7323867e-06
24157,1.6517235e-05
24165,6.5458894e-06
24168,6.334558e-06
24179,6.516216e-06
24183,6.379826e-06
24193,6.352299e-06
24200,6.4660526e-06
24206,6.192931e-06
24211,6.9678035e-06
24226,6.310103e-06
24228,6.3460634e-06
24232,6.273257e-06
24235,6.2671998e-06
24238,6.3754346e-06
24242,6.3758503e-06
24245,6.6272455e-06
24253,6.2934037e-06
24258,6.356054e-06
24267,6.1772257e-06
24268,6.3340344e-06
24284,6.52912e-06
24297,6.2901313e-06
24317,6.4246024e-06
24322,6.696887e-06
24324,6.696887e-06
24326,6.696887e-06
24327,6.696887e-06
24399,6.4524015e-06
24401,6.6680464e-06
24408,6.252141e-06
24409,6.228971e-06
24410,6.265971e-06
24421,6.1801975e-06
24423,6.2267086e-06
24425,6.1820215e-06
24429,6.215926e-06
24462,6.280756e-06
24466,6.217988e-06
24477,6.278764e-06
24484,6.170249e-06
24485,6.190473e-06
24487,6.429347e-06
24496,6.1951496e-06
24502,6.338317e-06
24505,6.276784e-06
24518,6.3986713e-06
24522,6.320262e-06
24524,6.2417357e-06
24539,6.2384197e-06
24543,6.4177593e-06
24553,6.285767e-06
24555,6.2174813e-06
24560,8.182738e-06
24565,6.216675e-06
24566,6.220164e-06
24572,6.228336e-06
24574,6.1758733e-06
24582,6.161336e-06
24585,6.540405e-06
24593,6.2716763e-06
24599,6.2513573e-06
24616,6.3797606e-06
24621,6.6463485e-06
24625,6.344546e-06
24626,6.6065154e-06
24628,6.51018e-06
24631,6.5766776e-06
24633,6.271718e-06
24635,6.7265714e-06
24636,8.310807e-06
24642,9.8079245e-06
24678,6.252051e-06
24683,6.173596e-06
24686,6.1701053e-06
24689,6.219965e-06
24692,6.733622e-06
24697,6.4152214e-06
24699,6.4606575e-06
24700,6.609844e-06
24711,6.3167563e-06
24716,6.1645173e-06
24739,6.2052795e-06
24740,6.195506e-06
24745,6.2999425e-06
24751,6.336414e-06
24753,6.391706e-06
24755,6.391706e-06
24756,6.5628656e-06
24776,6.1557907e-06
24780,6.46865e-06
24790,7.036247e-06
24791,6.43949e-06
24795,6.4659e-06
24797,6.4125925e-06
24801,6.6380726e-06
24811,6.359992e-06
24813,6.8068807e-06
24817,6.656987e-06
24821,6.6380726e-06
24822,6.484167e-06
24836,6.3877965e-06
24839,6.392196e-06
24840,6.5609242e-06
24858,6.226551e-06
24860,6.3557427e-06
24872,6.200528e-06
24884,6.219295e-06
24886,6.2521676e-06
24888,6.178911e-06
24890,6.3734856e-06
24893,6.241536e-06
24896,7.0484098e-06
24901,6.2903773e-06
24917,6.73256e-06
24943,7.265107e-06
24949,6.312894e-06
24950,6.4937267e-06
24953,6.181592e-06
24975,8.756657e-06
24984,6.392617e-06
24987,6.437373e-06
24988,6.5063014e-06
25020,6.73256e-06
25029,6.448144e-06
25033,6.494387e-06
25040,6.50216e-06
25041,6.4186606e-06
25053,6.430832e-06
25057,6.4572705e-06
25094,6.236618e-06
25096,6.265962e-06
25102,6.177095e-06
25103,6.443187e-06
25107,6.197038e-06
25108,6.6689195e-06
25110,6.362993e-06
25113,7.854518e-06
25114,7.854518e-06
25116,7.854518e-06
25117,7.854518e-06
25118,7.854518e-06
25120,7.854518e-06
25121,7.854518e-06
25123,7.854518e-06
25124,7.854518e-06
25125,7.854518e-06
25127,7.854518e-06
25128,7.854518e-06
25131,7.854518e-06
25132,7.854518e-06
25136,7.854518e-06
25137,7.854518e-06
25138,7.854518e-06
25139,7.854518e-06
25140,7.854518e-06
25142,7.854518e-06
25143,7.854518e-06
25144,7.854518e-06
25145,7.854518e-06
25147,7.854518e-06
25148,7.854518e-06
25150,7.854518e-06
25151,7.854518e-06
25153,7.854518e-06
25154,7.854518e-06
25155,7.854518e-06
25156,7.854518e-06
25157,7.854518e-06
25158,7.854518e-06
25159,7.854518e-06
25163,7.854518e-06
25170,8.4471285e-06
25171,7.854518e-06
25172,7.854518e-06
25174,7.854518e-06
25178,7.854518e-06
25179,8.559723e-06
25180,8.4471285e-06
25181,7.854518e-06
25186,8.4471285e-06
25187,7.854518e-06
25192,8.4471285e-06
25193,1.0886234e-05
25195,7.854518e-06
25202,6.9095945e-06
25203,6.9095945e-06
25216,7.022189e-06
25220,6.9095945e-06
25233,6.422521e-06
25252,6.6124603e-06
25255,6.6576335e-06
25256,6.7299234e-06
25259,6.749771e-06
25269,6.9292155e-06
25295,6.594543e-06
25296,6.7003125e-06
25324,6.7987116e-06
25328,6.172432e-06
25334,6.216132e-06
25346,6.2516683e-06
25424,6.34238e-06
25431,6.427887e-06
25467,6.494543e-06
25495,6.7161295e-06
25509,8.437627e-06
25519,6.3657485e-06
25557,6.503085e-06
25560,1.651505e-05
25569,6.4125475e-06
25571,6.438364e-06
25579,6.2414047e-06
25583,6.5933827e-06
25584,6.2301197e-06
25587,6.254269e-06
25591,7.74357e-06
25597,7.930104e-06
25600,6.4287283e-06
25606,6.260512e-06
25608,6.5787126e-06
25609,6.182276e-06
25617,6.3157513e-06
25618,6.5403374e-06
25628,6.323277e-06
25629,6.4311666e-06
25632,6.2547983e-06
25642,6.4579212e-06
25659,6.608102e-06
25668,6.5246395e-06
25682,6.3291272e-06
25683,6.495991e-06
25685,6.1891737e-06
25686,6.3313983e-06
25693,8.032358e-06
25698,6.3024636e-06
25719,6.3729567e-06
25724,7.29614e-06
25729,6.3194e-06
25734,6.322164e-06
25738,7.175603e-06
25741,7.175603e-06
25742,7.175603e-06
25750,7.0630085e-06
25753,7.175603e-06
25763,6.52475e-06
25802,6.2311733e-06
25812,6.837252e-06
25813,6.365899e-06
25820,6.284858e-06
25821,6.849253e-06
25824,6.3713596e-06
25827,6.16486e-06
25828,6.294891e-06
25829,7.0716574e-06
25830,6.2448407e-06
25836,6.8682816e-06
25841,9.484032e-06
25843,6.2230934e-06
25858,8.108772e-06
25889,6.2516674e-06
25892,6.379913e-06
25898,6.4200476e-06
25913,7.660227e-06
25914,6.2388103e-06
25920,6.476319e-06
25925,6.390252e-06
25935,6.6554117e-06
25950,7.1153177e-06
25961,6.9667476e-06
25964,6.23496e-06
25967,7.0247347e-06
25979,6.1925616e-06
25984,6.358355e-06
25988,7.288201e-06
25989,6.269177e-06
25994,7.678432e-06
25995,6.2141035e-06
25996,6.2487175e-06
25998,6.2933814e-06
26000,6.238203e-06
26001,6.3145603e-06
26002,6.2154977e-06
26009,6.4477717e-06
26010,6.417141e-06
26028,6.262752e-06
26031,6.2451913e-06
26035,1.00539055e-05
26041,6.2339864e-06
26056,6.2694107e-06
26059,6.417332e-06
26075,6.7385477e-06
26078,7.2288863e-06
26085,7.0617925e-06
26093,6.261423e-06
26096,6.240133e-06
26097,6.1656665e-06
26099,9.941311e-06
26106,7.6147994e-06
26108,9.941311e-06
26117,7.035102e-06
26121,7.429244e-06
26122,7.035102e-06
26124,9.941311e-06
26129,9.941311e-06
26130,9.941311e-06
26137,9.941311e-06
26154,9.941311e-06
26158,9.941311e-06
26171,9.941311e-06
26203,7.6147994e-06
26209,9.941311e-06
26216,9.941311e-06
26218,7.035102e-06
26227,7.112583e-06
26231,9.941311e-06
26237,9.941311e-06
26239,9.941311e-06
26246,7.6147994e-06
26263,9.941311e-06
26310,9.941311e-06
26311,6.8993754e-06
26359,7.6147994e-06
26377,6.329104e-06
26380,6.3194702e-06
26390,6.1845594e-06
26404,6.2987096e-06
26411,6.2575537e-06
26422,6.26248e-06
26435,6.5984236e-06
26439,6.280457e-06
26440,6.2843387e-06
26446,6.2178733e-06
26448,6.240537e-06
26453,6.231471e-06
26454,6.689419e-06
26458,6.2608174e-06
26464,6.375829e-06
26465,6.251562e-06
26479,6.353828e-06
26482,6.3424363e-06
26491,6.7009805e-06
26500,6.642354e-06
26504,6.4035007e-06
26619,9.474208e-06
26622,6.216421e-06
26624,6.165553e-06
26626,6.3214266e-06
26629,6.4183773e-06
26630,6.312742e-06
26633,6.4311594e-06
26636,6.1730907e-06
26638,6.3450634e-06
26642,6.7277824e-06
26645,6.1864253e-06
26646,6.389436e-06
26664,6.2989257e-06
26666,6.262941e-06
26686,6.228537e-06
26687,6.228537e-06
26688,6.228537e-06
26689,6.228537e-06
26698,6.5368877e-06
26703,6.1508385e-06
26705,6.995106e-06
26724,7.603106e-06
26744,6.3559696e-06
26745,7.3235988e-06
26755,7.124022e-06
26758,6.232848e-06
26764,6.301809e-06
26767,6.176105e-06
26794,6.2404783e-06
26797,6.184068e-06
26800,6.217589e-06
26801,6.288481e-06
26803,6.223325e-06
26819,6.42875e-06
26824,6.2608883e-06
26827,6.2778704e-06
26833,6.3696148e-06
26836,6.3014995e-06
26838,6.280567e-06
26841,6.3015577e-06
26847,6.537776e-06
26856,6.265551e-06
26857,6.17757e-06
26875,6.480452e-06
26897,7.1307345e-06
26905,6.2200074e-06
26977,6.3148736e-06
26981,6.3148736e-06
26999,6.3148736e-06
27010,6.2200334e-06
27012,6.144048e-06
27018,6.557128e-06
27031,6.1947726e-06
27042,6.340749e-06
27050,6.2502017e-06
27057,6.5577347e-06
27060,7.0579026e-06
27086,6.212787e-06
27096,6.2186728e-06
27105,6.2698814e-06
27111,6.3142625e-06
27119,6.222609e-06
27121,6.24094e-06
27123,6.2614886e-06
27124,6.278161e-06
27125,6.2812733e-06
27158,7.462674e-06
27159,6.349491e-06
27170,6.1951214e-06
27181,6.2548424e-06
27186,6.2839604e-06
27187,6.2433514e-06
27207,6.37111e-06
27230,6.587962e-06
1045,6.342668e-06
1172,5.9607623e-06
1173,5.9607623e-06
1174,6.030294e-06
1176,6.030294e-06
1177,6.030294e-06
1180,6.030294e-06
1181,6.030294e-06
1189,6.030294e-06
1197,6.030294e-06
1201,6.030294e-06
1208,6.836141e-06
1209,6.836141e-06
1212,6.836141e-06
1214,6.836141e-06
1217,6.836141e-06
1218,6.836141e-06
1221,6.836141e-06
1232,6.836141e-06
1235,6.836141e-06
1237,6.836141e-06
1245,6.836141e-06
1246,6.836141e-06
1247,6.836141e-06
1249,6.836141e-06
1250,6.836141e-06
1255,6.836141e-06
1256,6.836141e-06
1260,6.836141e-06
1261,6.836141e-06
1263,6.836141e-06
1267,6.836141e-06
1270,6.836141e-06
1272,6.836141e-06
1273,6.836141e-06
1275,6.836141e-06
1276,6.836141e-06
1286,6.5572044e-06
1288,6.5572044e-06
1289,6.5572044e-06
1290,6.5572044e-06
1292,7.00343e-06
1293,7.00343e-06
1295,7.00343e-06
1300,6.101378e-06
1301,6.101378e-06
1302,6.101378e-06
1303,6.101378e-06
1305,6.101378e-06
1307,6.101378e-06
1309,6.101378e-06
1313,6.101378e-06
1321,6.101378e-06
1326,6.101378e-06
1327,6.101378e-06
1329,6.101378e-06
1332,6.2624763e-06
1333,6.2624763e-06
1334,6.2624763e-06
1338,6.2624763e-06
1339,6.2624763e-06
1341,6.2624763e-06
2029,5.8778273e-06
2522,6.030789e-06
2711,5.8316023e-06
2712,5.8316023e-06
2714,5.96005e-06
2720,5.9472522e-06
2727,5.8960677e-06
2729,6.836141e-06
3421,5.8294204e-06
3567,5.963159e-06
3715,6.4994397e-06
3716,6.4994397e-06
3721,6.4994397e-06
3723,6.4994397e-06
3724,6.4994397e-06
3726,6.4994397e-06
3727,6.4994397e-06
3729,6.4994397e-06
3732,6.4994397e-06
3733,6.4994397e-06
3734,6.4994397e-06
3743,5.9491094e-06
3745,5.9491094e-06
3759,5.844922e-06
3792,5.901838e-06
3794,5.924434e-06
3830,5.8463984e-06
3849,5.9218114e-06
3901,5.881712e-06
3974,5.874144e-06
3984,5.883517e-06
4252,5.9904546e-06
4257,5.9904546e-06
4263,5.9904546e-06
4267,5.9904546e-06
4271,5.9904546e-06
4273,5.9904546e-06
4274,5.9904546e-06
4275,5.9904546e-06
4276,5.9904546e-06
4295,5.8336645e-06
4413,5.9549434e-06
4486,1.2483256e-05
4563,6.15134e-06
4564,6.15134e-06
4611,7.62371e-06
4677,5.9643953e-06
4741,6.9709067e-06
4803,5.9664717e-06
4806,5.9664717e-06
4808,5.857986e-06
4813,6.461898e-06
4927,5.883517e-06
5134,5.872464e-06
5135,5.9231875e-06
5137,5.8942137e-06
5147,5.887069e-06
5155,5.9068893e-06
5161,5.87953e-06
5164,5.819362e-06
5165,5.9938134e-06
5167,5.8921673e-06
5169,5.8921673e-06
5181,5.920533e-06
5199,5.888786e-06
5268,5.8142987e-06
5270,6.2068016e-06
5295,5.851499e-06
5309,6.1234928e-06
5343,5.841917e-06
5347,6.4872397e-06
5521,5.905213e-06
5664,5.974426e-06
5668,5.9144036e-06
5748,5.96927e-06
5785,5.913704e-06
5841,5.875366e-06
5995,5.85189e-06
6008,5.8466253e-06
6016,5.963077e-06
6090,5.8847845e-06
6106,6.1430815e-06
6123,5.9772606e-06
6124,5.9772606e-06
6125,5.9772606e-06
6146,8.0498485e-06
6161,5.834014e-06
6203,5.9368613e-06
6204,5.9368613e-06
6209,5.9449053e-06
6218,5.9046733e-06
6240,6.2598006e-06
6243,5.9142153e-06
6292,7.938394e-06
6466,6.209719e-06
6483,5.9101867e-06
6484,5.9101867e-06
6485,5.9101867e-06
6486,5.9101867e-06
6513,5.9114427e-06
6531,5.8749574e-06
6576,5.8974492e-06
6625,5.899966e-06
6644,6.074049e-06
6646,6.1491655e-06
6659,5.98626e-06
6668,5.8974656e-06
6687,6.271903e-06
6738,6.056702e-06
6739,6.056702e-06
6748,6.108948e-06
6755,6.3865673e-06
6786,5.874434e-06
6787,5.8653586e-06
6811,5.9430095e-06
6812,5.9430095e-06
6813,5.8819737e-06
6855,6.197133e-06
6910,6.2802856e-06
6942,5.9032495e-06
6956,6.651406e-06
6980,5.8129767e-06
7040,5.8867563e-06
7068,6.355068e-06
7082,5.8189767e-06
7095,6.2143213e-06
7103,6.034278e-06
7158,6.129624e-06
7231,5.870365e-06
7288,5.9449258e-06
7289,5.9449258e-06
7329,5.98206e-06
7358,5.882438e-06
7361,5.940491e-06
7375,5.969599e-06
7392,5.8510223e-06
7395,6.023457e-06
7396,6.023457e-06
7407,8.5834e-06
7448,5.980184e-06
7463,5.898218e-06
7498,5.940951e-06
7503,5.96421e-06
7507,5.891083e-06
7513,5.912655e-06
7529,5.87516e-06
7560,5.96421e-06
7566,5.8857277e-06
7591,6.0525635e-06
7592,5.8890523e-06
7593,5.915107e-06
7627,6.352229e-06
7630,5.9080608e-06
7635,5.932849e-06
7638,9.223947e-06
7657,5.9311155e-06
7668,5.9269937e-06
7687,5.9485624e-06
7688,5.9485624e-06
7750,6.1510755e-06
7790,6.1430815e-06
7818,5.8998617e-06
7821,6.041638e-06
7841,6.5662484e-06
7842,6.5662484e-06
7849,6.1430815e-06
7850,6.1430815e-06
7851,6.1430815e-06
7866,6.1430815e-06
7931,5.8392393e-06
7935,5.8584938e-06
7945,6.025896e-06
7949,6.2549275e-06
7955,5.853746e-06
8004,5.85546e-06
8013,6.019004e-06
8015,5.810973e-06
8039,5.942041e-06
8044,5.9177214e-06
8046,5.974651e-06
8048,5.8433343e-06
8051,6.2521235e-06
8052,5.8744536e-06
8080,5.861284e-06
8086,7.2608427e-06
8095,5.895783e-06
8105,5.854817e-06
8120,5.863981e-06
8189,6.0586294e-06
8192,5.8919704e-06
8201,5.8902456e-06
8210,7.063026e-06
8221,5.8589876e-06
8237,5.9676727e-06
8239,5.906826e-06
8240,5.852626e-06
8241,5.906826e-06
8261,5.9084186e-06
8262,5.887069e-06
8278,5.8774745e-06
8286,6.0085035e-06
8297,5.9441604e-06
8298,5.879539e-06
8299,5.879539e-06
8328,5.9337367e-06
8331,5.856737e-06
8333,5.8900932e-06
8334,5.9024883e-06
8338,5.9285276e-06
8339,5.9285276e-06
8341,6.027108e-06
8342,5.827679e-06
8343,5.827679e-06
8350,5.8842033e-06
8681,5.921778e-06
8747,5.821924e-06
8769,5.870476e-06
8770,5.8847845e-06
8771,6.054199e-06
8775,5.9024883e-06
8783,5.9777303e-06
8786,5.8334217e-06
8814,5.8839896e-06
8819,5.884151e-06
8826,5.872464e-06
8827,5.8654905e-06
8845,6.079709e-06
8872,5.887364e-06
8883,5.887036e-06
8893,5.842507e-06
8944,6.028323e-06
8945,6.028323e-06
9018,5.925083e-06
9020,5.961053e-06
9114,6.6114526e-06
9115,6.6114526e-06
9121,6.6114526e-06
9126,6.6114526e-06
9132,6.6114526e-06
9151,6.6114526e-06
9152,6.6114526e-06
9153,6.6114526e-06
9157,6.6114526e-06
9164,6.6114526e-06
9166,6.6114526e-06
9171,6.6114526e-06
9172,6.6114526e-06
9178,6.6114526e-06
9180,6.6114526e-06
9185,6.6114526e-06
9188,6.6114526e-06
9189,6.6114526e-06
9196,6.6114526e-06
9198,6.6114526e-06
9200,6.6114526e-06
9201,6.6114526e-06
9202,6.6114526e-06
9204,6.6114526e-06
9209,6.6114526e-06
9210,6.6114526e-06
9211,6.6114526e-06
9212,6.6114526e-06
9215,6.6114526e-06
9216,6.6114526e-06
9217,6.6114526e-06
9220,6.6114526e-06
9221,6.6114526e-06
9222,6.6114526e-06
9224,6.6114526e-06
9225,6.6114526e-06
9227,6.6114526e-06
9228,6.6114526e-06
9229,6.6114526e-06
9232,6.6114526e-06
9233,6.6114526e-06
9234,6.6114526e-06
9237,6.6114526e-06
9238,6.6114526e-06
9240,6.6114526e-06
9241,6.6114526e-06
9244,6.6114526e-06
9248,6.6114526e-06
9249,6.6114526e-06
9252,6.6114526e-06
9254,6.6114526e-06
9258,6.6114526e-06
9285,5.86262e-06
9427,5.9152185e-06
9429,5.884651e-06
9430,5.884651e-06
9447,5.926192e-06
9453,5.8919704e-06
9564,9.807553e-06
9581,5.8683263e-06
9582,5.843072e-06
9589,7.937649e-06
9601,7.7111845e-06
9602,5.878954e-06
9612,5.8729047e-06
9642,5.8782603e-06
9668,5.9179015e-06
9678,6.0300567e-06
9706,5.905033e-06
9707,5.826643e-06
9708,5.830238e-06
9709,5.9128597e-06
9723,6.836141e-06
9766,6.0684397e-06
9771,5.891735e-06
9781,5.8857277e-06
9791,5.8957994e-06
9796,5.8466253e-06
9797,5.899414e-06
9799,5.8941555e-06
9809,5.8276996e-06
9817,6.028323e-06
9818,5.9206714e-06
9819,5.9206714e-06
9828,5.9436948e-06
9830,6.7528104e-06
9839,6.257556e-06
9843,5.845202e-06
9844,5.845202e-06
9858,6.3878e-06
9875,6.0212496e-06
9876,6.0212496e-06
9878,6.101378e-06
9884,5.872464e-06
9897,5.888786e-06
9900,5.984706e-06
9901,5.894942e-06
9902,5.894942e-06
9903,5.868093e-06
9922,5.8588357e-06
9929,6.005372e-06
9934,5.905965e-06
9943,6.6750845e-06
9945,6.6750845e-06
9988,5.961154e-06
9989,6.0217726e-06
9990,6.0217726e-06
9995,6.00543e-06
10014,5.919496e-06
10015,5.988781e-06
10019,5.971733e-06
10021,5.9097943e-06
10025,6.0335283e-06
10094,7.1000177e-06
10095,7.1000177e-06
10096,7.1000177e-06
10097,7.1000177e-06
10099,7.1000177e-06
10100,7.1000177e-06
10101,7.1000177e-06
10102,7.1000177e-06
10103,7.1000177e-06
10104,7.1000177e-06
10105,7.1000177e-06
10106,7.1000177e-06
10107,7.1000177e-06
10108,7.1000177e-06
10109,7.1000177e-06
10110,7.1000177e-06
10111,7.1000177e-06
10112,7.1000177e-06
10113,7.1000177e-06
10114,7.1000177e-06
10115,7.1000177e-06
10116,7.1000177e-06
10124,5.919496e-06
10127,7.1000177e-06
10128,7.1000177e-06
10129,7.1000177e-06
10130,7.1000177e-06
10131,7.1000177e-06
10132,7.1000177e-06
10133,7.1000177e-06
10135,7.1000177e-06
10136,7.1000177e-06
10137,7.1000177e-06
10139,7.1000177e-06
10140,7.1000177e-06
10141,7.1000177e-06
10142,7.1000177e-06
10143,7.1000177e-06
10144,7.1000177e-06
10145,7.1000177e-06
10146,7.1000177e-06
10147,7.1000177e-06
10148,7.1000177e-06
10150,7.1000177e-06
10152,7.1000177e-06
10153,7.1000177e-06
10154,7.1000177e-06
10155,7.1000177e-06
10156,7.1000177e-06
10157,7.1000177e-06
10158,7.1000177e-06
10160,7.1000177e-06
10161,7.1000177e-06
10162,7.1000177e-06
10163,7.1000177e-06
10164,7.1000177e-06
10165,7.1000177e-06
10166,7.1000177e-06
10167,7.1000177e-06
10168,7.1000177e-06
10169,7.1000177e-06
10170,7.1000177e-06
10171,7.1000177e-06
10172,7.1000177e-06
10173,7.1000177e-06
10174,7.1000177e-06
10175,7.1000177e-06
10176,7.1000177e-06
10177,7.1000177e-06
10179,7.1000177e-06
10180,7.1000177e-06
10181,7.1000177e-06
10182,7.1000177e-06
10183,7.1000177e-06
10184,7.1000177e-06
10185,7.1000177e-06
10186,7.1000177e-06
10187,7.1000177e-06
10188,7.1000177e-06
10189,7.1000177e-06
10190,7.1000177e-06
10192,7.1000177e-06
10248,5.921511e-06
10249,5.921511e-06
10373,5.9570425e-06
10374,5.9570425e-06
10381,5.892877e-06
10437,5.981899e-06
10446,6.0041434e-06
10490,5.8790984e-06
10517,5.910553e-06
10521,6.079264e-06
10522,6.079264e-06
10523,6.079264e-06
10524,6.079264e-06
10554,5.8481182e-06
10561,5.8968753e-06
10702,5.8617798e-06
10744,6.3338116e-06
10757,5.8413357e-06
10768,5.889323e-06
10771,5.819343e-06
10775,5.896995e-06
10777,6.0050525e-06
10792,5.940249e-06
10844,5.8561727e-06
10859,5.94916e-06
10873,5.8846717e-06
10882,5.900411e-06
10883,5.837423e-06
10955,5.887036e-06
10958,6.064996e-06
10983,6.319888e-06
11041,5.9233867e-06
11044,5.821128e-06
11063,5.8532137e-06
11307,6.0085194e-06
11314,5.9097943e-06
11326,5.8535825e-06
11329,5.980257e-06
11335,7.294728e-06
11336,7.294728e-06
11339,5.888786e-06
11341,5.8809756e-06
11352,5.9069903e-06
11353,5.9069903e-06
11361,5.8756304e-06
11377,6.048983e-06
11383,5.97832e-06
11384,5.9871177e-06
11417,6.1234928e-06
11418,6.1234928e-06
11433,5.8591154e-06
11451,5.972864e-06
11453,5.892214e-06
11459,5.8772266e-06
11466,5.854817e-06
11471,5.908174e-06
11475,5.8686933e-06
11477,5.8686933e-06
11479,5.901838e-06
11480,5.858697e-06
11494,6.555495e-06
11509,5.8591154e-06
11526,5.811005e-06
11527,5.811005e-06
11528,5.859489e-06
11529,6.6750845e-06
11533,5.8796213e-06
11544,6.6750845e-06
11545,6.6750845e-06
11558,5.8526152e-06
11561,5.859846e-06
11574,5.8978185e-06
11587,5.872464e-06
11590,5.946159e-06
11591,5.9325735e-06
11592,5.839077e-06
11596,6.214723e-06
11597,6.214723e-06
11598,6.6750845e-06
11599,5.8376895e-06
11600,6.6750845e-06
11603,5.8453234e-06
11604,6.6750845e-06
11605,5.9337813e-06
11609,5.9596055e-06
11626,5.9327945e-06
11627,5.9327945e-06
11632,5.880043e-06
11636,5.919385e-06
11647,5.970417e-06
11648,5.970417e-06
11649,5.9105455e-06
11652,6.094731e-06
11653,6.094731e-06
11654,6.094731e-06
11655,6.094731e-06
11656,6.094731e-06
11657,6.094731e-06
11658,6.094731e-06
11659,6.094731e-06
11660,6.094731e-06
11661,6.094731e-06
11662,6.094731e-06
11663,6.094731e-06
11664,6.094731e-06
11665,6.094731e-06
11666,6.094731e-06
11673,5.9725503e-06
11737,5.8928404e-06
11874,5.8928404e-06
12158,5.8498094e-06
12168,5.9061476e-06
12180,5.8450214e-06
12184,5.919496e-06
12185,5.919496e-06
12221,5.886469e-06
12229,5.8623664e-06
12234,5.950278e-06
12240,5.8658516e-06
12264,5.917387e-06
12277,6.185063e-06
12311,5.9032495e-06
12312,5.8716632e-06
12313,5.868093e-06
12320,6.2255394e-06
12321,6.2255394e-06
12323,6.6750845e-06
12328,6.19641e-06
12329,5.910012e-06
12351,5.930373e-06
12357,6.0143725e-06
12381,5.8902456e-06
12402,5.9430095e-06
12403,5.9430095e-06
12405,5.930622e-06
12406,5.930622e-06
12414,5.8480678e-06
12419,6.018698e-06
12423,6.021388e-06
12507,5.9098056e-06
12516,5.8605897e-06
12530,7.795358e-06
12533,5.9953113e-06
12543,5.9340964e-06
12552,5.9067356e-06
12557,5.9619033e-06
12558,5.871136e-06
12559,5.871136e-06
12561,5.871136e-06
12563,5.871136e-06
12564,5.871136e-06
12565,5.871136e-06
12611,5.9097943e-06
12612,5.9097943e-06
12660,5.9097943e-06
12763,5.8895266e-06
12767,5.8895266e-06
12770,5.882086e-06
12776,5.8356377e-06
12799,5.8544388e-06
12800,5.881712e-06
12801,5.881712e-06
12802,5.881712e-06
12803,5.9748227e-06
12815,6.0650837e-06
12817,5.961154e-06
12818,6.0650837e-06
12819,6.0650837e-06
12820,6.0650837e-06
12827,5.8801193e-06
12828,6.0335283e-06
12829,5.992542e-06
12832,6.185063e-06
12835,6.185063e-06
12836,6.185063e-06
12837,6.185063e-06
12838,6.185063e-06
12839,6.185063e-06
12840,6.185063e-06
12841,6.185063e-06
12843,6.185063e-06
12844,6.185063e-06
12847,6.185063e-06
12851,6.185063e-06
12854,6.185063e-06
12860,6.185063e-06
12861,6.185063e-06
12862,6.185063e-06
12863,6.185063e-06
12869,5.852626e-06
12895,6.6750845e-06
12896,6.6750845e-06
12901,5.9371855e-06
12903,5.8857827e-06
12906,5.9504423e-06
12933,5.8480587e-06
12934,6.0921966e-06
12946,6.000245e-06
12951,5.82725e-06
12953,5.9578997e-06
12954,6.119584e-06
12960,5.9550093e-06
12964,5.8613236e-06
12972,5.897128e-06
12990,6.4326023e-06
12991,6.4326023e-06
12992,6.4326023e-06
12994,6.4326023e-06
12995,5.8584938e-06
12999,5.883517e-06
13027,5.883517e-06
13028,5.867434e-06
13046,6.0964862e-06
13054,6.035276e-06
13057,5.9050526e-06
13072,5.9032495e-06
13075,5.844922e-06
13076,5.8535825e-06
13128,5.8982e-06
13146,7.584596e-06
13147,7.584596e-06
13149,7.584596e-06
13150,7.584596e-06
13151,5.8711407e-06
13156,5.8561727e-06
13165,5.869868e-06
13169,5.9040176e-06
13170,5.99749e-06
13171,5.99749e-06
13172,5.99749e-06
13173,5.99749e-06
13175,5.815067e-06
13176,5.915107e-06
13181,5.99749e-06
13182,6.8704267e-06
13186,5.951129e-06
13189,5.840775e-06
13191,5.879539e-06
13192,5.879539e-06
13204,5.842179e-06
13205,5.861154e-06
13237,5.9129957e-06
13255,5.940951e-06
13273,6.8704267e-06
13306,5.9062036e-06
13308,6.0133734e-06
13325,5.9871177e-06
13326,5.9871177e-06
13332,6.8704267e-06
13333,6.8704267e-06
13334,6.8704267e-06
13335,6.8704267e-06
13336,6.8704267e-06
13337,6.8704267e-06
13338,6.8704267e-06
13339,6.8704267e-06
13340,6.8704267e-06
13341,6.8704267e-06
13342,6.8704267e-06
13343,6.8704267e-06
13344,6.8704267e-06
13345,6.8704267e-06
13346,6.8704267e-06
13347,6.8704267e-06
13349,6.8704267e-06
13350,6.8704267e-06
13351,6.8704267e-06
13352,6.8704267e-06
13353,6.8704267e-06
13357,6.6114526e-06
13359,6.6114526e-06
13365,5.8642986e-06
13378,7.7111845e-06
13379,7.7111845e-06
13380,7.7111845e-06
13382,7.7111845e-06
13384,7.7111845e-06
13394,5.977371e-06
13405,5.977371e-06
13432,5.977371e-06
13447,5.977371e-06
13485,5.977371e-06
13499,5.977371e-06
13510,5.977371e-06
13514,5.977371e-06
13563,5.977371e-06
13594,5.977371e-06
13620,5.977371e-06
13637,5.977371e-06
13641,5.977371e-06
13680,5.977371e-06
13718,5.977371e-06
13723,5.977371e-06
13732,5.977371e-06
13742,5.977371e-06
13794,5.977371e-06
14014,5.891791e-06
14089,5.8738765e-06
14099,5.8345786e-06
14103,5.8955907e-06
14109,5.8622577e-06
14115,5.9289996e-06
14116,5.9339454e-06
14120,5.9327945e-06
14124,5.8463984e-06
14125,5.8689398e-06
14140,5.895384e-06
14150,5.854212e-06
14168,5.8302007e-06
14182,5.928385e-06
14185,5.836776e-06
14202,5.867084e-06
14206,5.8925557e-06
14207,5.8925557e-06
14224,6.6973394e-06
14235,5.8322616e-06
14238,5.850636e-06
14240,6.563966e-06
14246,6.6750845e-06
14249,6.6750845e-06
14261,6.6750845e-06
14266,6.6750845e-06
14268,6.6750845e-06
14271,6.6750845e-06
14284,6.6750845e-06
14290,5.883517e-06
14291,5.88591e-06
14315,6.169783e-06
14316,6.169783e-06
14317,6.169783e-06
14318,6.169783e-06
14348,5.983361e-06
14352,5.983361e-06
14355,6.1456863e-06
14356,5.8941555e-06
14357,6.6140324e-06
14358,6.6140324e-06
14359,5.9449308e-06
14361,6.9976118e-06
14367,6.1456863e-06
14369,5.8476785e-06
14371,5.9080608e-06
14372,6.0668426e-06
14373,5.8625587e-06
14378,5.94748e-06
14391,5.8952783e-06
14392,6.0073003e-06
14396,6.3530692e-06
14397,5.920533e-06
14400,6.17991e-06
14401,5.984706e-06
14422,5.8884493e-06
14424,5.9471336e-06
14425,5.84336e-06
14426,5.963343e-06
14429,5.845279e-06
14440,5.852947e-06
14457,6.0001507e-06
14467,5.9140953e-06
14468,5.9140953e-06
14492,5.812713e-06
14497,5.8383257e-06
14510,6.0010702e-06
14512,6.0684297e-06
14558,5.92461e-06
14560,5.87281e-06
14561,5.87281e-06
14562,6.6750845e-06
14563,5.826404e-06
14571,6.1045785e-06
14607,5.9574127e-06
14608,5.888786e-06
14609,5.888786e-06
14611,5.888786e-06
14622,5.863393e-06
14623,5.9147237e-06
14624,6.1359515e-06
14625,6.1359515e-06
14626,6.1359515e-06
14629,6.1359515e-06
14630,6.1359515e-06
14631,6.1359515e-06
14632,6.1359515e-06
14634,6.1359515e-06
14635,6.1359515e-06
14637,6.1359515e-06
14638,6.1359515e-06
14640,6.1359515e-06
14647,5.877858e-06
14648,6.2779236e-06
14652,6.1359515e-06
14656,5.884651e-06
14680,5.933254e-06
14714,5.895783e-06
14716,5.9231866e-06
14718,6.082813e-06
14719,6.082813e-06
14753,5.8796213e-06
14755,5.8796213e-06
14764,5.8294277e-06
14765,5.9174627e-06
14768,5.88144e-06
14769,5.88144e-06
14770,5.88144e-06
14771,5.88144e-06
14772,5.88144e-06
14775,5.88144e-06
14776,5.88144e-06
14781,5.88144e-06
14783,5.88144e-06
14785,5.88144e-06
14786,5.88144e-06
14787,5.88144e-06
14788,5.88144e-06
14810,5.918491e-06
14821,5.9624313e-06
14824,6.2802856e-06
14825,5.9445915e-06
14826,6.0143725e-06
14831,5.859346e-06
14838,6.0143725e-06
14841,6.0143725e-06
14843,6.0143725e-06
14844,6.0143725e-06
14847,6.0143725e-06
14848,6.0143725e-06
14854,6.0143725e-06
14855,6.0143725e-06
14856,6.0143725e-06
14858,6.0143725e-06
14859,6.0143725e-06
14861,6.0143725e-06
14872,6.0143725e-06
14879,6.0143725e-06
14880,6.0143725e-06
14881,6.0143725e-06
14882,6.0143725e-06
14885,5.855682e-06
14887,6.191197e-06
14893,5.8864794e-06
14896,5.832378e-06
14897,5.8801193e-06
14898,5.9319004e-06
14901,6.045519e-06
14907,5.9582107e-06
14909,5.9058484e-06
14911,6.033301e-06
14912,6.1485075e-06
14913,6.1485075e-06
14914,6.1485075e-06
14915,6.1485075e-06
14918,5.845283e-06
14930,6.3757225e-06
14931,6.3757225e-06
14932,6.3757225e-06
14934,6.3757225e-06
14935,6.3757225e-06
14936,6.3757225e-06
14937,6.3757225e-06
14938,6.3757225e-06
14939,5.834585e-06
14940,5.8545857e-06
14941,5.8545857e-06
14942,5.8545857e-06
14944,5.8545857e-06
14955,6.1096566e-06
14966,5.929962e-06
14967,5.8644437e-06
14982,6.2961713e-06
14985,5.948564e-06
14987,5.9232107e-06
14993,6.0577036e-06
14994,5.8294177e-06
15000,6.7113583e-06
15001,6.7113583e-06
15002,6.7113583e-06
15019,5.980184e-06
15020,5.980184e-06
15025,6.0596617e-06
15026,6.0596617e-06
15027,5.948124e-06
15059,5.879149e-06
15060,5.8453234e-06
15065,5.871848e-06
15076,5.857477e-06
15080,6.0926636e-06
15082,6.0926636e-06
15084,6.7683e-06
15093,6.3792113e-06
15096,6.3792113e-06
15097,6.3792113e-06
15102,6.3792113e-06
15103,6.3792113e-06
15104,6.3792113e-06
15107,6.3792113e-06
15108,6.3792113e-06
15112,6.3792113e-06
15114,6.3792113e-06
15115,6.3792113e-06
15116,6.3792113e-06
15119,6.3792113e-06
15120,6.3792113e-06
15121,6.3792113e-06
15123,6.3792113e-06
15124,6.3792113e-06
15125,6.3792113e-06
15128,6.3792113e-06
15129,6.3792113e-06
15132,6.3792113e-06
15136,6.3792113e-06
15137,6.3792113e-06
15138,6.3792113e-06
15139,6.3792113e-06
15141,6.3792113e-06
15143,6.3792113e-06
15144,6.3792113e-06
15146,6.3792113e-06
15147,6.3792113e-06
15150,6.3792113e-06
15154,6.3792113e-06
15155,6.3792113e-06
15156,6.3792113e-06
15159,6.3792113e-06
15160,6.3792113e-06
15164,6.3792113e-06
15168,6.3792113e-06
15172,6.3792113e-06
15173,6.3792113e-06
15175,6.3792113e-06
15177,6.3792113e-06
15178,6.3792113e-06
15179,6.3792113e-06
15180,6.3792113e-06
15183,6.3792113e-06
15185,6.3792113e-06
15188,6.3792113e-06
15189,6.3792113e-06
15190,6.3792113e-06
15191,6.3792113e-06
15192,6.3792113e-06
15195,6.3792113e-06
15197,6.3792113e-06
15219,5.9652693e-06
15221,5.9298372e-06
15223,5.962014e-06
15244,5.937774e-06
15248,5.937774e-06
15249,5.937774e-06
15250,5.937774e-06
15258,5.937774e-06
15270,5.9382305e-06
15274,5.974651e-06
15276,7.5713733e-06
15277,7.5713733e-06
15286,5.862026e-06
15287,5.834109e-06
15288,5.834109e-06
15289,5.8804753e-06
15300,6.081955e-06
15318,5.908918e-06
15333,5.901838e-06
15335,6.0099824e-06
15400,5.888009e-06
15432,6.0139273e-06
15441,5.883517e-06
15499,5.9137615e-06
15547,6.0139273e-06
15569,5.8230503e-06
15580,5.8581572e-06
15607,5.8840687e-06
15622,5.8704836e-06
15633,6.0719512e-06
15637,5.9994686e-06
15644,6.6750845e-06
15645,6.1338797e-06
15646,6.1338797e-06
15647,6.1338797e-06
15648,6.1338797e-06
15649,6.1338797e-06
15657,5.977769e-06
15659,5.9188133e-06
15670,5.8780042e-06
15680,5.8773785e-06
15682,5.8773785e-06
15693,5.949776e-06
15695,5.938118e-06
15747,5.8510223e-06
15749,6.6750845e-06
15750,6.0921966e-06
15756,5.949465e-06
15757,6.6973394e-06
15759,6.077719e-06
15764,5.8805294e-06
15776,5.8805294e-06
15782,5.8805294e-06
15783,5.8805294e-06
15789,5.8805294e-06
15793,5.8805294e-06
15794,5.8805294e-06
15828,5.9725503e-06
15836,5.89678e-06
15838,5.89678e-06
15852,5.8790984e-06
15890,5.9601034e-06
15928,5.842179e-06
15930,6.683602e-06
15932,6.683602e-06
15942,6.683602e-06
15949,5.8358523e-06
15956,5.9276845e-06
15966,5.889431e-06
15977,6.6750845e-06
15978,7.443782e-06
15993,5.8766623e-06
15994,5.9269596e-06
16000,6.1426485e-06
16001,6.1426485e-06
16002,6.1426485e-06
16003,5.8392393e-06
16004,5.972864e-06
16006,5.964806e-06
16007,5.8453234e-06
16008,6.6750845e-06
16013,6.0746456e-06
16015,5.925236e-06
16017,5.925236e-06
16018,5.925236e-06
16020,5.925236e-06
16022,5.8304336e-06
16025,6.005872e-06
16026,6.005872e-06
16027,5.8756304e-06
16030,5.9080608e-06
16047,5.9068684e-06
16053,5.8550427e-06
16055,5.906084e-06
16058,5.950673e-06
16088,5.844006e-06
16094,5.869672e-06
16100,5.8954315e-06
16101,5.9039376e-06
16102,5.859846e-06
16110,6.0180855e-06
16120,5.859227e-06
16122,9.861992e-06
16124,9.861992e-06
16126,9.861992e-06
16127,9.861992e-06
16131,9.861992e-06
16132,9.861992e-06
16136,9.861992e-06
16139,9.861992e-06
16140,9.861992e-06
16141,9.861992e-06
16142,9.861992e-06
16143,9.861992e-06
16144,9.861992e-06
16145,9.861992e-06
16149,9.861992e-06
16151,9.861992e-06
16152,9.861992e-06
16154,9.861992e-06
16155,9.861992e-06
16157,9.861992e-06
16159,9.861992e-06
16160,9.861992e-06
16163,9.861992e-06
16164,9.861992e-06
16166,9.861992e-06
16167,9.861992e-06
16168,9.861992e-06
16169,9.861992e-06
16170,9.861992e-06
16173,9.861992e-06
16174,9.861992e-06
16175,9.861992e-06
16176,9.861992e-06
16178,9.861992e-06
16181,9.861992e-06
16182,9.861992e-06
16184,9.861992e-06
16187,9.861992e-06
16192,9.861992e-06
16193,9.861992e-06
16194,9.861992e-06
16197,9.861992e-06
16198,9.861992e-06
16200,9.861992e-06
16201,9.861992e-06
16202,9.861992e-06
16204,9.861992e-06
16205,9.861992e-06
16206,9.861992e-06
16207,9.861992e-06
16208,9.861992e-06
16210,9.861992e-06
16211,9.861992e-06
16213,9.861992e-06
16215,9.861992e-06
16217,9.861992e-06
16218,9.861992e-06
16219,9.861992e-06
16220,9.861992e-06
16222,9.861992e-06
16223,9.861992e-06
16224,9.861992e-06
16225,9.861992e-06
16226,9.861992e-06
16227,9.861992e-06
16230,9.861992e-06
16236,9.861992e-06
16237,9.861992e-06
16238,9.861992e-06
16240,9.861992e-06
16241,9.861992e-06
16242,9.861992e-06
16244,9.861992e-06
16245,9.861992e-06
16247,9.861992e-06
16251,9.861992e-06
16253,9.861992e-06
16255,9.861992e-06
16257,9.861992e-06
16260,9.861992e-06
16262,9.861992e-06
16264,9.861992e-06
16266,9.861992e-06
16271,9.861992e-06
16273,9.861992e-06
16276,9.861992e-06
16278,9.861992e-06
16279,9.861992e-06
16281,9.861992e-06
16283,9.861992e-06
16284,9.861992e-06
16285,9.861992e-06
16286,9.861992e-06
16287,9.861992e-06
16289,9.861992e-06
16293,9.861992e-06
16294,9.861992e-06
16295,9.861992e-06
16296,9.861992e-06
16297,9.861992e-06
16306,5.8809756e-06
16309,5.9504423e-06
16310,5.859489e-06
16311,5.9129957e-06
16312,5.9129957e-06
16313,5.9129957e-06
16320,6.0064585e-06
16321,5.9206063e-06
16325,5.8411374e-06
16327,6.0596617e-06
16330,5.838109e-06
16331,5.838109e-06
16343,5.8299956e-06
16348,5.9161e-06
16351,6.112158e-06
16352,6.112158e-06
16354,6.6750845e-06
16357,5.839887e-06
16358,6.0133734e-06
16360,6.159043e-06
16363,5.8373726e-06
16368,5.8612486e-06
16369,5.8612486e-06
16370,5.844922e-06
16372,5.898759e-06
16383,5.8470573e-06
16399,5.9324097e-06
16423,5.900147e-06
16622,5.9879626e-06
16682,5.886469e-06
16729,6.0624347e-06
16779,5.913422e-06
16812,6.009261e-06
16822,5.970622e-06
16826,5.970622e-06
16840,5.9403465e-06
16862,5.9193903e-06
16908,5.930236e-06
16921,5.9311155e-06
16937,5.9252498e-06
16941,5.9493877e-06
16956,6.546053e-06
16962,6.0147718e-06
16976,6.019751e-06
16977,5.9270988e-06
16986,5.9599797e-06
16998,5.9599797e-06
17013,5.9799536e-06
17021,5.9799536e-06
17023,5.9799536e-06
17024,5.9799536e-06
17028,5.9799536e-06
17032,5.9799536e-06
17044,5.9799536e-06
17045,5.9799536e-06
17047,5.9799536e-06
17049,5.9799536e-06
17053,5.9799536e-06
17055,5.9799536e-06
17056,5.9799536e-06
17060,5.9799536e-06
17061,5.9799536e-06
17068,5.866286e-06
17112,5.866286e-06
17136,5.904114e-06
17140,5.98206e-06
17141,5.86262e-06
17142,6.1120472e-06
17151,5.8910105e-06
17154,5.9074773e-06
17155,7.063026e-06
17157,5.881712e-06
17158,6.0133734e-06
17161,5.811255e-06
17162,5.8927812e-06
17167,5.86262e-06
17169,6.0026487e-06
17185,6.0026487e-06
17193,6.0026487e-06
17194,6.0026487e-06
17196,6.0026487e-06
17210,5.9111303e-06
17211,5.9111303e-06
17212,5.9111303e-06
17213,5.9111303e-06
17217,5.9335293e-06
17220,5.828066e-06
17228,5.9218114e-06
17232,5.944806e-06
17233,6.1043543e-06
17236,5.974651e-06
17246,5.8237133e-06
17262,6.111971e-06
17267,5.8612486e-06
17269,6.0650837e-06
17270,5.9668614e-06
17271,5.9668614e-06
17273,5.872844e-06
17278,6.6750845e-06
17279,6.6750845e-06
17280,6.6750845e-06
17286,6.6750845e-06
17287,6.6750845e-06
17288,6.6750845e-06
17289,6.6750845e-06
17291,6.6750845e-06
17292,6.6750845e-06
17293,6.6750845e-06
17297,6.6750845e-06
17298,6.6750845e-06
17299,6.6750845e-06
17301,6.6750845e-06
17303,6.6750845e-06
17304,6.6750845e-06
17305,6.6750845e-06
17306,6.6750845e-06
17307,6.6750845e-06
17308,6.6750845e-06
17309,6.6750845e-06
17310,6.6750845e-06
17311,6.6750845e-06
17312,6.6750845e-06
17313,6.6750845e-06
17314,6.6750845e-06
17316,6.6750845e-06
17317,6.6750845e-06
17318,6.6750845e-06
17319,6.6750845e-06
17320,6.6750845e-06
17322,6.6750845e-06
17323,6.6750845e-06
17324,6.6750845e-06
17325,6.6750845e-06
17326,6.6750845e-06
17327,6.6750845e-06
17328,6.6750845e-06
17329,6.6750845e-06
17330,6.6750845e-06
17331,6.6750845e-06
17332,6.6750845e-06
17333,6.6750845e-06
17335,6.6750845e-06
17336,6.6750845e-06
17337,6.6750845e-06
17338,6.6750845e-06
17339,6.6750845e-06
17340,6.6750845e-06
17341,6.6750845e-06
17342,6.6750845e-06
17343,6.6750845e-06
17345,6.6750845e-06
17346,6.6750845e-06
17347,6.6750845e-06
17348,6.6750845e-06
17349,6.6750845e-06
17351,6.6750845e-06
17352,6.6750845e-06
17353,6.6750845e-06
17354,6.6750845e-06
17355,6.6750845e-06
17356,6.6750845e-06
17357,6.6750845e-06
17359,6.6750845e-06
17360,6.6750845e-06
17361,6.6750845e-06
17362,6.6750845e-06
17364,6.6750845e-06
17365,6.6750845e-06
17366,6.6750845e-06
17367,6.6750845e-06
17370,6.6750845e-06
17371,6.6750845e-06
17372,6.6750845e-06
17374,6.6750845e-06
17375,6.6750845e-06
17377,6.6750845e-06
17378,6.6750845e-06
17379,6.6750845e-06
17380,6.6750845e-06
17381,6.6750845e-06
17382,6.6750845e-06
17383,6.6750845e-06
17384,6.6750845e-06
17385,6.6750845e-06
17386,6.6750845e-06
17388,6.6750845e-06
17390,6.6750845e-06
17391,6.6750845e-06
17392,6.6750845e-06
17394,6.6750845e-06
17395,6.6750845e-06
17396,6.6750845e-06
17397,6.6750845e-06
17398,6.6750845e-06
17400,6.6750845e-06
17401,6.6750845e-06
17402,6.6750845e-06
17403,6.6750845e-06
17404,6.6750845e-06
17405,6.6750845e-06
17406,6.6750845e-06
17407,6.6750845e-06
17408,6.6750845e-06
17409,6.6750845e-06
17410,6.6750845e-06
17412,6.6750845e-06
17413,6.6750845e-06
17414,6.6750845e-06
17415,6.6750845e-06
17416,6.6750845e-06
17417,6.6750845e-06
17418,6.6750845e-06
17420,6.6750845e-06
17421,6.6750845e-06
17422,6.6750845e-06
17423,6.6750845e-06
17424,6.6750845e-06
17425,6.6750845e-06
17426,6.6750845e-06
17427,6.6750845e-06
17428,6.6750845e-06
17429,6.6750845e-06
17430,6.6750845e-06
17431,6.6750845e-06
17432,6.6750845e-06
17433,6.6750845e-06
17436,6.6750845e-06
17439,6.6750845e-06
17440,6.6750845e-06
17442,6.6750845e-06
17444,6.6750845e-06
17447,6.6750845e-06
17448,6.6750845e-06
17449,6.6750845e-06
17450,6.6750845e-06
17452,6.6750845e-06
17453,6.6750845e-06
17454,6.6750845e-06
17455,6.6750845e-06
17457,6.6750845e-06
17458,6.6750845e-06
17459,6.6750845e-06
17460,6.6750845e-06
17461,6.6750845e-06
17462,6.6750845e-06
17463,6.6750845e-06
17464,6.6750845e-06
17465,6.6750845e-06
17466,6.6750845e-06
17467,6.6750845e-06
17468,6.6750845e-06
17469,6.6750845e-06
17471,6.6750845e-06
17473,6.6750845e-06
17474,6.6750845e-06
17476,6.6750845e-06
17478,6.6750845e-06
17479,6.6750845e-06
17480,6.6750845e-06
17481,6.6750845e-06
17482,6.6750845e-06
17483,6.6750845e-06
17485,6.6750845e-06
17486,6.6750845e-06
17487,6.6750845e-06
17489,6.6750845e-06
17490,6.6750845e-06
17491,6.6750845e-06
17494,6.6750845e-06
17495,6.6750845e-06
17496,6.6750845e-06
17497,6.6750845e-06
17498,6.6750845e-06
17500,6.6750845e-06
17501,6.6750845e-06
17502,6.6750845e-06
17503,6.6750845e-06
17504,6.6750845e-06
17505,6.6750845e-06
17506,6.6750845e-06
17508,6.6750845e-06
17510,6.6750845e-06
17513,6.6750845e-06
17514,6.6750845e-06
17515,6.6750845e-06
17516,6.6750845e-06
17517,6.6750845e-06
17519,6.6750845e-06
17520,6.6750845e-06
17521,6.6750845e-06
17522,6.6750845e-06
17524,6.6750845e-06
17525,6.6750845e-06
17526,6.6750845e-06
17527,6.6750845e-06
17528,6.6750845e-06
17529,6.6750845e-06
17531,6.6750845e-06
17532,6.6750845e-06
17533,6.6750845e-06
17534,6.6750845e-06
17535,6.6750845e-06
17536,6.6750845e-06
17537,6.6750845e-06
17538,6.6750845e-06
17539,6.6750845e-06
17540,6.6750845e-06
17541,6.6750845e-06
17543,6.6750845e-06
17544,6.6750845e-06
17545,6.6750845e-06
17547,6.6750845e-06
17548,6.6750845e-06
17549,6.6750845e-06
17550,6.6750845e-06
17551,6.6750845e-06
17552,6.6750845e-06
17553,6.6750845e-06
17555,6.6750845e-06
17556,6.6750845e-06
17558,6.6750845e-06
17559,6.6750845e-06
17560,6.6750845e-06
17561,6.6750845e-06
17562,6.6750845e-06
17563,6.6750845e-06
17564,6.6750845e-06
17566,6.6750845e-06
17567,6.6750845e-06
17568,6.6750845e-06
17569,6.6750845e-06
17570,6.6750845e-06
17571,6.6750845e-06
17573,6.6750845e-06
17574,6.6750845e-06
17575,6.6750845e-06
17577,6.6750845e-06
17578,6.6750845e-06
17579,6.6750845e-06
17580,6.6750845e-06
17583,6.6750845e-06
17584,6.6750845e-06
17585,6.6750845e-06
17587,6.6750845e-06
17588,6.6750845e-06
17590,6.6750845e-06
17591,6.6750845e-06
17592,6.6750845e-06
17593,6.6750845e-06
17595,6.6750845e-06
17596,6.6750845e-06
17599,6.6750845e-06
17600,6.6750845e-06
17601,6.6750845e-06
17602,6.6750845e-06
17603,6.6750845e-06
17605,6.6750845e-06
17606,6.6750845e-06
17607,6.6750845e-06
17608,6.6750845e-06
17609,6.6750845e-06
17610,6.6750845e-06
17611,6.6750845e-06
17612,6.6750845e-06
17613,6.6750845e-06
17614,6.6750845e-06
17615,6.6750845e-06
17616,6.6750845e-06
17617,6.6750845e-06
17618,6.6750845e-06
17619,6.6750845e-06
17620,6.6750845e-06
17621,6.6750845e-06
17622,6.6750845e-06
17623,6.6750845e-06
17624,6.6750845e-06
17625,6.6750845e-06
17626,6.6750845e-06
17627,6.6750845e-06
17628,6.6750845e-06
17629,6.6750845e-06
17630,6.6750845e-06
17631,6.6750845e-06
17634,6.6750845e-06
17635,6.6750845e-06
17636,6.6750845e-06
17637,6.6750845e-06
17638,6.6750845e-06
17639,6.6750845e-06
17640,6.6750845e-06
17642,6.6750845e-06
17643,6.6750845e-06
17644,6.6750845e-06
17645,6.6750845e-06
17646,6.6750845e-06
17648,6.6750845e-06
17649,6.6750845e-06
17650,6.6750845e-06
17651,6.6750845e-06
17652,6.6750845e-06
17653,6.6750845e-06
17655,6.6750845e-06
17656,6.6750845e-06
17657,6.6750845e-06
17658,6.6750845e-06
17659,6.6750845e-06
17660,6.6750845e-06
17662,6.6750845e-06
17663,6.6750845e-06
17664,6.6750845e-06
17666,6.6750845e-06
17667,6.6750845e-06
17668,6.6750845e-06
17669,6.6750845e-06
17670,6.6750845e-06
17671,6.6750845e-06
17672,6.6750845e-06
17674,6.6750845e-06
17675,5.8453234e-06
17677,6.2802856e-06
17678,5.8517744e-06
17687,5.9279855e-06
17688,5.9201534e-06
17689,5.9015033e-06
17690,5.9015033e-06
17691,5.9079593e-06
17692,5.948564e-06
17693,5.868093e-06
17695,5.9492195e-06
17696,5.8166675e-06
17697,6.8704267e-06
17699,5.9691206e-06
17701,6.16419e-06
17702,5.888786e-06
17703,5.8809323e-06
17705,6.1274654e-06
17707,5.8867563e-06
17712,5.8502624e-06
17715,5.9128597e-06
17716,5.881712e-06
17723,5.8734e-06
17724,5.8734e-06
17725,5.8734e-06
17726,5.8734e-06
17733,6.1594455e-06
17736,5.8312694e-06
17739,5.9755416e-06
17803,6.2257145e-06
17941,5.831649e-06
18002,5.9809227e-06
18121,6.0180537e-06
18126,5.970987e-06
18247,5.8466203e-06
18260,5.90991e-06
18348,6.037437e-06
18460,7.0673264e-06
18503,7.6332535e-06
18560,6.8957897e-06
18579,6.894566e-06
18606,6.3219536e-06
18607,6.3219536e-06
18617,5.884487e-06
18620,5.830787e-06
18631,5.8801193e-06
18640,5.8801193e-06
18641,5.8589876e-06
18644,5.889364e-06
18651,5.9231816e-06
18652,5.9231816e-06
18653,5.9231816e-06
18655,5.863877e-06
18656,5.863877e-06
18703,5.8484497e-06
18705,5.8555443e-06
18742,5.8651035e-06
18743,5.8651035e-06
18744,5.8651035e-06
18751,5.865541e-06
18763,5.9607623e-06
18766,6.169783e-06
18768,5.820627e-06
18769,6.1671076e-06
18770,5.8842706e-06
18774,5.9279855e-06
18778,5.9279855e-06
18779,5.9279855e-06
18780,5.9279855e-06
18782,5.9279855e-06
18783,5.9279855e-06
18785,5.9279855e-06
18786,5.9279855e-06
18787,5.9279855e-06
18790,5.9279855e-06
18791,5.9279855e-06
18792,5.9279855e-06
18793,5.9279855e-06
18795,5.9279855e-06
18796,5.9279855e-06
18797,5.9279855e-06
18798,5.9279855e-06
18816,5.909548e-06
18817,5.8823e-06
18823,6.2804083e-06
18824,6.2056574e-06
18826,5.933026e-06
18827,6.0153247e-06
18834,5.9570752e-06
18840,5.8631085e-06
18842,5.8631085e-06
18847,5.851732e-06
18849,5.892811e-06
18851,5.892811e-06
18859,6.008155e-06
18860,6.008155e-06
18861,6.008155e-06
18862,6.008155e-06
18863,6.008155e-06
18865,6.008155e-06
18867,6.008155e-06
18868,6.008155e-06
18869,6.008155e-06
18870,6.008155e-06
18871,6.008155e-06
18873,6.008155e-06
18874,6.008155e-06
18875,6.008155e-06
18876,6.008155e-06
18877,6.008155e-06
18878,6.008155e-06
18880,6.008155e-06
18881,6.008155e-06
18882,6.008155e-06
18883,6.008155e-06
18884,6.008155e-06
18885,6.008155e-06
18888,6.008155e-06
18889,6.008155e-06
18890,6.008155e-06
18891,6.008155e-06
18893,6.008155e-06
18894,6.008155e-06
18895,6.008155e-06
18896,6.008155e-06
18897,6.008155e-06
18898,6.008155e-06
18899,5.857544e-06
18906,5.8648875e-06
18911,5.8648875e-06
18921,5.958244e-06
18931,5.874125e-06
18966,5.836743e-06
18971,5.9931763e-06
19000,5.8428404e-06
19003,5.8662754e-06
19067,5.8363453e-06
19288,5.881207e-06
19306,6.290114e-06
19354,5.8653586e-06
19375,5.861332e-06
19387,5.966566e-06
19397,6.439083e-06
19404,5.8199685e-06
19405,5.9929203e-06
19414,6.0796465e-06
19417,5.8642986e-06
19418,5.8642986e-06
19426,5.981708e-06
19430,6.7318165e-06
19431,5.8883966e-06
19432,5.8790984e-06
19440,5.9547915e-06
19442,5.879149e-06
19460,5.865433e-06
19461,5.8638907e-06
19465,5.8927812e-06
19467,5.8459755e-06
19470,5.8581572e-06
19471,5.842507e-06
19473,5.883517e-06
19477,5.944089e-06
19478,5.9021595e-06
19480,6.582526e-06
19481,6.582526e-06
19484,5.876643e-06
19486,5.9637773e-06
19491,6.243218e-06
19499,6.243218e-06
19500,6.243218e-06
19509,6.243218e-06
19519,6.243218e-06
19522,5.8651035e-06
19523,5.8651035e-06
19527,5.8651035e-06
19529,5.8651035e-06
19537,5.8651035e-06
19548,5.85546e-06
19549,5.828573e-06
19567,5.8778332e-06
19573,6.1491655e-06
19575,6.0257653e-06
19580,5.9079593e-06
19584,7.824695e-06
19585,7.824695e-06
19586,7.824695e-06
19587,7.824695e-06
19589,7.824695e-06
19596,7.824695e-06
19599,7.824695e-06
19603,7.824695e-06
19604,7.824695e-06
19606,7.824695e-06
19613,5.8544715e-06
19624,5.8659134e-06
19627,5.8685223e-06
19629,5.892214e-06
19630,6.8704267e-06
19631,5.8641176e-06
19642,5.888786e-06
19643,6.4136398e-06
19645,6.4136398e-06
19646,6.4136398e-06
19649,6.4136398e-06
19650,6.4136398e-06
19651,6.4136398e-06
19653,6.4136398e-06
19658,6.4136398e-06
19659,6.4136398e-06
19660,6.4136398e-06
19661,6.4136398e-06
19663,6.4136398e-06
19664,6.4136398e-06
19666,6.4136398e-06
19669,6.4136398e-06
19670,6.4136398e-06
19673,6.4136398e-06
19674,6.4136398e-06
19675,6.4136398e-06
19676,6.4136398e-06
19678,6.4136398e-06
19679,6.4136398e-06
19680,6.4136398e-06
19681,6.4136398e-06
19684,6.4136398e-06
19686,6.4136398e-06
19687,6.4136398e-06
19689,6.4136398e-06
19698,6.4136398e-06
19699,6.4136398e-06
19700,6.4136398e-06
19701,6.4136398e-06
19702,6.4136398e-06
19703,6.4136398e-06
19706,6.4136398e-06
19713,6.4136398e-06
19716,6.4136398e-06
19717,6.4136398e-06
19720,6.4136398e-06
19722,6.4136398e-06
19723,6.4136398e-06
19724,6.4136398e-06
19725,6.4136398e-06
19726,6.4136398e-06
19727,6.4136398e-06
19729,6.4136398e-06
19730,6.4136398e-06
19731,6.4136398e-06
19733,5.865469e-06
19734,5.9254085e-06
19737,5.8335604e-06
19739,5.8335604e-06
19740,5.8335604e-06
19754,5.875985e-06
19755,6.042178e-06
19756,5.9843014e-06
19758,5.871867e-06
19759,5.8801193e-06
19760,5.8419673e-06
19764,5.863393e-06
19768,5.9601034e-06
19770,6.0641387e-06
19771,5.8334276e-06
19777,6.8704267e-06
19781,5.855588e-06
19782,5.845975e-06
19783,6.0650837e-06
19784,6.0093457e-06
19791,5.8609066e-06
19792,5.854849e-06
19793,5.892214e-06
19794,5.8440146e-06
19795,5.9191757e-06
19798,6.0606335e-06
19799,5.8392393e-06
19800,5.861154e-06
19804,5.861154e-06
19816,5.9269596e-06
19822,5.8521186e-06
19833,7.5713733e-06
19834,7.5713733e-06
19835,7.5713733e-06
19836,7.5713733e-06
19837,7.5713733e-06
19838,7.5713733e-06
19840,7.5713733e-06
19841,7.5713733e-06
19842,7.5713733e-06
19843,7.5713733e-06
19844,7.5713733e-06
19845,7.5713733e-06
19846,7.5713733e-06
19847,7.5713733e-06
19849,7.5713733e-06
19850,7.5713733e-06
19851,7.5713733e-06
19852,7.5713733e-06
19853,7.5713733e-06
19854,7.5713733e-06
19855,7.5713733e-06
19856,7.5713733e-06
19857,7.5713733e-06
19860,5.9152717e-06
19863,5.8517744e-06
19868,5.8680844e-06
19869,6.17991e-06
19873,5.8446267e-06
19874,5.8769974e-06
19878,5.887036e-06
19882,5.887036e-06
19889,5.887036e-06
19909,5.887036e-06
19910,5.9083004e-06
19917,5.989139e-06
19922,5.832065e-06
19957,6.2273866e-06
19981,6.7487867e-06
20016,7.413338e-06
20050,7.0053916e-06
20161,5.826448e-06
20320,6.100177e-06
20422,6.106018e-06
20427,5.97105e-06
20442,6.026045e-06
20448,5.9111735e-06
20464,5.9320078e-06
20478,5.9424437e-06
20482,5.8746386e-06
20486,6.0887173e-06
20487,5.9501353e-06
20489,5.8919704e-06
20492,5.827375e-06
20514,5.860674e-06
20515,5.868093e-06
20516,5.868093e-06
20519,5.87767e-06
20522,5.9580034e-06
20525,5.9857975e-06
20526,5.833039e-06
20527,5.972864e-06
20530,5.9556255e-06
20532,5.98626e-06
20533,6.5336253e-06
20537,6.5336253e-06
20538,6.5336253e-06
20549,6.5336253e-06
20551,6.5336253e-06
20552,6.5336253e-06
20553,6.5336253e-06
20554,6.5336253e-06
20556,6.5336253e-06
20558,6.5336253e-06
20559,6.5336253e-06
20561,6.7735054e-06
20562,6.7735054e-06
20563,6.7735054e-06
20565,6.7735054e-06
20566,6.7735054e-06
20567,6.7735054e-06
20568,6.7735054e-06
20569,6.7735054e-06
20570,6.7735054e-06
20571,6.7735054e-06
20574,6.7735054e-06
20576,6.7735054e-06
20580,6.7735054e-06
20581,6.7735054e-06
20583,6.7735054e-06
20586,6.7735054e-06
20587,6.7735054e-06
20588,6.7735054e-06
20589,6.7735054e-06
20591,6.7735054e-06
20592,6.7735054e-06
20593,6.7735054e-06
20594,6.7735054e-06
20595,7.4481068e-06
20596,7.4481068e-06
20597,7.4481068e-06
20598,7.4481068e-06
20600,7.4481068e-06
20601,7.4481068e-06
20603,7.4481068e-06
20605,7.4481068e-06
20606,7.4481068e-06
20607,7.4481068e-06
20609,7.4481068e-06
20610,7.4481068e-06
20611,7.4481068e-06
20612,7.4481068e-06
20613,7.4481068e-06
20614,7.4481068e-06
20615,7.4481068e-06
20616,7.4481068e-06
20617,7.4481068e-06
20618,7.4481068e-06
20620,7.4481068e-06
20621,7.4481068e-06
20622,7.4481068e-06
20624,7.4481068e-06
20627,7.4481068e-06
20628,7.4481068e-06
20630,7.4481068e-06
20632,7.4481068e-06
20635,7.4481068e-06
20641,5.8609085e-06
20643,5.949617e-06
20645,6.001313e-06
20647,5.9374047e-06
20649,5.9374047e-06
20653,5.883517e-06
20655,6.074189e-06
20658,6.074189e-06
20660,6.074189e-06
20662,6.074189e-06
20664,6.074189e-06
20673,6.074189e-06
20683,6.074189e-06
20684,6.074189e-06
20686,6.074189e-06
20687,6.074189e-06
20689,6.074189e-06
20690,6.074189e-06
20693,6.074189e-06
20704,6.16419e-06
20706,6.16419e-06
20707,6.16419e-06
20708,6.16419e-06
20709,6.16419e-06
20710,6.16419e-06
20711,6.16419e-06
20712,6.16419e-06
20713,6.16419e-06
20714,6.16419e-06
20715,6.16419e-06
20717,6.16419e-06
20723,6.16419e-06
20725,6.16419e-06
20726,6.16419e-06
20728,6.16419e-06
20732,6.16419e-06
20733,6.16419e-06
20734,6.16419e-06
20736,6.16419e-06
20737,6.16419e-06
20738,6.16419e-06
20740,6.16419e-06
20741,6.16419e-06
20746,6.16419e-06
20747,6.16419e-06
20748,6.16419e-06
20750,6.16419e-06
20751,6.16419e-06
20753,6.16419e-06
20755,6.16419e-06
20756,6.16419e-06
20757,6.16419e-06
20759,6.16419e-06
20760,6.16419e-06
20762,6.16419e-06
20763,6.16419e-06
20764,6.16419e-06
20767,6.16419e-06
20769,6.16419e-06
20770,6.16419e-06
20771,6.16419e-06
20773,6.16419e-06
20774,6.16419e-06
20775,6.16419e-06
20776,6.16419e-06
20778,6.16419e-06
20779,6.16419e-06
20782,6.16419e-06
20784,6.16419e-06
20785,6.16419e-06
20786,6.16419e-06
20787,6.16419e-06
20788,6.16419e-06
20789,6.16419e-06
20790,6.16419e-06
20791,6.16419e-06
20792,6.16419e-06
20794,6.16419e-06
20795,6.16419e-06
20796,6.16419e-06
20797,6.16419e-06
20799,6.16419e-06
20800,6.16419e-06
20802,6.16419e-06
20803,6.16419e-06
20805,6.16419e-06
20806,6.16419e-06
20808,6.16419e-06
20812,6.16419e-06
20813,6.16419e-06
20816,6.16419e-06
20818,6.16419e-06
20819,6.16419e-06
20821,6.16419e-06
20823,6.16419e-06
20825,6.16419e-06
20826,6.16419e-06
20828,6.16419e-06
20830,6.16419e-06
20831,6.16419e-06
20832,6.16419e-06
20833,6.16419e-06
20834,6.16419e-06
20835,6.16419e-06
20836,6.16419e-06
20837,6.16419e-06
20838,6.16419e-06
20839,6.16419e-06
20840,6.16419e-06
20841,6.16419e-06
20842,6.16419e-06
20843,6.16419e-06
20844,6.16419e-06
20845,6.16419e-06
20846,6.16419e-06
20847,6.16419e-06
20848,6.16419e-06
20849,6.16419e-06
20850,6.16419e-06
20851,6.16419e-06
20852,6.16419e-06
20853,6.16419e-06
20854,6.16419e-06
20857,6.16419e-06
20858,6.16419e-06
20859,6.16419e-06
20860,6.16419e-06
20861,6.16419e-06
20862,6.16419e-06
20863,6.16419e-06
20864,6.16419e-06
20865,6.16419e-06
20866,6.16419e-06
20867,6.16419e-06
20868,6.16419e-06
20869,6.16419e-06
20870,6.16419e-06
20871,6.16419e-06
20872,6.16419e-06
20873,6.16419e-06
20874,6.16419e-06
20876,6.16419e-06
20877,6.16419e-06
20878,6.16419e-06
20879,6.16419e-06
20880,6.16419e-06
20881,6.16419e-06
20882,6.16419e-06
20883,6.16419e-06
20884,6.16419e-06
20885,6.16419e-06
20886,6.16419e-06
20887,6.16419e-06
20889,6.16419e-06
20900,6.16419e-06
20903,6.16419e-06
20906,6.16419e-06
20907,6.16419e-06
20914,6.16419e-06
20917,6.16419e-06
20918,6.16419e-06
20920,6.16419e-06
20922,6.16419e-06
20923,6.16419e-06
20924,6.16419e-06
20928,6.16419e-06
20929,6.16419e-06
20930,6.16419e-06
20931,6.16419e-06
20937,6.16419e-06
20942,6.16419e-06
20943,6.16419e-06
20945,6.16419e-06
20946,6.16419e-06
20947,6.16419e-06
20949,6.16419e-06
20954,5.950481e-06
20955,5.950481e-06
20960,5.888469e-06
20963,5.940951e-06
20966,5.940951e-06
20971,5.906084e-06
20973,5.8635296e-06
20974,5.8635296e-06
20980,5.8616324e-06
20987,5.8616324e-06
20999,6.7400642e-06
21000,6.7400642e-06
21001,6.7400642e-06
21002,6.7400642e-06
21003,6.7400642e-06
21004,6.7400642e-06
21005,6.7400642e-06
21006,6.7400642e-06
21007,6.7400642e-06
21008,6.7400642e-06
21009,6.7400642e-06
21011,6.7400642e-06
21012,6.7400642e-06
21013,6.7400642e-06
21014,6.7400642e-06
21015,6.7400642e-06
21016,6.7400642e-06
21017,6.7400642e-06
21018,6.7400642e-06
21019,5.914821e-06
21023,5.900728e-06
21024,5.844922e-06
21038,6.0575057e-06
21047,5.8414676e-06
21049,5.8611363e-06
21054,5.894743e-06
21060,5.8845126e-06
21069,5.880156e-06
21085,5.9062572e-06
21087,5.8166675e-06
21093,5.854817e-06
21094,7.0193705e-06
21099,6.1979986e-06
21100,5.880206e-06
21101,5.90035e-06
21113,5.9317426e-06
21117,5.852246e-06
21118,5.9735466e-06
21119,5.9931763e-06
21121,5.925638e-06
21125,5.9285276e-06
21127,5.87516e-06
21136,5.855588e-06
21138,5.8866794e-06
21145,6.0650837e-06
21152,5.9565186e-06
21153,6.0204734e-06
21154,5.9317426e-06
21156,6.0577036e-06
21158,6.089306e-06
21165,5.9364943e-06
21168,5.873518e-06
21172,6.546053e-06
21174,6.0746456e-06
21177,5.8778273e-06
21180,6.0650837e-06
21185,5.916713e-06
21191,5.9398353e-06
21193,5.9662148e-06
21194,6.3634707e-06
21195,6.0038155e-06
21196,5.9203735e-06
21199,5.873518e-06
21201,5.917566e-06
21203,6.038234e-06
21205,6.546053e-06
21206,6.082552e-06
21207,6.464181e-06
21209,5.860341e-06
21210,5.9656454e-06
21211,6.0650837e-06
21212,5.8371575e-06
21214,6.464181e-06
21218,5.883423e-06
21225,5.9231866e-06
21226,5.913106e-06
21230,6.4844535e-06
21235,6.089306e-06
21236,6.2356353e-06
21239,5.8379055e-06
21240,6.288631e-06
21242,6.464181e-06
21245,5.8842484e-06
21247,6.099479e-06
21250,5.865433e-06
21252,5.929792e-06
21254,5.9448203e-06
21255,5.902017e-06
21259,5.8924875e-06
21260,6.2356353e-06
21261,5.9722247e-06
21265,6.464181e-06
21266,5.992542e-06
21268,6.464181e-06
21269,6.2255394e-06
21271,6.351055e-06
21272,6.009476e-06
21274,6.546053e-06
21275,5.9305935e-06
21276,6.464181e-06
21279,5.9116564e-06
21283,5.934884e-06
21284,6.2893614e-06
21286,6.546053e-06
21288,6.464181e-06
21289,6.0650837e-06
21290,5.9068893e-06
21291,5.9403465e-06
21295,5.9618897e-06
21296,5.992542e-06
21297,6.2356353e-06
21298,6.464181e-06
21299,5.9448203e-06
21301,5.9493877e-06
21306,5.9448203e-06
21309,6.546053e-06
21313,6.099479e-06
21314,6.117312e-06
21316,5.8370406e-06
21321,6.0577036e-06
21322,5.8778273e-06
21323,6.24509e-06
21324,5.8448136e-06
21325,5.8988862e-06
21330,5.974788e-06
21331,6.464181e-06
21332,6.0650837e-06
21335,6.464181e-06
21336,6.382355e-06
21337,5.961492e-06
21338,5.971985e-06
21339,6.546053e-06
21340,5.898268e-06
21341,6.2893614e-06
21342,5.8278297e-06
21344,6.464181e-06
21347,5.944883e-06
21348,5.8999376e-06
21351,6.464181e-06
21352,6.0650837e-06
21353,6.2893614e-06
21354,5.945347e-06
21356,6.0338316e-06
21357,6.089306e-06
21358,5.855857e-06
21360,5.9056065e-06
21362,5.964886e-06
21364,5.9448203e-06
21366,5.882657e-06
21367,6.296012e-06
21368,6.009476e-06
21370,6.464181e-06
21371,6.464181e-06
21372,6.7652113e-06
21374,5.9245285e-06
21376,6.099479e-06
21377,6.02507e-06
21378,6.464181e-06
21379,6.62141e-06
21380,6.288631e-06
21383,5.9253293e-06
21384,5.9748327e-06
21385,6.117312e-06
21387,5.964886e-06
21388,6.464181e-06
21389,6.0650837e-06
21390,5.873518e-06
21392,5.9043928e-06
21396,6.043171e-06
21397,5.9324984e-06
21398,6.0650837e-06
21399,5.865148e-06
21401,6.0650837e-06
21402,5.922e-06
21404,5.992542e-06
21406,6.0650837e-06
21408,5.9068893e-06
21409,5.964886e-06
21410,6.0061348e-06
21411,5.897101e-06
21412,6.2893614e-06
21413,6.2893614e-06
21414,5.947669e-06
21415,6.0650837e-06
21416,5.9879626e-06
21418,6.034731e-06
21419,6.464181e-06
21420,6.464181e-06
21422,5.9311155e-06
21423,5.9699687e-06
21425,6.1700343e-06
21426,5.9531317e-06
21428,5.841675e-06
21429,5.855857e-06
21430,5.9032554e-06
21431,5.906743e-06
21436,6.464181e-06
21437,6.1700343e-06
21438,5.9954327e-06
21439,5.967221e-06
21440,6.0153247e-06
21441,5.902046e-06
21443,6.0577036e-06
21445,6.009476e-06
21449,5.9275503e-06
21450,5.834142e-06
21451,6.464181e-06
21452,5.95362e-06
21453,6.294281e-06
21454,5.976197e-06
21456,5.964122e-06
21457,5.9354543e-06
21458,6.546053e-06
21459,5.8842484e-06
21460,5.94978e-06
21461,5.860341e-06
21462,5.917566e-06
21463,6.02507e-06
21464,5.9346467e-06
21465,6.546053e-06
21467,6.148316e-06
21469,6.546053e-06
21470,6.0650837e-06
21472,5.907545e-06
21473,5.9706726e-06
21474,6.546053e-06
21475,5.9233266e-06
21476,6.1953456e-06
21477,6.546053e-06
21478,6.3365314e-06
21479,6.464181e-06
21480,6.546053e-06
21482,6.2702206e-06
21485,6.030901e-06
21486,5.931646e-06
21487,6.0650837e-06
21488,5.924007e-06
21489,6.2893614e-06
21490,5.964886e-06
21491,6.546053e-06
21493,6.0193474e-06
21494,5.9879626e-06
21495,5.8522187e-06
21496,6.464181e-06
21497,5.908779e-06
21498,6.2356353e-06
21499,5.8698415e-06
21500,6.464181e-06
21501,5.9748327e-06
21502,6.2893614e-06
21504,6.083614e-06
21506,5.8983537e-06
21509,5.9748227e-06
21512,5.8588557e-06
21513,5.988316e-06
21514,5.988316e-06
21516,5.988316e-06
21539,5.988316e-06
21547,5.988316e-06
21548,5.988316e-06
21552,5.988316e-06
21553,5.988316e-06
21556,5.988316e-06
21567,5.988316e-06
21569,5.988316e-06
21570,5.988316e-06
21574,5.988316e-06
21576,5.988316e-06
21577,5.988316e-06
21580,5.988316e-06
21582,5.988316e-06
21583,5.988316e-06
21584,5.988316e-06
21587,5.988316e-06
21590,5.988316e-06
21591,5.988316e-06
21592,5.988316e-06
21594,5.988316e-06
21595,5.988316e-06
21596,5.988316e-06
21597,5.988316e-06
21599,5.988316e-06
21600,5.988316e-06
21606,5.988316e-06
21607,5.988316e-06
21609,5.988316e-06
21610,5.988316e-06
21611,5.988316e-06
21614,5.988316e-06
21615,5.988316e-06
21618,6.2255394e-06
21619,6.2255394e-06
21620,6.2255394e-06
21623,6.2255394e-06
21625,6.2255394e-06
21626,6.2255394e-06
21629,6.2255394e-06
21630,6.2255394e-06
21631,6.2255394e-06
21633,6.2255394e-06
21635,6.2255394e-06
21636,6.2255394e-06
21638,6.2255394e-06
21641,6.2255394e-06
21644,6.2255394e-06
21646,6.2255394e-06
21647,6.2255394e-06
21648,6.2255394e-06
21655,6.2255394e-06
21656,6.2255394e-06
21657,6.2255394e-06
21659,6.2255394e-06
21660,6.2255394e-06
21661,6.2255394e-06
21662,6.2255394e-06
21664,6.2255394e-06
21666,5.9111003e-06
21672,6.052151e-06
21676,6.0143725e-06
21678,6.0133734e-06
21679,6.021388e-06
21682,6.021388e-06
21683,6.021388e-06
21686,6.021388e-06
21687,6.021388e-06
21688,6.021388e-06
21689,6.021388e-06
21691,6.0073003e-06
21694,5.8625587e-06
21696,5.989255e-06
21699,5.86262e-06
21701,5.937568e-06
21705,5.9131e-06
21707,5.9131e-06
21711,5.9131e-06
21713,5.9131e-06
21720,5.8391997e-06
21723,5.9079593e-06
21729,6.1755695e-06
21730,6.1755695e-06
21735,5.8847595e-06
21736,5.870209e-06
21747,5.918416e-06
21748,5.8334217e-06
21749,5.8334217e-06
21752,5.937769e-06
21754,5.8566534e-06
21756,5.870209e-06
21757,5.870209e-06
21758,5.870209e-06
21759,5.870209e-06
21760,5.870209e-06
21761,5.870209e-06
21762,5.870209e-06
21763,5.870209e-06
21764,5.870209e-06
21765,5.870209e-06
21766,5.870209e-06
21767,5.870209e-06
21773,5.8145956e-06
21777,5.828182e-06
21779,5.933012e-06
21780,5.933012e-06
21781,5.933012e-06
21782,5.933012e-06
21783,5.933012e-06
21784,5.933012e-06
21787,5.933012e-06
21789,5.933012e-06
21790,5.933012e-06
21792,5.933012e-06
21793,5.933012e-06
21795,5.933012e-06
21797,5.933012e-06
21805,5.933012e-06
21806,5.933012e-06
21812,5.850241e-06
21814,5.852218e-06
21820,5.850241e-06
21826,6.0032326e-06
21833,6.0819166e-06
21835,5.8501014e-06
21836,5.8501014e-06
21839,5.974651e-06
21843,5.8919704e-06
21844,5.8919704e-06
21867,5.8440755e-06
21873,5.8440755e-06
21883,6.0073003e-06
21886,6.0073003e-06
21887,6.0073003e-06
21888,6.0073003e-06
21889,6.169783e-06
21890,6.169783e-06
21891,6.169783e-06
21893,6.3851953e-06
21894,6.3851953e-06
21897,5.8221626e-06
21903,5.865433e-06
21907,6.0751495e-06
21912,6.0751495e-06
21913,6.0751495e-06
21917,6.0751495e-06
21918,6.0751495e-06
21921,6.0751495e-06
21924,6.0751495e-06
21927,6.0751495e-06
21942,6.0751495e-06
21943,6.0751495e-06
21946,6.0751495e-06
21947,6.0751495e-06
21951,6.0751495e-06
21958,6.0751495e-06
21962,6.0751495e-06
21963,6.0751495e-06
21965,6.0751495e-06
21970,5.8778655e-06
21971,5.8778655e-06
21975,6.021388e-06
22001,6.1868263e-06
22004,5.8925452e-06
22008,5.8983537e-06
22012,5.8880464e-06
22014,7.5713733e-06
22015,7.5713733e-06
22016,7.5713733e-06
22019,7.5713733e-06
22024,7.5713733e-06
22025,7.5713733e-06
22026,7.5713733e-06
22027,7.5713733e-06
22028,7.5713733e-06
22031,7.5713733e-06
22032,7.5713733e-06
22033,7.5713733e-06
22036,7.5713733e-06
22037,7.5713733e-06
22038,7.5713733e-06
22039,7.5713733e-06
22041,7.5713733e-06
22042,7.5713733e-06
22044,7.5713733e-06
22046,7.5713733e-06
22047,7.5713733e-06
22048,7.5713733e-06
22049,7.5713733e-06
22050,7.5713733e-06
22052,7.5713733e-06
22053,7.5713733e-06
22054,7.5713733e-06
22057,5.9024674e-06
22065,5.9504423e-06
22069,5.9269933e-06
22071,5.9269933e-06
22078,6.1234928e-06
22079,6.074049e-06
22080,6.074049e-06
22083,5.888786e-06
22085,5.952449e-06
22094,5.8397163e-06
22100,5.8606065e-06
22103,5.8919704e-06
22107,7.857622e-06
22108,7.857622e-06
22109,7.857622e-06
22110,7.857622e-06
22111,7.857622e-06
22112,7.857622e-06
22113,7.857622e-06
22114,7.857622e-06
22115,7.857622e-06
22116,7.857622e-06
22117,7.857622e-06
22118,7.857622e-06
22119,7.857622e-06
22120,7.857622e-06
22121,7.857622e-06
22122,7.857622e-06
22123,7.857622e-06
22124,7.857622e-06
22125,7.857622e-06
22126,7.857622e-06
22127,7.857622e-06
22128,7.857622e-06
22129,7.857622e-06
22130,7.857622e-06
22131,7.857622e-06
22132,7.857622e-06
22133,7.857622e-06
22134,7.857622e-06
22135,7.857622e-06
22136,7.857622e-06
22137,7.857622e-06
22138,7.857622e-06
22139,7.857622e-06
22140,7.857622e-06
22141,7.857622e-06
22142,7.857622e-06
22143,7.857622e-06
22144,7.857622e-06
22145,7.857622e-06
22146,7.857622e-06
22147,7.857622e-06
22148,7.857622e-06
22149,7.857622e-06
22150,7.857622e-06
22151,7.857622e-06
22152,7.857622e-06
22153,7.857622e-06
22154,7.857622e-06
22155,7.857622e-06
22156,7.857622e-06
22157,7.857622e-06
22158,7.857622e-06
22159,7.857622e-06
22160,7.857622e-06
22161,7.857622e-06
22162,7.857622e-06
22163,7.857622e-06
22164,7.857622e-06
22165,7.857622e-06
22166,7.857622e-06
22167,7.857622e-06
22168,7.857622e-06
22169,7.857622e-06
22170,7.857622e-06
22171,7.857622e-06
22172,7.857622e-06
22173,7.857622e-06
22174,7.857622e-06
22175,7.857622e-06
22176,7.857622e-06
22177,7.857622e-06
22178,7.857622e-06
22179,7.857622e-06
22180,7.857622e-06
22181,7.857622e-06
22182,7.857622e-06
22183,7.857622e-06
22184,7.857622e-06
22185,7.857622e-06
22186,7.857622e-06
22187,7.857622e-06
22188,7.857622e-06
22189,7.857622e-06
22190,7.857622e-06
22191,7.857622e-06
22192,7.857622e-06
22193,7.857622e-06
22194,7.857622e-06
22195,7.857622e-06
22196,7.857622e-06
22197,7.857622e-06
22198,7.857622e-06
22199,7.857622e-06
22200,7.857622e-06
22201,7.857622e-06
22202,7.857622e-06
22203,7.857622e-06
22204,7.857622e-06
22205,7.857622e-06
22206,7.857622e-06
22207,7.857622e-06
22208,7.857622e-06
22209,7.857622e-06
22210,7.857622e-06
22211,7.857622e-06
22212,7.857622e-06
22213,7.857622e-06
22214,7.857622e-06
22215,7.857622e-06
22216,7.857622e-06
22217,7.857622e-06
22218,7.857622e-06
22219,7.857622e-06
22220,7.857622e-06
22221,7.857622e-06
22222,7.857622e-06
22223,7.857622e-06
22224,7.857622e-06
22225,7.857622e-06
22226,7.857622e-06
22227,7.857622e-06
22228,7.857622e-06
22229,7.857622e-06
22230,7.857622e-06
22231,7.857622e-06
22232,7.857622e-06
22233,7.857622e-06
22234,7.857622e-06
22235,7.857622e-06
22236,7.857622e-06
22237,7.857622e-06
22238,7.857622e-06
22239,7.857622e-06
22240,7.857622e-06
22241,7.857622e-06
22242,7.857622e-06
22243,7.857622e-06
22244,7.857622e-06
22245,7.857622e-06
22246,7.857622e-06
22247,7.857622e-06
22248,7.857622e-06
22249,7.857622e-06
22250,7.857622e-06
22251,7.857622e-06
22252,7.857622e-06
22253,7.857622e-06
22254,7.857622e-06
22255,7.857622e-06
22256,7.857622e-06
22257,7.857622e-06
22258,7.857622e-06
22259,7.857622e-06
22260,7.857622e-06
22261,7.857622e-06
22262,7.857622e-06
22263,7.857622e-06
22264,7.857622e-06
22265,7.857622e-06
22266,7.857622e-06
22267,7.857622e-06
22268,7.857622e-06
22269,7.857622e-06
22270,7.857622e-06
22271,7.857622e-06
22272,7.857622e-06
22273,7.857622e-06
22274,7.857622e-06
22275,7.857622e-06
22276,7.857622e-06
22277,7.857622e-06
22278,7.857622e-06
22279,7.857622e-06
22280,7.857622e-06
22281,7.857622e-06
22282,7.857622e-06
22283,7.857622e-06
22284,7.857622e-06
22285,7.857622e-06
22286,7.857622e-06
22287,7.857622e-06
22288,7.857622e-06
22289,7.857622e-06
22290,7.857622e-06
22291,7.857622e-06
22292,7.857622e-06
22293,7.857622e-06
22294,7.857622e-06
22295,7.857622e-06
22296,7.857622e-06
22297,7.857622e-06
22298,7.857622e-06
22299,7.857622e-06
22300,7.857622e-06
22301,7.857622e-06
22302,7.857622e-06
22303,7.857622e-06
22304,7.857622e-06
22305,7.857622e-06
22306,7.857622e-06
22307,7.857622e-06
22308,7.857622e-06
22309,7.857622e-06
22310,7.857622e-06
22311,7.857622e-06
22312,7.857622e-06
22313,7.857622e-06
22314,7.857622e-06
22315,7.857622e-06
22316,7.857622e-06
22317,7.857622e-06
22318,7.857622e-06
22319,7.857622e-06
22320,7.857622e-06
22321,7.857622e-06
22322,7.857622e-06
22323,7.857622e-06
22324,7.857622e-06
22325,7.857622e-06
22326,7.857622e-06
22327,7.857622e-06
22328,7.857622e-06
22329,7.857622e-06
22330,7.857622e-06
22331,7.857622e-06
22332,7.857622e-06
22333,7.857622e-06
22334,7.857622e-06
22335,7.857622e-06
22336,7.857622e-06
22337,7.857622e-06
22338,7.857622e-06
22339,7.857622e-06
22340,7.857622e-06
22341,7.857622e-06
22342,7.857622e-06
22343,7.857622e-06
22344,7.857622e-06
22345,7.857622e-06
22346,7.857622e-06
22347,7.857622e-06
22348,7.857622e-06
22349,7.857622e-06
22350,7.857622e-06
22351,7.857622e-06
22352,7.857622e-06
22353,7.857622e-06
22354,7.857622e-06
22355,7.857622e-06
22356,7.857622e-06
22357,7.857622e-06
22358,7.857622e-06
22359,7.857622e-06
22360,7.857622e-06
22361,7.857622e-06
22362,7.857622e-06
22363,7.857622e-06
22364,7.857622e-06
22365,7.857622e-06
22366,7.857622e-06
22367,7.857622e-06
22368,7.857622e-06
22369,7.857622e-06
22370,7.857622e-06
22371,7.857622e-06
22372,7.857622e-06
22373,7.857622e-06
22374,7.857622e-06
22375,7.857622e-06
22376,7.857622e-06
22377,7.857622e-06
22378,7.857622e-06
22379,7.857622e-06
22380,7.857622e-06
22381,7.857622e-06
22382,7.857622e-06
22383,7.857622e-06
22384,7.857622e-06
22385,7.857622e-06
22386,7.857622e-06
22387,7.857622e-06
22388,7.857622e-06
22389,7.857622e-06
22390,7.857622e-06
22391,7.857622e-06
22392,7.857622e-06
22393,7.857622e-06
22394,7.857622e-06
22395,7.857622e-06
22396,7.857622e-06
22397,7.857622e-06
22398,7.857622e-06
22399,7.857622e-06
22400,7.857622e-06
22401,7.857622e-06
22402,7.857622e-06
22403,7.857622e-06
22404,7.857622e-06
22405,7.857622e-06
22406,7.857622e-06
22407,7.857622e-06
22408,7.857622e-06
22409,7.857622e-06
22410,7.857622e-06
22411,7.857622e-06
22412,7.857622e-06
22413,7.857622e-06
22414,7.857622e-06
22415,7.857622e-06
22416,7.857622e-06
22417,7.857622e-06
22418,7.857622e-06
22419,7.857622e-06
22420,7.857622e-06
22421,7.857622e-06
22422,7.857622e-06
22423,7.857622e-06
22424,7.857622e-06
22425,7.857622e-06
22426,7.857622e-06
22427,7.857622e-06
22428,7.857622e-06
22429,7.857622e-06
22430,7.857622e-06
22431,7.857622e-06
22432,7.857622e-06
22433,7.857622e-06
22434,7.857622e-06
22435,7.857622e-06
22436,7.857622e-06
22437,7.857622e-06
22438,7.857622e-06
22439,7.857622e-06
22440,7.857622e-06
22441,7.857622e-06
22442,7.857622e-06
22443,7.857622e-06
22444,7.857622e-06
22445,7.857622e-06
22446,7.857622e-06
22447,7.857622e-06
22448,7.857622e-06
22449,7.857622e-06
22450,7.857622e-06
22451,7.857622e-06
22452,7.857622e-06
22453,7.857622e-06
22454,7.857622e-06
22455,7.857622e-06
22456,7.857622e-06
22457,7.857622e-06
22458,7.857622e-06
22459,7.857622e-06
22460,7.857622e-06
22461,7.857622e-06
22462,7.857622e-06
22463,7.857622e-06
22464,7.857622e-06
22465,7.857622e-06
22466,7.857622e-06
22467,7.857622e-06
22468,7.857622e-06
22469,7.857622e-06
22470,7.857622e-06
22471,7.857622e-06
22472,7.857622e-06
22473,7.857622e-06
22474,7.857622e-06
22475,7.857622e-06
22476,7.857622e-06
22477,7.857622e-06
22478,7.857622e-06
22479,7.857622e-06
22480,7.857622e-06
22481,7.857622e-06
22482,7.857622e-06
22483,7.857622e-06
22484,7.857622e-06
22485,7.857622e-06
22486,7.857622e-06
22487,7.857622e-06
22488,7.857622e-06
22489,7.857622e-06
22490,7.857622e-06
22491,7.857622e-06
22492,7.857622e-06
22493,7.857622e-06
22494,7.857622e-06
22495,7.857622e-06
22496,7.857622e-06
22497,7.857622e-06
22498,7.857622e-06
22499,7.857622e-06
22500,7.857622e-06
22501,7.857622e-06
22502,7.857622e-06
22503,7.857622e-06
22504,7.857622e-06
22505,7.857622e-06
22506,7.857622e-06
22507,7.857622e-06
22508,7.857622e-06
22509,7.857622e-06
22510,7.857622e-06
22511,7.857622e-06
22512,7.857622e-06
22513,7.857622e-06
22514,7.857622e-06
22515,7.857622e-06
22516,7.857622e-06
22517,7.857622e-06
22518,7.857622e-06
22519,7.857622e-06
22520,7.857622e-06
22521,7.857622e-06
22522,7.857622e-06
22523,7.857622e-06
22524,7.857622e-06
22525,7.857622e-06
22526,7.857622e-06
22527,7.857622e-06
22528,7.857622e-06
22529,7.857622e-06
22530,7.857622e-06
22531,7.857622e-06
22532,7.857622e-06
22533,7.857622e-06
22534,7.857622e-06
22535,7.857622e-06
22536,7.857622e-06
22537,7.857622e-06
22538,7.857622e-06
22539,7.857622e-06
22540,7.857622e-06
22541,7.857622e-06
22542,7.857622e-06
22543,7.857622e-06
22544,7.857622e-06
22545,7.857622e-06
22546,7.857622e-06
22547,7.857622e-06
22548,7.857622e-06
22549,7.857622e-06
22550,7.857622e-06
22551,7.857622e-06
22552,7.857622e-06
22553,7.857622e-06
22554,7.857622e-06
22555,7.857622e-06
22556,7.857622e-06
22557,7.857622e-06
22558,7.857622e-06
22559,7.857622e-06
22560,7.857622e-06
22561,7.857622e-06
22562,7.857622e-06
22563,7.857622e-06
22564,7.857622e-06
22565,7.857622e-06
22566,7.857622e-06
22567,7.857622e-06
22568,7.857622e-06
22569,7.857622e-06
22570,7.857622e-06
22571,7.857622e-06
22572,7.857622e-06
22573,7.857622e-06
22574,7.857622e-06
22575,7.857622e-06
22576,7.857622e-06
22577,7.857622e-06
22578,7.857622e-06
22579,7.857622e-06
22580,7.857622e-06
22581,7.857622e-06
22582,7.857622e-06
22583,7.857622e-06
22584,7.857622e-06
22585,7.857622e-06
22586,7.857622e-06
22587,7.857622e-06
22588,7.857622e-06
22589,7.857622e-06
22590,7.857622e-06
22591,7.857622e-06
22592,7.857622e-06
22593,7.857622e-06
22594,7.857622e-06
22595,7.857622e-06
22596,7.857622e-06
22597,7.857622e-06
22598,7.857622e-06
22599,7.857622e-06
22600,7.857622e-06
22601,7.857622e-06
22602,7.857622e-06
22603,7.857622e-06
22604,7.857622e-06
22605,7.857622e-06
22606,7.857622e-06
22607,7.857622e-06
22608,7.857622e-06
22609,7.857622e-06
22610,7.857622e-06
22611,7.857622e-06
22612,7.857622e-06
22613,7.857622e-06
22614,7.857622e-06
22615,7.857622e-06
22616,7.857622e-06
22617,7.857622e-06
22618,7.857622e-06
22619,7.857622e-06
22620,7.857622e-06
22621,7.857622e-06
22622,7.857622e-06
22623,7.857622e-06
22624,7.857622e-06
22625,7.857622e-06
22626,7.857622e-06
22627,7.857622e-06
22628,7.857622e-06
22629,7.857622e-06
22630,7.857622e-06
22631,7.857622e-06
22632,7.857622e-06
22633,7.857622e-06
22634,7.857622e-06
22635,7.857622e-06
22636,7.857622e-06
22637,7.857622e-06
22638,7.857622e-06
22639,7.857622e-06
22640,7.857622e-06
22641,7.857622e-06
22642,7.857622e-06
22643,7.857622e-06
22644,7.857622e-06
22645,7.857622e-06
22646,7.857622e-06
22647,7.857622e-06
22648,7.857622e-06
22649,7.857622e-06
22650,7.857622e-06
22651,7.857622e-06
22652,7.857622e-06
22653,7.857622e-06
22654,7.857622e-06
22655,7.857622e-06
22656,7.857622e-06
22657,7.857622e-06
22668,6.018698e-06
22670,5.8902456e-06
22671,5.831987e-06
22672,5.826141e-06
22682,5.9667586e-06
22683,5.9667586e-06
22684,5.9667586e-06
22685,5.9667586e-06
22686,5.9667586e-06
22687,5.9667586e-06
22688,5.9667586e-06
22690,5.9667586e-06
22691,5.9667586e-06
22693,5.9667586e-06
22694,5.9667586e-06
22696,5.9667586e-06
22699,5.9667586e-06
22700,5.9667586e-06
22701,5.9667586e-06
22703,5.9667586e-06
22704,5.9667586e-06
22705,5.9667586e-06
22707,5.9667586e-06
22708,5.9667586e-06
22709,5.9667586e-06
22710,5.9667586e-06
22711,5.9667586e-06
22714,5.9667586e-06
22715,5.9667586e-06
22717,5.9667586e-06
22721,5.9667586e-06
22722,5.9667586e-06
22723,5.9667586e-06
22724,5.9667586e-06
22726,5.9667586e-06
22727,5.9667586e-06
22731,5.9667586e-06
22735,5.9667586e-06
22736,5.9667586e-06
22737,5.9667586e-06
22738,5.9667586e-06
22741,5.9667586e-06
22742,5.9667586e-06
22746,5.9667586e-06
22748,5.9667586e-06
22750,5.9667586e-06
22752,5.9667586e-06
22754,5.9667586e-06
22756,5.9667586e-06
22757,5.9667586e-06
22766,5.9667586e-06
22768,5.9667586e-06
22769,5.9667586e-06
22775,5.9667586e-06
22776,5.9667586e-06
22778,5.9667586e-06
22779,5.9667586e-06
22780,5.9667586e-06
22783,5.9667586e-06
22786,5.9667586e-06
22787,5.9667586e-06
22794,5.9926165e-06
22799,5.9755744e-06
22802,5.940951e-06
22804,5.8700007e-06
22805,5.8700007e-06
22806,5.866265e-06
22809,5.9056742e-06
22812,5.9442236e-06
22814,6.4156584e-06
22815,6.4156584e-06
22817,5.924394e-06
22820,5.98626e-06
22823,5.98626e-06
22827,5.8853198e-06
22828,5.8299956e-06
22829,5.836989e-06
22838,6.1986784e-06
22839,6.1986784e-06
22840,6.1986784e-06
22842,6.1986784e-06
22843,5.9922118e-06
22847,5.9922118e-06
22850,5.9922118e-06
22854,5.9922118e-06
22855,5.8696214e-06
22856,5.8696214e-06
22864,6.1234928e-06
22865,6.6027865e-06
22867,5.854552e-06
22874,5.840775e-06
22876,6.111971e-06
22881,6.053452e-06
22886,5.8956634e-06
22887,5.9441604e-06
22889,5.9507497e-06
22892,8.279306e-06
22893,8.279306e-06
22895,8.279306e-06
22899,8.279306e-06
22904,8.279306e-06
22905,8.279306e-06
22906,8.279306e-06
22908,8.279306e-06
22909,8.279306e-06
22910,8.279306e-06
22911,8.279306e-06
22913,8.279306e-06
22914,8.279306e-06
22915,8.279306e-06
22916,8.279306e-06
22917,8.279306e-06
22918,8.279306e-06
22919,8.279306e-06
22920,8.279306e-06
22921,8.279306e-06
22922,8.279306e-06
22923,8.279306e-06
22929,8.279306e-06
22930,8.279306e-06
22931,8.279306e-06
22932,8.279306e-06
22939,8.279306e-06
22940,8.279306e-06
22941,8.279306e-06
22943,8.279306e-06
22944,8.279306e-06
22945,8.279306e-06
22948,8.279306e-06
22949,8.279306e-06
22950,8.279306e-06
22951,8.279306e-06
22952,8.279306e-06
22953,8.279306e-06
22955,8.279306e-06
22956,8.279306e-06
22957,8.279306e-06
22958,8.279306e-06
22959,8.279306e-06
22960,8.279306e-06
22962,8.279306e-06
22964,8.279306e-06
22965,8.279306e-06
22966,8.279306e-06
22969,8.279306e-06
22971,8.279306e-06
22974,8.279306e-06
22975,8.279306e-06
22977,8.279306e-06
22981,8.279306e-06
22982,8.279306e-06
22983,8.279306e-06
22984,8.279306e-06
22987,8.279306e-06
22988,8.279306e-06
22989,8.279306e-06
22990,8.279306e-06
22993,9.942541e-06
22994,5.9219897e-06
22995,6.1326823e-06
22996,6.1326823e-06
22997,6.1326823e-06
22998,5.878536e-06
23002,5.878536e-06
23007,5.878536e-06
23015,6.2804083e-06
23016,6.2804083e-06
23017,6.060332e-06
23018,6.060332e-06
23019,6.060332e-06
23020,6.060332e-06
23021,5.974651e-06
23026,5.853031e-06
23028,5.8669693e-06
23032,6.5336253e-06
23033,6.5336253e-06
23034,6.5336253e-06
23035,6.5336253e-06
23038,5.8598553e-06
23041,5.8605897e-06
23044,6.6750845e-06
23056,5.87481e-06
23071,5.827108e-06
23072,5.901979e-06
23075,5.901979e-06
23076,5.901979e-06
23082,6.2255394e-06
23083,6.2255394e-06
23093,5.916095e-06
23095,5.916095e-06
23097,5.916095e-06
23099,5.916095e-06
23100,5.916095e-06
23104,5.916095e-06
23112,5.916095e-06
23114,5.9097943e-06
23116,5.9062572e-06
23117,5.898759e-06
23119,5.927921e-06
23123,5.8793476e-06
23125,6.003206e-06
23126,6.199024e-06
23127,7.9680385e-06
23134,5.8566534e-06
23135,5.854582e-06
23137,5.8336873e-06
23138,5.9062572e-06
23139,5.9062572e-06
23140,5.9062572e-06
23146,5.906084e-06
23147,5.8176524e-06
23149,6.1234928e-06
23150,5.9871177e-06
23151,5.9871177e-06
23153,5.863886e-06
23154,5.863886e-06
23156,8.265095e-06
23157,8.265095e-06
23158,8.265095e-06
23159,8.265095e-06
23160,8.265095e-06
23162,8.265095e-06
23163,8.265095e-06
23164,8.265095e-06
23165,8.265095e-06
23167,8.265095e-06
23168,8.265095e-06
23169,8.265095e-06
23170,8.265095e-06
23172,8.265095e-06
23173,8.265095e-06
23175,8.265095e-06
23176,8.265095e-06
23177,8.265095e-06
23181,8.265095e-06
23182,8.265095e-06
23183,8.265095e-06
23184,8.265095e-06
23190,8.265095e-06
23191,8.265095e-06
23192,8.265095e-06
23193,8.265095e-06
23194,8.265095e-06
23195,8.265095e-06
23196,8.265095e-06
23197,8.265095e-06
23198,8.265095e-06
23199,8.265095e-06
23201,8.265095e-06
23202,8.265095e-06
23204,8.265095e-06
23205,8.265095e-06
23206,8.265095e-06
23207,8.265095e-06
23208,8.265095e-06
23210,8.265095e-06
23211,8.265095e-06
23213,8.265095e-06
23214,8.265095e-06
23215,8.265095e-06
23216,8.265095e-06
23217,8.265095e-06
23218,8.265095e-06
23219,8.265095e-06
23221,8.265095e-06
23222,8.265095e-06
23223,8.265095e-06
23228,8.265095e-06
23229,8.265095e-06
23231,8.265095e-06
23234,8.265095e-06
23236,8.265095e-06
23237,8.265095e-06
23238,8.265095e-06
23239,8.265095e-06
23240,8.265095e-06
23241,8.265095e-06
23243,8.265095e-06
23244,8.265095e-06
23245,8.265095e-06
23247,8.265095e-06
23248,8.265095e-06
23249,8.265095e-06
23250,8.265095e-06
23251,8.265095e-06
23252,8.265095e-06
23253,8.265095e-06
23254,8.265095e-06
23256,8.265095e-06
23257,8.265095e-06
23258,8.265095e-06
23259,8.265095e-06
23260,8.265095e-06
23261,8.265095e-06
23263,8.265095e-06
23264,8.265095e-06
23265,8.265095e-06
23266,8.265095e-06
23267,8.265095e-06
23270,8.265095e-06
23271,8.265095e-06
23273,8.265095e-06
23274,8.265095e-06
23275,8.265095e-06
23276,8.265095e-06
23277,8.265095e-06
23278,8.265095e-06
23279,8.265095e-06
23280,8.265095e-06
23281,8.265095e-06
23282,8.265095e-06
23283,8.265095e-06
23284,8.265095e-06
23285,8.265095e-06
23286,8.265095e-06
23287,8.265095e-06
23288,8.265095e-06
23289,8.265095e-06
23291,8.265095e-06
23292,8.265095e-06
23293,8.265095e-06
23294,8.265095e-06
23295,8.265095e-06
23297,8.265095e-06
23299,8.265095e-06
23300,8.265095e-06
23301,8.265095e-06
23302,8.265095e-06
23306,8.265095e-06
23308,8.265095e-06
23315,8.265095e-06
23316,8.265095e-06
23318,8.265095e-06
23319,8.265095e-06
23320,8.265095e-06
23321,8.265095e-06
23322,8.265095e-06
23323,8.265095e-06
23324,8.265095e-06
23325,8.265095e-06
23326,8.265095e-06
23328,8.265095e-06
23330,8.265095e-06
23331,8.265095e-06
23332,8.265095e-06
23333,8.265095e-06
23334,8.265095e-06
23335,8.265095e-06
23336,8.265095e-06
23337,8.265095e-06
23338,8.265095e-06
23339,8.265095e-06
23340,8.265095e-06
23341,8.265095e-06
23342,8.265095e-06
23343,8.265095e-06
23345,8.265095e-06
23346,8.265095e-06
23347,8.265095e-06
23349,8.265095e-06
23352,8.265095e-06
23353,8.265095e-06
23354,8.265095e-06
23355,8.265095e-06
23356,8.265095e-06
23357,8.265095e-06
23358,8.265095e-06
23360,8.265095e-06
23361,8.265095e-06
23362,8.265095e-06
23363,8.265095e-06
23365,8.265095e-06
23366,8.265095e-06
23367,8.265095e-06
23368,8.265095e-06
23370,8.265095e-06
23372,8.265095e-06
23373,8.265095e-06
23374,8.265095e-06
23375,8.265095e-06
23376,8.265095e-06
23377,8.265095e-06
23378,8.265095e-06
23379,8.265095e-06
23380,8.265095e-06
23381,8.265095e-06
23384,8.265095e-06
23385,8.265095e-06
23387,8.265095e-06
23388,8.265095e-06
23389,8.265095e-06
23390,8.265095e-06
23391,8.265095e-06
23392,8.265095e-06
23394,8.265095e-06
23397,8.265095e-06
23399,8.265095e-06
23400,8.265095e-06
23401,8.265095e-06
23402,8.265095e-06
23403,8.265095e-06
23404,8.265095e-06
23406,8.265095e-06
23407,8.265095e-06
23408,8.265095e-06
23409,8.265095e-06
23410,8.265095e-06
23411,8.265095e-06
23412,8.265095e-06
23413,8.265095e-06
23414,8.265095e-06
23415,8.265095e-06
23416,8.265095e-06
23417,8.265095e-06
23418,8.265095e-06
23419,8.265095e-06
23420,8.265095e-06
23422,8.265095e-06
23423,8.265095e-06
23424,8.265095e-06
23425,8.265095e-06
23426,8.265095e-06
23428,8.265095e-06
23429,8.265095e-06
23430,8.265095e-06
23431,8.265095e-06
23433,8.265095e-06
23434,8.265095e-06
23435,8.265095e-06
23436,8.265095e-06
23438,8.265095e-06
23440,8.265095e-06
23441,8.265095e-06
23442,8.265095e-06
23443,8.265095e-06
23444,8.265095e-06
23445,8.265095e-06
23446,8.265095e-06
23448,8.265095e-06
23450,5.944455e-06
23451,6.027108e-06
23455,6.027108e-06
23456,6.027108e-06
23457,6.027108e-06
23458,6.027108e-06
23463,6.027108e-06
23464,6.027108e-06
23466,6.027108e-06
23467,6.027108e-06
23468,6.027108e-06
23471,6.027108e-06
23472,6.027108e-06
23473,6.027108e-06
23474,6.027108e-06
23476,6.027108e-06
23479,6.027108e-06
23480,6.027108e-06
23481,6.027108e-06
23482,6.027108e-06
23486,6.027108e-06
23488,6.027108e-06
23489,6.027108e-06
23523,6.074189e-06
23525,5.8546602e-06
23526,5.9803483e-06
23528,7.516406e-06
23529,5.941485e-06
23546,5.883517e-06
23549,5.94748e-06
23550,5.94748e-06
23552,5.94748e-06
23553,5.94748e-06
23558,5.913422e-06
23559,5.9560143e-06
23562,5.9560143e-06
23563,5.9560143e-06
23564,5.9560143e-06
23565,5.9560143e-06
23566,5.9560143e-06
23567,5.9560143e-06
23568,5.9560143e-06
23569,5.9560143e-06
23570,5.9560143e-06
23571,5.9560143e-06
23572,5.9560143e-06
23573,5.9560143e-06
23574,5.9560143e-06
23575,5.9560143e-06
23576,5.9560143e-06
23577,5.9560143e-06
23578,5.9560143e-06
23579,5.9560143e-06
23580,5.9560143e-06
23582,5.9560143e-06
23585,5.836893e-06
23586,5.8365854e-06
23587,6.0308475e-06
23590,5.8903915e-06
23593,6.1234928e-06
23594,6.1234928e-06
23595,6.1234928e-06
23596,6.1234928e-06
23603,6.1234928e-06
23604,6.1234928e-06
23605,6.1234928e-06
23607,6.1234928e-06
23610,6.1234928e-06
23611,6.1234928e-06
23615,9.251247e-06
23616,9.251247e-06
23617,9.251247e-06
23618,9.251247e-06
23619,9.251247e-06
23620,9.251247e-06
23622,9.251247e-06
23623,9.251247e-06
23624,9.251247e-06
23625,9.251247e-06
23627,9.251247e-06
23628,9.251247e-06
23629,9.251247e-06
23632,9.251247e-06
23633,9.251247e-06
23634,9.251247e-06
23635,9.251247e-06
23636,9.251247e-06
23637,9.251247e-06
23638,9.251247e-06
23639,9.251247e-06
23640,9.251247e-06
23641,9.251247e-06
23642,9.251247e-06
23643,9.251247e-06
23644,9.251247e-06
23645,9.251247e-06
23646,9.251247e-06
23647,9.251247e-06
23648,9.251247e-06
23649,9.251247e-06
23650,9.251247e-06
23651,9.251247e-06
23652,9.251247e-06
23653,9.251247e-06
23654,9.251247e-06
23655,9.251247e-06
23656,9.251247e-06
23657,9.251247e-06
23658,9.251247e-06
23661,9.251247e-06
23662,9.251247e-06
23663,9.251247e-06
23664,9.251247e-06
23665,9.251247e-06
23666,9.251247e-06
23667,9.251247e-06
23668,9.251247e-06
23669,9.251247e-06
23670,9.251247e-06
23671,9.251247e-06
23672,9.251247e-06
23673,9.251247e-06
23674,9.251247e-06
23675,9.251247e-06
23676,9.251247e-06
23677,9.251247e-06
23678,9.251247e-06
23680,9.251247e-06
23681,5.932011e-06
23706,5.9690974e-06
23802,5.9024674e-06
23803,5.9051213e-06
23822,6.0566226e-06
23827,5.8655296e-06
23837,6.1160413e-06
23852,5.907144e-06
23871,5.998343e-06
23883,6.2195195e-06
23890,5.89216e-06
23911,5.9463473e-06
23918,6.0539287e-06
23919,6.0539287e-06
23920,6.0539287e-06
23933,5.8999376e-06
23946,5.9444383e-06
23952,5.894311e-06
23984,5.945347e-06
23988,6.208509e-06
24009,6.0577036e-06
24012,6.502753e-06
24013,5.9250847e-06
24036,5.9879626e-06
24037,5.9879626e-06
24041,5.9879626e-06
24043,5.9879626e-06
24051,6.1725805e-06
24052,5.991883e-06
24086,5.962186e-06
24090,5.962186e-06
24099,5.895783e-06
24108,6.415691e-06
24124,6.0632838e-06
24130,6.1426485e-06
24131,6.164418e-06
24133,6.028805e-06
24135,6.04536e-06
24138,6.4516444e-06
24173,6.5465765e-06
24176,5.8650076e-06
24177,5.8650076e-06
24186,6.040753e-06
24187,6.040753e-06
24191,6.1150727e-06
24198,5.8496657e-06
24202,6.2025097e-06
24212,5.9242693e-06
24218,5.9802364e-06
24220,5.9523495e-06
24221,5.9523495e-06
24223,5.9547915e-06
24225,6.6229873e-06
24231,6.0267553e-06
24236,5.9874374e-06
24244,5.8776873e-06
24246,1.2515555e-05
24247,6.1569745e-06
24248,6.6229873e-06
24249,6.6229873e-06
24250,6.6229873e-06
24255,5.937957e-06
24261,5.830424e-06
24262,5.830424e-06
24266,5.9031045e-06
24272,5.8358705e-06
24274,5.8358705e-06
24275,5.8358705e-06
24276,5.8358705e-06
24277,5.8358705e-06
24278,5.8358705e-06
24279,5.8358705e-06
24280,5.8358705e-06
24281,5.8358705e-06
24282,5.8358705e-06
24285,5.8335618e-06
24288,6.1234928e-06
24289,6.1234928e-06
24293,5.840167e-06
24298,5.840167e-06
24309,5.86138e-06
24313,5.8747473e-06
24314,5.921618e-06
24315,5.8792516e-06
24318,6.2250265e-06
24319,6.063455e-06
24320,5.9187696e-06
24330,6.1676888e-06
24331,5.949275e-06
24332,6.24235e-06
24336,5.862854e-06
24391,5.9143917e-06
24392,5.8299956e-06
24393,5.872136e-06
24394,6.2804083e-06
24400,5.9780614e-06
24402,5.8981386e-06
24406,5.833039e-06
24413,6.5621043e-06
24414,5.8749574e-06
24419,5.855136e-06
24426,5.844065e-06
24428,5.832114e-06
24430,5.925236e-06
24431,5.962526e-06
24433,5.925236e-06
24438,5.836989e-06
24441,5.822564e-06
24442,5.854131e-06
24452,5.8336723e-06
24471,5.8037426e-06
24472,5.8305004e-06
24476,5.971686e-06
24479,5.831652e-06
24480,5.850102e-06
24482,5.971686e-06
24483,5.8174187e-06
24488,5.8448136e-06
24489,6.271257e-06
24490,5.8420364e-06
24492,5.8406013e-06
24495,5.854849e-06
24499,5.868114e-06
24507,5.8316264e-06
24509,5.863456e-06
24510,5.8731957e-06
24511,5.8286782e-06
24514,5.874667e-06
24517,5.9877502e-06
24521,5.8440905e-06
24523,5.842415e-06
24526,5.845821e-06
24531,5.824448e-06
24532,5.874667e-06
24534,5.8791647e-06
24536,5.919496e-06
24541,5.8616324e-06
24542,5.8255573e-06
24544,5.8653586e-06
24548,6.0259013e-06
24551,5.8474725e-06
24559,5.842089e-06
24563,5.848652e-06
24564,5.874509e-06
24568,5.8809756e-06
24569,5.9141166e-06
24576,5.8172827e-06
24577,5.8088667e-06
24583,5.851528e-06
24584,5.8342202e-06
24586,5.8272963e-06
24587,5.842415e-06
24590,5.8173764e-06
24601,6.326933e-06
24602,5.8955543e-06
24608,5.838461e-06
24613,6.0064585e-06
24614,5.9304984e-06
24617,5.9505983e-06
24623,6.355311e-06
24632,5.948696e-06
24638,5.985626e-06
24643,6.365472e-06
24644,6.365472e-06
24647,6.365472e-06
24648,6.365472e-06
24649,6.365472e-06
24650,6.365472e-06
24651,6.365472e-06
24652,6.365472e-06
24653,6.365472e-06
24654,6.365472e-06
24655,6.365472e-06
24656,6.365472e-06
24657,6.365472e-06
24658,6.365472e-06
24659,6.365472e-06
24660,6.365472e-06
24661,6.365472e-06
24662,6.365472e-06
24663,6.365472e-06
24664,6.365472e-06
24665,6.365472e-06
24666,6.365472e-06
24667,6.365472e-06
24668,6.365472e-06
24669,6.365472e-06
24670,5.8322994e-06
24672,5.8322994e-06
24673,5.8322994e-06
24687,5.829261e-06
24704,6.073664e-06
24705,5.8302007e-06
24707,5.8363553e-06
24709,5.8363553e-06
24715,5.8459755e-06
24717,5.8459755e-06
24718,5.8459755e-06
24720,5.8323167e-06
24744,6.066243e-06
24746,5.8946393e-06
24748,5.9538074e-06
24749,5.9538074e-06
24752,5.9538074e-06
24757,5.934884e-06
24759,6.196211e-06
24766,5.8939186e-06
24777,5.8280148e-06
24778,6.0290054e-06
24781,6.0290054e-06
24782,6.0290054e-06
24783,6.0290054e-06
24785,6.0290054e-06
24787,6.0290054e-06
24792,6.0290054e-06
24793,6.0290054e-06
24794,6.0290054e-06
24796,6.0290054e-06
24799,6.0290054e-06
24800,6.0290054e-06
24802,6.0290054e-06
24803,6.0290054e-06
24805,6.0290054e-06
24807,6.0290054e-06
24808,6.0290054e-06
24809,6.0290054e-06
24810,6.0290054e-06
24812,6.0290054e-06
24814,6.0290054e-06
24815,6.0290054e-06
24816,6.0290054e-06
24818,6.0290054e-06
24819,6.0290054e-06
24820,6.0290054e-06
24823,6.0290054e-06
24824,6.0290054e-06
24825,6.0290054e-06
24826,6.0290054e-06
24827,6.0290054e-06
24828,6.0290054e-06
24829,6.0290054e-06
24830,6.0290054e-06
24831,6.0290054e-06
24832,6.0290054e-06
24833,6.0290054e-06
24834,6.0290054e-06
24835,6.0290054e-06
24837,6.0290054e-06
24838,6.0290054e-06
24841,6.0290054e-06
24842,6.0290054e-06
24843,6.0290054e-06
24845,5.8983537e-06
24847,5.8983537e-06
24863,5.8262526e-06
24864,6.3034167e-06
24865,5.8732608e-06
24875,6.1234928e-06
24877,5.859946e-06
24880,6.292212e-06
24881,6.292212e-06
24882,6.292212e-06
24883,6.088067e-06
24885,5.8357077e-06
24889,5.81181e-06
24891,5.908096e-06
24892,5.908096e-06
24894,5.8938112e-06
24897,6.045063e-06
24898,6.045063e-06
24899,6.045063e-06
24903,6.5652616e-06
24904,6.5652616e-06
24909,6.1234928e-06
24911,6.5205086e-06
24913,5.8955543e-06
24914,6.1234928e-06
24915,6.1234928e-06
24916,6.1234928e-06
24921,6.1234928e-06
24922,5.933026e-06
24923,6.1234928e-06
24924,6.1234928e-06
24925,5.898106e-06
24926,5.99749e-06
24927,5.99749e-06
24928,5.99749e-06
24929,5.99749e-06
24930,5.99749e-06
24931,5.99749e-06
24932,5.99749e-06
24933,5.99749e-06
24934,5.99749e-06
24935,5.99749e-06
24936,5.99749e-06
24937,5.99749e-06
24939,6.1491655e-06
24940,6.1491655e-06
24941,6.1491655e-06
24942,6.1491655e-06
24944,6.1491655e-06
24945,6.1491655e-06
24946,6.1491655e-06
24947,6.1491655e-06
24948,5.8196906e-06
24955,7.857622e-06
24956,7.857622e-06
24960,7.857622e-06
24961,7.857622e-06
24962,7.857622e-06
24963,7.857622e-06
24965,6.1234928e-06
24966,6.1234928e-06
24969,5.9557e-06
24971,5.8567216e-06
24973,5.8381024e-06
24974,5.872844e-06
24976,5.857324e-06
24977,5.857324e-06
24981,6.9720113e-06
24986,6.1045785e-06
24989,6.1045785e-06
24993,6.1045785e-06
24994,6.1045785e-06
24995,6.1045785e-06
24996,6.1045785e-06
24997,6.1045785e-06
24998,6.1045785e-06
25000,6.1045785e-06
25003,6.1045785e-06
25004,6.1045785e-06
25005,6.1045785e-06
25007,6.1045785e-06
25008,6.1045785e-06
25009,6.1045785e-06
25015,6.1045785e-06
25016,6.1045785e-06
25017,6.1045785e-06
25018,6.1045785e-06
25019,6.1045785e-06
25021,6.1045785e-06
25022,6.1045785e-06
25023,6.1045785e-06
25024,6.1045785e-06
25025,6.1045785e-06
25026,6.1045785e-06
25027,6.1045785e-06
25028,6.1045785e-06
25030,6.1045785e-06
25031,6.1045785e-06
25032,6.1045785e-06
25034,6.1045785e-06
25035,6.1045785e-06
25036,6.1045785e-06
25037,6.1045785e-06
25038,6.1045785e-06
25039,6.1045785e-06
25042,6.1045785e-06
25043,6.1045785e-06
25044,6.1045785e-06
25045,6.1045785e-06
25046,6.1045785e-06
25047,6.1045785e-06
25048,6.1045785e-06
25049,6.1045785e-06
25050,6.1045785e-06
25051,6.1045785e-06
25052,6.1045785e-06
25054,6.1045785e-06
25055,6.1045785e-06
25056,6.1045785e-06
25058,6.1045785e-06
25059,6.1045785e-06
25060,6.1045785e-06
25061,6.1045785e-06
25062,6.1045785e-06
25063,6.1045785e-06
25064,6.1045785e-06
25065,6.1045785e-06
25066,6.1045785e-06
25067,6.1045785e-06
25068,6.1045785e-06
25069,6.1045785e-06
25070,6.1045785e-06
25071,6.1045785e-06
25072,6.1045785e-06
25073,6.1045785e-06
25074,6.1045785e-06
25075,6.1045785e-06
25076,6.1045785e-06
25077,6.1045785e-06
25078,5.950481e-06
25080,5.887036e-06
25083,6.0611515e-06
25086,6.1234928e-06
25087,5.839409e-06
25089,5.8198993e-06
25091,5.8198993e-06
25092,5.8198993e-06
25095,5.883517e-06
25098,5.842507e-06
25099,5.8732235e-06
25101,5.8769792e-06
25111,5.9765307e-06
25112,7.443782e-06
25122,7.443782e-06
25126,7.443782e-06
25129,7.443782e-06
25133,7.443782e-06
25135,7.443782e-06
25141,7.443782e-06
25146,7.443782e-06
25149,7.443782e-06
25152,7.443782e-06
25160,7.443782e-06
25161,7.443782e-06
25162,7.443782e-06
25164,7.443782e-06
25166,7.443782e-06
25167,7.443782e-06
25168,7.443782e-06
25169,7.443782e-06
25175,7.443782e-06
25176,7.443782e-06
25177,7.443782e-06
25182,7.443782e-06
25183,7.443782e-06
25184,7.443782e-06
25185,7.443782e-06
25188,7.443782e-06
25189,7.443782e-06
25190,7.443782e-06
25194,7.443782e-06
25196,5.9062477e-06
25197,5.9062477e-06
25198,5.9062477e-06
25199,5.9062477e-06
25200,5.9062477e-06
25201,5.9062477e-06
25204,5.9062477e-06
25205,5.9062477e-06
25206,5.9062477e-06
25207,5.9062477e-06
25208,5.9062477e-06
25209,5.9062477e-06
25210,5.9062477e-06
25211,5.9062477e-06
25212,5.9062477e-06
25213,5.9062477e-06
25215,5.9062477e-06
25217,5.9062477e-06
25218,5.9062477e-06
25219,5.9062477e-06
25221,5.9062477e-06
25222,6.1491655e-06
25223,6.1491655e-06
25224,6.1491655e-06
25225,6.1491655e-06
25226,6.1491655e-06
25227,6.1491655e-06
25228,5.8453234e-06
25232,6.045063e-06
25235,5.87953e-06
25237,6.2733866e-06
25238,6.2733866e-06
25240,6.2733866e-06
25242,6.2733866e-06
25243,6.2733866e-06
25244,6.2733866e-06
25245,6.2733866e-06
25247,6.2733866e-06
25248,6.2733866e-06
25249,6.2733866e-06
25253,6.2733866e-06
25254,6.2733866e-06
25257,6.2733866e-06
25258,6.2733866e-06
25260,6.2733866e-06
25261,6.2733866e-06
25262,6.2733866e-06
25264,6.2733866e-06
25266,6.2733866e-06
25267,6.2733866e-06
25268,6.2733866e-06
25270,6.2733866e-06
25272,6.2733866e-06
25273,6.2733866e-06
25274,6.2733866e-06
25277,6.2733866e-06
25278,6.2733866e-06
25279,6.2733866e-06
25280,6.2733866e-06
25282,6.2733866e-06
25283,6.2733866e-06
25284,6.2733866e-06
25285,6.2733866e-06
25286,6.2733866e-06
25287,6.2733866e-06
25289,6.2733866e-06
25290,6.2733866e-06
25292,6.2733866e-06
25293,6.2733866e-06
25297,6.2733866e-06
25298,6.2733866e-06
25299,6.2733866e-06
25300,6.2733866e-06
25301,6.2733866e-06
25302,6.2733866e-06
25303,6.2733866e-06
25304,6.2733866e-06
25305,6.2733866e-06
25307,6.2733866e-06
25308,6.2733866e-06
25309,6.2733866e-06
25311,6.2733866e-06
25312,6.2733866e-06
25314,6.2733866e-06
25315,6.2733866e-06
25316,6.2733866e-06
25317,6.2733866e-06
25320,6.2733866e-06
25321,6.2733866e-06
25323,6.2733866e-06
25325,6.2733866e-06
25326,6.2733866e-06
25327,6.2733866e-06
25329,5.8264977e-06
25332,5.867568e-06
25333,5.867568e-06
25335,5.812843e-06
25337,5.8651035e-06
25338,6.1234928e-06
25340,6.1234928e-06
25371,5.9812023e-06
25416,7.49816e-06
25417,5.97105e-06
25441,6.334355e-06
25459,6.029794e-06
25482,7.3281285e-06
25498,6.0278403e-06
25538,5.9812023e-06
25539,6.63895e-06
25547,5.8392525e-06
25563,6.2060817e-06
25582,6.1368373e-06
25588,6.1510973e-06
25598,5.929058e-06
25599,5.951475e-06
25602,5.9505137e-06
25604,5.84962e-06
25607,6.031754e-06
25615,5.9063777e-06
25620,5.9367685e-06
25635,5.9514755e-06
25638,6.1531177e-06
25640,5.938621e-06
25647,6.068577e-06
25649,5.914844e-06
25651,6.6562493e-06
25654,6.0278403e-06
25657,5.9434074e-06
25660,6.1461337e-06
25667,1.2514627e-05
25669,5.9009885e-06
25670,5.849804e-06
25671,7.1244895e-06
25676,6.414308e-06
25679,5.855683e-06
25680,5.8934197e-06
25681,5.97105e-06
25684,6.9283687e-06
25687,6.0592793e-06
25689,5.91333e-06
25690,8.314835e-06
25691,6.266134e-06
25692,5.8986097e-06
25694,7.848636e-06
25695,5.9847816e-06
25697,5.9325334e-06
25704,6.6132334e-06
25706,6.04023e-06
25707,6.0975203e-06
25710,5.898932e-06
25712,5.893099e-06
25714,5.9146014e-06
25721,6.6660245e-06
25722,5.880518e-06
25727,5.9520294e-06
25728,5.8240935e-06
25731,5.937769e-06
25735,5.8334276e-06
25736,6.0596617e-06
25737,6.0596617e-06
25739,6.0596617e-06
25740,6.0596617e-06
25743,6.0596617e-06
25744,6.0596617e-06
25745,6.0596617e-06
25746,6.0596617e-06
25747,6.0596617e-06
25748,6.0596617e-06
25749,6.0596617e-06
25751,6.0596617e-06
25752,6.0596617e-06
25754,6.0596617e-06
25756,6.0596617e-06
25757,6.0596617e-06
25758,6.0596617e-06
25759,6.0596617e-06
25760,6.0596617e-06
25762,5.8784017e-06
25764,5.8955543e-06
25765,5.8955543e-06
25766,6.1234928e-06
25767,5.9015033e-06
25768,6.1234928e-06
25773,5.893761e-06
25796,5.8137343e-06
25807,5.893761e-06
25808,5.8617384e-06
25815,5.877417e-06
25816,6.037918e-06
25818,5.849764e-06
25819,5.9795548e-06
25833,5.8647893e-06
25834,5.8751193e-06
25835,5.864935e-06
25837,6.037918e-06
25838,5.908174e-06
25839,5.88003e-06
25840,5.8624933e-06
25844,6.193122e-06
25845,5.8973496e-06
25847,5.908163e-06
25849,5.9018003e-06
25852,5.880206e-06
25853,6.6750845e-06
25854,6.6750845e-06
25860,6.6114526e-06
25861,6.6114526e-06
25862,6.6114526e-06
25863,6.6114526e-06
25864,6.6114526e-06
25865,6.6114526e-06
25866,6.6114526e-06
25867,6.6114526e-06
25868,6.6114526e-06
25869,6.6114526e-06
25870,6.6114526e-06
25871,6.6114526e-06
25872,6.6114526e-06
25873,6.6114526e-06
25874,6.6114526e-06
25875,6.6114526e-06
25876,6.6114526e-06
25877,6.6114526e-06
25878,6.6114526e-06
25879,6.6114526e-06
25880,6.6114526e-06
25881,6.6114526e-06
25882,6.6114526e-06
25883,6.6114526e-06
25884,6.6114526e-06
25885,6.6114526e-06
25886,6.6114526e-06
25887,6.6114526e-06
25888,6.6114526e-06
25890,5.9053386e-06
25891,5.9053386e-06
25893,5.964641e-06
25894,5.964641e-06
25895,5.964641e-06
25897,5.964886e-06
25899,5.9041695e-06
25902,5.8584938e-06
25906,5.823398e-06
25907,5.823398e-06
25908,5.886679e-06
25909,5.972864e-06
25910,5.94738e-06
25911,5.94738e-06
25917,5.820829e-06
25918,6.0342168e-06
25919,6.0342168e-06
25921,5.897234e-06
25922,6.02743e-06
25924,6.02743e-06
25926,6.02743e-06
25927,6.02743e-06
25929,6.02743e-06
25930,6.02743e-06
25931,6.02743e-06
25932,6.02743e-06
25933,6.02743e-06
25934,6.02743e-06
25938,5.8677197e-06
25941,5.844888e-06
25943,5.846106e-06
25944,5.8743226e-06
25945,5.8483156e-06
25947,5.825683e-06
25948,5.887662e-06
25949,6.111971e-06
25951,6.111971e-06
25952,6.111971e-06
25953,6.111971e-06
25954,6.111971e-06
25955,6.111971e-06
25956,6.111971e-06
25957,5.8276714e-06
25958,5.913899e-06
25959,5.963401e-06
25960,5.963401e-06
25962,5.963401e-06
25963,5.852947e-06
25965,5.896124e-06
25966,5.896124e-06
25968,5.841289e-06
25969,5.841289e-06
25970,5.854245e-06
25971,5.8482033e-06
25972,5.8482033e-06
25974,6.0130155e-06
25977,5.818512e-06
25978,5.839077e-06
25980,5.9891113e-06
25981,5.980184e-06
25982,5.860484e-06
25983,5.811368e-06
25986,5.8790984e-06
25987,5.8790984e-06
25990,5.8392393e-06
25991,6.6750845e-06
25992,6.6750845e-06
25993,6.6750845e-06
26003,6.0653847e-06
26005,6.0689326e-06
26006,5.899798e-06
26008,5.892214e-06
26011,5.8091478e-06
26012,5.8851056e-06
26014,5.8217647e-06
26015,5.8480678e-06
26016,5.9161603e-06
26018,5.842136e-06
26021,5.8790984e-06
26023,5.8790984e-06
26024,5.8790984e-06
26025,5.8790984e-06
26026,5.8790984e-06
26027,5.8790984e-06
26029,5.8790984e-06
26030,5.8790984e-06
26032,5.849135e-06
26033,5.839887e-06
26034,5.839887e-06
26036,6.6114526e-06
26037,6.6114526e-06
26040,5.839887e-06
26042,6.021048e-06
26043,6.021048e-06
26044,6.021048e-06
26045,6.021048e-06
26046,6.021048e-06
26047,6.021048e-06
26048,6.021048e-06
26049,6.021048e-06
26050,6.021048e-06
26051,6.021048e-06
26052,6.021048e-06
26053,6.021048e-06
26054,6.021048e-06
26058,5.9621702e-06
26062,5.848996e-06
26063,5.848996e-06
26064,5.848996e-06
26065,5.848996e-06
26066,5.848996e-06
26068,5.8913724e-06
26069,6.2255394e-06
26070,6.2255394e-06
26071,6.2255394e-06
26072,6.2255394e-06
26073,6.2255394e-06
26074,6.2255394e-06
26076,6.2255394e-06
26077,6.2255394e-06
26079,6.2255394e-06
26080,6.3317643e-06
26081,6.3317643e-06
26082,6.3317643e-06
26083,6.3317643e-06
26084,6.3317643e-06
26086,5.9056065e-06
26087,5.8677197e-06
26089,5.8579076e-06
26090,5.86138e-06
26091,5.8498094e-06
26094,5.86138e-06
26095,5.8955543e-06
26100,6.498858e-06
26101,6.498858e-06
26102,6.498858e-06
26103,6.498858e-06
26104,6.498858e-06
26105,6.498858e-06
26107,6.498858e-06
26109,6.498858e-06
26110,6.498858e-06
26111,6.498858e-06
26112,6.498858e-06
26113,6.498858e-06
26114,6.498858e-06
26115,6.498858e-06
26116,6.498858e-06
26118,6.498858e-06
26119,6.498858e-06
26120,6.498858e-06
26123,6.498858e-06
26125,6.498858e-06
26126,6.498858e-06
26127,6.498858e-06
26128,6.498858e-06
26131,6.498858e-06
26132,6.498858e-06
26133,6.498858e-06
26134,6.498858e-06
26135,6.498858e-06
26136,6.498858e-06
26138,6.498858e-06
26139,6.498858e-06
26140,6.498858e-06
26141,6.498858e-06
26142,6.498858e-06
26143,6.498858e-06
26144,6.498858e-06
26145,6.498858e-06
26146,6.498858e-06
26147,6.498858e-06
26148,6.498858e-06
26149,6.498858e-06
26150,6.498858e-06
26151,6.498858e-06
26152,6.498858e-06
26153,6.498858e-06
26155,6.498858e-06
26156,6.498858e-06
26157,6.498858e-06
26159,6.498858e-06
26160,6.498858e-06
26161,6.498858e-06
26162,6.498858e-06
26163,6.498858e-06
26164,6.498858e-06
26165,6.498858e-06
26166,6.498858e-06
26167,6.498858e-06
26168,6.498858e-06
26169,6.498858e-06
26170,6.498858e-06
26172,6.498858e-06
26173,6.498858e-06
26174,6.498858e-06
26175,6.498858e-06
26176,6.498858e-06
26177,6.498858e-06
26178,6.498858e-06
26179,6.498858e-06
26180,6.498858e-06
26181,6.498858e-06
26182,6.498858e-06
26183,6.498858e-06
26184,6.498858e-06
26185,6.498858e-06
26186,6.498858e-06
26187,6.498858e-06
26188,6.498858e-06
26189,6.498858e-06
26190,6.498858e-06
26191,6.498858e-06
26192,6.498858e-06
26193,6.498858e-06
26194,6.498858e-06
26195,6.498858e-06
26196,6.498858e-06
26197,6.498858e-06
26198,6.498858e-06
26199,6.498858e-06
26200,6.498858e-06
26201,6.498858e-06
26202,6.498858e-06
26204,6.498858e-06
26205,6.498858e-06
26206,6.498858e-06
26207,6.498858e-06
26208,6.498858e-06
26210,6.498858e-06
26211,6.498858e-06
26212,6.498858e-06
26213,6.498858e-06
26214,6.498858e-06
26215,6.498858e-06
26217,6.498858e-06
26219,6.498858e-06
26220,6.498858e-06
26221,6.498858e-06
26222,6.498858e-06
26223,6.498858e-06
26224,6.498858e-06
26225,6.498858e-06
26226,6.498858e-06
26228,6.498858e-06
26229,6.498858e-06
26230,6.498858e-06
26232,6.498858e-06
26233,6.498858e-06
26234,6.498858e-06
26235,6.498858e-06
26236,6.498858e-06
26238,6.498858e-06
26240,6.498858e-06
26241,6.498858e-06
26242,6.498858e-06
26243,6.498858e-06
26244,6.498858e-06
26245,6.498858e-06
26247,6.498858e-06
26249,6.498858e-06
26250,6.498858e-06
26251,6.498858e-06
26252,6.498858e-06
26253,6.498858e-06
26254,6.498858e-06
26255,6.498858e-06
26256,6.498858e-06
26257,6.498858e-06
26258,6.498858e-06
26259,6.498858e-06
26260,6.498858e-06
26261,6.498858e-06
26262,6.498858e-06
26264,6.498858e-06
26265,6.498858e-06
26266,6.498858e-06
26267,6.498858e-06
26268,6.498858e-06
26269,6.498858e-06
26270,6.498858e-06
26271,6.498858e-06
26272,6.498858e-06
26273,6.498858e-06
26274,6.498858e-06
26275,6.498858e-06
26276,6.498858e-06
26277,6.498858e-06
26278,6.498858e-06
26279,6.498858e-06
26280,6.498858e-06
26281,6.498858e-06
26282,6.498858e-06
26283,6.498858e-06
26284,6.498858e-06
26285,6.498858e-06
26286,6.498858e-06
26287,6.498858e-06
26288,6.498858e-06
26289,6.498858e-06
26290,6.498858e-06
26291,6.498858e-06
26292,6.498858e-06
26293,6.498858e-06
26294,6.498858e-06
26295,6.498858e-06
26296,6.498858e-06
26297,6.498858e-06
26298,6.498858e-06
26299,6.498858e-06
26300,6.498858e-06
26301,6.498858e-06
26302,6.498858e-06
26303,6.498858e-06
26304,6.498858e-06
26305,6.498858e-06
26306,6.498858e-06
26307,6.498858e-06
26308,6.498858e-06
26309,6.498858e-06
26312,6.498858e-06
26313,6.498858e-06
26314,6.498858e-06
26315,6.498858e-06
26316,6.498858e-06
26317,6.498858e-06
26318,6.498858e-06
26319,6.498858e-06
26320,6.498858e-06
26321,6.498858e-06
26322,6.498858e-06
26323,6.498858e-06
26324,6.498858e-06
26325,6.498858e-06
26326,6.498858e-06
26327,6.498858e-06
26328,6.498858e-06
26329,6.498858e-06
26330,6.498858e-06
26331,6.498858e-06
26332,6.498858e-06
26333,6.498858e-06
26334,6.498858e-06
26335,6.498858e-06
26336,6.498858e-06
26337,6.498858e-06
26338,6.498858e-06
26339,6.498858e-06
26340,6.498858e-06
26341,6.498858e-06
26342,6.498858e-06
26343,6.498858e-06
26344,6.498858e-06
26345,6.498858e-06
26346,6.498858e-06
26347,6.498858e-06
26348,6.498858e-06
26349,6.498858e-06
26350,6.498858e-06
26351,6.498858e-06
26352,6.498858e-06
26353,6.498858e-06
26354,6.498858e-06
26355,6.498858e-06
26356,6.498858e-06
26357,6.498858e-06
26358,6.498858e-06
26360,6.498858e-06
26361,6.498858e-06
26362,6.498858e-06
26363,6.498858e-06
26364,6.498858e-06
26365,6.498858e-06
26366,6.498858e-06
26367,6.498858e-06
26368,6.498858e-06
26369,6.498858e-06
26370,6.498858e-06
26371,6.498858e-06
26372,6.498858e-06
26373,6.498858e-06
26374,6.498858e-06
26375,6.498858e-06
26376,5.898218e-06
26379,5.9504423e-06
26381,5.8433343e-06
26382,5.9228278e-06
26383,5.9246645e-06
26384,5.9246645e-06
26385,5.9246645e-06
26386,5.9246645e-06
26388,5.977422e-06
26389,5.8342202e-06
26392,5.8375076e-06
26393,5.8463984e-06
26394,5.8463984e-06
26395,5.8463984e-06
26396,5.8620462e-06
26397,5.8467617e-06
26400,5.9062477e-06
26401,5.9062477e-06
26403,5.9062477e-06
26406,5.8955543e-06
26407,6.0174993e-06
26409,5.894363e-06
26410,5.894363e-06
26413,5.894363e-06
26414,5.8749115e-06
26415,5.8471023e-06
26419,5.842089e-06
26420,5.830082e-06
26421,5.878536e-06
26423,5.8955543e-06
26424,5.870698e-06
26427,6.0217726e-06
26428,6.0217726e-06
26430,5.8960286e-06
26434,5.896858e-06
26436,6.0650837e-06
26437,5.8336327e-06
26443,5.899446e-06
26445,5.823255e-06
26447,5.840775e-06
26449,5.8487726e-06
26450,5.8924875e-06
26451,5.829716e-06
26452,5.8375267e-06
26455,5.9787753e-06
26456,5.9787753e-06
26457,5.842179e-06
26459,5.8716632e-06
26460,5.854503e-06
26462,5.8279043e-06
26463,5.830077e-06
26466,5.8571086e-06
26467,5.8955543e-06
26468,5.8955543e-06
26470,5.819264e-06
26471,5.8872747e-06
26472,5.866284e-06
26473,5.8986666e-06
26474,5.8757228e-06
26475,5.8757228e-06
26476,5.8757228e-06
26477,5.950673e-06
26478,5.950673e-06
26480,5.950673e-06
26481,5.950673e-06
26483,5.950673e-06
26484,5.8955543e-06
26487,5.902308e-06
26488,5.902308e-06
26489,5.902308e-06
26490,5.9351446e-06
26493,6.072999e-06
26494,6.0143725e-06
26495,6.0143725e-06
26496,6.0143725e-06
26497,6.0143725e-06
26498,6.0143725e-06
26499,6.0143725e-06
26501,6.0143725e-06
26502,6.0143725e-06
26503,6.0143725e-06
26505,6.0143725e-06
26506,6.0143725e-06
26507,6.0143725e-06
26510,8.937964e-06
26511,8.937964e-06
26512,8.937964e-06
26513,8.937964e-06
26514,8.937964e-06
26515,8.937964e-06
26516,8.937964e-06
26517,8.937964e-06
26518,8.937964e-06
26519,8.937964e-06
26520,8.937964e-06
26521,8.937964e-06
26522,8.937964e-06
26523,8.937964e-06
26524,8.937964e-06
26525,8.937964e-06
26526,8.937964e-06
26527,8.937964e-06
26528,8.937964e-06
26529,8.937964e-06
26530,8.937964e-06
26531,8.937964e-06
26532,8.937964e-06
26533,8.937964e-06
26534,8.937964e-06
26535,8.937964e-06
26536,8.937964e-06
26537,8.937964e-06
26538,8.937964e-06
26539,8.937964e-06
26540,8.937964e-06
26541,8.937964e-06
26542,8.937964e-06
26543,8.937964e-06
26544,8.937964e-06
26545,8.937964e-06
26546,8.937964e-06
26547,8.937964e-06
26548,8.937964e-06
26549,8.937964e-06
26550,8.937964e-06
26551,8.937964e-06
26552,8.937964e-06
26553,8.937964e-06
26554,8.937964e-06
26555,8.937964e-06
26556,8.937964e-06
26557,8.937964e-06
26558,8.937964e-06
26559,8.937964e-06
26560,8.937964e-06
26561,8.937964e-06
26562,8.937964e-06
26563,8.937964e-06
26564,8.937964e-06
26565,8.937964e-06
26566,8.937964e-06
26567,8.937964e-06
26568,8.937964e-06
26569,8.937964e-06
26570,8.937964e-06
26571,8.937964e-06
26572,8.937964e-06
26573,8.937964e-06
26574,8.937964e-06
26575,8.937964e-06
26576,8.937964e-06
26577,8.937964e-06
26578,8.937964e-06
26579,8.937964e-06
26580,8.937964e-06
26581,8.937964e-06
26582,8.937964e-06
26583,8.937964e-06
26584,8.937964e-06
26585,8.937964e-06
26586,8.937964e-06
26587,8.937964e-06
26588,8.937964e-06
26589,8.937964e-06
26590,8.937964e-06
26591,8.937964e-06
26592,8.937964e-06
26593,8.937964e-06
26594,8.937964e-06
26595,8.937964e-06
26596,8.937964e-06
26597,8.937964e-06
26598,8.937964e-06
26599,8.937964e-06
26600,8.937964e-06
26601,8.937964e-06
26602,8.937964e-06
26603,8.937964e-06
26604,8.937964e-06
26605,8.937964e-06
26606,8.937964e-06
26607,8.937964e-06
26608,8.937964e-06
26609,8.937964e-06
26610,8.937964e-06
26611,8.937964e-06
26612,8.937964e-06
26613,8.937964e-06
26614,8.937964e-06
26615,8.937964e-06
26616,8.937964e-06
26617,8.937964e-06
26618,8.937964e-06
26620,8.937964e-06
26621,5.833814e-06
26623,5.833814e-06
26625,5.833814e-06
26627,5.9052486e-06
26628,5.841289e-06
26631,5.9336644e-06
26632,5.9584936e-06
26634,5.9198865e-06
26635,5.8561727e-06
26639,9.665898e-06
26640,5.948564e-06
26641,5.8487726e-06
26643,5.9293534e-06
26647,5.8900305e-06
26648,5.848996e-06
26649,5.829866e-06
26655,6.6114526e-06
26656,5.8300616e-06
26657,5.889752e-06
26658,5.889752e-06
26659,5.889752e-06
26660,5.889752e-06
26661,5.889752e-06
26662,5.9454756e-06
26663,5.9454756e-06
26665,5.9454756e-06
26667,5.9454756e-06
26670,5.86167e-06
26671,5.887236e-06
26672,5.887236e-06
26673,6.1916694e-06
26674,6.103551e-06
26675,5.92461e-06
26676,5.867999e-06
26677,5.9062036e-06
26678,6.6750845e-06
26679,6.6750845e-06
26680,6.031755e-06
26681,6.031755e-06
26682,6.031755e-06
26683,6.031755e-06
26684,6.031755e-06
26685,6.031755e-06
26690,5.8930927e-06
26691,5.8309556e-06
26693,6.0867374e-06
26694,5.965888e-06
26695,6.361462e-06
26699,5.853429e-06
26700,5.862505e-06
26701,5.8549826e-06
26702,5.8546525e-06
26704,5.864966e-06
26707,6.1919795e-06
26708,6.1919795e-06
26709,6.1919795e-06
26710,6.1919795e-06
26711,6.1919795e-06
26712,6.1919795e-06
26713,6.1919795e-06
26714,6.1919795e-06
26715,6.1919795e-06
26716,6.1919795e-06
26717,6.1919795e-06
26718,6.1919795e-06
26719,6.1919795e-06
26720,5.943708e-06
26721,5.943708e-06
26722,6.107103e-06
26723,6.107103e-06
26725,5.9340964e-06
26726,5.838466e-06
26727,5.965488e-06
26728,5.9581425e-06
26729,5.8376772e-06
26730,5.8197006e-06
26731,5.9103577e-06
26732,5.8264977e-06
26733,5.826982e-06
26734,5.9091767e-06
26735,6.272852e-06
26737,5.9390945e-06
26740,5.875366e-06
26741,5.8968753e-06
26742,6.0770135e-06
26743,6.0770135e-06
26748,5.9424865e-06
26749,5.8255573e-06
26751,5.9184013e-06
26752,5.9184013e-06
26753,5.838906e-06
26754,5.838906e-06
26757,5.841279e-06
26759,5.9062036e-06
26761,5.9062036e-06
26762,5.9062036e-06
26763,5.9062036e-06
26765,5.838109e-06
26766,5.838109e-06
26768,5.82725e-06
26769,7.018736e-06
26771,5.9319837e-06
26772,5.871485e-06
26773,5.9241333e-06
26775,5.971647e-06
26776,5.971647e-06
26777,5.971647e-06
26778,5.971647e-06
26779,5.971647e-06
26781,5.855101e-06
26782,5.8627675e-06
26783,5.893099e-06
26784,5.893099e-06
26785,5.893099e-06
26786,5.893099e-06
26787,5.8677197e-06
26788,5.906084e-06
26789,5.906084e-06
26790,5.8955543e-06
26791,5.8369537e-06
26792,5.8369537e-06
26793,5.881712e-06
26795,5.840655e-06
26796,5.9674726e-06
26799,5.855688e-06
26802,5.8600995e-06
26804,5.8353357e-06
26807,5.846749e-06
26809,5.846749e-06
26810,5.846749e-06
26811,5.846749e-06
26812,5.846749e-06
26813,5.846749e-06
26814,5.846749e-06
26815,6.0379225e-06
26816,6.0379225e-06
26817,6.0379225e-06
26818,6.0379225e-06
26820,9.726857e-06
26822,5.841279e-06
26825,5.874509e-06
26826,5.877026e-06
26828,5.8583464e-06
26829,5.8893283e-06
26830,5.8448136e-06
26831,5.858681e-06
26832,6.096666e-06
26834,7.022497e-06
26835,5.9097943e-06
26837,5.9097943e-06
26839,5.9097943e-06
26840,5.9097943e-06
26842,5.9097943e-06
26843,5.9097943e-06
26844,5.9097943e-06
26845,5.9097943e-06
26846,5.9097943e-06
26849,5.9097943e-06
26850,5.9097943e-06
26851,5.9097943e-06
26852,5.9097943e-06
26853,5.9097943e-06
26859,6.0468255e-06
26860,6.0468255e-06
26861,5.8362193e-06
26862,5.839077e-06
26863,5.839077e-06
26864,5.839077e-06
26865,5.839077e-06
26866,5.839077e-06
26867,5.9111303e-06
26868,5.87132e-06
26870,5.810506e-06
26871,6.027108e-06
26873,5.851749e-06
26874,5.9578997e-06
26876,5.8411374e-06
26877,5.853429e-06
26878,5.9700074e-06
26879,5.857812e-06
26880,5.857812e-06
26881,5.8539376e-06
26882,5.9995236e-06
26884,5.8510223e-06
26885,5.848996e-06
26886,6.502753e-06
26887,6.502753e-06
26888,6.502753e-06
26890,6.502753e-06
26891,6.502753e-06
26892,6.502753e-06
26893,6.502753e-06
26895,6.502753e-06
26896,6.502753e-06
26898,6.502753e-06
26899,6.502753e-06
26900,6.502753e-06
26901,6.502753e-06
26902,6.502753e-06
26903,6.502753e-06
26904,6.502753e-06
26906,5.8793476e-06
26907,5.8793476e-06
26908,5.8793476e-06
26909,5.8793476e-06
26910,5.935156e-06
26911,5.935156e-06
26912,5.935156e-06
26913,5.935156e-06
26914,5.935156e-06
26915,5.848729e-06
26916,6.0133734e-06
26917,6.6114526e-06
26918,6.6114526e-06
26919,6.6114526e-06
26920,6.6114526e-06
26921,6.6114526e-06
26922,6.6114526e-06
26923,6.6114526e-06
26924,6.6114526e-06
26925,6.6114526e-06
26926,6.6114526e-06
26927,6.6114526e-06
26928,6.6114526e-06
26929,6.6114526e-06
26930,6.6114526e-06
26931,6.6114526e-06
26932,6.6114526e-06
26933,6.6114526e-06
26934,6.6114526e-06
26935,6.6114526e-06
26936,6.6114526e-06
26937,6.6114526e-06
26938,6.6114526e-06
26939,6.6114526e-06
26940,6.6114526e-06
26941,6.6114526e-06
26942,6.6114526e-06
26943,6.6114526e-06
26944,6.6114526e-06
26945,6.6114526e-06
26946,6.6114526e-06
26947,6.6114526e-06
26948,6.6114526e-06
26949,6.6114526e-06
26950,6.6114526e-06
26951,6.6114526e-06
26952,6.6114526e-06
26953,6.6114526e-06
26954,6.6114526e-06
26955,6.6114526e-06
26956,6.6114526e-06
26957,6.6114526e-06
26958,6.6114526e-06
26959,6.6114526e-06
26960,6.6114526e-06
26961,6.6114526e-06
26962,6.6114526e-06
26963,6.6114526e-06
26964,6.6114526e-06
26965,6.6114526e-06
26966,6.6114526e-06
26968,5.950673e-06
26969,5.950673e-06
26970,5.950673e-06
26971,5.950673e-06
26972,5.950673e-06
26973,5.950673e-06
26974,5.950673e-06
26975,5.950673e-06
26976,5.950673e-06
26978,5.950673e-06
26979,5.950673e-06
26980,5.950673e-06
26982,5.950673e-06
26983,5.950673e-06
26984,5.950673e-06
26985,5.950673e-06
26987,5.950673e-06
26988,5.950673e-06
26989,5.950673e-06
26990,5.950673e-06
26991,5.950673e-06
26993,5.950673e-06
26994,5.950673e-06
26995,5.950673e-06
26996,5.950673e-06
26997,5.950673e-06
26998,5.950673e-06
27000,5.950673e-06
27001,5.950673e-06
27002,5.950673e-06
27003,5.879149e-06
27004,5.879149e-06
27005,5.879149e-06
27006,6.0086977e-06
27007,5.861686e-06
27008,5.850052e-06
27009,5.872296e-06
27011,5.8720652e-06
27013,5.8272963e-06
27014,5.888469e-06
27015,5.9390945e-06
27016,5.872296e-06
27017,5.9152567e-06
27019,5.839077e-06
27020,5.839077e-06
27021,5.839077e-06
27022,6.6750845e-06
27023,6.6750845e-06
27025,5.953813e-06
27026,5.8317682e-06
27027,5.8137102e-06
27028,5.9581425e-06
27030,5.838264e-06
27032,5.975473e-06
27033,5.872464e-06
27034,5.890563e-06
27035,5.9230324e-06
27036,5.8839896e-06
27037,5.877956e-06
27038,5.8361443e-06
27039,6.0059765e-06
27040,5.833308e-06
27041,5.9581425e-06
27043,5.9581425e-06
27044,5.9581425e-06
27045,5.8303895e-06
27046,5.8834453e-06
27047,5.857324e-06
27048,5.8294927e-06
27049,5.884151e-06
27051,7.304099e-06
27052,5.9204544e-06
27053,5.8469836e-06
27054,5.840479e-06
27056,5.8094793e-06
27058,5.8377736e-06
27059,5.847706e-06
27061,5.8993037e-06
27062,6.283764e-06
27063,6.283764e-06
27064,6.283764e-06
27065,6.283764e-06
27066,6.283764e-06
27067,6.283764e-06
27068,6.283764e-06
27069,6.283764e-06
27070,6.283764e-06
27071,6.283764e-06
27072,6.283764e-06
27073,6.283764e-06
27074,5.977371e-06
27075,5.8872165e-06
27076,5.8872165e-06
27077,5.8872165e-06
27078,5.866284e-06
27079,5.8955543e-06
27080,5.8955543e-06
27082,5.8955543e-06
27083,5.866284e-06
27084,5.8279043e-06
27085,5.8872165e-06
27093,5.86138e-06
27094,5.8414457e-06
27095,5.8487726e-06
27097,5.8955543e-06
27098,5.8955543e-06
27099,5.842014e-06
27100,5.842014e-06
27101,5.8955543e-06
27102,5.8955543e-06
27103,5.8955543e-06
27104,5.8955543e-06
27108,5.931656e-06
27109,5.931656e-06
27110,5.931656e-06
27113,5.8955543e-06
27114,5.878118e-06
27115,5.8955543e-06
27116,5.8489613e-06
27117,5.8414457e-06
27120,5.8576184e-06
27122,5.878118e-06
27126,5.878118e-06
27127,5.8986666e-06
27128,5.944883e-06
27133,6.0162993e-06
27138,7.838734e-06
27144,5.8691644e-06
27145,6.173806e-06
27149,1.2544221e-05
27150,5.826982e-06
27155,6.1063765e-06
27168,5.958468e-06
27171,5.940689e-06
27173,6.3706325e-06
27177,5.88248e-06
27182,5.859712e-06
27183,5.859712e-06
27184,5.859712e-06
27185,5.859712e-06
27188,5.902819e-06
27189,5.894518e-06
27190,5.894518e-06
27191,5.894518e-06
27192,5.894518e-06
27193,5.894518e-06
27194,5.8909704e-06
27196,6.656956e-06
27197,5.8853198e-06
27198,5.8853198e-06
27199,5.816041e-06
27201,5.8609085e-06
27202,5.8609085e-06
27203,5.8609085e-06
27204,5.8609085e-06
27205,5.8609085e-06
27208,5.8749574e-06
27210,6.5652616e-06
27211,5.9594313e-06
27213,6.056995e-06
27214,5.8581572e-06
27215,5.849855e-06
27216,5.849855e-06
27217,6.1234928e-06
27218,5.8335077e-06
27219,5.8335077e-06
27220,5.8335077e-06
27221,5.8335077e-06
27222,5.8335077e-06
27226,6.1234928e-06
27228,6.1234928e-06
27229,6.1234928e-06
27231,6.1234928e-06
27232,6.1234928e-06
27233,6.1234928e-06
27234,6.1234928e-06
27235,5.8491128e-06
27236,5.8491128e-06
27237,6.1234928e-06
27238,6.1234928e-06
27239,6.1234928e-06
27240,6.1234928e-06
27241,6.1234928e-06
27242,6.1234928e-06
27243,6.1234928e-06
27244,6.1234928e-06
27245,6.1234928e-06
27246,6.1234928e-06
27247,6.1234928e-06
27248,6.1234928e-06
27249,6.1234928e-06
27250,6.1234928e-06
27251,6.1234928e-06
27252,6.1234928e-06
27253,6.1234928e-06
27254,6.1234928e-06
27255,6.1234928e-06
27256,6.1234928e-06
27257,6.1234928e-06
27258,6.1234928e-06
27259,6.1234928e-06
27260,6.1234928e-06
27261,6.1234928e-06
27262,6.1234928e-06
27263,6.1234928e-06
27264,6.1234928e-06
27265,6.1234928e-06
27266,5.8440755e-06
27268,6.1234928e-06
27269,6.425897e-06
27270,6.425897e-06
27271,6.425897e-06
27272,6.425897e-06
27273,6.425897e-06
27274,5.880404e-06
27275,5.880404e-06
27276,6.1234928e-06
27277,6.1234928e-06
27278,6.1234928e-06
27279,6.1234928e-06
27280,5.929715e-06
27281,6.1234928e-06
27282,6.1234928e-06
27283,6.1234928e-06
27284,6.1234928e-06
27285,6.1234928e-06
27286,6.1234928e-06
27287,6.1234928e-06
27288,6.1234928e-06
27289,6.1234928e-06
27290,6.1234928e-06
27291,6.1234928e-06
27292,6.1234928e-06
27293,6.1234928e-06
27294,5.8694973e-06
