id	protein
0	Q9UIG0
1	P25788
2	P53801
3	O60884
4	P61077
5	O43617
6	O43745
7	Q9BVV7
8	Q14562
9	P09341
10	P0DI80
11	O75414
12	O60504
13	Q13105
14	O60573
15	Q13627
16	P22090
17	P62837
18	P26678
19	P17535
20	P51532
21	O43676
22	O76003
23	Q8NHQ8
24	Q8N108
25	P40933
26	O60256
27	Q13685
28	A0A1W2PQJ5
29	O14948
30	O15072
31	Q8N612
32	P46940
33	P02724
34	Q96NA8
35	Q96NK8
36	P37198
37	O75473
38	Q8N0W4
39	P01571
40	A6NHL2
41	O15354
42	O43169
43	O15235
44	P23458
45	P35222
46	Q9H8S9
47	O14929
48	P14543
49	O75616
50	Q71UI9
51	P30530
52	Q12824
53	O94925
54	P08727
55	P01906
56	O95069
57	O75915
58	Q9BZL3
59	O60244
60	P04908
61	Q9NQC1
62	Q8WXR4
63	O75031
64	Q7Z406
65	P25963
66	P07951
67	Q12829
68	P41252
69	E9PQ53
70	Q9BYC8
71	A0A075B6I6
72	A2A2V5
73	P43361
74	Q9P2K1
75	O43680
76	Q99592
77	Q69YL0
78	P26715
79	Q7L8A9
80	P46937
81	P78562
82	Q96A65
83	Q15054
84	O14578
85	Q13263
86	P67870
87	O15539
88	Q7Z3T8
89	Q13257
90	Q96A08
91	Q92734
92	P50749
93	P49755
94	Q8NB91
95	P31153
96	P28331
97	O15034
98	P62269
99	P55769
100	O14561
101	A6NCE7
102	O43309
103	Q14119
104	Q92902
105	Q5TZA2
106	O14633
107	Q15061
108	P00167
109	Q9NV31
110	O14802
111	P53779
112	P15172
113	P55884
114	Q13635
115	P09001
116	P57053
117	Q96RT7
118	Q5SWX8
119	O43920
120	P24385
121	P55061
122	Q03989
123	P27037
124	P02786
125	P55055
126	P52797
127	Q6P161
128	Q66K64
129	O76013
130	O95631
131	O00148
132	P50148
133	Q8IWA0
134	Q15744
135	Q3MIT2
136	P60510
137	Q92922
138	P16619
139	P01699
140	O15066
141	P14923
142	P46087
143	Q15051
144	Q4KMG9
145	Q15486
146	A8K0Z3
147	O94913
148	P28482
149	Q15771
150	P13073
151	Q8WUX9
152	P01106
153	O75817
154	P35221
155	Q9BZJ0
156	Q5VV43
157	Q05195
158	P48444
159	P62256
160	P19086
161	P46781
162	O14786
163	P12755
164	O60603
165	Q86U86
166	O76071
167	P10073
168	Q13190
169	O60469
170	P01133
171	Q9NX58
172	P35346
173	Q96EL2
174	O75306
175	P22607
176	Q5VXU3
177	O95486
178	P46821
179	O60583
180	P57052
181	Q9UHR4
182	P04264
183	Q7RTS7
184	Q9H6L2
185	Q6MZQ0
186	P52803
187	Q14691
188	Q96GF1
189	Q15543
190	Q13501
191	P17676
192	Q13326
193	O43790
194	O00623
195	O15239
196	P62913
197	A1KZ92
198	Q8TAM2
199	P24941
200	P15880
201	O75531
202	P61225
203	A0A0C4DH36
204	P63165
205	P46934
206	A6NM43
207	P27449
208	A6NNX1
209	P63027
210	P46736
211	Q96M61
212	P32248
213	Q9UBP5
214	Q9BYD3
215	Q9H0A8
216	P09544
217	P28715
218	A0A3B3IU46
219	O00159
220	Q9NQ50
221	Q96H22
222	Q92845
223	O75396
224	P48730
225	B2RNN3
226	O15516
227	P54619
228	P06493
229	P61081
230	O75832
231	P25787
232	P84077
233	Q2TBF2
234	Q15369
235	O15519
236	O95831
237	P03372
238	O14617
239	P61088
240	O14950
241	P14778
242	P52566
243	P0C1H6
244	Q08209
245	P00533
246	Q9UBZ9
247	Q6UXM1
248	Q86Z23
249	O00743
250	Q6QNY0
251	P84085
252	Q13619
253	P31152
254	O60675
255	P01615
256	O15342
257	Q8N720
258	Q86YC3
259	O15116
260	P38398
261	P05015
262	A8MTJ3
263	P13224
264	C4AMC7
265	A2RU14
266	P48051
267	P62330
268	A0A075B6I9
269	Q6UX40
270	Q5TD94
271	P49683
272	O75094
273	P43360
274	P78329
275	O60671
276	P61266
277	O75594
278	P17028
279	Q5T751
280	Q5VVH2
281	O75636
282	P31323
283	P14649
284	Q02543
285	O95395
286	P41159
287	O15357
288	O43504
289	O96018
290	Q99459
291	Q04743
292	P01903
293	Q96JC1
294	P82664
295	Q13084
296	Q96A72
297	P15884
298	O60890
299	O43521
300	P15923
301	P13051
302	A0A096LP55
303	P28065
304	O00716
305	P0CL83
306	P49715
307	Q6PIF6
308	P09471
309	Q6PD62
310	O95678
311	O75379
312	Q9HCI5
313	Q07817
314	P26641
315	Q8NI36
316	Q03112
317	Q9C0F1
318	P06748
319	O14579
320	O14627
321	O00541
322	P49642
323	P01011
324	Q9H2F5
325	P19634
326	Q86V86
327	Q14156
328	P03901
329	P22455
330	Q5TGS1
331	P55735
332	O00602
333	O43914
334	P63010
335	Q9UEW8
336	P46531
337	O76095
338	A5LHX3
339	P11473
340	P51668
341	P25398
342	Q8N4L1
343	Q13156
344	O75909
345	O95490
346	Q8N7M0
347	O75838
348	P82979
349	P62487
350	P28472
351	O95777
352	A1IGU5
353	Q5JVL4
354	Q99747
355	P54105
356	O00244
357	P01100
358	Q13043
359	P16157
360	Q16659
361	O60828
362	O95471
363	P21583
364	P53567
365	O75251
366	P33993
367	Q969T4
368	P19087
369	P53701
370	A0A2R8Y619
371	O43290
372	Q6P3S1
373	Q7RTU0
374	P61586
375	A0A0B4J244
376	Q06830
377	Q16849
378	P41594
379	Q8TD90
380	O43159
381	O00634
382	P05412
383	P18564
384	Q6P5R6
385	Q8TDM0
386	Q14242
387	P54710
388	O14949
389	Q13625
390	A6NIK2
391	O15143
392	O15498
393	P17544
394	P27540
395	Q68CL5
396	P18621
397	O95428
398	Q5MJ10
399	Q96DA6
400	O43715
401	Q9NV56
402	Q8IY95
403	O76014
404	O60645
405	A2A368
406	A6NED2
407	O14978
408	A6NHQ2
409	O75170
410	P62244
411	P00395
412	O15504
413	Q13769
414	O15400
415	A0A0B4J2D9
416	Q9NQW1
417	Q8NEV4
418	O15155
419	Q8NF99
420	O94979
421	O60258
422	Q9HAF1
423	P35228
424	O76011
425	Q52LJ0
426	P0C5Y9
427	P02533
428	Q16864
429	P33897
430	O15392
431	P50750
432	O95628
433	O60682
434	P84090
435	P62308
436	Q02318
437	P86791
438	P51825
439	Q13547
440	O43242
441	O60762
442	Q71U36
443	P18827
444	P41180
445	P82673
446	P52564
447	Q9BYD1
448	P26718
449	Q12834
450	P09012
451	Q99871
452	Q8TD86
453	P07766
454	O94992
455	Q02045
456	O14640
457	Q7LBR1
458	A6NHR9
459	O43665
460	P51784
461	P12644
462	P10721
463	P51617
464	Q5VIR6
465	Q00403
466	O75367
467	O60563
468	O95295
469	P18077
470	P12829
471	Q86WW8
472	O95456
473	Q5SXM2
474	P14867
475	O75093
476	Q13620
477	P00156
478	P43364
479	P30838
480	A6NJR5
481	Q92530
482	O60830
483	Q6EEV6
484	O14713
485	P47914
486	Q96LZ2
487	P23942
488	P62750
489	O00160
490	P46782
491	Q01658
492	Q14693
493	Q5T2E6
494	P02458
495	Q68CZ1
496	Q13099
497	P53539
498	P00749
499	Q9BUL8
500	P10109
501	O95865
502	Q562E7
503	Q9NRF9
504	P35908
505	P01706
506	Q13191
507	O75461
508	Q96G79
509	Q7Z794
510	Q496F6
511	P01375
512	P05386
513	O75431
514	P22670
515	P08754
516	O14818
517	Q96JS3
518	Q56VL3
519	Q7Z2T5
520	Q8IWK6
521	Q8WXU2
522	Q9BY60
523	Q12929
524	O15229
525	P05787
526	P18846
527	O60293
528	Q15544
529	Q12816
530	P13349
531	O00468
532	P78385
533	P61006
534	O14907
535	Q9NQ33
536	P49207
537	Q96AW1
538	Q96KR6
539	Q9BQ48
540	P37231
541	O95396
542	Q8IWY9
543	O95969
544	P01138
545	O94906
546	O95183
547	Q8N966
548	P51531
549	Q9NS69
550	O14526
551	Q86TJ2
552	P62306
553	P08708
554	Q9BUR5
555	Q9BVW5
556	Q96CU9
557	Q53H80
558	Q9P2J3
559	P35503
560	P68036
561	Q16181
562	O43520
563	Q9H2L4
564	Q07890
565	P61966
566	P57086
567	P08047
568	O75056
569	O15234
570	Q9BQE3
571	O94973
572	A2RTX5
573	Q96HR3
574	P40429
575	Q96EZ8
576	P22612
577	Q96CB9
578	O43739
579	Q3SYG4
580	Q6UWW0
581	O00499
582	O95292
583	P57735
584	P15336
585	P41219
586	Q02577
587	O43312
588	Q7Z5G4
589	B5ME19
590	P62140
591	P09601
592	A6NNZ2
593	Q8NG84
594	O95167
595	P02538
596	Q15438
597	Q13352
598	Q13045
599	Q6NUM6
600	Q92859
601	P50406
602	Q05397
603	P30260
604	A8K8V0
605	O00483
606	Q9GZY0
607	P09919
608	Q13188
609	O14867
610	P51965
611	Q96A35
612	O95926
613	P02655
614	P00338
615	Q6TFL4
616	Q9BSC4
617	Q5JRM2
618	P14770
619	O15213
620	Q86SE9
621	P07333
622	P07900
623	P0DP25
624	A0A1W2PPE2
625	P33316
626	Q9H3L0
627	O75190
628	O60711
629	Q06265
630	O43674
631	Q07889
632	Q8IUH4
633	P51798
634	Q15050
635	Q96A33
636	O15514
637	Q13586
638	A6NJV1
639	Q9P1Z9
640	P17081
641	Q15678
642	P62424
643	P07910
644	P18124
645	O95182
646	P55854
647	P0DTU3
648	O14910
649	Q7L014
650	O95273
651	P21860
652	Q9NX40
653	P62875
654	Q14028
655	P50914
656	O95243
657	P31930
658	Q9BUI4
659	O60303
660	P55287
661	P41002
662	O95881
663	Q99547
664	Q53GT1
665	P63172
666	O43707
667	O95907
668	Q16514
669	P82914
670	P01834
671	Q16549
672	Q5JTV8
673	Q3KNW5
674	O43924
675	Q07866
676	O00566
677	P56373
678	Q5VU69
679	P10912
680	O14974
681	O75478
682	O75489
683	P20618
684	P56524
685	Q8N3R9
686	P17022
687	P13056
688	P53677
689	O95166
690	P02747
691	Q8IUR0
692	Q6P656
693	P10276
694	Q9HCU5
695	Q13884
696	P05106
697	P14678
698	Q12788
699	A0A075B6I4
700	O60264
701	P22310
702	O75381
703	P61244
704	P78324
705	A0A0B4J1V2
706	A0PJX0
707	P42025
708	O75888
709	P11226
710	P42262
711	P63279
712	P25098
713	O75947
714	A0A075B6N3
715	O77932
716	O14901
717	Q96HL8
718	A2RRP1
719	P29374
720	P03905
721	Q8WW01
722	Q06609
723	Q8WUW1
724	P51805
725	Q8IYS5
726	Q8WUA2
727	P68366
728	A0A0B4J1U7
729	P22415
730	Q9Y3D7
731	Q96T52
732	O43711
733	Q16799
734	O14548
735	P03923
736	O60260
737	A0A1B0GXF2
738	Q86WT1
739	Q02040
740	Q8NGD1
741	P07384
742	Q8N4T8
743	Q8IV08
744	P33402
745	Q6IBW4
746	Q6UXH0
747	P62854
748	Q14165
749	P10827
750	Q15077
751	P05556
752	Q7L5N1
753	Q5T5U3
754	Q96D46
755	P40425
756	Q969J2
757	Q96AC1
758	P54829
759	P20701
760	O75665
761	Q86UC2
762	P62820
763	A0A0G2JNQ3
764	Q969X5
765	O15409
766	Q8IXW5
767	P06028
768	P45983
769	P49770
770	O43196
771	P08254
772	Q16586
773	O60313
774	Q8N594
775	P20248
776	Q13003
777	Q2M296
778	P32119
779	Q13368
780	Q96G25
781	P49427
782	P52298
783	P02671
784	O15182
785	P42081
786	Q9BRS8
787	Q6PK04
788	Q86YP4
789	O15315
790	P61764
791	P27635
792	P01857
793	Q9GZM3
794	P19105
795	P0CL84
796	O00506
797	P20827
798	P41208
799	P29317
800	Q5I0G3
801	P28066
802	Q0VAQ4
803	B9A064
804	A0A1B0GVY4
805	O60739
806	P08247
807	O15165
808	Q9GZU8
809	Q8IYI6
810	B4DJY2
811	O15269
812	P16104
813	Q9BT67
814	P07202
815	Q01973
816	P16383
817	O95704
818	P29353
819	O43660
820	P57054
821	Q96DU9
822	P08238
823	P28702
824	O95251
825	Q4W5P6
826	Q969V3
827	O95169
828	Q99728
829	A0A087WSY4
830	O60333
831	O95352
832	Q8NFP4
833	Q8TAQ2
834	Q9H7L9
835	P42857
836	Q5M8T2
837	P06870
838	Q7Z7H3
839	P62263
840	Q8N5M4
841	Q8N0Y2
842	Q5QNW6
843	A8MUP2
844	Q49AN0
845	Q9Y2X3
846	P62753
847	Q13422
848	P42766
849	P29323
850	Q147X3
851	Q9NVC6
852	Q99466
853	Q96DI7
854	O43766
855	A0A075B6I7
856	Q9P2Q2
857	Q96BY2
858	Q06141
859	P30511
860	P15170
861	Q8NFZ3
862	Q96CW5
863	O60716
864	O60499
865	Q96GC5
866	Q8NGL1
867	P09488
868	P48551
869	Q06323
870	P24844
871	P50458
872	Q8N488
873	P23470
874	A0A0B4J234
875	A0A075B6I1
876	P52198
877	Q6A163
878	Q06587
879	P08218
880	P56597
881	P47756
882	O60749
883	P01715
884	Q8TBF5
885	O15164
886	Q7Z2W9
887	P35638
888	Q10567
889	Q96GS4
890	P29992
891	P0DPD8
892	O14775
893	Q3YBM2
894	O14733
895	P27816
896	P04899
897	Q8IX90
898	P09661
899	O60683
900	O14879
901	Q8WYA0
902	Q9BZ81
903	Q5JTH9
904	P16234
905	P35637
906	Q8NB15
907	Q13445
908	O96000
909	Q13131
910	P39023
911	O00221
912	Q8N635
913	O96015
914	Q8IXV7
915	Q9NXX6
916	Q8IXL6
917	Q8N112
918	A8MYU2
919	O95931
920	P11142
921	O43516
922	Q16552
923	P61165
924	O43897
925	Q8IU68
926	P15586
927	O15078
928	P35998
929	P49790
930	P40818
931	Q5T6S3
932	P17275
933	O95402
934	Q96IX5
935	P31431
936	P39687
937	Q8TEW0
938	P10451
939	P0CG08
940	P23763
941	O95817
942	P45844
943	Q8TAM1
944	Q8TBP5
945	O95861
946	P54136
947	O00186
948	Q00653
949	P60022
950	P49756
951	Q14DG7
952	O00481
953	Q6PB30
954	A8MVU1
955	P43246
956	Q86Y39
957	P30048
958	Q86UW9
959	P58658
960	Q13496
961	Q9BW85
962	P60604
963	Q86VZ2
964	P82675
965	Q99081
966	Q10587
967	Q8NI22
968	P36578
969	P13612
970	Q15022
971	O95168
972	Q15327
973	A0A0B4J1V6
974	Q86TS9
975	Q15118
976	P60323
977	P60059
978	O15344
979	Q15036
980	Q7Z7M8
981	Q93050
982	P07814
983	A0A3B3IU63
984	Q14525
985	Q5T0F9
986	P09104
987	P60468
988	O43598
989	P51677
990	O43818
991	Q8NEB9
992	P60520
993	O96008
994	P61513
995	Q15669
996	O75841
997	Q92620
998	P61769
999	P03886
1000	Q01974
1001	Q8NDY6
1002	P0DP08
1003	Q96GD3
1004	Q8NA47
1005	H3BR10
1006	O95365
1007	A8MQ03
1008	Q13464
1009	P02788
1010	Q6ZU15
1011	P15408
1012	Q9H3S7
1013	O60784
1014	P68363
1015	P60321
1016	P61009
1017	O75394
1018	Q8WWB3
1019	Q2I0M5
1020	Q8N5Z5
1021	Q7Z4R8
1022	O00212
1023	O76015
1024	Q6N069
1025	O75973
1026	O15085
1027	P12544
1028	P35227
1029	Q96KR1
1030	P40938
1031	P48509
1032	A6NNN8
1033	Q16594
1034	Q6P4R8
1035	Q6PIJ6
1036	P32969
1037	O14610
1038	P52815
1039	O43236
1040	Q7Z3Y8
1041	O75323
1042	Q9UJW3
1043	O95299
1044	P08648
1045	Q01167
1046	Q15311
1047	Q8N145
1048	Q9BW83
1049	Q0PNE2
1050	Q86SG6
1051	Q17RN3
1052	P11802
1053	O00161
1054	Q9H1J7
1055	O15488
1056	O75794
1057	Q05048
1058	Q5VZM2
1059	P37235
1060	O43493
1061	O95721
1062	Q8N140
1063	P39086
1064	O60656
1065	Q9H869
1066	Q5QP82
1067	Q9HAW4
1068	P54845
1069	P47755
1070	P56182
1071	O14788
1072	Q96RS0
1073	Q9BY11
1074	Q99719
1075	P08670
1076	Q96JK2
1077	P05013
1078	P16144
1079	A0A1B0GX56
1080	Q9H492
1081	P11047
1082	O14492
1083	P16333
1084	Q8IXK0
1085	O14602
1086	Q7Z443
1087	O15318
1088	P56192
1089	O15294
1090	P08637
1091	Q2HXU8
1092	P19012
1093	Q9NZL4
1094	P55347
1095	O94813
1096	P62891
1097	O00330
1098	Q8IUR7
1099	Q8N6L7
1100	P05783
1101	Q15019
1102	Q16827
1103	O95178
1104	Q9H9E1
1105	P42568
1106	Q14692
1107	P83369
1108	Q6PJT7
1109	O43301
1110	O60231
1111	O15243
1112	Q8N3L3
1113	P37108
1114	P01588
1115	Q5SY80
1116	Q8N434
1117	Q14188
1118	O43281
1119	B7ZAQ6
1120	P03950
1121	P13995
1122	Q8IYJ0
1123	P01824
1124	P39019
1125	Q96BP2
1126	Q9ULK2
1127	Q13472
1128	P27694
1129	P15248
1130	P0CW20
1131	Q15109
1132	O14921
1133	P49639
1134	O94985
1135	P12035
1136	Q86VM9
1137	P06730
1138	P47928
1139	Q96JZ2
1140	P35226
1141	Q8WVS4
1142	Q68CP9
1143	Q0VG99
1144	P13688
1145	P01042
1146	Q86V87
1147	O00203
1148	Q9HAW8
1149	Q12962
1150	Q01094
1151	O75182
1152	P83436
1153	O00233
1154	Q8NEC5
1155	Q8WYN0
1156	P09564
1157	A1YPR0
1158	Q13454
1159	O15372
1160	A0A075B6S4
1161	O43557
1162	Q8IY18
1163	P16220
1164	P18848
1165	O14656
1166	P56704
1167	O96013
1168	Q8IUD2
1169	O95406
1170	P0CL85
1171	Q7Z601
1172	Q3SY84
1173	P11362
1174	O43543
1175	P29322
1176	Q96EU7
1177	Q13133
1178	O43292
1179	Q15545
1180	P08069
1181	Q4ZIN3
1182	P18627
1183	Q9Y399
1184	Q9BRX5
1185	Q6UWR7
1186	Q86X24
1187	O14967
1188	P02751
1189	A0A0K0K1C0
1190	Q4LDG9
1191	Q5W0N0
1192	O43683
1193	O43822
1194	P0DPK5
1195	Q71UM5
1196	P61086
1197	Q7Z698
1198	Q15572
1199	Q96AJ1
1200	Q4G148
1201	A0A5F9ZHS7
1202	P26374
1203	Q06547
1204	Q8NDX5
1205	P48553
1206	P10644
1207	Q02535
1208	P62310
1209	O15144
1210	Q8TEB9
1211	Q86SE5
1212	O43189
1213	Q3KNV8
1214	A2A288
1215	Q8N5F7
1216	Q7Z6L1
1217	Q9HAW7
1218	O95995
1219	O60927
1220	P61421
1221	P23435
1222	Q9BU20
1223	Q9Y5W7
1224	Q7L513
1225	P49005
1226	P30405
1227	P25440
1228	Q5XLA6
1229	P18583
1230	O15455
1231	Q8IWQ3
1232	P11474
1233	Q92624
1234	Q969N2
1235	O95478
1236	Q8N5I9
1237	Q9BV40
1238	P46778
1239	P01241
1240	Q9GZT3
1241	Q16891
1242	Q96EH3
1243	O14782
1244	O43747
1245	P60002
1246	Q8IXN7
1247	O00472
1248	O00592
1249	P41182
1250	P00403
1251	Q9BUW7
1252	P42229
1253	Q14696
1254	P01718
1255	Q96JB2
1256	Q96IZ7
1257	P16871
1258	P57077
1259	P62318
1260	Q96NB3
1261	P13693
1262	O75157
1263	Q6UX04
1264	P21675
1265	O00267
1266	P20020
1267	Q92989
1268	P0DJD3
1269	C9JLW8
1270	Q9NVP2
1271	O75604
1272	P00846
1273	Q99543
1274	Q9C0J8
1275	Q9BWC9
1276	P01019
1277	Q17R89
1278	P07355
1279	O43805
1280	O00155
1281	P08240
1282	P49366
1283	Q16540
1284	O00399
1285	B2RUZ4
1286	P61221
1287	O15121
1288	Q8TES7
1289	Q92901
1290	P22681
1291	Q9BYD2
1292	Q9BRL7
1293	Q5TEC6
1294	P46783
1295	Q12959
1296	Q13275
1297	O75934
1298	P62280
1299	P0DPD6
1300	P13647
1301	P15018
1302	Q4VXU2
1303	P20155
1304	Q8NG31
1305	Q6ICB0
1306	Q96EE3
1307	Q15003
1308	P17813
1309	Q9BVQ7
1310	Q86WX3
1311	Q86SZ2
1312	Q9NRG0
1313	O94805
1314	O76094
1315	P24311
1316	Q96CW9
1317	A8MXT2
1318	P22694
1319	Q8NHE4
1320	Q8N9B5
1321	Q13813
1322	O00268
1323	P08621
1324	O95407
1325	P36897
1326	Q96LB3
1327	P40337
1328	P17655
1329	P11279
1330	P35658
1331	P62195
1332	P49796
1333	P11234
1334	P68871
1335	O15481
1336	P13010
1337	Q13162
1338	O00194
1339	Q99496
1340	A0A1W2PQ09
1341	Q8N344
1342	Q9BRT6
1343	O75943
1344	Q96C00
1345	Q08334
1346	P18510
1347	Q9NP79
1348	P17612
1349	P61020
1350	P42677
1351	P46776
1352	O00338
1353	O43502
1354	P61011
1355	Q92599
1356	P49754
1357	Q15119
1358	Q9UGI0
1359	Q9H4M9
1360	Q9P206
1361	Q99814
1362	P82933
1363	P08861
1364	O95391
1365	Q15468
1366	Q92985
1367	Q05084
1368	P52657
1369	Q15181
1370	Q13976
1371	Q12981
1372	A6NFY7
1373	Q7Z5L3
1374	Q9BWG4
1375	Q16623
1376	Q14493
1377	L0R819
1378	Q14157
1379	P49450
1380	P78358
1381	P17658
1382	Q6P1J9
1383	Q92838
1384	Q9BYF1
1385	P63261
1386	P12814
1387	Q8TEY5
1388	Q05DH4
1389	P04004
1390	P55268
1391	Q9H3G5
1392	A8MZ97
1393	Q8IU54
1394	Q8WTT2
1395	Q92764
1396	Q6UWJ8
1397	Q16555
1398	Q8NFH3
1399	O94826
1400	Q9H840
1401	P21266
1402	Q13838
1403	P53804
1404	P51970
1405	P25024
1406	A8MV24
1407	O60895
1408	Q05BQ5
1409	Q658N2
1410	Q5W0V3
1411	P35268
1412	Q15291
1413	P02760
1414	Q96DV4
1415	P08779
1416	Q01201
1417	Q8NCH0
1418	O75390
1419	A6NGN9
1420	Q1W4C9
1421	Q15070
1422	O75143
1423	O60318
1424	Q92696
1425	Q96SW2
1426	Q15172
1427	Q01081
1428	O14543
1429	P02585
1430	Q96T68
1431	Q13136
1432	Q13614
1433	O14618
1434	P22362
1435	Q6ZTR7
1436	Q96G30
1437	P40692
1438	Q6DKK2
1439	Q9NR97
1440	E7EU14
1441	O14497
1442	O95429
1443	Q99816
1444	Q16513
1445	Q3T906
1446	Q7Z5U6
1447	Q92796
1448	P10636
1449	Q49AR2
1450	Q9P0R6
1451	P23786
1452	Q9UK45
1453	P02549
1454	Q96SY0
1455	P14136
1456	P49914
1457	O00512
1458	O14925
1459	O75843
1460	P60228
1461	Q12873
1462	Q14781
1463	Q96B26
1464	Q5VWK5
1465	Q15762
1466	Q04637
1467	O75051
1468	Q99442
1469	P42575
1470	Q9BRV8
1471	Q53HC9
1472	O43916
1473	Q8WVM8
1474	P24863
1475	P60842
1476	O14556
1477	O75311
1478	Q5TAP6
1479	A0A0A0MS03
1480	Q9NV06
1481	A0A0A0MS15
1482	P54132
1483	Q15059
1484	O95267
1485	P27361
1486	Q07869
1487	P62807
1488	O00488
1489	Q86UU0
1490	Q6P2H8
1491	P62888
1492	P33764
1493	P60880
1494	P24539
1495	P51003
1496	A0A075B6J9
1497	Q8WWF5
1498	Q86UR1
1499	P46109
1500	P01584
1501	Q53H12
1502	P51571
1503	O60812
1504	O75380
1505	A8MW92
1506	O00526
1507	P60866
1508	Q86TI0
1509	P47985
1510	A0A0A0MT82
1511	Q86Y07
1512	Q9H0R8
1513	P15927
1514	Q8N2Z9
1515	Q8N387
1516	O75439
1517	P02746
1518	P56537
1519	A6NDZ8
1520	P08195
1521	Q14203
1522	O15492
1523	O14957
1524	Q4VC31
1525	A0A0J9YX57
1526	Q92673
1527	P60709
1528	P36269
1529	Q6UW01
1530	P41223
1531	Q96GX1
1532	P26373
1533	O00567
1534	P33151
1535	Q02790
1536	Q16778
1537	Q969J3
1538	O00423
1539	Q69YZ2
1540	O60825
1541	Q96L08
1542	P78414
1543	O43815
1544	O14684
1545	A6NMX2
1546	O14817
1547	P15259
1548	Q8TAP6
1549	Q9BRD0
1550	Q9BXY4
1551	Q96A11
1552	O96004
1553	B2RTY4
1554	Q96LR5
1555	A8MSI8
1556	Q8WV16
1557	P49736
1558	P23526
1559	Q9HCK0
1560	P63167
1561	Q9UHJ3
1562	Q7Z3B1
1563	P61960
1564	Q9UKS7
1565	O75956
1566	P42166
1567	Q13617
1568	P48742
1569	P24588
1570	Q6ZU64
1571	Q15323
1572	Q96D96
1573	Q03701
1574	P61981
1575	Q15436
1576	Q6P4F1
1577	O95070
1578	Q8NBT2
1579	A6NI87
1580	Q7Z6E9
1581	O14920
1582	Q8IVS8
1583	Q15853
1584	P09234
1585	P21281
1586	Q15404
1587	P21108
1588	P54652
1589	Q8IWF2
1590	P36957
1591	O76038
1592	O94810
1593	Q9UKA1
1594	P10398
1595	Q8IU85
1596	Q6UWD8
1597	O95900
1598	P18084
1599	O43915
1600	A0A2R8Y422
1601	Q99807
1602	O60869
1603	O43474
1604	A0A1W2PPH5
1605	P57737
1606	P0C0S8
1607	Q14168
1608	Q9UNX4
1609	Q8N6V9
1610	Q4G0U5
1611	O43320
1612	P61289
1613	P08574
1614	P17029
1615	Q86YS6
1616	P49757
1617	Q8WYA6
1618	Q5JWF2
1619	O60894
1620	Q15831
1621	Q9HCS7
1622	P63208
1623	A8MTZ0
1624	Q7L590
1625	P08134
1626	Q8WTS1
1627	O00548
1628	P84074
1629	Q8WY54
1630	P04843
1631	O43752
1632	Q8IYS8
1633	O43524
1634	P11182
1635	P61962
1636	Q8NCF5
1637	O95782
1638	P16035
1639	P11021
1640	Q8NFG4
1641	O75044
1642	O15431
1643	Q5VVC0
1644	O00408
1645	Q6QNY1
1646	O60641
1647	Q96LI5
1648	P36873
1649	P05155
1650	Q96GX2
1651	Q96QT6
1652	Q8IUE6
1653	O43432
1654	P20591
1655	P10747
1656	P51148
1657	Q14141
1658	Q13042
1659	P25786
1660	Q7Z6V5
1661	Q6P3W2
1662	Q15714
1663	Q70SY1
1664	P31150
1665	Q676U5
1666	P46100
1667	P17987
1668	O95994
1669	Q2KHM9
1670	Q8N680
1671	Q8N983
1672	O95793
1673	Q9BT43
1674	P28161
1675	P32243
1676	O43615
1677	P21709
1678	Q8WUD4
1679	Q14152
1680	Q96NT1
1681	O60518
1682	O60341
1683	P31947
1684	Q8N257
1685	Q99687
1686	Q969U6
1687	Q4G0W2
1688	Q9BYC9
1689	Q15286
1690	A6NK58
1691	Q99471
1692	Q7RTU5
1693	P17509
1694	O96019
1695	O00204
1696	P06732
1697	Q53HI1
1698	P04259
1699	Q8N7X4
1700	Q7Z2K8
1701	Q96EM0
1702	Q9Y2Y0
1703	P54727
1704	O60248
1705	P48443
1706	P04198
1707	Q3ZAQ7
1708	O95863
1709	P02042
1710	Q5T752
1711	P69849
1712	P56589
1713	P55773
1714	Q8N587
1715	Q12986
1716	P28070
1717	P56962
1718	O95171
1719	Q8NHV4
1720	O43795
1721	O75208
1722	Q9NQS7
1723	Q4G0J3
1724	O75822
1725	P13861
1726	Q53FV1
1727	Q8N912
1728	Q8N3I7
1729	O60462
1730	O60883
1731	Q8ND25
1732	P61254
1733	P14598
1734	Q9BT04
1735	Q12918
1736	Q96IJ6
1737	P14635
1738	O43761
1739	A0A1B0GX49
1740	Q9BTE1
1741	Q9BTC8
1742	Q16539
1743	Q8WZ74
1744	A0A0B4J1Z2
1745	O75528
1746	Q8N5M1
1747	Q53HL2
1748	O75469
1749	O14715
1750	Q6ZW31
1751	P10828
1752	Q8TAA5
1753	P19484
1754	O76021
1755	A0AVI4
1756	Q15528
1757	O95837
1758	P32780
1759	Q03405
1760	Q8NEJ9
1761	O43172
1762	Q9H6Q4
1763	P37287
1764	P82663
1765	Q8IZP0
1766	P34741
1767	P20671
1768	A0A1W2PR75
1769	Q14683
1770	Q5T215
1771	Q96Q89
1772	Q15125
1773	P50222
1774	Q06124
1775	Q5VSL9
1776	A8MZ26
1777	Q7Z6J2
1778	Q12907
1779	P13500
1780	Q16254
1781	O43150
1782	P49917
1783	Q15697
1784	O15371
1785	P56545
1786	P12270
1787	P82930
1788	P23527
1789	Q68CZ2
1790	Q9H0N5
1791	Q8NBZ7
1792	P06213
1793	Q9H008
1794	O95980
1795	Q15024
1796	Q8N9I9
1797	P02652
1798	Q6ZN54
1799	O60826
1800	Q6ZPD9
1801	P51449
1802	P23258
1803	O75787
1804	O43291
1805	O75717
1806	Q9NVR7
1807	P61204
1808	Q8N3J3
1809	Q12874
1810	P0C6T2
1811	P13164
1812	P36537
1813	Q13111
1814	A6NIH7
1815	P48556
1816	Q8IXS2
1817	Q6P2C8
1818	Q92539
1819	Q8WV22
1820	A8K855
1821	O75152
1822	P12318
1823	Q96JM7
1824	P01178
1825	O00755
1826	P23946
1827	P00414
1828	Q13753
1829	Q8N0Z3
1830	Q5T0N1
1831	P19235
1832	O15535
1833	Q03518
1834	P35244
1835	Q8N7H5
1836	P49721
1837	P11177
1838	Q16236
1839	Q99942
1840	Q68CJ9
1841	P17844
1842	P61024
1843	Q86X19
1844	O15111
1845	P24864
1846	P0C0S5
1847	Q9Y3Q8
1848	Q96JH7
1849	P56378
1850	P46379
1851	Q9HAY2
1852	O95997
1853	Q6P5X5
1854	Q9H5J8
1855	Q8TC59
1856	A0PK11
1857	P62745
1858	P43363
1859	Q16576
1860	O43143
1861	P43487
1862	P35250
1863	Q14209
1864	P23771
1865	Q86VI1
1866	Q8NEM2
1867	P61923
1868	B3KU38
1869	P28370
1870	P62304
1871	P83105
1872	P34925
1873	O15027
1874	Q6T4R5
1875	O00255
1876	P26006
1877	O14657
1878	P19878
1879	P15313
1880	P62277
1881	Q9NSD9
1882	Q15428
1883	P26368
1884	Q86UD3
1885	Q8N8E3
1886	Q9BZZ2
1887	O95159
1888	Q13562
1889	Q16281
1890	P23409
1891	P81877
1892	Q5VW32
1893	P02489
1894	P52948
1895	P37173
1896	A0A087WT02
1897	Q8IU60
1898	Q96DX4
1899	Q7Z3B3
1900	Q9HD33
1901	Q8IZD4
1902	P02679
1903	P02008
1904	P22309
1905	P00488
1906	P13994
1907	P29320
1908	Q9NVA2
1909	Q6W2J9
1910	Q14116
1911	Q9Y224
1912	Q13113
1913	O75575
1914	P01116
1915	Q6ZYL4
1916	O95232
1917	Q86X83
1918	Q96IY1
1919	Q8NDV3
1920	Q86Y78
1921	O95807
1922	Q8N475
1923	O15228
1924	Q13144
1925	Q5TCS8
1926	P21695
1927	Q14118
1928	Q8N8W4
1929	Q8NFA0
1930	O75177
1931	Q6Q0C0
1932	Q96A32
1933	Q5JSH3
1934	Q9H293
1935	P35968
1936	P35611
1937	Q76FK4
1938	Q6UWZ7
1939	O15547
1940	P12319
1941	Q2T9L4
1942	P10176
1943	P07949
1944	Q12980
1945	Q8TBC5
1946	Q6UN15
1947	Q9GZQ8
1948	P20749
1949	O15530
1950	Q16878
1951	P50616
1952	Q6NZY4
1953	Q6NUQ1
1954	Q6NUN9
1955	A0A087WW87
1956	Q5JTJ3
1957	Q8IUR5
1958	Q9NRX2
1959	A6NH57
1960	O15047
1961	Q16099
1962	P04792
1963	A6NN90
1964	Q8IYD8
1965	O75880
1966	O60241
1967	P36896
1968	Q9BYV9
1969	Q8IYM1
1970	A6NDB9
1971	Q13009
1972	Q02108
1973	Q9Y3A2
1974	P62979
1975	A0A0B4J265
1976	P49716
1977	Q8NC60
1978	Q8WW52
1979	Q7L523
1980	O94761
1981	P82909
1982	O43933
1983	O60381
1984	P49459
1985	Q14008
1986	O00487
1987	O94888
1988	O14965
1989	O75865
1990	Q5T753
1991	Q07020
1992	P19429
1993	P04839
1994	P62910
1995	P18754
1996	Q9NQX5
1997	P82650
1998	Q5JS54
1999	O60476
2000	Q13686
2001	O75530
2002	Q14409
2003	Q02575
2004	Q5T655
2005	O75376
2006	Q7Z3B4
2007	O14964
2008	Q13177
2009	Q13683
2010	Q96RK4
2011	O15265
2012	O75716
2013	Q2NL82
2014	P26196
2015	P21127
2016	P0C7P4
2017	Q96BR9
2018	Q9H4K1
2019	Q96PB8
2020	Q70E73
2021	P27701
2022	Q8TAF3
2023	P60660
2024	Q9NYB9
2025	Q96EX1
2026	Q969G3
2027	Q6UX01
2028	Q16394
2029	P25208
2030	O14730
2031	Q09472
2032	Q12996
2033	Q8N3Z3
2034	P0DMT0
2035	Q99952
2036	P46439
2037	Q2WGJ8
2038	P61026
2039	Q9NQZ2
2040	P10599
2041	P51854
2042	O15355
2043	P08514
2044	P50402
2045	Q8TF01
2046	Q15819
2047	O60524
2048	Q8NHQ9
2049	P07738
2050	Q99961
2051	P19237
2052	O75078
2053	P48643
2054	Q4G112
2055	Q7Z695
2056	Q8TDN6
2057	Q8N5G0
2058	Q8N6S5
2059	A0A0B4J1Y8
2060	O14682
2061	P08118
2062	O15270
2063	Q16676
2064	Q07617
2065	A0A0B4J271
2066	O95619
2067	Q7Z5B4
2068	Q6PL18
2069	P01562
2070	A0A0B4J263
2071	P15260
2072	P01566
2073	P08865
2074	P57076
2075	O95164
2076	Q01449
2077	Q96BN8
2078	P01591
2079	O75821
2080	Q5BN46
2081	P05549
2082	Q13618
2083	Q6DKI1
2084	P15407
2085	P16499
2086	O60508
2087	Q6UX27
2088	C9JE40
2089	Q15836
2090	O60602
2091	O75340
2092	P05387
2093	Q96S59
2094	O00213
2095	P78386
2096	Q12797
2097	O60516
2098	Q53SZ7
2099	Q8NHW3
2100	Q8WWF1
2101	P36954
2102	Q16651
2103	P25025
2104	Q5TC63
2105	Q13409
2106	O43927
2107	O43402
2108	Q13216
2109	P27482
2110	Q15648
2111	Q8IWY8
2112	Q6ZSY5
2113	O95503
2114	P20062
2115	Q5SW96
2116	P01344
2117	P84243
2118	P0CJ70
2119	Q8NB90
2120	Q9NQT5
2121	P23109
2122	Q5C9Z4
2123	P05813
2124	O43918
2125	O60488
2126	A6NHQ4
2127	P21283
2128	P15515
2129	Q86TM6
2130	Q8IYD2
2131	Q9HCJ1
2132	Q96FX2
2133	O76093
2134	P15692
2135	P30273
2136	A0A0G2JS06
2137	P0DMN0
2138	A0A087WSZ0
2139	A6NG13
2140	Q2QGD7
2141	Q8N0S6
2142	P45877
2143	O43395
2144	Q9NRG4
2145	P62068
2146	Q86X52
2147	P51911
2148	Q14CN4
2149	P20941
2150	Q86V25
2151	Q53HC0
2152	O00590
2153	Q06520
2154	Q3B7J2
2155	Q16875
2156	Q8NEF9
2157	O00505
2158	Q14563
2159	Q9H7V2
2160	P02452
2161	P18858
2162	Q7Z699
2163	Q5T2D3
2164	Q13241
2165	O14625
2166	Q96IK1
2167	Q15691
2168	P04637
2169	Q7RTU1
2170	P61927
2171	Q14137
2172	O75330
2173	Q8WUD6
2174	P49810
2175	P48729
2176	Q9H223
2177	A4D1S0
2178	P53365
2179	Q92834
2180	Q86XD8
2181	O75436
2182	P52565
2183	Q5QGZ9
2184	P48764
2185	P51957
2186	P32881
2187	Q7Z6M4
2188	P39656
2189	O60487
2190	Q7Z5R6
2191	B1AK53
2192	P25791
2193	Q5VWC8
2194	P50579
2195	O00264
2196	O43157
2197	Q14684
2198	Q99878
2199	Q2M329
2200	O95190
2201	Q7L0Y3
2202	Q01968
2203	P49585
2204	O94856
2205	Q9P2K3
2206	Q6IE81
2207	O60291
2208	Q9BQC6
2209	O95214
2210	Q6ZTW0
2211	Q99707
2212	E9PQX1
2213	Q14190
2214	Q14155
2215	P50479
2216	H0Y354
2217	P62847
2218	P02730
2219	P26992
2220	Q96KJ9
2221	Q14995
2222	O15156
2223	Q6NZ67
2224	Q9UBT7
2225	O95696
2226	Q71F23
2227	P67775
2228	Q4U2R6
2229	O14503
2230	Q8IZL8
2231	P04053
2232	Q14457
2233	Q9UKS6
2234	Q9NX14
2235	O43294
2236	Q8N490
2237	B2RXH8
2238	Q15208
2239	P00568
2240	O60941
2241	Q8WYJ6
2242	P01619
2243	P05538
2244	Q9NZU0
2245	O14498
2246	Q86XM0
2247	Q9Y2Z9
2248	P07942
2249	P41221
2250	Q5T653
2251	O15217
2252	P52294
2253	Q96B01
2254	P13646
2255	Q8WWY3
2256	P23396
2257	Q9NP80
2258	P62072
2259	Q7Z6J9
2260	P09496
2261	Q3T8J9
2262	P14868
2263	Q07021
2264	P03915
2265	P49321
2266	P10916
2267	F8WCM5
2268	P54107
2269	P61964
2270	Q5XKE5
2271	P19022
2272	O43324
2273	P0DN25
2274	P04049
2275	O00584
2276	Q9UM21
2277	P09382
2278	P07359
2279	O94874
2280	P14927
2281	Q49SQ1
2282	P61201
2283	G9CGD6
2284	O15511
2285	O75964
2286	O43921
2287	Q8WZ60
2288	P16520
2289	O75131
2290	P01593
2291	P43351
2292	P55085
2293	Q9GZR2
2294	Q92797
2295	P08174
2296	P62081
2297	P61353
2298	Q15042
2299	P41227
2300	P13984
2301	P53582
2302	Q86V59
2303	P42285
2304	A6NLU0
2305	Q13217
2306	Q15007
2307	Q6P2I3
2308	Q9BYM8
2309	Q8NAV1
2310	O43679
2311	Q5T200
2312	P01568
2313	P51151
2314	Q96EX3
2315	P31689
2316	O15020
2317	Q9H8J5
2318	Q96PQ0
2319	P40616
2320	P62249
2321	Q14832
2322	O75298
2323	P38936
2324	Q96BZ8
2325	P50747
2326	P21926
2327	Q6NXT2
2328	P17542
2329	P60900
2330	P11171
2331	Q16763
2332	P06702
2333	Q6STE5
2334	Q16512
2335	Q6PID6
2336	P24522
2337	Q92878
2338	O43765
2339	P81274
2340	Q8ND90
2341	P61247
2342	Q5H9L4
2343	P49368
2344	Q7Z402
2345	P15173
2346	Q5J8M3
2347	Q13554
2348	Q96I99
2349	P51816
2350	O00762
2351	P08575
2352	Q8IU57
2353	O95219
2354	Q9BZE1
2355	P04626
2356	P14784
2357	Q9BY89
2358	P30874
2359	Q15843
2360	Q16143
2361	P54253
2362	Q9BX95
2363	Q6RFH5
2364	Q8NA54
2365	Q8TCT6
2366	P63098
2367	Q68J44
2368	O60879
2369	F2Z333
2370	P17181
2371	Q9H5V9
2372	Q12893
2373	Q6P6C2
2374	P78352
2375	P14854
2376	Q6VN20
2377	A4D1S5
2378	Q9H9Y4
2379	P61019
2380	Q86U70
2381	Q9UHR5
2382	P08590
2383	P43358
2384	Q9H0U6
2385	Q08623
2386	Q71DI3
2387	Q2TBE0
2388	Q5TEU4
2389	Q6P4F2
2390	Q92890
2391	Q8NHG8
2392	Q6PJI9
2393	Q9BQS8
2394	Q96RD9
2395	Q96NT3
2396	P61956
2397	Q13370
2398	P61326
2399	Q9NQQ7
2400	A6NI15
2401	P09603
2402	P82932
2403	Q6PCB8
2404	P20290
2405	Q13509
2406	Q92611
2407	Q00535
2408	P30926
2409	P11172
2410	P09172
2411	P13804
2412	A0A0K0K1A3
2413	A0A0A0MRZ9
2414	Q5T6C5
2415	P48201
2416	Q8WYB5
2417	Q13555
2418	Q9UD57
2419	Q8TF39
2420	O00151
2421	O15231
2422	P07196
2423	P38117
2424	Q8N3T6
2425	P05362
2426	Q9P299
2427	Q8N138
2428	P35318
2429	Q8NEW7
2430	A0A087WSX0
2431	O14813
2432	Q14197
2433	Q9NYH9
2434	Q96EE4
2435	Q99616
2436	Q9H598
2437	Q92886
2438	Q02833
2439	O75493
2440	Q4VC05
2441	P37023
2442	A0A075B6R2
2443	P28072
2444	Q8N511
2445	Q5SR56
2446	P14653
2447	P12109
2448	Q5TGZ0
2449	Q14746
2450	P55089
2451	Q567U6
2452	P07585
2453	Q13573
2454	A0A1W2PQC6
2455	Q8NBV4
2456	Q96BP3
2457	P15941
2458	Q96LA8
2459	P20036
2460	Q8WYH8
2461	A0A075B6K0
2462	O15054
2463	Q8N8Y2
2464	O43791
2465	Q9BQ65
2466	Q96BQ1
2467	O43678
2468	Q3MJ62
2469	A9QM74
2470	Q5T0U0
2471	Q7Z4G1
2472	Q8NFD5
2473	Q6P9G0
2474	Q2TAY7
2475	Q02750
2476	Q86TZ1
2477	P55209
2478	Q9UJX5
2479	Q70EK8
2480	P14616
2481	Q2TAK8
2482	O75293
2483	O43181
2484	P42685
2485	P35225
2486	Q7Z7C8
2487	P20963
2488	Q13347
2489	Q13591
2490	Q86VN1
2491	P82921
2492	O75360
2493	Q14213
2494	Q5JR12
2495	P62995
2496	Q9BRG1
2497	P11277
2498	Q86XR5
2499	O43251
2500	O14944
2501	P62736
2502	Q01546
2503	P19013
2504	A0A0B4J1U4
2505	Q15363
2506	Q9H6Y7
2507	O14994
2508	P52630
2509	Q5VT52
2510	O75081
2511	Q8IWL3
2512	P04844
2513	P52306
2514	Q8NAG6
2515	P12018
2516	Q8N4P2
2517	P51946
2518	Q16186
2519	Q96A49
2520	Q14653
2521	Q86XR8
2522	O60566
2523	Q96L50
2524	P63272
2525	P06576
2526	Q9Y294
2527	O96020
2528	Q8NDD1
2529	P69891
2530	O75077
2531	O95363
2532	Q96N11
2533	O15068
2534	O00571
2535	P14679
2536	Q13794
2537	Q5U4P2
2538	Q96MC2
2539	Q16352
2540	Q6PEY2
2541	Q9BY50
2542	O75438
2543	P28074
2544	Q03181
2545	Q08AG7
2546	Q13424
2547	Q9NVS2
2548	O43677
2549	A0AUZ9
2550	O60610
2551	Q8IVW6
2552	O43639
2553	O60308
2554	Q96KE9
2555	P30679
2556	Q9NR50
2557	Q92686
2558	Q14582
2559	O75792
2560	Q9BSY4
2561	Q7RTV0
2562	Q9NPJ4
2563	Q6UVK1
2564	A5YKK6
2565	Q5HYJ3
2566	O00421
2567	P13598
2568	Q13064
2569	P27487
2570	P36402
2571	P19447
2572	Q99426
2573	P78316
2574	Q9NWT1
2575	Q5JPI9
2576	Q5TA45
2577	Q8WXI9
2578	Q6ZSC3
2579	Q04837
2580	Q16625
2581	P35813
2582	O60907
2583	O75674
2584	P61619
2585	Q15047
2586	O43396
2587	Q16595
2588	O75164
2589	P20226
2590	Q5T700
2591	O15069
2592	B4DX44
2593	Q8N5G2
2594	P36941
2595	Q53GG5
2596	O43482
2597	Q58EX2
2598	P06899
2599	Q13029
2600	O95707
2601	Q4G0I0
2602	P15954
2603	O43318
2604	P86790
2605	P55081
2606	O14494
2607	Q8WYR4
2608	P15153
2609	P13501
2610	P23229
2611	P61224
2612	O43930
2613	P08833
2614	Q8TAE8
2615	P49682
2616	Q14195
2617	P06729
2618	P63173
2619	P19838
2620	P29401
2621	O94916
2622	O60741
2623	Q9H871
2624	Q16777
2625	P51671
2626	Q99962
2627	A0A1W2PRV1
2628	Q16819
2629	Q68DK2
2630	P0DJ07
2631	P51116
2632	P34910
2633	P99999
2634	A0A5B9
2635	A0A075B6P5
2636	Q96AP0
2637	Q92626
2638	P26842
2639	A8MQ11
2640	Q14318
2641	A0A087WV53
2642	Q9NZM5
2643	P07737
2644	Q8NCN2
2645	A6NGQ2
2646	Q9ULW3
2647	Q66GS9
2648	Q969X6
2649	Q9UMY4
2650	Q15006
2651	P0DPK2
2652	Q7Z7H8
2653	P18669
2654	Q92674
2655	Q9UQ90
2656	P45378
2657	P15374
2658	Q7Z7F7
2659	O00238
2660	O14531
2661	O14936
2662	P32856
2663	P26441
2664	Q9H221
2665	O15335
2666	P46527
2667	Q96RY7
2668	O43303
2669	A0A494C0Z2
2670	Q86UN3
2671	Q9BUR4
2672	P49771
2673	Q9P2A4
2674	Q9H1B4
2675	O95256
2676	P63096
2677	P23025
2678	Q99622
2679	Q8NBT0
2680	Q86UE6
2681	Q99757
2682	P58557
2683	Q12888
2684	P12956
2685	O75448
2686	O43583
2687	O15218
2688	Q92731
2689	Q9BZZ5
2690	Q8TB61
2691	P0DP09
2692	Q8IXR5
2693	P0C1Z6
2694	Q9BTX1
2695	Q7Z3E1
2696	Q8NEP3
2697	Q13418
2698	Q4AC94
2699	Q4LDR2
2700	Q8N7B6
2701	P23434
2702	P0CW19
2703	Q5W5X9
2704	P59646
2705	P15531
2706	P23471
2707	Q8N668
2708	P49840
2709	Q96EF0
2710	Q8IV77
2711	P63104
2712	P10321
2713	A1L188
2714	Q9H6X4
2715	P0DPB6
2716	Q13371
2717	Q16644
2718	Q86T90
2719	P16298
2720	O43491
2721	Q96SN7
2722	O14958
2723	G2XKQ0
2724	P49023
2725	O00206
2726	P01704
2727	P0C5Z0
2728	P48454
2729	Q8IZ81
2730	Q8N1N4
2731	Q495M9
2732	Q6NXP6
2733	P52907
2734	Q8WUM4
2735	O43837
2736	Q13415
2737	Q13033
2738	O43913
2739	P10147
2740	P78536
2741	Q13643
2742	Q13889
2743	P25705
2744	A0A0A0MS00
2745	O94777
2746	Q8N1V2
2747	O75369
2748	O14976
2749	Q7L2J0
2750	A6NLX3
2751	O75558
2752	P28067
2753	P58550
2754	Q14444
2755	P42768
2756	O43167
2757	A0A0C4DH35
2758	Q6SJ96
2759	P68133
2760	B0I1T2
2761	Q9UM00
2762	P50613
2763	Q96D53
2764	Q8NA56
2765	Q8IWZ3
2766	P55327
2767	Q8IY57
2768	O43240
2769	O14558
2770	Q8NFR9
2771	Q8IXB1
2772	P12004
2773	O60658
2774	Q5JST6
2775	P05187
2776	P29083
2777	P29375
2778	O15541
2779	Q8WXI8
2780	P22033
2781	P09936
2782	O00311
2783	O75581
2784	O75410
2785	Q9H0S4
2786	Q9BXI6
2787	Q9HA65
2788	Q7Z6Z6
2789	Q6FI13
2790	Q5JS13
2791	P08246
2792	Q00987
2793	A6NNB3
2794	P48544
2795	P05067
2796	Q13751
2797	Q504Q3
2798	Q99467
2799	P62166
2800	P15498
2801	Q86TG7
2802	Q5QJE6
2803	P51795
2804	O14757
2805	P01732
2806	Q9BXY0
2807	P01563
2808	P62491
2809	O95150
2810	Q96EC8
2811	P60602
2812	P62258
2813	Q8N9T8
2814	Q15506
2815	Q9BT73
2816	P04271
2817	P05109
2818	P07864
2819	P54764
2820	Q15768
2821	P18847
2822	Q8N8L6
2823	P49848
2824	Q8NE01
2825	P11908
2826	Q99985
2827	P04439
2828	P12074
2829	O95198
2830	P28562
2831	Q8TDY2
2832	O43819
2833	P01602
2834	Q9UBK9
2835	Q9NUP9
2836	O14662
2837	P09493
2838	P83876
2839	A0A0C4DH69
2840	P27348
2841	Q13887
2842	Q8NFU3
2843	O60832
2844	Q92499
2845	Q07325
2846	Q7Z2G1
2847	Q13459
2848	A0A087WTH5
2849	P62879
2850	Q04864
2851	O43719
2852	Q9HCM3
2853	A1L157
2854	Q6P1K2
2855	Q8N960
2856	P11940
2857	O75529
2858	P62241
2859	P46098
2860	Q96PP8
2861	O95076
2862	P29692
2863	Q8TAD8
2864	Q13351
2865	P22674
2866	Q53EU6
2867	P30154
2868	Q9BRN9
2869	Q86XQ3
2870	Q86UL8
2871	Q15361
2872	Q96J02
2873	P33240
2874	Q12887
2875	Q5F1R6
2876	A0A494BZU2
2877	P07998
2878	P20042
2879	P01860
2880	P45985
2881	P51684
2882	P04035
2883	D6REC4
2884	P13747
2885	P25205
2886	P57721
2887	Q9BVJ6
2888	P04632
2889	P78537
2890	O95398
2891	Q86XI2
2892	A6NEL2
2893	Q96DF8
2894	P30622
2895	Q9BTT4
2896	Q02080
2897	O60234
2898	O15479
2899	Q9UMY1
2900	P62701
2901	Q86Y82
2902	P29459
2903	Q13129
2904	P48507
2905	Q96BU1
2906	P17812
2907	O94832
2908	P01009
2909	Q6P1L8
2910	O75147
2911	Q6ULP2
2912	P52799
2913	Q8IXA5
2914	P01909
2915	Q969Y2
2916	Q00013
2917	P29400
2918	P17693
2919	P53803
2920	O00628
2921	Q8WZ33
2922	O95670
2923	Q6ZQY3
2924	P43357
2925	Q9H2A3
2926	P11086
2927	Q16520
2928	P68032
2929	Q9H0G5
2930	O14880
2931	P52945
2932	Q53G59
2933	Q7Z7B7
2934	Q05516
2935	O95249
2936	Q9NRU3
2937	A0A1W2PPW3
2938	P15907
2939	Q15233
2940	P53618
2941	Q8WVX3
2942	O14777
2943	P40306
2944	Q9Y2X8
2945	Q9BQ95
2946	O14977
2947	O95835
2948	P01374
2949	Q70EK9
2950	Q04917
2951	O75631
2952	Q4L235
2953	Q8IUW5
2954	P06756
2955	O43684
2956	Q13296
2957	P19404
2958	P09237
2959	O43257
2960	Q9NRX6
2961	Q15542
2962	Q7L5Y9
2963	Q01469
2964	Q9HCM9
2965	A6NJB7
2966	Q86W42
2967	Q14994
2968	P60763
2969	A0A140TA62
2970	Q9H201
2971	Q9NY25
2972	Q6PJG2
2973	P45973
2974	Q12947
2975	Q05193
2976	Q5BJF6
2977	A0A0A0MRZ8
2978	P84098
2979	Q13868
2980	Q8TEM1
2981	Q8WXH2
2982	P08263
2983	Q8N0Y5
2984	P13765
2985	O60296
2986	O75807
2987	P00709
2988	P22392
2989	Q96ST3
2990	Q9UBM4
2991	Q16543
2992	Q13823
2993	Q8WX92
2994	Q6IPU0
2995	Q969S6
2996	Q5T7P8
2997	Q6A162
2998	P13645
2999	Q13596
3000	Q8N3D4
3001	P20674
3002	P42224
3003	Q92619
3004	Q96SU4
3005	Q8ND04
3006	A5D8W1
3007	Q3MII6
3008	P98172
3009	Q13098
3010	A0A0C4DH28
3011	Q00059
3012	P54762
3013	A0A096LPH7
3014	Q12846
3015	Q5T7P2
3016	P19387
3017	Q53FP2
3018	O00453
3019	Q04724
3020	P05108
3021	P03897
3022	Q9NPD3
3023	A0A0A0MT99
3024	O14746
3025	Q6P0Q8
3026	Q12791
3027	Q9HCF6
3028	P30153
3029	P51575
3030	O14894
3031	Q8N831
3032	O75347
3033	Q96I36
3034	P55201
3035	Q8IY92
3036	Q15116
3037	Q03468
3038	Q68DC2
3039	P11488
3040	Q7Z7N9
3041	P62760
3042	Q0VD86
3043	Q96EQ8
3044	Q99879
3045	Q13283
3046	Q0VGL1
3047	O15537
3048	Q9NZW5
3049	P28062
3050	Q6UXY8
3051	Q9NS64
3052	O43597
3053	Q6UXX9
3054	Q96EP0
3055	Q6ZMI3
3056	Q13330
3057	Q8N567
3058	P08729
3059	O75127
3060	P05107
3061	A2NJV5
3062	P78364
3063	Q8TDY8
3064	O95819
3065	P15169
3066	P52798
3067	Q7Z602
3068	O75752
3069	O60783
3070	P25445
3071	Q8IXM6
3072	O95067
3073	P02818
3074	Q96JJ6
3075	Q99731
3076	P09622
3077	O95347
3078	P18075
3079	O15303
3080	O75122
3081	O14709
3082	A2RU67
3083	P56282
3084	Q9BVA0
3085	Q6DHV5
3086	P35613
3087	P03928
3088	P63162
3089	A2RU30
3090	Q13356
3091	Q6P5S7
3092	P04070
3093	Q9H1J1
3094	P0C221
3095	P35544
3096	Q6NXT6
3097	Q96H55
3098	A6NKW6
3099	P63220
3100	P08620
3101	Q02078
3102	P10243
3103	Q99848
3104	Q13309
3105	Q12905
3106	O00231
3107	P35612
3108	P01127
3109	Q6UY01
3110	O00230
3111	P12724
3112	Q9H6Q3
3113	Q16665
3114	O00327
3115	P63000
3116	Q8N8S7
3117	Q13520
3118	Q9H5V7
3119	P43034
3120	Q32NC0
3121	P01861
3122	H3BRN8
3123	Q6PP77
3124	O95405
3125	Q8N5I4
3126	P40939
3127	Q96PN7
3128	O00461
3129	P51149
3130	P41220
3131	P00519
3132	P0C7T5
3133	Q00056
3134	P51790
3135	P40617
3136	Q8NHM5
3137	Q6UWF3
3138	Q02930
3139	Q09028
3140	Q15466
3141	P17661
3142	Q96BZ9
3143	Q14469
3144	Q68E01
3145	O75607
3146	P51674
3147	A8MWD9
3148	Q9H944
3149	O60282
3150	Q8N1B4
3151	P43897
3152	P43365
3153	Q12983
3154	Q15582
3155	O43252
3156	Q9HB96
3157	Q8NB46
3158	O14595
3159	Q9BZX2
3160	P19224
3161	P55040
3162	Q96KN3
3163	P33681
3164	P24534
3165	P01833
3166	Q86XS5
3167	Q8IXH6
3168	A0A0B4J1X8
3169	P34932
3170	P12524
3171	Q9UQN3
3172	P61236
3173	O75145
3174	Q15649
3175	Q86XT2
3176	Q2TAP0
3177	Q04771
3178	O75928
3179	Q9HBM1
3180	Q9NZE8
3181	O00258
3182	P04141
3183	Q8IXI2
3184	Q8IX21
3185	P68431
3186	P50539
3187	Q5PSV4
3188	Q9BSM1
3189	O75344
3190	Q9NPC4
3191	P00746
3192	A0A0B4J275
3193	Q6UW10
3194	Q9NRL3
3195	O00217
3196	P61313
3197	O75351
3198	P30050
3199	Q15785
3200	P01236
3201	Q13557
3202	O75800
3203	P01817
3204	Q15848
3205	O60337
3206	P48506
3207	O75925
3208	O75030
3209	Q6PF05
3210	P61968
3211	Q99633
3212	P11912
3213	P13805
3214	O95298
3215	Q712K3
3216	Q16825
3217	P14555
3218	Q14494
3219	Q04725
3220	Q15256
3221	O00257
3222	O95876
3223	Q07444
3224	Q5T1S8
3225	P06127
3226	Q96FC9
3227	P06746
3228	Q6QHK4
3229	Q96BD5
3230	A6NLC8
3231	Q14865
3232	Q92560
3233	Q9BPU9
3234	Q5JRA6
3235	Q8IY82
3236	A1XBS5
3237	Q7Z4V5
3238	P78362
3239	Q8IXM3
3240	Q5T5N4
3241	Q6V702
3242	P23510
3243	C9J202
3244	O75446
3245	P12830
3246	P60006
3247	P54277
3248	Q9BS16
3249	A6NLF2
3250	P09619
3251	A1A4S6
3252	Q8NCE0
3253	P27930
3254	P01614
3255	P61970
3256	Q08554
3257	Q8N3H0
3258	P51810
3259	Q5TAQ9
3260	O15525
3261	P0C2L3
3262	Q5HYK7
3263	Q92733
3264	P10826
3265	P04628
3266	O75556
3267	Q9NWK9
3268	P05997
3269	Q86UN2
3270	Q8IVL6
3271	Q86VI3
3272	Q86X95
3273	A6NIE6
3274	Q9UKV5
3275	P60953
3276	A6NFK2
3277	O95568
3278	O15297
3279	Q02221
3280	Q15746
3281	P13284
3282	P09669
3283	P48668
3284	Q86XU0
3285	O95674
3286	P09912
3287	A0A087WX78
3288	P56202
3289	P42261
3290	O75818
3291	Q504Y3
3292	O75444
3293	Q15554
3294	O95264
3295	O75204
3296	Q92747
3297	P49765
3298	P46777
3299	Q14186
3300	O95473
3301	Q502W7
3302	P21579
3303	P26012
3304	O00198
3305	Q96NL1
3306	Q8WXI2
3307	Q9HBL0
3308	O75400
3309	Q15573
3310	Q14644
3311	Q13488
3312	Q9P2K8
3313	O43323
3314	P04234
3315	Q9BVP2
3316	O43295
3317	O94887
3318	P20336
3319	Q9UEU0
3320	O95445
3321	Q8NA31
3322	Q9H0L4
3323	Q9BRR0
3324	Q8NFJ9
3325	Q8N5N7
3326	Q14201
3327	Q96S15
3328	O60543
3329	P13631
3330	Q96KS0
3331	P55198
3332	Q8NER5
3333	Q6NW40
3334	A0A075B6L2
3335	Q16280
3336	Q9H6R0
3337	Q13416
3338	Q9UHA4
3339	Q8N8K9
3340	A0A075B6T7
3341	Q9NRY4
3342	Q7Z6R9
3343	Q13561
3344	Q13432
3345	O94842
3346	P62993
3347	Q13435
3348	P33908
3349	P31040
3350	Q08AD1
3351	P41162
3352	P38919
3353	P41236
3354	Q92541
3355	P30291
3356	P42263
3357	Q9H204
3358	P10911
3359	P17568
3360	O75971
3361	O95983
3362	O95072
3363	Q9Y2Q9
3364	O15173
3365	Q96HQ2
3366	Q9NUG6
3367	Q02363
3368	Q96N95
3369	Q9BV68
3370	P62877
3371	O60331
3372	O95757
3373	P07225
3374	Q96M69
3375	P54802
3376	O75815
3377	P35900
3378	O43255
3379	P01701
3380	P49821
3381	Q14623
3382	P01920
3383	P43355
3384	P58872
3385	P62987
3386	Q14940
3387	O14641
3388	Q5VV17
3389	A0A075B6K4
3390	P12532
3391	P53621
3392	Q70JA7
3393	Q9UP83
3394	O14931
3395	Q6PI98
3396	Q96HY6
3397	Q49B96
3398	P36888
3399	Q7L5Y6
3400	Q3MHD2
3401	Q13426
3402	P42704
3403	Q06432
3404	Q5BKX8
3405	Q14690
3406	Q9BX74
3407	Q8WUZ0
3408	O75525
3409	P51665
3410	Q6NSW7
3411	O43365
3412	O14519
3413	Q96CF2
3414	O95139
3415	P50553
3416	O43760
3417	A0A075B6J2
3418	A0A075B6S2
3419	P56945
3420	P50991
3421	Q16581
3422	Q9P0J0
3423	Q08AI8
3424	Q9BSR8
3425	P22087
3426	O15197
3427	P32019
3428	Q8IXH7
3429	E0CX11
3430	Q6UXN9
3431	A8MWX3
3432	Q0VG06
3433	Q04695
3434	P51159
3435	Q9H9A5
3436	Q96CM3
3437	Q15596
3438	Q8NA19
3439	Q05513
3440	O75317
3441	P57796
3442	O00409
3443	Q8TDD5
3444	O00631
3445	O75911
3446	O60391
3447	Q13601
3448	Q8IY49
3449	Q6IEG0
3450	Q7L190
3451	Q9P289
3452	Q7L7V1
3453	Q9BV44
3454	Q15014
3455	Q8NAT2
3456	P10914
3457	Q8NEH6
3458	P22061
3459	Q08722
3460	Q13888
3461	A6NGB9
3462	Q86YV9
3463	Q04912
3464	O60921
3465	Q9H2S1
3466	P50570
3467	P18887
3468	Q9HD15
3469	P05113
3470	P25774
3471	P49862
3472	P06850
3473	A4D1F6
3474	Q7Z7A3
3475	P69892
3476	O43298
3477	Q07837
3478	P01567
3479	P51157
3480	P20292
3481	Q8WZ19
3482	Q5T1C6
3483	Q9BR26
3484	Q08945
3485	P25789
3486	Q16566
3487	O95644
3488	O15031
3489	Q9BXB1
3490	Q3YEC7
3491	P57071
3492	Q14790
3493	Q8TEV9
3494	O60238
3495	O14770
3496	P43403
3497	Q9NWB7
3498	O43567
3499	Q13895
3500	C9JCN9
3501	Q96AX1
3502	Q7L5D6
3503	Q9NPA0
3504	Q6P597
3505	Q9H213
3506	Q9HCG8
3507	Q9BZL4
3508	Q68D91
3509	P31785
3510	Q14657
3511	Q9BYI3
3512	Q9UHY1
3513	Q15828
3514	Q69YU5
3515	P51686
3516	Q6PIY5
3517	P22736
3518	P41134
3519	A8MW95
3520	P17098
3521	Q07912
3522	Q6P4Q7
3523	P38432
3524	Q6PGP7
3525	O15287
3526	P29466
3527	Q9BRQ4
3528	Q96LK0
3529	Q8WVJ2
3530	Q9NPE2
3531	Q6PID8
3532	Q8N1F7
3533	O00585
3534	P07437
3535	Q9NPE3
3536	Q06413
3537	P32971
3538	Q99880
3539	Q53S33
3540	Q5T5A4
3541	Q9HAP6
3542	Q8TED0
3543	P35232
3544	O43148
3545	P43155
3546	O00308
3547	P13807
3548	Q5H9R7
3549	Q92643
3550	Q6DKJ4
3551	P12643
3552	Q14003
3553	Q92793
3554	A8K4G0
3555	P11049
3556	P48634
3557	Q9BS18
3558	A6NNY8
3559	O60609
3560	P10153
3561	O95684
3562	P51793
3563	Q8WUH2
3564	O14763
3565	P11926
3566	P62805
3567	O15550
3568	O14744
3569	Q30KP8
3570	Q9NUV7
3571	O76081
3572	A6NFE3
3573	C9J069
3574	P0DMV9
3575	O14933
3576	Q63ZY3
3577	Q96SQ5
3578	Q86WR7
3579	Q9NRQ5
3580	P30536
3581	P38935
3582	P51398
3583	Q92547
3584	Q8WWY6
3585	P41229
3586	Q99595
3587	A0PJX2
3588	P18859
3589	Q5JPE7
3590	Q8IVV7
3591	O60896
3592	Q12950
3593	P17947
3594	Q8IWZ6
3595	Q96GD4
3596	P55199
3597	Q04900
3598	P82912
3599	Q5VTH9
3600	Q5TB30
3601	P11310
3602	Q96B02
3603	P47929
3604	Q16772
3605	Q9NV29
3606	Q6UWN8
3607	Q9NZM3
3608	Q7Z418
3609	Q4G0X9
3610	Q494V2
3611	P02741
3612	O95711
3613	Q8N5U1
3614	P17752
3615	P49411
3616	Q13277
3617	Q00722
3618	Q7L622
3619	A6NJ78
3620	Q9BXT4
3621	P24386
3622	P04921
3623	Q9BUE0
3624	Q9UGQ3
3625	Q9BST9
3626	Q8IXJ9
3627	Q15329
3628	O95562
3629	P0DN84
3630	O95218
3631	P49768
3632	P13725
3633	O75808
3634	Q86V35
3635	A0A0C4DH67
3636	O75879
3637	P51572
3638	P09326
3639	P50395
3640	Q8NE86
3641	Q969V4
3642	Q9BYJ4
3643	Q5TZF3
3644	Q9H4T2
3645	O15212
3646	Q9BWX1
3647	Q5T7N3
3648	O15520
3649	P22570
3650	P08253
3651	Q05D32
3652	P55795
3653	Q6IAA8
3654	Q00577
3655	Q5HYK3
3656	Q16559
3657	Q9H069
3658	Q86UP8
3659	Q9H9S4
3660	Q8N9A8
3661	Q12778
3662	Q99819
3663	P32456
3664	O14511
3665	Q7RTU4
3666	P01579
3667	Q15113
3668	P05408
3669	P07305
3670	O14986
3671	Q8NA58
3672	Q9BR76
3673	Q8N8D1
3674	P55196
3675	Q04609
3676	Q9BSF4
3677	P01599
3678	P60033
3679	Q5TD97
3680	Q6IQ49
3681	P11230
3682	A6NKN8
3683	P31948
3684	P32189
3685	Q6ZMI0
3686	Q13616
3687	Q7Z3Z0
3688	Q01082
3689	Q16795
3690	P56556
3691	P17301
3692	P29460
3693	P62314
3694	P54725
3695	P03971
3696	O75175
3697	Q96G21
3698	P31025
3699	O75324
3700	Q96FG2
3701	Q9H4I9
3702	Q5FWF5
3703	Q8IVS2
3704	P53384
3705	Q9BVI0
3706	Q4VCS5
3707	A0A075B767
3708	P0CAP2
3709	Q8N7U6
3710	Q09019
3711	Q9BYN8
3712	Q04741
3713	P10114
3714	O75586
3715	Q96IG2
3716	Q8N7B1
3717	A8MXV4
3718	P06312
3719	Q8N196
3720	O75083
3721	P03891
3722	Q15173
3723	Q8WUQ7
3724	Q6UXV4
3725	Q7Z3H0
3726	O60763
3727	P25685
3728	P02461
3729	A8MXD5
3730	O75626
3731	O00471
3732	Q15005
3733	Q6NXT1
3734	P54646
3735	Q9NQ55
3736	Q15555
3737	Q8TF09
3738	Q9H0D6
3739	Q9BYB0
3740	O00746
3741	Q7Z4T9
3742	A0A087WT03
3743	Q149N8
3744	P19388
3745	P46060
3746	B7Z8K6
3747	O00168
3748	A6NFT4
3749	Q9UFF9
3750	P34810
3751	Q7RTX7
3752	Q8IUZ0
3753	Q9UJ41
3754	P62495
3755	O15304
3756	P78317
3757	A6NL82
3758	P35659
3759	P26885
3760	Q5JSS6
3761	Q9NR33
3762	Q7Z6L0
3763	Q01804
3764	A0A075B6S9
3765	O75494
3766	P43308
3767	A0A096LP01
3768	P01570
3769	P18085
3770	P63316
3771	Q9NS73
3772	O95870
3773	P15918
3774	P02743
3775	Q9H2W6
3776	O15480
3777	P01825
3778	Q14117
3779	Q8NEA6
3780	P10074
3781	P51693
3782	A2PYH4
3783	P15882
3784	P46779
3785	P31946
3786	Q9H270
3787	P09466
3788	A8MU46
3789	Q15131
3790	P24278
3791	Q53GS9
3792	P01215
3793	P61587
3794	O43513
3795	Q9BUF5
3796	Q14160
3797	P84095
3798	O14832
3799	Q14416
3800	Q96DN0
3801	P0DP24
3802	Q14574
3803	P36405
3804	O14649
3805	Q8IY31
3806	P43628
3807	O14893
3808	P01597
3809	P51681
3810	Q5M7Z0
3811	Q9NSA2
3812	P27824
3813	Q63HR2
3814	P62136
3815	Q2M2I5
3816	Q6FI81
3817	Q9H1P6
3818	O60880
3819	P06753
3820	O14521
3821	Q15011
3822	Q10713
3823	O00401
3824	Q6DN03
3825	Q8NHS9
3826	P09038
3827	Q92665
3828	O94763
3829	P00797
3830	Q6UWS5
3831	A0A1W2PQ64
3832	Q9NX95
3833	P35548
3834	O75718
3835	O94769
3836	P40855
3837	P78556
3838	P45381
3839	O60397
3840	O43734
3841	Q96DY2
3842	Q969F0
3843	O75052
3844	Q96QG7
3845	P19883
3846	O95415
3847	A8MT69
3848	O95271
3849	Q7Z5M5
3850	Q9H8T0
3851	O43809
3852	O43741
3853	O60542
3854	P15814
3855	Q19T08
3856	Q8NEK8
3857	O00241
3858	P63267
3859	P19793
3860	P55036
3861	O60725
3862	P33991
3863	Q8NEU8
3864	Q9BUN8
3865	P10275
3866	P20718
3867	Q86XR7
3868	Q155Q3
3869	P08138
3870	P04090
3871	P01721
3872	Q96IT1
3873	Q70CQ3
3874	Q02878
3875	O15211
3876	Q8NEM7
3877	O95639
3878	P17066
3879	P08709
3880	Q8WUU5
3881	Q8NFJ8
3882	P15056
3883	Q8WVH0
3884	Q5T2S8
3885	Q6ZTU2
3886	Q96RI1
3887	O95801
3888	Q76L83
3889	Q8TC36
3890	Q9UBE0
3891	E9PAV3
3892	Q9BQ39
3893	P01111
3894	Q68DK7
3895	Q5H8C1
3896	Q3V6T2
3897	Q969M1
3898	P22001
3899	P21912
3900	Q96BT3
3901	O75602
3902	Q9Y376
3903	Q5T754
3904	O94880
3905	Q8TDR0
3906	P78560
3907	Q9NUY8
3908	Q15485
3909	Q16621
3910	O76036
3911	O94864
3912	O43559
3913	P55039
3914	Q9BRI3
3915	P0DKL9
3916	A0A0A0MT36
3917	P36894
3918	Q5SY16
3919	P54852
3920	P05166
3921	P19397
3922	P62380
3923	A4FU01
3924	O75159
3925	P30279
3926	P05062
3927	O60870
3928	P06400
3929	P48539
3930	Q01638
3931	O75899
3932	O94921
3933	Q13227
3934	Q9BYE9
3935	Q96AV8
3936	Q8N3P4
3937	Q86SX6
3938	Q05329
3939	Q9BZE7
3940	P01717
3941	P17174
3942	P51610
3943	P23352
3944	A9UHW6
3945	O43896
3946	Q9NPI1
3947	P10145
3948	P56381
3949	Q5SRD1
3950	Q2VWP7
3951	P23511
3952	Q6UWI4
3953	O75791
3954	Q12933
3955	Q9BRR8
3956	B7ZBB8
3957	Q07955
3958	Q9Y4Z2
3959	O75864
3960	Q5VZV1
3961	P78411
3962	Q99525
3963	Q6N021
3964	Q96ES7
3965	Q14240
3966	O75896
3967	P14625
3968	Q08AM6
3969	Q01780
3970	Q92600
3971	Q9UJT9
3972	A0A0C4DH26
3973	Q13702
3974	Q8WVC0
3975	P30041
3976	Q96PE1
3977	P20340
3978	P62324
3979	O75106
3980	Q96TC7
3981	P49760
3982	Q6EBC2
3983	P35913
3984	Q9BUE6
3985	P10586
3986	P46977
3987	A0A1W2PRN6
3988	P08559
3989	Q16816
3990	O00757
3991	Q9UNG2
3992	Q14164
3993	Q9NVM1
3994	Q9HCN4
3995	Q8TB37
3996	Q96AY2
3997	Q9BRT9
3998	P56645
3999	Q8N6H7
4000	Q96EL3
4001	P53350
4002	Q5W041
4003	P04350
4004	Q5TA31
4005	Q9H300
4006	Q9BXC9
4007	P48788
4008	P51168
4009	P16118
4010	P09132
4011	P42696
4012	P78396
4013	Q9H501
4014	O75874
4015	Q53EV4
4016	Q01628
4017	P42566
4018	Q7Z553
4019	Q3B820
4020	Q14159
4021	Q9Y678
4022	Q8N4V1
4023	Q14807
4024	P56705
4025	Q16790
4026	P05091
4027	O14735
4028	Q8NEZ3
4029	Q8NDH6
4030	Q969F1
4031	P10809
4032	Q5VXD3
4033	Q53GS7
4034	P02750
4035	Q6VEQ5
4036	Q86U28
4037	O60831
4038	Q13795
4039	A8MV81
4040	Q969G2
4041	Q5SWA1
4042	Q92994
4043	O14771
4044	Q13526
4045	P16150
4046	P15289
4047	P50552
4048	Q15788
4049	Q06418
4050	Q9NX08
4051	D3W0D1
4052	Q6P9H4
4053	Q8N8I0
4054	Q9C0J9
4055	Q86VX2
4056	Q99576
4057	A6NCM1
4058	P40424
4059	Q13516
4060	P68371
4061	Q92784
4062	P50542
4063	Q30154
4064	P16410
4065	Q9H0I3
4066	P60484
4067	P0DJI8
4068	O15444
4069	Q93096
4070	P02100
4071	O43555
4072	Q66PJ3
4073	Q8IWF6
4074	O94817
4075	P47902
4076	P46459
4077	P00736
4078	P0DI81
4079	Q15672
4080	P43366
4081	Q96H15
4082	P07204
4083	P30281
4084	Q9Y6H6
4085	A0A0C4DH32
4086	Q30KQ7
4087	P46108
4088	Q13449
4089	O43566
4090	P04150
4091	P78543
4092	O94875
4093	P80192
4094	P17980
4095	O60568
4096	P41743
4097	Q14BN4
4098	O43508
4099	Q99755
4100	A0A1B0GUL7
4101	Q6UW56
4102	Q9NY61
4103	Q5T2T1
4104	Q9H9J2
4105	Q5JRS4
4106	Q86YR5
4107	Q05209
4108	P40937
4109	Q9H9L4
4110	P20339
4111	Q96B77
4112	O95257
4113	O14654
4114	P51955
4115	P12236
4116	P13385
4117	Q96AH0
4118	O00629
4119	Q7RTN6
4120	O60759
4121	Q9NWV8
4122	A0A0C4DH55
4123	Q9P0U1
4124	P07195
4125	P48059
4126	O14593
4127	Q5JU69
4128	O95528
4129	Q6WBX8
4130	Q7RTX0
4131	Q15287
4132	O95998
4133	P47897
4134	Q99569
4135	A6PVC2
4136	Q6UXN7
4137	P49798
4138	P68402
4139	A0A0G2JMH6
4140	P02792
4141	P0C2S0
4142	O75348
4143	O95755
4144	Q00839
4145	O60259
4146	P56559
4147	P15311
4148	Q99523
4149	P10515
4150	Q15375
4151	A0A087WSY6
4152	Q9ULC0
4153	Q9BQ90
4154	P23193
4155	P15151
4156	A1L1A6
4157	Q969D9
4158	Q9BXS4
4159	P19099
4160	Q99836
4161	P01768
4162	Q8TBA6
4163	P53041
4164	O60216
4165	Q14532
4166	Q14526
4167	Q15833
4168	P48431
4169	P04066
4170	Q8TDH9
4171	Q9NUP1
4172	O43439
4173	Q9UPS8
4174	Q9UIV1
4175	Q5RI15
4176	Q5D0E6
4177	P57087
4178	Q96S44
4179	Q92769
4180	Q0VFZ6
4181	Q13503
4182	Q92854
4183	Q92905
4184	P21453
4185	P84103
4186	O60242
4187	Q9UDW3
4188	Q8TE04
4189	O60939
4190	A6NH52
4191	Q9BSE4
4192	A0A075B6S5
4193	P32249
4194	O95433
4195	Q96GE6
4196	O95343
4197	Q14C86
4198	P61371
4199	P49458
4200	Q01543
4201	Q8WVD3
4202	A0A1B0GWB2
4203	A0A1W2PPL8
4204	P62841
4205	P36543
4206	P05112
4207	Q9C0D3
4208	Q6UXV0
4209	Q9BVX2
4210	Q9H7B4
4211	O95393
4212	Q86Y01
4213	P08579
4214	Q7RTS1
4215	P40200
4216	Q9NZ32
4217	A8MVJ9
4218	P11686
4219	Q9BT78
4220	Q8NI37
4221	P04003
4222	P41732
4223	O75916
4224	P28068
4225	Q8NBZ0
4226	Q5RL73
4227	Q8N6K0
4228	Q9GZQ3
4229	Q8TC07
4230	P13489
4231	Q14CW9
4232	P53420
4233	P98187
4234	Q00534
4235	P35249
4236	P22301
4237	O00559
4238	P00441
4239	Q6ZNK6
4240	Q14161
4241	Q9UIK5
4242	P02778
4243	Q9BU89
4244	Q15904
4245	P36542
4246	P00734
4247	Q6P2P2
4248	Q4V339
4249	Q13405
4250	P62316
4251	Q9P109
4252	Q86YF9
4253	P62826
4254	Q8TAP9
4255	Q13206
4256	P06340
4257	Q6IN85
4258	O75486
4259	A0A1W2PR64
4260	P32246
4261	P27469
4262	Q6I9Y2
4263	O95376
4264	Q659A1
4265	P06307
4266	Q5TA81
4267	Q01453
4268	Q6ZNC4
4269	Q8NGR8
4270	Q6JVE5
4271	P15291
4272	P05000
4273	A6NKL6
4274	P06315
4275	P28676
4276	P40123
4277	Q8IWG1
4278	P07711
4279	Q69YG0
4280	P51959
4281	Q9BQK8
4282	P62312
4283	Q96HJ5
4284	Q96PR1
4285	P56385
4286	P49406
4287	A0A075B7D4
4288	P33778
4289	Q969S9
4290	Q9H0E3
4291	P04211
4292	Q96JA1
4293	Q86YC2
4294	Q8IXI1
4295	Q9NWF9
4296	O00165
4297	P49354
4298	O43556
4299	Q9H1R3
4300	A0A075B6I3
4301	P0DKX4
4302	P01601
4303	Q8N4G2
4304	Q96BM9
4305	Q8NCA5
4306	O43399
4307	Q8WVF1
4308	P49802
4309	Q03111
4310	Q9NWS9
4311	A0A578
4312	Q8WV28
4313	Q96KN7
4314	P55317
4315	P06865
4316	Q8N1G1
4317	A0A0B4J1U6
4318	Q96Q45
4319	A4D1E9
4320	Q96AJ9
4321	Q7L8L6
4322	O00422
4323	Q02556
4324	Q8TBQ9
4325	O43824
4326	A0A075B6J6
4327	P47224
4328	Q00597
4329	P0C7X2
4330	Q12974
4331	Q9H8E8
4332	P51826
4333	P52739
4334	P79522
4335	Q8WYA1
4336	Q9H9P2
4337	Q9BXR0
4338	P35251
4339	Q8NFH4
4340	O15061
4341	Q6IPX3
4342	A0A5B7
4343	P04798
4344	P61218
4345	O14653
4346	Q08708
4347	P57075
4348	Q9UBW7
4349	Q96GY0
4350	Q16820
4351	B0YJ81
4352	P41273
4353	A8MT33
4354	P10244
4355	Q8N3X1
4356	O94927
4357	O76096
4358	Q9UJT0
4359	Q8NC56
4360	P54826
4361	A6H8Y1
4362	P16066
4363	Q6PII3
4364	Q9P2I0
4365	P59998
4366	P54760
4367	Q6UXU6
4368	Q99732
4369	Q7Z3K6
4370	Q32P28
4371	P47974
4372	P01714
4373	Q9HCM2
4374	Q13564
4375	P58004
4376	P55211
4377	Q7RTP6
4378	O94776
4379	P01135
4380	O95968
4381	O00470
4382	P54868
4383	O60383
4384	P22894
4385	Q96B49
4386	K7EJ46
4387	Q14973
4388	Q9GZX9
4389	Q12988
4390	O95447
4391	P01624
4392	A0A087X0M5
4393	O43299
4394	O95400
4395	Q9Y5Y6
4396	Q7L9L4
4397	Q6NTE8
4398	O00303
4399	Q8WW22
4400	P51114
4401	Q9BZK7
4402	Q8N6R0
4403	Q96RQ3
4404	P98170
4405	O95136
4406	Q99570
4407	Q4G0X4
4408	Q6F5E8
4409	O75150
4410	P26232
4411	P09210
4412	P49841
4413	Q9BQL6
4414	Q06546
4415	O14828
4416	O95789
4417	Q13163
4418	P54855
4419	P17787
4420	Q96HF1
4421	Q96BS2
4422	P51679
4423	Q96EY7
4424	Q6SPF0
4425	Q96G04
4426	A5D8V6
4427	P0DL12
4428	Q96EK4
4429	P19875
4430	Q3KP66
4431	Q96ED9
4432	O15350
4433	O60353
4434	O95563
4435	Q9BXF6
4436	O15145
4437	Q96RN5
4438	O60688
4439	P23588
4440	Q8N0S2
4441	Q02487
4442	Q86W33
4443	A1L190
4444	P40227
4445	Q5J5C9
4446	Q15057
4447	O75676
4448	P26010
4449	O95185
4450	P54750
4451	P35858
4452	O60220
4453	Q52LA3
4454	Q96B97
4455	O60814
4456	Q9HCS2
4457	O60760
4458	P08235
4459	Q3YBR2
4460	Q5VTB9
4461	Q14320
4462	Q92574
4463	P06126
4464	P05423
4465	Q9NSY0
4466	O60841
4467	P01270
4468	Q14106
4469	Q02747
4470	Q9BUL5
4471	P83731
4472	Q03113
4473	O75596
4474	Q6UWV2
4475	Q8NC42
4476	Q9P1Z3
4477	Q8IVF7
4478	Q9Y4A8
4479	P54198
4480	P78371
4481	Q96CC6
4482	Q02779
4483	Q99567
4484	P23945
4485	Q8WU17
4486	P01569
4487	P23246
4488	Q9H267
4489	O94964
4490	Q9C0C4
4491	Q9H3Y0
4492	P01611
4493	P30049
4494	Q8NDX2
4495	Q96IZ0
4496	O00193
4497	P43119
4498	Q8IZX4
4499	Q9UJX2
4500	Q5VZ52
4501	Q8NF64
4502	A0A075B6K5
4503	Q08050
4504	O15264
4505	O14830
4506	Q15040
4507	Q96DD7
4508	O43237
4509	O15552
4510	Q13585
4511	Q9NPZ5
4512	P25800
4513	Q9H6T3
4514	P30533
4515	Q8TDI8
4516	O75884
4517	P81133
4518	Q8TEQ6
4519	O95059
4520	P56134
4521	Q9BRJ2
4522	Q8N442
4523	P21673
4524	P14317
4525	O00574
4526	O95922
4527	P22794
4528	Q8WU90
4529	P62955
4530	O94768
4531	A0A0A6YYK7
4532	Q96RK0
4533	Q9HAH7
4534	A0A0B4J1X5
4535	O15014
4536	Q93062
4537	A0A0C4DH25
4538	O15033
4539	P09525
4540	O75683
4541	Q9GZS1
4542	Q8WVZ9
4543	Q9UK58
4544	Q9H967
4545	Q9P0U4
4546	Q96DE0
4547	Q13123
4548	P05413
4549	Q8NEJ0
4550	Q8IXQ5
4551	Q96M91
4552	O75325
4553	Q12796
4554	Q01196
4555	Q9BV38
4556	P13196
4557	Q5BKX5
4558	P01033
4559	Q9NQL2
4560	Q8IUA0
4561	P13498
4562	Q8NGL0
4563	P29965
4564	Q99835
4565	Q96FW1
4566	Q96A70
4567	O75663
4568	Q8N100
4569	Q14533
4570	Q96CB8
4571	Q9H7X7
4572	Q9BRQ6
4573	B4E2M5
4574	P02748
4575	O75197
4576	P50225
4577	Q5M9Q1
4578	Q695T7
4579	P18031
4580	Q8WWM7
4581	Q9H1C7
4582	O95825
4583	Q96GY3
4584	Q5RKV6
4585	Q92782
4586	O60684
4587	P13533
4588	Q6ZSG1
4589	P01574
4590	P62873
4591	Q5VVJ2
4592	Q969T9
4593	Q32ZL2
4594	Q9BUV8
4595	Q13885
4596	Q9BW71
4597	A0A0A6YYJ7
4598	Q969E8
4599	Q8IYX8
4600	O95772
4601	P51884
4602	Q9NPJ6
4603	P02766
4604	Q6VY07
4605	P30301
4606	Q5BJH7
4607	Q5XG87
4608	Q5VU65
4609	O15126
4610	P35590
4611	Q8WVL7
4612	Q03393
4613	Q9UJX4
4614	Q15052
4615	A8MV65
4616	P45984
4617	O00291
4618	P61158
4619	Q9BSU1
4620	A4D0T7
4621	Q8NBP0
4622	P35609
4623	Q96FH0
4624	P0DJI9
4625	Q9BT25
4626	Q9NWT8
4627	Q06455
4628	Q08426
4629	P60983
4630	P12694
4631	Q9NX65
4632	Q04760
4633	Q15696
4634	Q9C0B7
4635	Q86W11
4636	Q6UX41
4637	P17040
4638	Q8NBR0
4639	P12980
4640	P36956
4641	P40225
4642	Q8N8F6
4643	Q68CZ6
4644	Q52LR7
4645	O00273
4646	Q765P7
4647	A0A0C4DH39
4648	Q9HAP2
4649	P82251
4650	Q96JG8
4651	P49959
4652	O95760
4653	Q9BWL3
4654	P23634
4655	Q86Z20
4656	Q8N2Q7
4657	P63244
4658	A8MWL6
4659	A8MXK1
4660	Q5VYV7
4661	Q86UD0
4662	P58340
4663	P80217
4664	Q9H4D5
4665	P18615
4666	Q5T8P6
4667	Q96MX6
4668	Q9HD26
4669	Q9NZ63
4670	O60493
4671	Q15643
4672	P43146
4673	Q504U0
4674	P43694
4675	Q14241
4676	Q6ZW61
4677	Q86Y13
4678	Q9BRK4
4679	Q6R2W3
4680	Q9BVK8
4681	P51808
4682	P04080
4683	Q9BQ87
4684	A0A075B6T8
4685	Q8WV07
4686	P33552
4687	P01594
4688	Q86TB9
4689	Q13367
4690	O43147
4691	A0FGR8
4692	A0A1W2PQL4
4693	O95279
4694	Q96CT2
4695	Q86XE0
4696	P49591
4697	P48426
4698	Q9NZJ6
4699	Q9BXI9
4700	P19876
4701	O15151
4702	O15305
4703	Q9UKY4
4704	Q14980
4705	P04430
4706	O15534
4707	O60938
4708	Q9H9Q2
4709	P49795
4710	P02776
4711	Q8N5K1
4712	Q8IWT3
4713	Q96DE5
4714	A6NNW6
4715	Q99626
4716	O75427
4717	P62266
4718	P49238
4719	Q8TF08
4720	Q02297
4721	Q8N2K1
4722	O14668
4723	O95235
4724	Q9BQP7
4725	Q92552
4726	P55212
4727	Q8NC24
4728	O94850
4729	Q9NQW6
4730	O60669
4731	Q7Z2Z1
4732	Q8IW40
4733	Q7Z7H5
4734	Q9H000
4735	Q8TBK6
4736	Q8TAV0
4737	Q04206
4738	Q8TCG2
4739	P54368
4740	P30203
4741	Q86T13
4742	Q6NUS6
4743	Q6ZTQ4
4744	Q9H668
4745	O75608
4746	P49918
4747	Q96FT7
4748	P47736
4749	Q5BKT4
4750	P40222
4751	P29973
4752	A0A286YFK9
4753	Q8N4K4
4754	Q7Z7D3
4755	P42773
4756	Q93088
4757	Q9NQB0
4758	O75475
4759	O94986
4760	O43623
4761	Q9Y3U8
4762	Q92928
4763	Q6UB98
4764	Q86US8
4765	O95751
4766	Q9NYK5
4767	Q9P0L1
4768	Q9C0B0
4769	Q8N5M9
4770	Q9NRP4
4771	Q9UHP3
4772	Q9NPD8
4773	Q9GZZ9
4774	Q99571
4775	Q13505
4776	Q15437
4777	Q14839
4778	Q16585
4779	P32455
4780	Q6ZUT1
4781	Q674R7
4782	O15382
4783	P02511
4784	Q96RR4
4785	Q9NZD8
4786	Q5VXH4
4787	O75618
4788	P35241
4789	Q96QV6
4790	Q8WVP5
4791	P54278
4792	P28328
4793	P54756
4794	A5PLL7
4795	P51787
4796	Q96A54
4797	O43704
4798	Q6ZVM7
4799	P04440
4800	P01911
4801	Q86UL3
4802	O43264
4803	P11387
4804	P09455
4805	Q96CS3
4806	Q9HBM6
4807	A0A597
4808	Q05707
4809	Q86VS8
4810	P42892
4811	P14651
4812	P21802
4813	Q14721
4814	O43716
4815	A0FGR9
4816	Q9C086
4817	O14607
4818	P04183
4819	Q86U42
4820	Q9BZD6
4821	Q92622
4822	F5H4A9
4823	Q14C87
4824	Q6P4F7
4825	Q5PRF9
4826	Q75QN2
4827	Q7Z4H7
4828	A0A1B0GVZ6
4829	Q86SQ9
4830	P05198
4831	Q17RB8
4832	P51809
4833	Q9NXB0
4834	Q9H0U9
4835	Q86VP3
4836	Q16082
4837	Q56NI9
4838	Q9NXR8
4839	Q99457
4840	P30626
4841	P80075
4842	Q00610
4843	Q6ZU80
4844	A0PJW6
4845	Q13451
4846	Q5JSJ4
4847	Q5VZE5
4848	P01222
4849	Q2WEN9
4850	Q8IZA0
4851	Q10586
4852	Q9H0E9
4853	Q64LD2
4854	Q86VG3
4855	Q6AW86
4856	P40199
4857	Q96FZ7
4858	Q1ZZU3
4859	P07197
4860	Q7L1V2
4861	P22531
4862	Q6P444
4863	Q9HAV0
4864	P07919
4865	O95633
4866	O95196
4867	P11487
4868	Q70EL1
4869	Q9Y5Q8
4870	Q8N4J0
4871	Q15154
4872	Q9UKW4
4873	Q8NBF2
4874	P48382
4875	Q8IX18
4876	Q92794
4877	Q92830
4878	P42574
4879	P09958
4880	Q8N5L8
4881	O75845
4882	P28908
4883	P20809
4884	A0A0G2JPF8
4885	A0A1B0GU29
4886	P0CG13
4887	Q8NFJ5
4888	Q8N114
4889	Q96BW1
4890	Q96ER3
4891	Q96KG7
4892	O14569
4893	P53611
4894	Q6P1N0
4895	O00141
4896	Q7RTU7
4897	P04118
4898	Q9NYG5
4899	O43447
4900	P0DI82
4901	Q15056
4902	Q9BUL9
4903	Q12772
4904	Q5VT99
4905	O43759
4906	Q9BZI7
4907	A6NKH3
4908	P0C7V7
4909	Q96MW5
4910	Q01629
4911	Q96DZ1
4912	B4DS77
4913	Q96K76
4914	Q8IXM2
4915	P08397
4916	Q6UX07
4917	Q9P2S5
4918	Q8IYB8
4919	Q9NPG3
4920	P54920
4921	Q9BYU1
4922	P57105
4923	P04233
4924	O00116
4925	A0A1W2PP81
4926	Q96EK9
4927	A0A0A6YYK1
4928	O43633
4929	Q8WXD5
4930	Q86XE3
4931	P50990
4932	Q3ZCQ3
4933	Q9BSK4
4934	Q16695
4935	Q9BTV6
4936	O75487
4937	Q6P0N0
4938	O60934
4939	Q9BW66
4940	O00522
4941	Q8WYQ3
4942	O96017
4943	Q9H1K1
4944	P28827
4945	P48723
4946	P0C0E4
4947	P58005
4948	Q92613
4949	P13591
4950	Q7L0Q8
4951	O95425
4952	Q969Q5
4953	A0A075B6R0
4954	O95229
4955	Q01151
4956	P21757
4957	O75940
4958	Q5EE01
4959	Q9GZM8
4960	Q641Q2
4961	P15812
4962	Q9HBJ8
4963	Q96D31
4964	Q58WW2
4965	Q99608
4966	P32302
4967	Q5T4W7
4968	Q6ZW49
4969	Q9H8L6
4970	Q9NY27
4971	P31273
4972	Q96R06
4973	Q6ZVN8
4974	Q9UBI1
4975	O15146
4976	Q8NB12
4977	Q9NZL9
4978	O75054
4979	Q6AI39
4980	P52435
4981	Q15906
4982	P83916
4983	Q9BVK6
4984	A0A075B6H9
4985	O00626
4986	P62714
4987	O00220
4988	P31997
4989	Q01105
4990	A0AVK6
4991	P43686
4992	Q6MZW2
4993	Q9H082
4994	B7U540
4995	Q96LU5
4996	Q96PN8
4997	O00232
4998	Q15276
4999	P78406
5000	Q9NRH3
5001	Q6UWB1
5002	Q9BYD6
5003	Q9H0B6
5004	Q86UT8
5005	O15160
5006	Q7Z392
5007	Q5THR3
5008	P62699
5009	Q99613
5010	P62829
5011	Q99549
5012	P40189
5013	Q13007
5014	P05089
5015	Q00604
5016	P23528
5017	Q9UHC1
5018	P78508
5019	A5PKW4
5020	Q7L7X3
5021	P17931
5022	Q3MUY2
5023	Q8NE71
5024	O14490
5025	O75891
5026	Q5D1E8
5027	A0A075B6S6
5028	A0A3B3IRV3
5029	O75365
5030	P21397
5031	P01137
5032	P16070
5033	Q9Y3A6
5034	Q92545
5035	Q9H8W4
5036	Q6P582
5037	Q8TBC4
5038	P54819
5039	Q9UGJ0
5040	Q16533
5041	O15042
5042	Q9H9P5
5043	Q9HD90
5044	P43405
5045	O75970
5046	Q495A1
5047	Q9UL51
5048	Q8NEM0
5049	Q16890
5050	P57740
5051	Q96NZ1
5052	Q14566
5053	Q9H7B2
5054	O43889
5055	Q6ZTA4
5056	P11233
5057	Q9BXW4
5058	Q8TE99
5059	P50151
5060	Q9NWY4
5061	P29372
5062	Q5VTH2
5063	Q9BVK2
5064	Q8NFR3
5065	Q6ZW76
5066	Q9UKD1
5067	Q8N8Z8
5068	Q5VUG0
5069	O75976
5070	Q7KZF4
5071	P62899
5072	Q9NS61
5073	Q12904
5074	O15091
5075	Q07973
5076	Q92478
5077	Q9H4E5
5078	Q9BSD3
5079	Q9NRX1
5080	Q12872
5081	Q8NEY4
5082	Q15631
5083	P08697
5084	Q9NP71
5085	P28324
5086	Q96SB8
5087	P24298
5088	Q13061
5089	Q9P2G9
5090	Q14145
5091	B2RXF5
5092	A0PJX4
5093	P21810
5094	Q8IYA6
5095	A0A499FJF3
5096	P35269
5097	A0JLT2
5098	Q8NFB2
5099	Q15916
5100	Q14192
5101	Q9HBG4
5102	Q7Z624
5103	Q68DV7
5104	P29016
5105	A6NJT0
5106	Q5T2R2
5107	Q9UEE5
5108	Q6DKI7
5109	Q9UPT5
5110	Q92466
5111	P55197
5112	Q58A44
5113	P32322
5114	P62191
5115	P20645
5116	O75871
5117	A0A0A0MS02
5118	P54753
5119	Q96BT7
5120	Q96A26
5121	P03973
5122	Q15155
5123	Q8NHU6
5124	P07358
5125	A6NJY4
5126	Q7Z6J8
5127	Q9UKB1
5128	Q9P0V9
5129	O75762
5130	P16389
5131	Q9H790
5132	Q13310
5133	P02745
5134	Q06330
5135	P67812
5136	Q92585
5137	Q01534
5138	Q5VTT2
5139	Q9BVL2
5140	P23415
5141	Q96S79
5142	P61758
5143	P05026
5144	Q15041
5145	O15503
5146	Q96AP7
5147	A0A2R8Y4M4
5148	Q9P2J9
5149	P82279
5150	Q6PIL6
5151	P18505
5152	O43681
5153	Q9H4B7
5154	Q86YD7
5155	A0A0B4J1U3
5156	Q53F19
5157	P02768
5158	O60237
5159	Q5TKA1
5160	O43488
5161	P49643
5162	Q9Y221
5163	Q9HCN8
5164	P49703
5165	P07360
5166	Q9BQ15
5167	Q96N21
5168	Q8NB25
5169	Q8TCC3
5170	Q99418
5171	Q86Y46
5172	Q07654
5173	Q5EG05
5174	Q6NVY1
5175	O60437
5176	Q9NQY0
5177	Q13588
5178	Q8TCG1
5179	P24310
5180	P49356
5181	Q8N543
5182	P0C6S8
5183	P28335
5184	O75695
5185	Q4G0T1
5186	P31350
5187	A0A075B6H8
5188	P62917
5189	Q6KB66
5190	O14508
5191	Q14831
5192	Q8WTW3
5193	Q9BPZ7
5194	C9JQL5
5195	Q70IA6
5196	Q06190
5197	O95992
5198	P49842
5199	Q00765
5200	Q8N4P6
5201	A0A075B6K6
5202	Q17RB0
5203	Q96AP4
5204	Q92556
5205	O14522
5206	A0A1W2PQD8
5207	P43362
5208	Q01850
5209	O75419
5210	Q9UJX3
5211	P0DJD0
5212	Q8WUA4
5213	O60519
5214	Q8IYH5
5215	Q6UWV7
5216	Q9UIA0
5217	Q0VDD7
5218	P60981
5219	O95747
5220	Q9UHB7
5221	P37840
5222	Q8WZA0
5223	A6NI28
5224	P30419
5225	Q5TYX0
5226	Q8TAT6
5227	Q5T890
5228	P50150
5229	P07992
5230	P04181
5231	P22223
5232	Q99999
5233	A6NKT7
5234	O60662
5235	Q96EP1
5236	P15090
5237	Q9BRB3
5238	Q52LW3
5239	Q9BU79
5240	A5D8V7
5241	Q2YD98
5242	Q9HC52
5243	Q9NVF7
5244	Q8NCQ5
5245	A0A0A0MS14
5246	Q9BY67
5247	P00540
5248	O00463
5249	Q9NVU0
5250	Q8N8D7
5251	P55957
5252	Q5U5X0
5253	Q16626
5254	P52952
5255	A6NKU9
5256	P02689
5257	A0A0C4DH24
5258	Q9NX18
5259	Q969Q1
5260	Q8NA92
5261	O00533
5262	Q86UY6
5263	O75449
5264	P0C7M3
5265	O75496
5266	Q8NFQ8
5267	Q9NQC8
5268	Q99640
5269	P48436
5270	O95718
5271	Q9BZ23
5272	P15514
5273	Q99627
5274	P60891
5275	Q8N5T2
5276	Q16690
5277	P50213
5278	Q8NB16
5279	Q7Z6W1
5280	Q8TAU3
5281	P43234
5282	P52757
5283	Q9HC97
5284	Q8TAC2
5285	Q8IZ40
5286	Q02809
5287	Q6ZSB9
5288	Q2NL68
5289	Q9H0F5
5290	Q9H3N1
5291	Q96QE3
5292	Q8NET5
5293	Q9BVI4
5294	P51636
5295	Q7Z6B7
5296	Q8N4B1
5297	Q9HBE4
5298	P19021
5299	O95476
5300	Q6PIF2
5301	Q9UNH6
5302	Q9NQT4
5303	Q9BX70
5304	Q96S52
5305	P56377
5306	P62834
5307	Q6EMK4
5308	Q01664
5309	Q92889
5310	Q9BZR6
5311	Q9NX61
5312	Q92738
5313	Q9NPJ8
5314	P17948
5315	Q07011
5316	Q5DT21
5317	Q9H9S3
5318	O15446
5319	A0A0C4DH68
5320	A8MPP1
5321	Q4VC39
5322	Q68EM7
5323	O00237
5324	Q8WYP5
5325	Q8IXQ6
5326	Q8TCB6
5327	P51452
5328	P20774
5329	Q86UW1
5330	Q16637
5331	Q8NCR9
5332	P29033
5333	P78347
5334	Q96SD1
5335	P17600
5336	Q13438
5337	P19957
5338	Q96D59
5339	Q53TQ3
5340	O00167
5341	P11309
5342	Q07666
5343	P78417
5344	O95125
5345	Q9P275
5346	O15131
5347	Q03014
5348	Q86WV5
5349	Q8TCD5
5350	Q8NDV7
5351	Q6IQ55
5352	Q02127
5353	Q96IP4
5354	Q96H20
5355	Q9NWZ8
5356	P06310
5357	Q9P013
5358	A6NKG5
5359	A6ND01
5360	Q96EY5
5361	Q86Y33
5362	Q5VTR2
5363	O15247
5364	Q12840
5365	P51888
5366	P01889
5367	Q92888
5368	P27338
5369	C9JVW0
5370	Q9BTE7
5371	Q5T440
5372	A6PVY3
5373	P48304
5374	P49910
5375	Q96RQ1
5376	P49588
5377	Q5VV67
5378	O15403
5379	P05976
5380	Q5JXB2
5381	P22459
5382	Q96AQ8
5383	O60885
5384	Q8IY81
5385	O15529
5386	Q9NVH1
5387	Q16537
5388	Q8IZR5
5389	Q6Y1H2
5390	Q96HS1
5391	P25067
5392	O43186
5393	Q13153
5394	P43356
5395	P09105
5396	Q14833
5397	O75477
5398	P48552
5399	Q9UQB8
5400	A6ND48
5401	Q6L8Q7
5402	Q9BWT6
5403	O75563
5404	Q3B726
5405	P42702
5406	Q9BRX9
5407	Q13569
5408	Q01432
5409	A6NM36
5410	P63146
5411	Q6VMQ6
5412	P33992
5413	Q9HAZ2
5414	P05451
5415	Q9NY30
5416	P51553
5417	Q9BRK0
5418	P43307
5419	P21589
5420	O60687
5421	Q6IPT4
5422	Q9H4A9
5423	Q19AV6
5424	P13497
5425	P53675
5426	O75352
5427	O75363
5428	P63252
5429	P09017
5430	Q96K17
5431	Q7Z2D5
5432	P05161
5433	A4QMS7
5434	Q8IZ26
5435	P48378
5436	Q9NR55
5437	Q8NHZ8
5438	P10643
5439	Q9H5Z1
5440	P56937
5441	Q96S94
5442	O15499
5443	P60331
5444	P00995
5445	Q8N0V3
5446	P18089
5447	P40426
5448	Q14129
5449	Q96G74
5450	C9JSJ3
5451	Q9P0P0
5452	O95460
5453	P13473
5454	Q8WVP7
5455	Q96FX7
5456	Q9NZQ0
5457	P49720
5458	Q9UMX5
5459	Q7Z340
5460	P07858
5461	A0A087X0K7
5462	Q96RV3
5463	O76064
5464	P29972
5465	A5PLN9
5466	Q8TED9
5467	Q9BQ75
5468	Q9UBB9
5469	Q13425
5470	O60732
5471	Q02763
5472	Q92932
5473	O15379
5474	Q9BYB4
5475	Q5H9F3
5476	P10070
5477	A0A075B6K2
5478	P54259
5479	Q9NX55
5480	Q15759
5481	Q9GZX6
5482	Q96MT1
5483	A0A075B6R9
5484	P35326
5485	A0A0B4J262
5486	Q9BVG4
5487	Q15388
5488	Q9UH03
5489	Q15043
5490	A0A1W2PQ27
5491	Q96G27
5492	P01286
5493	O43829
5494	Q8IWT6
5495	P0DPH8
5496	Q92576
5497	Q69YI7
5498	O00339
5499	Q6MZP7
5500	Q96BF3
5501	A8K8P3
5502	Q9BTT0
5503	P20839
5504	P46095
5505	Q14194
5506	Q16584
5507	P04075
5508	P56180
5509	Q96EK2
5510	Q6NSI8
5511	Q92785
5512	O43709
5513	P43699
5514	Q8N9N5
5515	Q68G74
5516	Q9UN37
5517	P02675
5518	A0A0C4DH41
5519	Q8WWV3
5520	Q15391
5521	P78426
5522	Q9BU61
5523	A0ZSE6
5524	P29474
5525	Q8N1G0
5526	Q7L5A8
5527	O95971
5528	O43929
5529	Q9NXG0
5530	P61601
5531	P27797
5532	P55899
5533	P61457
5534	Q8WW12
5535	Q15004
5536	P35914
5537	Q7Z422
5538	Q6NVH7
5539	P14384
5540	Q9C0A0
5541	P20849
5542	P05231
5543	Q9UNE7
5544	Q9UIH9
5545	P01583
5546	Q2MV58
5547	P12314
5548	Q8WXC6
5549	O95996
5550	Q8TDQ7
5551	Q8IV63
5552	A6NCI4
5553	Q92841
5554	Q8WV41
5555	Q9NXL9
5556	P08572
5557	Q05923
5558	Q8NBB4
5559	Q9NY15
5560	P41217
5561	Q3SXY7
5562	Q9NZ52
5563	Q2M2W7
5564	Q13563
5565	Q01831
5566	P06681
5567	Q9HC07
5568	Q15742
5569	A0A0C4DH73
5570	Q8WWX0
5571	P50226
5572	Q04726
5573	P53985
5574	P13674
5575	Q9P2S6
5576	P28906
5577	Q8TD20
5578	P22626
5579	Q7Z6A9
5580	A2VDJ0
5581	Q5T292
5582	O14576
5583	Q9HD34
5584	Q9BZE4
5585	P23219
5586	Q6NXT4
5587	Q96JB5
5588	Q8NHZ7
5589	P12821
5590	Q4V9L6
5591	Q5TA79
5592	Q96N64
5593	P20337
5594	Q5JU00
5595	Q6SZW1
5596	O15554
5597	Q93097
5598	P0C7Q6
5599	Q9ULX9
5600	Q96KV7
5601	P17152
5602	Q9UHI6
5603	Q8IY26
5604	Q9UBC3
5605	P0C860
5606	A0A2R8YCJ5
5607	P06239
5608	Q12884
5609	Q8IVH2
5610	Q8NFY9
5611	P13232
5612	P32242
5613	O14672
5614	Q504Y2
5615	P09681
5616	Q9Y230
5617	P11441
5618	Q5BVD1
5619	P61163
5620	A0A0C4DH72
5621	Q5T7P3
5622	Q9H081
5623	Q15120
5624	P60827
5625	Q9NV70
5626	P17036
5627	Q8NEQ5
5628	P27986
5629	Q14442
5630	Q96HB5
5631	P04629
5632	Q9UBU9
5633	Q96ST8
5634	P37802
5635	P18577
5636	P34931
5637	Q96EU6
5638	Q92610
5639	P35527
5640	Q9UDW1
5641	P08571
5642	Q9NYJ1
5643	Q13478
5644	Q9BQC3
5645	Q6PKC3
5646	Q9H1Y0
5647	Q8TCX5
5648	P02462
5649	Q9H3T2
5650	Q969W0
5651	Q96A05
5652	Q9H4A5
5653	P07602
5654	Q6UWM5
5655	Q7Z769
5656	Q8TER5
5657	O14732
5658	O43414
5659	O60637
5660	A8MZ59
5661	Q8TCJ2
5662	P29373
5663	P14780
5664	Q07326
5665	A0A0A0MRZ7
5666	Q99700
5667	Q6UXL0
5668	P32314
5669	A0A0B4J1V7
5670	A0A0B4J237
5671	P29017
5672	P04433
5673	P06733
5674	P05141
5675	P15813
5676	P20366
5677	Q8NDZ6
5678	Q96MG7
5679	Q8N2M8
5680	P19438
5681	Q8TCT9
5682	P19474
5683	Q9BY42
5684	Q96QA6
5685	P31749
5686	O14626
5687	Q9NRR8
5688	Q12866
5689	P20132
5690	Q02446
5691	P59768
5692	Q13323
5693	P31276
5694	Q92692
5695	O60755
5696	A6NFU0
5697	Q70Z53
5698	Q9Y2K7
5699	P61160
5700	Q01814
5701	A0A1B0GTR0
5702	Q9BRP8
5703	Q5I0X7
5704	Q96AE7
5705	O14863
5706	Q96RT8
5707	Q9NR31
5708	A0A0C4DH59
5709	Q5JR59
5710	Q68CQ4
5711	O95147
5712	Q9H3J6
5713	Q2M3R5
5714	Q15013
5715	Q0P5N6
5716	Q13387
5717	Q9BTD8
5718	Q04727
5719	Q5SY68
5720	Q8TED1
5721	A0A1B0GU33
5722	O43307
5723	Q2KHT3
5724	Q92750
5725	P48058
5726	O95197
5727	P78345
5728	Q9BXT6
5729	Q1MX18
5730	Q70IA8
5731	O14791
5732	Q6PRD1
5733	Q86WK6
5734	Q9BSE2
5735	Q86YV6
5736	Q8TCY5
5737	Q9H063
5738	Q8N2A8
5739	Q6IQ20
5740	Q6GPH4
5741	P09693
5742	Q96EB1
5743	Q68DI1
5744	P59780
5745	A6NN14
5746	O94898
5747	O95630
5748	Q2T9J0
5749	Q8NG11
5750	Q14126
5751	P0C2W1
5752	Q92542
5753	P25686
5754	Q96CS2
5755	Q16363
5756	Q16718
5757	Q969G9
5758	P33176
5759	Q92623
5760	Q96A25
5761	Q8NEZ2
5762	O14520
5763	Q96NS1
5764	O43315
5765	O15321
5766	A0A0C4DH31
5767	Q9BV81
5768	O43286
5769	Q9UI12
5770	O60551
5771	O43364
5772	Q14982
5773	P01742
5774	Q969H6
5775	O14753
5776	Q6HA08
5777	A0A0A6YYL3
5778	Q9UI30
5779	Q9H845
5780	Q12968
5781	P20908
5782	Q92581
5783	P43353
5784	O94900
5785	Q8IVN8
5786	O43657
5787	Q9NQA3
5788	Q56P03
5789	Q13705
5790	O43293
5791	Q969S3
5792	Q96F46
5793	O60512
5794	A0JD37
5795	O60269
5796	Q9NY72
5797	Q8IYU8
5798	Q96KP1
5799	Q9BVC3
5800	P48448
5801	O75937
5802	Q96KQ7
5803	Q8TF40
5804	Q6ZMZ3
5805	Q5U623
5806	Q01718
5807	Q4LE39
5808	Q16534
5809	Q01844
5810	Q6ZS72
5811	Q86VY9
5812	Q13546
5813	A0A075B6H7
5814	Q9P0M9
5815	Q32P41
5816	P54709
5817	P37088
5818	Q96F25
5819	A0A1B0GX95
5820	P62857
5821	Q9UGI9
5822	Q96A84
5823	O95716
5824	O00189
5825	Q6ICB4
5826	Q14207
5827	Q92993
5828	P09497
5829	Q9HB14
5830	Q13487
5831	Q01650
5832	P21462
5833	A0A0C4DH34
5834	P11274
5835	P46926
5836	Q00526
5837	O75935
5838	Q9NZV8
5839	A0A075B6J1
5840	Q99470
5841	Q09470
5842	Q86XS8
5843	P24394
5844	Q14802
5845	Q5TA89
5846	Q96HE8
5847	Q8NEA5
5848	Q5T4I8
5849	Q8TDS5
5850	Q9UPM8
5851	A0A1B0GUA5
5852	O75593
5853	Q00444
5854	Q53EP0
5855	P13762
5856	P18850
5857	O95390
5858	P02787
5859	P11117
5860	P85037
5861	P10415
5862	Q5HYJ1
5863	O14874
5864	O14523
5865	A8MUZ8
5866	Q15053
5867	P78346
5868	O94933
5869	Q15811
5870	Q5T4F7
5871	O15013
5872	P62253
5873	Q6XZF7
5874	P41091
5875	Q9BUQ8
5876	Q9H1D9
5877	O60942
5878	Q8TAA3
5879	Q9GZN1
5880	P27539
5881	O43663
5882	Q96DT6
5883	P78504
5884	P0C7M6
5885	Q658L1
5886	Q7Z404
5887	Q9BSJ2
5888	Q96RT1
5889	Q9NQ87
5890	P45379
5891	Q92608
5892	P01308
5893	Q8NAC3
5894	Q9H0Y0
5895	Q562R1
5896	P35443
5897	Q96A47
5898	P57679
5899	Q9HB65
5900	Q5EBL8
5901	Q8NFY4
5902	Q8N2U9
5903	P26022
5904	Q92543
5905	A6NCQ9
5906	Q6NW34
5907	Q9H0K4
5908	Q16206
5909	O00170
5910	O43736
5911	Q6PJF5
5912	Q9P253
5913	O15460
5914	Q9HC77
5915	Q9BT92
5916	P51797
5917	O00300
5918	A0A0J9YXX1
5919	Q00537
5920	Q1RMZ1
5921	P49674
5922	A4D1P6
5923	Q92540
5924	Q96T91
5925	Q99436
5926	Q5T1N1
5927	Q9UGN4
5928	Q5T0J7
5929	Q6DRA6
5930	Q5VSG8
5931	Q8WW43
5932	O60925
5933	A6PVI3
5934	P26927
5935	O75144
5936	Q12770
5937	O00459
5938	Q86VX9
5939	Q9H3C7
5940	Q96NW4
5941	Q86V20
5942	Q5TBB1
5943	Q05519
5944	Q7Z7J7
5945	P12525
5946	Q6UWV6
5947	Q9UBS8
5948	Q9H2S9
5949	Q2MKA7
5950	Q14498
5951	Q00688
5952	P04432
5953	Q658P3
5954	P49915
5955	Q9H4A3
5956	Q14061
5957	P83859
5958	Q9H2G2
5959	Q9BT17
5960	P19784
5961	Q12798
5962	P13866
5963	Q13634
5964	A8MW99
5965	Q16570
5966	Q969J5
5967	Q9NXR5
5968	Q9BTU6
5969	Q6P3S6
5970	Q9Y5J9
5971	Q8IYY4
5972	Q9H993
5973	P49257
5974	Q9P272
5975	P09923
5976	O95236
5977	Q9NWU5
5978	Q13214
5979	O43820
5980	P01034
5981	Q3ZCW2
5982	Q9GZZ1
5983	O15260
5984	Q8IXS8
5985	Q7Z5K2
5986	A1L390
5987	P07237
5988	Q8TE67
5989	P22891
5990	Q86V97
5991	Q6UX46
5992	Q9H4G0
5993	P49069
5994	P50876
5995	P28329
5996	Q8N5S9
5997	Q9C030
5998	P62508
5999	Q15653
6000	Q7L985
6001	P0DN76
6002	Q969H0
6003	Q6ZQX7
6004	Q96NR3
6005	P49137
6006	Q5T0N5
6007	Q8IU89
6008	O15375
6009	Q8IUX1
6010	Q8IUH5
6011	P39905
6012	Q8TAG9
6013	Q9H981
6014	O15040
6015	Q8WWB7
6016	Q9Y3C0
6017	Q9BPX3
6018	Q9UNX3
6019	P26367
6020	Q9NRN9
6021	P09629
6022	P16284
6023	P52292
6024	Q8NAA4
6025	B9EJG8
6026	A0AVF1
6027	Q8WW24
6028	A0A075B6I0
6029	Q4KMZ1
6030	Q5JR98
6031	Q969H4
6032	O76075
6033	Q02223
6034	Q6UW68
6035	Q9H714
6036	P53597
6037	Q9GZS0
6038	Q3SY56
6039	Q9BUH8
6040	O95810
6041	P41279
6042	O75460
6043	O43424
6044	P78382
6045	Q16850
6046	Q7Z478
6047	Q05586
6048	O60667
6049	Q14344
6050	Q92858
6051	P62851
6052	Q13442
6053	Q8N1L9
6054	P01730
6055	Q07343
6056	Q14687
6057	Q8TEK3
6058	O75955
6059	Q6UWI2
6060	O14966
6061	Q96GZ6
6062	P26045
6063	Q12934
6064	P07741
6065	Q86U44
6066	O00444
6067	Q5TB80
6068	P49418
6069	Q6TDU7
6070	Q6ZNE5
6071	Q96PV0
6072	A0A0J9YX35
6073	Q8NEN9
6074	Q8WVJ9
6075	A0A1B0GVH4
6076	A2RUB6
6077	P22557
6078	Q92831
6079	Q86UP9
6080	Q13541
6081	Q9UBQ5
6082	Q8N431
6083	Q6IMI6
6084	P14415
6085	A8MWY0
6086	Q5R3F8
6087	Q6ZRY4
6088	Q96DC7
6089	B0FP48
6090	Q49AM3
6091	Q9NW97
6092	Q9H0H0
6093	O15062
6094	Q719H9
6095	A0A599
6096	P46734
6097	Q86XH1
6098	Q07108
6099	P01743
6100	P62502
6101	Q14728
6102	P35790
6103	Q13492
6104	P61803
6105	Q6ZMT4
6106	P08651
6107	A0A075B6L6
6108	Q92630
6109	Q9P0N9
6110	Q7L8W6
6111	Q8TBM7
6112	Q99873
6113	Q96QB1
6114	Q5MIZ7
6115	Q8TEB7
6116	P01700
6117	Q13761
6118	Q6YFQ2
6119	Q15018
6120	Q5BJH2
6121	Q7L2K0
6122	P60606
6123	Q9HC56
6124	Q9H0D2
6125	Q9NPA8
6126	Q96PC3
6127	Q99877
6128	Q86UE4
6129	O15540
6130	Q9HCM1
6131	P30043
6132	Q7Z4I7
6133	Q15459
6134	Q9H0H5
6135	Q99675
6136	Q15738
6137	Q9NP61
6138	Q15427
6139	Q92609
6140	Q969M7
6141	Q9NV88
6142	Q16760
6143	Q0VAM2
6144	P58012
6145	Q9BUA6
6146	P01705
6147	Q8IWU4
6148	O94762
6149	Q8WWN9
6150	O60930
6151	Q9H160
6152	O95944
6153	Q8NBJ9
6154	O75506
6155	P09093
6156	Q8IYB7
6157	Q3B7T1
6158	Q8TDI7
6159	Q6AZY7
6160	A6NHX0
6161	P0CJ75
6162	Q8IZS6
6163	Q96FI4
6164	P56706
6165	O60575
6166	Q8TAF8
6167	O60486
6168	Q4G163
6169	P35236
6170	Q6ZMS7
6171	Q8TDX7
6172	Q5VUJ9
6173	Q15773
6174	Q8N5A5
6175	Q13615
6176	Q86XW9
6177	Q9UPR3
6178	O75116
6179	Q86UE8
6180	Q68D10
6181	Q9UJY4
6182	Q9NVM6
6183	Q6ZSZ5
6184	Q9Y2R0
6185	O00622
6186	Q8IZF4
6187	P0DMV8
6188	Q9NP77
6189	O95976
6190	P57775
6191	O95239
6192	P55010
6193	Q8TBN0
6194	Q8N157
6195	Q8N8V4
6196	O00744
6197	Q5VYS4
6198	Q99653
6199	P20702
6200	P08887
6201	O75648
6202	Q13490
6203	O75534
6204	Q96F86
6205	Q9UBW8
6206	Q99943
6207	A0A1B0GVX0
6208	Q8IZP6
6209	Q92558
6210	Q6XD76
6211	P28698
6212	Q8N9N2
6213	O94808
6214	Q9BRT2
6215	P51841
6216	Q8IZ16
6217	Q8TF42
6218	Q96B21
6219	P31644
6220	A4GXA9
6221	O95140
6222	P29350
6223	Q6IQ32
6224	P07357
6225	Q13574
6226	Q9GZP9
6227	Q3SXY8
6228	P29122
6229	Q8NI60
6230	P56539
6231	Q9ULD4
6232	Q6VUC0
6233	Q14764
6234	Q13608
6235	O75023
6236	O60361
6237	P0DSN7
6238	P41567
6239	O75385
6240	Q5MJ09
6241	Q08043
6242	Q6PUV4
6243	Q96E14
6244	Q86XP3
6245	Q92535
6246	Q9BZV1
6247	A0A1B0GW64
6248	P78423
6249	Q8WWH4
6250	O94901
6251	P03979
6252	O95210
6253	Q12965
6254	Q14681
6255	Q2VPK5
6256	P0DPH7
6257	P00748
6258	Q7RTU3
6259	O75886
6260	P05165
6261	O14737
6262	Q6PI97
6263	P16278
6264	P05452
6265	Q3ZCM7
6266	O60500
6267	Q15465
6268	Q9Y3D5
6269	O95832
6270	Q9BVC5
6271	Q96CW1
6272	Q15776
6273	Q6NY19
6274	Q5VWG9
6275	Q9Y296
6276	Q9NR46
6277	Q8N6P7
6278	Q5SV17
6279	Q5VZL5
6280	O43542
6281	O14990
6282	Q8NFZ5
6283	P08962
6284	Q9BQ67
6285	Q8J025
6286	O00254
6287	Q6UWP7
6288	Q02241
6289	P27707
6290	Q4KMZ8
6291	Q9H0I2
6292	Q96JY6
6293	Q96AG3
6294	P55809
6295	Q8IUQ4
6296	P22695
6297	O95057
6298	Q15185
6299	Q6UX98
6300	Q6UWT2
6301	Q86YW7
6302	P31639
6303	Q8NBM4
6304	A6NFI3
6305	P07686
6306	Q96CJ1
6307	O00478
6308	Q9H5N1
6309	Q9BY43
6310	O14810
6311	Q13112
6312	Q16633
6313	A0A0J9YXY3
6314	Q8N5H3
6315	Q6ZMV5
6316	O94788
6317	Q8TDD1
6318	Q6EKJ0
6319	Q9NPY3
6320	Q8WZ55
6321	Q99712
6322	P46976
6323	Q8WVX9
6324	Q96MU7
6325	Q5VWP2
6326	Q8WVK7
6327	P31371
6328	A0A1B0GTU2
6329	Q8NDY8
6330	Q8IUY3
6331	P26717
6332	P36404
6333	Q8IWA5
6334	Q8NHY5
6335	O94972
6336	P12081
6337	Q96BK5
6338	P07550
6339	P53990
6340	A0A0B4J2F0
6341	P43220
6342	Q7Z3D6
6343	Q8IWT0
6344	Q9HB90
6345	Q8NBJ4
6346	Q9UBH6
6347	P01160
6348	P43080
6349	O14836
6350	Q8N1B3
6351	P57081
6352	Q16526
6353	A2RRL7
6354	Q13115
6355	O15123
6356	Q8N0W5
6357	Q5TC79
6358	Q8TE02
6359	Q86YJ5
6360	P78344
6361	Q9BZB8
6362	Q6ZS17
6363	Q8NAU1
6364	Q8TDF5
6365	Q969Q0
6366	P39877
6367	Q9NQC7
6368	Q8TD84
6369	A8MT70
6370	P01709
6371	P25942
6372	P02753
6373	Q8IW35
6374	Q93079
6375	Q9BTY7
6376	P21246
6377	Q8N349
6378	Q9UMX1
6379	Q9H0H3
6380	Q9H2E6
6381	Q9BSU3
6382	A0A0A0MS01
6383	P41597
6384	Q86UA1
6385	P48023
6386	P18509
6387	P52655
6388	Q7Z4L9
6389	Q8TCJ0
6390	O75582
6391	Q8WUB8
6392	A6NFN3
6393	P00492
6394	P01764
6395	P05496
6396	O60239
6397	O15457
6398	Q9H4I0
6399	P49761
6400	Q96JC9
6401	A0A1B0GUS4
6402	P0DML3
6403	Q13523
6404	Q1ED39
6405	P01589
6406	O15427
6407	P10606
6408	A6NKF1
6409	P13727
6410	Q96RJ6
6411	Q2M2Z5
6412	O75334
6413	A0A075B6W5
6414	Q6IBS0
6415	Q9H8H0
6416	Q14761
6417	Q92771
6418	Q9H6H4
6419	Q08357
6420	P08588
6421	Q8N371
6422	O94988
6423	P57059
6424	O60765
6425	Q8N3C7
6426	Q8TAK6
6427	O75310
6428	O43708
6429	P11831
6430	P38646
6431	P0C7W6
6432	Q92925
6433	Q9NZ43
6434	Q9UII2
6435	Q8IZL2
6436	Q9NPG4
6437	Q14232
6438	Q9NYY1
6439	A0A075B7F1
6440	Q330K2
6441	Q8N5I3
6442	Q13077
6443	Q9BYP7
6444	Q96KG9
6445	Q13255
6446	Q8TDB6
6447	O00322
6448	Q13950
6449	Q9BVS5
6450	P55210
6451	P53673
6452	Q7Z589
6453	Q96NE9
6454	Q9BXN2
6455	Q15942
6456	Q68DU8
6457	Q6NVV1
6458	Q06203
6459	Q8N3Z6
6460	P78310
6461	Q8WXD9
6462	O94778
6463	P48060
6464	Q5TEA6
6465	O43586
6466	O94952
6467	Q9HCE3
6468	Q01064
6469	Q86YW0
6470	Q96BN2
6471	Q16560
6472	Q8IUW3
6473	Q8N8R7
6474	Q9UJX6
6475	Q06828
6476	O75354
6477	O00299
6478	O43187
6479	Q9P2N7
6480	P0CJ71
6481	P48357
6482	Q969R8
6483	O95727
6484	Q15723
6485	Q12908
6486	Q9Y3B3
6487	Q7Z4G4
6488	Q9HA47
6489	Q8N0Z6
6490	Q9H1K0
6491	Q9BQI5
6492	Q8IZP9
6493	Q49A88
6494	O14645
6495	Q9BRX2
6496	O14829
6497	Q96F24
6498	Q00978
6499	P01703
6500	P52888
6501	Q09013
6502	P0C7M4
6503	P69905
6504	Q9BV86
6505	Q8NCG5
6506	P30520
6507	O15432
6508	Q14012
6509	Q9UNQ2
6510	Q8IY85
6511	Q9HBB8
6512	Q7KZN9
6513	Q8NHW4
6514	A6NKC9
6515	Q9UBY9
6516	Q13158
6517	P33947
6518	Q96G75
6519	P0DPB3
6520	P43007
6521	P08908
6522	Q76B58
6523	Q0D2K3
6524	Q8IVY1
6525	Q14814
6526	Q9HB29
6527	P22460
6528	Q6P2E9
6529	Q9NVK5
6530	Q5JVF3
6531	A0PK00
6532	Q8WVR3
6533	P0DP06
6534	P05388
6535	P0C7U1
6536	Q53EZ4
6537	Q12870
6538	P05204
6539	Q9ULJ7
6540	Q9Y244
6541	Q9ULK6
6542	Q9BW91
6543	Q9NU23
6544	O75420
6545	Q9H6Z9
6546	Q8WWG9
6547	Q9H3K6
6548	Q96KQ4
6549	Q8TBE0
6550	Q13261
6551	Q14558
6552	Q9H7E9
6553	Q9Y5X0
6554	Q9Y490
6555	Q5JX71
6556	Q9Y5J3
6557	Q86VH5
6558	Q9NR63
6559	Q96CT7
6560	Q9NRM7
6561	Q9Y6N6
6562	Q9Y2R9
6563	Q14393
6564	Q9UI32
6565	Q9NYG8
6566	Q9UN42
6567	Q9UNL4
6568	P67936
6569	Q13155
6570	P54849
6571	Q9UPM9
6572	Q9Y238
6573	Q9H5J0
6574	Q8N300
6575	Q96HC4
6576	Q9NR12
6577	Q8TF47
6578	P68400
6579	Q9Y3C5
6580	Q9Y232
6581	Q6P9G4
6582	Q9BTM1
6583	Q99759
6584	Q9NW38
6585	Q00266
6586	Q9NQG7
6587	Q5TA82
6588	Q99956
6589	Q15784
6590	Q9Y5B8
6591	Q8IXQ4
6592	Q9NUQ7
6593	Q71RG4
6594	Q9BRT3
6595	Q5JZY3
6596	Q9Y3B7
6597	Q9Y535
6598	Q96RY5
6599	Q6UXZ4
6600	Q86V81
6601	Q9NS28
6602	Q9Y5J1
6603	Q9NX38
6604	Q6NUP7
6605	Q96GM5
6606	P55291
6607	Q86UK5
6608	Q71RC9
6609	Q6P575
6610	Q15349
6611	Q9Y2U8
6612	Q99575
6613	Q9UKE5
6614	Q9NW82
6615	Q9H5K3
6616	Q9Y508
6617	P12757
6618	Q9Y2C9
6619	Q9H5X1
6620	Q9H9E3
6621	Q9Y566
6622	Q9HCT0
6623	Q9H0V9
6624	Q9NS23
6625	Q7Z3Y9
6626	Q9UI95
6627	Q9P086
6628	Q96RU7
6629	Q8IW00
6630	Q15726
6631	Q9H503
6632	Q9GZR1
6633	Q9Y6K8
6634	Q9NSP4
6635	Q9Y496
6636	Q6PEV8
6637	Q9Y478
6638	Q8WXI3
6639	Q96BR5
6640	Q92572
6641	Q9NTU7
6642	Q9UPN7
6643	Q14677
6644	Q6PH85
6645	Q8IW41
6646	Q9Y487
6647	Q96HZ4
6648	Q9BZ72
6649	Q92806
6650	Q86UQ0
6651	Q9P0N5
6652	Q9H1X1
6653	Q9HCK4
6654	Q9NP99
6655	Q9Y5A6
6656	Q9Y698
6657	Q96L21
6658	Q02742
6659	Q8NEV1
6660	Q8WWN8
6661	Q9H6I2
6662	Q53GD3
6663	Q96S38
6664	Q9P015
6665	Q9BY77
6666	P61296
6667	Q16611
6668	Q96Q83
6669	Q8TBR4
6670	Q96RU8
6671	Q9BT81
6672	Q8N2H4
6673	Q9Y3D6
6674	P68104
6675	Q5MJ70
6676	Q6GPI1
6677	Q9UBF2
6678	Q9UBK5
6679	Q9UF33
6680	Q9Y644
6681	Q9NS56
6682	Q96GA3
6683	Q96PX8
6684	Q14181
6685	P0DKB5
6686	Q9UI46
6687	Q9P1Y6
6688	Q16445
6689	Q9Y2W2
6690	Q9H115
6691	Q13107
6692	P16422
6693	Q8WVB6
6694	Q9UGC6
6695	Q5BKU9
6696	Q9NVJ2
6697	Q9P2F6
6698	P0DP03
6699	Q8WXG6
6700	Q8IZJ1
6701	P56199
6702	Q9UL45
6703	Q9Y2I2
6704	Q8WYK2
6705	Q6NUI6
6706	Q9Y2J2
6707	Q96N28
6708	Q9UBU8
6709	Q8N1F8
6710	Q9UNY5
6711	Q96FV9
6712	Q9H992
6713	P28360
6714	Q15046
6715	Q9Y5K8
6716	Q9UBJ2
6717	Q9P2X0
6718	Q9P0K1
6719	Q9Y6R4
6720	Q9BZM5
6721	Q9NVX0
6722	Q96MH2
6723	Q92997
6724	Q9HD42
6725	Q5T3J3
6726	Q05086
6727	Q9NWZ3
6728	Q96JG6
6729	Q96JH8
6730	Q92966
6731	Q494W8
6732	Q9Y6N7
6733	P51648
6734	Q9Y3I1
6735	Q9BSQ5
6736	Q29983
6737	Q03395
6738	Q9UBF8
6739	P08123
6740	Q9Y366
6741	Q9Y6E0
6742	Q9P2D0
6743	Q8TC17
6744	Q9NSB4
6745	Q9UKJ1
6746	Q9Y2L1
6747	Q9Y512
6748	P48380
6749	Q2M5E4
6750	Q8N5C7
6751	Q9Y2H9
6752	Q9NVR5
6753	Q9Y4P1
6754	Q9UGJ1
6755	Q8WUF5
6756	Q9Y5R4
6757	Q9NX94
6758	Q9P0B6
6759	P34130
6760	Q9Y6G9
6761	Q0JRZ9
6762	Q9Y5S9
6763	Q96T21
6764	Q9UJP4
6765	Q9NV96
6766	Q9P0T7
6767	Q8WU20
6768	Q9NX70
6769	P04062
6770	Q9C0F3
6771	Q9BYZ8
6772	Q5VTQ0
6773	Q9Y6M9
6774	Q9Y543
6775	Q8IZN3
6776	Q9Y262
6777	Q9Y6I9
6778	Q8TAE6
6779	Q7L2Z9
6780	Q9NZQ9
6781	Q9Y3D0
6782	Q96B86
6783	Q9UJ99
6784	Q99062
6785	Q86WH2
6786	Q92882
6787	Q9NP95
6788	P02656
6789	Q8N1N2
6790	P52961
6791	Q9Y4G8
6792	Q99683
6793	Q9Y4U1
6794	Q15370
6795	Q9H3Z4
6796	Q86WC4
6797	Q9BRU9
6798	Q9Y284
6799	Q99929
6800	Q9UIF3
6801	Q8IX03
6802	Q9BQF6
6803	P0DTU4
6804	Q9UHX1
6805	P35070
6806	Q9Y6C9
6807	Q9Y5W3
6808	Q9UPZ9
6809	Q8N2W9
6810	Q8WW35
6811	Q32M78
6812	Q9H009
6813	Q14002
6814	Q9Y4L5
6815	Q9Y287
6816	Q8N661
6817	Q9NXU5
6818	Q9UBL9
6819	Q9H765
6820	Q9NSE2
6821	Q9ULM3
6822	Q96KK5
6823	Q8NI35
6824	P49116
6825	Q9Y4J8
6826	P0CF74
6827	Q9UIF8
6828	Q9HAW9
6829	Q6ZN11
6830	Q8IYB4
6831	P61916
6832	Q96MF7
6833	P0DP01
6834	Q9H9H4
6835	P20815
6836	Q8TD07
6837	Q9P2W9
6838	Q9GZY8
6839	Q9BSV6
6840	Q9P2P5
6841	Q6PIW4
6842	Q9UPY6
6843	Q9UHX3
6844	Q9Y3C1
6845	Q08170
6846	Q9NQC3
6847	Q9H8G2
6848	Q96LA9
6849	Q92506
6850	Q02153
6851	P19532
6852	Q9Y5C1
6853	Q9Y6X5
6854	Q9NVN8
6855	Q9NVD7
6856	Q9H7M9
6857	Q86SQ7
6858	Q96C74
6859	Q9Y282
6860	Q9H334
6861	Q9NWS0
6862	Q14108
6863	Q96LD1
6864	Q9NWU2
6865	Q9UPU3
6866	Q96F63
6867	Q9BYN0
6868	Q9UHC6
6869	Q9H0E7
6870	Q9Y6W8
6871	Q9Y3F4
6872	Q9H9Y2
6873	Q9UBB5
6874	Q9Y5B9
6875	Q9GZS3
6876	Q14586
6877	Q8TCF1
6878	Q9UBX0
6879	P35670
6880	Q16832
6881	Q9BPZ3
6882	Q8TCZ2
6883	Q9UI09
6884	Q9HCU9
6885	Q9HBV2
6886	Q9UBV7
6887	P14207
6888	Q86UN6
6889	Q9HBH0
6890	Q9UKT6
6891	Q9NQU5
6892	Q8TD47
6893	Q8N4C6
6894	Q9Y2D1
6895	Q9NXE8
6896	Q16661
6897	Q96PV4
6898	Q9HAU4
6899	Q9NZ94
6900	Q9BVA1
6901	Q03013
6902	Q9UL46
6903	Q9ULC4
6904	Q9P232
6905	P0DOY2
6906	P0CG04
6907	P15085
6908	Q9BPX5
6909	P01780
6910	Q9H3S5
6911	Q9Y623
6912	Q9BXS5
6913	Q9BQD3
6914	Q08116
6915	P49758
6916	Q96JQ5
6917	Q13233
6918	Q96BD8
6919	P09914
6920	Q9H497
6921	Q9BWG6
6922	Q96FJ2
6923	Q8N9W6
6924	Q9Y5V3
6925	Q9ULB5
6926	Q96MK3
6927	Q9H427
6928	Q92598
6929	Q495T6
6930	Q96Q77
6931	Q9NUM4
6932	P54578
6933	Q9BW27
6934	P52434
6935	Q99766
6936	P38567
6937	Q9H172
6938	Q9NPJ1
6939	Q9Y342
6940	Q93086
6941	Q9NQ29
6942	P78410
6943	Q9BYG3
6944	Q9ULH0
6945	Q9NXD2
6946	Q9UPS6
6947	Q9HAT1
6948	Q8IYX4
6949	Q9UJV3
6950	Q9NY97
6951	Q9HB40
6952	P13929
6953	P80098
6954	Q9P2Y5
6955	Q96FE7
6956	Q5VV42
6957	Q96JC4
6958	Q96DX5
6959	Q9HAE3
6960	Q15661
6961	Q8TE68
6962	Q9NZZ3
6963	Q9H0E2
6964	Q96IM9
6965	Q9HBX8
6966	Q9Y2A9
6967	O94844
6968	Q9Y5M8
6969	Q9HA64
6970	Q9Y6J9
6971	Q8WXF8
6972	Q15910
6973	Q9BPW8
6974	Q9Y6K1
6975	P39060
6976	Q9UJY1
6977	Q96D71
6978	Q8NFZ4
6979	Q9Y547
6980	Q9Y283
6981	Q8N4C7
6982	Q9H237
6983	P54840
6984	Q969U7
6985	Q2I0M4
6986	Q9BXR5
6987	Q9H3W5
6988	Q9Y4X5
6989	Q9UBF1
6990	Q9UHA2
6991	Q9UNS1
6992	Q5VZK9
6993	Q9Y6Q6
6994	Q9Y255
6995	Q9UNF0
6996	Q9C0C7
6997	Q8IXZ2
6998	Q9NVZ3
6999	Q9NZM6
7000	Q9BUB7
7001	Q9Y3D9
7002	Q9GZY4
7003	Q9UJU6
7004	P29803
7005	Q5VYY2
7006	Q9P0S2
7007	Q8TEY7
7008	Q96MM6
7009	Q9NUQ3
7010	Q9UJ14
7011	Q5HYI8
7012	Q9H903
7013	Q96FZ5
7014	Q9UPT9
7015	Q9H9A7
7016	P60568
7017	Q63HQ2
7018	P22897
7019	Q9BXP5
7020	Q9NRA8
7021	Q9NZQ7
7022	P20151
7023	Q9P126
7024	Q9Y2T2
7025	Q5H9I0
7026	Q96P56
7027	Q92956
7028	Q96S66
7029	Q9Y6K9
7030	P08473
7031	Q99677
7032	P79483
7033	O75771
7034	Q9NS00
7035	Q9Y248
7036	Q9BX26
7037	P30040
7038	A0A1B0GVT2
7039	Q9BY41
7040	Q8N104
7041	Q96PY6
7042	Q8WXX5
7043	Q96ST2
7044	Q9UM73
7045	Q9NX57
7046	Q8TAP4
7047	Q9UL33
7048	Q9Y333
7049	Q9C0K3
7050	Q9Y385
7051	Q9HCM7
7052	Q5TC82
7053	Q9UJV9
7054	Q6PIZ9
7055	P68543
7056	Q9BXJ1
7057	Q9HB75
7058	Q9Y5W8
7059	Q96Q27
7060	Q9UKI3
7061	Q9HCU8
7062	Q6NUJ5
7063	Q9ULZ3
7064	Q13114
7065	Q9UMZ2
7066	Q9NVX2
7067	Q96EY4
7068	P16471
7069	Q9Y5N5
7070	Q9ULI2
7071	Q9UMS0
7072	Q9HBI6
7073	Q9Y5B6
7074	Q8N5C8
7075	Q9Y6Y9
7076	Q9HCM4
7077	Q9BWT3
7078	Q9H446
7079	Q14767
7080	Q16678
7081	Q9NUX5
7082	Q96GG9
7083	P63241
7084	Q9UJW0
7085	Q9Y592
7086	Q9UHA3
7087	P52735
7088	Q9H6Y2
7089	Q9UIW2
7090	P20851
7091	Q96PX1
7092	Q9ULR5
7093	Q6UWY2
7094	Q9H410
7095	Q8N6N2
7096	Q9NTJ3
7097	Q9NX04
7098	Q9Y3A4
7099	Q9Y5R8
7100	Q9NRL2
7101	Q9NPF5
7102	Q9HBW1
7103	Q9HBF4
7104	Q9H254
7105	P13686
7106	Q13873
7107	Q96L46
7108	Q9BRP4
7109	Q3MIN7
7110	Q8WZ73
7111	Q9UNE2
7112	P55273
7113	Q16654
7114	Q96PQ7
7115	Q9Y4K3
7116	Q9NZN4
7117	Q9UNA1
7118	P48052
7119	Q6P2H3
7120	Q9NRD5
7121	Q6P4I2
7122	Q9UQ03
7123	Q9BWW4
7124	Q9NQP4
7125	Q9NPF4
7126	Q9NP91
7127	Q15417
7128	Q96BA8
7129	Q8IYT8
7130	Q9NZM4
7131	Q96GM8
7132	Q03060
7133	Q8IVV8
7134	Q96DM3
7135	Q9NQ40
7136	Q8ND24
7137	Q9NPL8
7138	P80162
7139	Q96LW2
7140	Q9UJ55
7141	Q9ULE0
7142	Q9UJC3
7143	P98066
7144	Q9H3S3
7145	Q8NEX5
7146	Q7Z3C6
7147	Q9Y2R5
7148	Q9H246
7149	Q8IYU4
7150	Q99665
7151	Q96JQ2
7152	Q969L4
7153	Q9C0I1
7154	Q9Y3M2
7155	Q9UMD9
7156	Q9ULY5
7157	Q8N684
7158	Q9NZ09
7159	Q6NXS1
7160	Q9UJJ9
7161	Q99680
7162	Q9UBN1
7163	Q9UPN9
7164	Q9Y6N5
7165	Q9Y4Y9
7166	Q6B0K9
7167	Q96PY5
7168	Q9Y421
7169	Q9NVM9
7170	Q9BRQ0
7171	Q9Y6Q5
7172	Q9Y3B2
7173	Q9NPF7
7174	Q9Y5Q3
7175	Q9BUB5
7176	Q9UID3
7177	Q9BWU1
7178	Q9H040
7179	P04406
7180	P48167
7181	Q9Y324
7182	Q96RL1
7183	Q9UKV3
7184	Q9BUK6
7185	Q8NGC1
7186	P60903
7187	Q9UKR5
7188	Q7Z4Y8
7189	Q16630
7190	Q9Y5S8
7191	Q9UKM9
7192	Q8IW70
7193	Q9Y2B0
7194	Q9Y312
7195	Q86UK7
7196	Q99623
7197	Q96D03
7198	Q01518
7199	Q9H4B8
7200	Q9Y536
7201	Q13404
7202	Q93077
7203	Q9HC35
7204	Q9BVV6
7205	Q9ULT6
7206	Q9Y3D2
7207	Q9NW61
7208	Q9NZ71
7209	Q9UIC8
7210	Q9UHV9
7211	Q9BV19
7212	Q9Y330
7213	Q5VTE0
7214	Q9UDY8
7215	Q9UKL0
7216	Q9P121
7217	Q9UKT9
7218	Q9UGP8
7219	Q92564
7220	Q8TBZ2
7221	Q9P2U7
7222	Q9Y3T9
7223	P10632
7224	Q96A29
7225	Q9H490
7226	Q8N573
7227	Q9P2K2
7228	Q9Y234
7229	Q96MN5
7230	Q9UKA2
7231	Q9Y291
7232	Q96E29
7233	Q8NC96
7234	Q8NC51
7235	Q96MA1
7236	Q9Y4C8
7237	Q8NEF3
7238	Q9UBC2
7239	Q6IQ23
7240	Q9UNP9
7241	Q9H2U2
7242	Q96AD5
7243	Q9UM47
7244	Q9HCI7
7245	Q9P0K9
7246	P21953
7247	Q8WWF3
7248	Q96EV8
7249	Q9H2X6
7250	Q9H4L4
7251	Q9Y587
7252	Q9BXN1
7253	Q15084
7254	Q9P278
7255	Q5VXU9
7256	Q96I34
7257	Q92637
7258	Q86UP0
7259	Q96MV1
7260	P20592
7261	Q9UHD8
7262	Q96EY9
7263	Q8NFU5
7264	Q99832
7265	P30085
7266	Q96NB1
7267	Q9Y6G3
7268	Q99733
7269	Q9Y4G2
7270	Q8WWW0
7271	Q9C0J1
7272	Q9NV79
7273	Q9BVJ7
7274	P31321
7275	P49888
7276	Q96DZ7
7277	Q9Y546
7278	Q9Y6A4
7279	Q96IV0
7280	Q9HCE7
7281	Q99437
7282	Q96DC9
7283	Q9UHB6
7284	Q5SQN1
7285	Q8TAD7
7286	Q9Y5B0
7287	Q9H9L7
7288	Q9UQB9
7289	Q9UEE9
7290	Q14CZ8
7291	Q9ULD6
7292	Q9UHP7
7293	Q8TBG9
7294	Q9UHC7
7295	A0A0C4DH38
7296	Q96EH5
7297	Q6P1K8
7298	Q16610
7299	Q9Y5Y2
7300	Q5JVS0
7301	Q9Y6W5
7302	Q9ULK5
7303	Q96SQ7
7304	Q9GZT9
7305	Q8WWW8
7306	Q7Z3Y7
7307	P16401
7308	Q13363
7309	Q8IWE4
7310	Q9NRC8
7311	Q9NQE9
7312	Q8NHX9
7313	Q9NRS4
7314	Q9H0R4
7315	Q9UNK9
7316	P05090
7317	Q9UIL1
7318	P22234
7319	Q6ZWE6
7320	P61073
7321	P07477
7322	Q8WUY9
7323	Q9Y5P8
7324	P15391
7325	Q9BY64
7326	Q9P267
7327	Q9NX47
7328	Q9HBE5
7329	P01185
7330	Q03519
7331	Q96RE7
7332	P57771
7333	Q9UQF2
7334	Q9UM82
7335	Q16667
7336	Q9BWM5
7337	Q9Y6H3
7338	Q9Y3B9
7339	Q8WW33
7340	Q92974
7341	Q8NDP4
7342	Q5JQC4
7343	Q9Y2D4
7344	P83110
7345	Q9UL15
7346	Q9ULP9
7347	Q8WTP8
7348	Q9Y285
7349	Q9H0A9
7350	Q96QD8
7351	Q9H444
7352	A0A0C4DH33
7353	Q9H2G9
7354	Q9NPI6
7355	Q08830
7356	Q8N103
7357	Q9BYE7
7358	Q9Y3I0
7359	Q96P16
7360	Q9BV47
7361	Q6PI25
7362	P20794
7363	Q9Y5R2
7364	Q8N111
7365	Q6NX49
7366	Q8N335
7367	Q92629
7368	Q9BW11
7369	Q86VH4
7370	Q9UKC9
7371	Q9NRM6
7372	P03952
7373	Q9NXR7
7374	Q99572
7375	Q01362
7376	Q8WTW4
7377	Q8N6T7
7378	Q9NT62
7379	Q96CX6
7380	P19256
7381	Q9HAV7
7382	Q9Y580
7383	Q9ULM2
7384	Q96PB7
7385	P0C870
7386	Q8TBE1
7387	Q15303
7388	P0DTE2
7389	Q9H649
7390	Q9UGM5
7391	Q6RI45
7392	P35080
7393	Q9NZ53
7394	Q9BSB4
7395	Q9Y3D3
7396	Q9H2L5
7397	Q14410
7398	Q9ULG1
7399	Q8ND56
7400	Q96JB3
7401	Q9H5F2
7402	Q86UX7
7403	P31994
7404	P52756
7405	Q9BQE9
7406	Q93063
7407	Q9UNN4
7408	Q8N8A6
7409	Q9H939
7410	Q9Y5Z9
7411	Q8IV04
7412	Q9H0I9
7413	Q08J23
7414	Q9BWJ5
7415	Q6XYB7
7416	P16403
7417	P80303
7418	Q9UGY1
7419	Q8N0Y7
7420	Q99435
7421	Q9UKR0
7422	Q9Y6W6
7423	Q8WXK4
7424	Q9NPA1
7425	Q8N6T3
7426	Q9UH99
7427	P16562
7428	Q9H0W9
7429	Q9H0Z9
7430	Q9Y2U9
7431	A0A0C4DH30
7432	Q4KMP7
7433	Q9NZG7
7434	O43325
7435	P01766
7436	Q96LW4
7437	P38484
7438	Q08477
7439	P83881
7440	Q9NQM4
7441	Q9UKX3
7442	Q9BTV4
7443	Q9UHP6
7444	P05177
7445	Q92754
7446	Q9H3T3
7447	Q6UXZ3
7448	Q96DT0
7449	Q9Y6B6
7450	Q9H7D7
7451	Q9NZI2
7452	Q8N5X7
7453	Q68DN1
7454	Q9UH92
7455	Q96DA2
7456	Q8N5H7
7457	Q8N309
7458	P17936
7459	Q9NVC3
7460	Q01433
7461	P26998
7462	O95573
7463	Q8WVM0
7464	Q93009
7465	Q8TAX7
7466	Q9BZG8
7467	Q8NB14
7468	Q8WXB1
7469	Q9Y3B4
7470	Q9NZI8
7471	Q8TBZ3
7472	Q8IZ52
7473	Q9Y2M5
7474	Q9UJ68
7475	Q9NXC2
7476	Q16877
7477	Q9Y3E2
7478	Q9P003
7479	Q13489
7480	P39748
7481	Q9C004
7482	Q9Y383
7483	Q9BW72
7484	Q9UPY8
7485	Q9H3D4
7486	Q12972
7487	Q9NVP1
7488	Q9H4H8
7489	P49006
7490	Q96HJ9
7491	Q96BI3
7492	Q9HC21
7493	P53367
7494	Q8N427
7495	Q96L92
7496	Q8NC01
7497	Q9H7R5
7498	Q13021
7499	Q9UGI6
7500	Q9NZ01
7501	Q9UER7
7502	P0DP07
7503	Q9GZL7
7504	Q99714
7505	Q9Y6D9
7506	Q96E93
7507	Q9Y5K3
7508	Q9NPH3
7509	P49763
7510	Q9NX20
7511	P56557
7512	Q9H6J7
7513	Q9HBZ2
7514	Q9UBD9
7515	Q9NXT0
7516	Q9C002
7517	Q9Y6Q9
7518	Q15257
7519	Q9UL63
7520	P49767
7521	Q9P2S2
7522	Q9H7T0
7523	Q9Y3A0
7524	Q9ULV1
7525	Q5T5M9
7526	Q7RTV2
7527	Q8WUJ0
7528	Q9NYL5
7529	Q9NX01
7530	Q96PX9
7531	Q9Y5J6
7532	Q8WUX2
7533	Q8N183
7534	Q8NC06
7535	Q9NUU7
7536	O75628
7537	Q8N143
7538	Q5VZR2
7539	Q9Y2A7
7540	Q075Z2
7541	Q8IYP2
7542	P36507
7543	O75951
7544	Q9UQ53
7545	Q9Y286
7546	Q6IF63
7547	Q9Y2H0
7548	Q8NG50
7549	P78545
7550	P48960
7551	Q9NQG1
7552	Q8IUF1
7553	Q6ZWI9
7554	Q9Y653
7555	Q96GK7
7556	Q9H0F6
7557	Q9ULW0
7558	Q6UX65
7559	Q9P0M2
7560	Q9P2M4
7561	Q9NP97
7562	Q9UI43
7563	Q8N8J7
7564	Q86YS3
7565	P55283
7566	Q9UL62
7567	Q96FF9
7568	Q92730
7569	Q9UIE0
7570	Q9BRJ9
7571	Q99708
7572	Q96EQ0
7573	Q14CM0
7574	Q92526
7575	Q99828
7576	Q96S21
7577	Q9P2R7
7578	Q8IZJ0
7579	Q5VWJ9
7580	P01737
7581	Q8NDC4
7582	Q9NR71
7583	Q9UMS4
7584	Q8TCI5
7585	Q2M3V2
7586	Q9UNZ5
7587	Q5T848
7588	Q9Y4P3
7589	Q8IVC4
7590	Q69YN2
7591	Q96I23
7592	Q9UQL6
7593	Q9Y697
7594	Q9NRR2
7595	Q9P0U3
7596	Q14432
7597	Q9P0S3
7598	Q9BYE0
7599	Q8NFH8
7600	Q8NCK7
7601	Q9BZK3
7602	Q15078
7603	Q05901
7604	P50052
7605	Q9NRN7
7606	Q8WU76
7607	Q9P032
7608	Q9NWH2
7609	Q9Y261
7610	Q9Y4I1
7611	Q8N465
7612	Q9NV92
7613	Q96LB1
7614	Q9UKI2
7615	Q9UJQ1
7616	A0JD32
7617	Q9P2M1
7618	Q9NYF3
7619	Q9H095
7620	Q6PK81
7621	P12110
7622	Q9H1H1
7623	Q96RP3
7624	Q9NR00
7625	Q9Y6G5
7626	Q9P2W7
7627	Q92917
7628	Q9BUP0
7629	Q9H1E5
7630	Q8WXK1
7631	Q9Y365
7632	Q9BYJ9
7633	Q9UNM6
7634	Q8IXY8
7635	Q96NT0
7636	Q9ULW6
7637	Q9Y2K6
7638	P35568
7639	Q96DP5
7640	Q9NWQ8
7641	P0DP04
7642	Q9Y4X3
7643	Q9Y3C7
7644	Q9BRT8
7645	Q92583
7646	Q5U3C3
7647	Q96MI6
7648	Q92777
7649	Q9NQG5
7650	P08684
7651	Q15637
7652	Q9H8S5
7653	Q96HI0
7654	Q9H106
7655	Q96G28
7656	Q9Y5K5
7657	P40198
7658	Q86WN2
7659	Q99805
7660	Q96MT8
7661	Q6NSW5
7662	Q5TC12
7663	Q9Y6F7
7664	Q9NVR2
7665	Q9Y5Y7
7666	Q9GZS9
7667	Q9UFE4
7668	Q7Z419
7669	Q9C075
7670	Q9Y6A9
7671	Q2MJR0
7672	Q53LP3
7673	Q8TCE6
7674	Q7RTS3
7675	Q99856
7676	Q9Y4F4
7677	Q9Y2F9
7678	Q9HCC6
7679	Q9UI10
7680	Q9NZT1
7681	Q9Y6H1
7682	Q9C0E4
7683	Q9NU19
7684	Q9UPN6
7685	Q9NZC2
7686	Q9Y3C6
7687	Q96L03
7688	Q9BWN1
7689	Q9UPZ3
7690	Q5VYY1
7691	Q13797
7692	Q15750
7693	Q9HAW0
7694	Q99638
7695	Q9NRC1
7696	Q15399
7697	Q9NYP9
7698	Q5VXU1
7699	Q9Y5S2
7700	O43688
7701	P40238
7702	Q8TEW8
7703	Q8WWG1
7704	Q9BPU6
7705	P22004
7706	Q99963
7707	P01848
7708	Q9BSI4
7709	Q96A83
7710	Q8N131
7711	Q13401
7712	Q9UI08
7713	Q9H808
7714	O15528
7715	Q9Y6V7
7716	Q2NKQ1
7717	Q9Y680
7718	Q9P0I2
7719	Q76N89
7720	Q9Y4W6
7721	Q15695
7722	Q2KJY2
7723	Q9H222
7724	P04920
7725	Q9HBG6
7726	Q96RD0
7727	Q15629
7728	Q8WU68
7729	Q9NX24
7730	Q13901
7731	Q9UKK6
7732	Q8TC05
7733	Q96RU2
7734	Q9NP87
7735	Q9H400
7736	Q9Y2P8
7737	Q15800
7738	Q99986
7739	Q9UNK0
7740	Q9NP86
7741	Q8NDZ2
7742	Q9NRG9
7743	Q9HBI0
7744	Q8N8N0
7745	Q96D15
7746	Q6IPM2
7747	Q9Y584
7748	Q12860
7749	Q9P246
7750	Q86W92
7751	Q9Y375
7752	Q9NQW8
7753	Q9NWH7
7754	Q9HAB3
7755	Q9P1U0
7756	Q8WWB5
7757	Q6FHJ7
7758	Q9BRQ5
7759	P31415
7760	P0DOY3
7761	Q9NXC5
7762	P47874
7763	Q13636
7764	Q9H596
7765	Q9Y6N9
7766	Q86VS3
7767	Q12792
7768	Q9UFC0
7769	Q9Y3A3
7770	Q9NW64
7771	Q9P0L9
7772	Q9ULQ0
7773	Q9UBK2
7774	Q9UL16
7775	Q86W50
7776	P02775
7777	Q9Y5T4
7778	Q9UKX7
7779	Q01995
7780	Q8NDM7
7781	Q9BRX8
7782	Q96J77
7783	Q9BQS6
7784	Q9HB71
7785	P06331
7786	Q9P0M4
7787	Q8WU39
7788	O95263
7789	P10696
7790	Q9UKD2
7791	P57789
7792	O00253
7793	Q8IVH4
7794	Q9H0F7
7795	Q8TDC0
7796	Q8NFT6
7797	P56817
7798	Q9UL26
7799	Q8WVI0
7800	Q9BV94
7801	Q9P296
7802	Q6PCD5
7803	S4R460
7804	Q7Z6G8
7805	Q86YT9
7806	Q58A45
7807	Q9BXU9
7808	Q13239
7809	Q9BWD3
7810	Q9NQ34
7811	Q7L804
7812	P10966
7813	Q9Y548
7814	Q92934
7815	P14406
7816	Q96HE9
7817	Q13145
7818	Q9UQM7
7819	P25815
7820	P31151
7821	Q6ZMR3
7822	Q9NS84
7823	Q96LT7
7824	Q14289
7825	P01814
7826	Q8IW19
7827	Q9Y5Y5
7828	Q8N6L0
7829	Q6PEZ8
7830	Q9NZS2
7831	P80748
7832	P01303
7833	Q9UNH7
7834	Q9Y266
7835	Q9BYH8
7836	Q5T8D3
7837	Q96M11
7838	Q9NYL9
7839	Q14511
7840	Q9Y225
7841	Q9H0R5
7842	Q8IX30
7843	Q66LE6
7844	Q9Y3D8
7845	Q96EP9
7846	Q9Y4Z0
7847	Q96IL0
7848	P03951
7849	Q15435
7850	P45452
7851	Q7L1Q6
7852	Q9HB19
7853	P31995
7854	Q9Y2U5
7855	Q9Y5U4
7856	Q9C0B2
7857	Q9Y6E2
7858	P49407
7859	Q96C24
7860	Q9P1U1
7861	Q9NP92
7862	Q7Z4N8
7863	Q6ZTQ3
7864	Q71RC2
7865	Q9NQX4
7866	Q9UJX0
7867	Q96HM7
7868	Q9NRF8
7869	Q9BZX4
7870	Q9P2M7
7871	Q9NY12
7872	Q96B45
7873	P55289
7874	Q9Y228
7875	Q9Y2Z2
7876	Q8N859
7877	Q5I0X4
7878	Q9Y600
7879	P35270
7880	Q9UQE7
7881	Q9BSH3
7882	Q9UH77
7883	P23297
7884	Q9Y2Y4
7885	Q96PP9
7886	Q8WXF1
7887	Q9H4B6
7888	Q06643
7889	P49336
7890	Q8NCJ5
7891	Q8WWQ0
7892	Q6XE38
7893	Q92870
7894	Q9Y5U9
7895	Q6P1X6
7896	Q9UMX2
7897	Q9Y577
7898	Q8N815
7899	Q96N19
7900	Q9BZD4
7901	Q9UHD1
7902	Q9H147
7903	Q9Y237
7904	Q9UQ16
7905	Q7Z5Y7
7906	Q9Y6R9
7907	Q96SK2
7908	Q9ULX3
7909	Q9H329
7910	Q9C0A6
7911	Q96KX0
7912	Q13232
7913	Q9UGK8
7914	Q9UNZ2
7915	Q9H3K2
7916	A0A0G2JMI3
7917	Q9Y6I7
7918	Q9Y3L3
7919	Q96LZ3
7920	Q587J8
7921	Q9Y2U2
7922	Q86TL0
7923	Q9NRX4
7924	Q14765
7925	Q9P107
7926	Q9BXB5
7927	Q9H0W8
7928	P20231
7929	Q92952
7930	Q9UGC7
7931	Q08117
7932	Q16671
7933	Q9UBT2
7934	Q9UM19
7935	Q13362
7936	Q9H2G4
7937	Q9NS91
7938	Q30201
7939	Q9NRX3
7940	Q9UNY4
7941	Q9NRD0
7942	Q9BQ51
7943	Q14CB8
7944	Q9BQJ4
7945	Q9GZX5
7946	Q9UPU9
7947	Q9Y4F3
7948	Q9H9V4
7949	Q9UN86
7950	Q9BS26
7951	Q8NCR0
7952	Q9H3R5
7953	Q9HAJ7
7954	Q6P087
7955	Q12894
7956	Q9UQR0
7957	Q9Y5Y3
7958	P22792
7959	Q9UHI5
7960	P35414
7961	Q9BZC1
7962	Q9Y5K6
7963	Q9H0R3
7964	Q96PU5
7965	Q9BW62
7966	Q16720
7967	Q9NSA3
7968	Q9ULH1
7969	Q96SL4
7970	Q9BX67
7971	Q969M3
7972	Q9HAU5
7973	Q5BJE1
7974	Q9UBS9
7975	Q9H7Y0
7976	Q9BUY7
7977	Q9HA92
7978	Q9GZR7
7979	Q9UKT5
7980	Q9UPQ8
7981	Q12906
7982	Q9UEY8
7983	P04085
7984	Q9ULV8
7985	Q99743
7986	Q53QZ3
7987	Q9NXR1
7988	Q16609
7989	Q9H0X4
7990	Q9Y5P6
7991	Q9Y2C2
7992	Q9BXW6
7993	Q16649
7994	Q9NQZ5
7995	Q9NRW1
7996	Q9UL03
7997	Q9NP84
7998	Q08174
7999	Q9P1Q0
8000	Q8TF66
8001	O95340
8002	O15049
8003	Q13049
8004	Q9UNW8
8005	P01876
8006	Q6AWC2
8007	Q99645
8008	Q9Y3E7
8009	Q9UHK0
8010	Q9NUE0
8011	Q86SS6
8012	Q9NSV4
8013	P15509
8014	Q9UPV9
8015	Q9BQI6
8016	Q8N806
8017	Q9H7H0
8018	O94966
8019	Q96BZ4
8020	Q9P2B2
8021	Q8IZF2
8022	Q86X45
8023	P25940
8024	Q96J42
8025	Q9UI14
8026	Q8N4L8
8027	Q9H1C4
8028	Q8NFV5
8029	Q9UBF6
8030	Q05639
8031	Q92823
8032	Q68D42
8033	Q9H3E2
8034	Q9UM01
8035	Q6UW88
8036	Q9NQ69
8037	Q13185
8038	Q9NP66
8039	Q6PH81
8040	Q96SB4
8041	Q8NHS4
8042	Q8IV35
8043	Q5T0T0
8044	Q9P270
8045	P43489
8046	P55075
8047	Q96FX8
8048	Q9Y274
8049	Q92990
8050	Q96KF7
8051	Q8TB22
8052	Q5T9L3
8053	Q9UHL0
8054	Q96I13
8055	Q86VW2
8056	Q96N58
8057	Q6UDR6
8058	Q92903
8059	Q8N7Z5
8060	Q9NYB0
8061	Q8WXA8
8062	P27987
8063	Q16643
8064	Q7Z4F1
8065	Q9ULR0
8066	Q04323
8067	Q3KRB8
8068	Q96M95
8069	Q99439
8070	Q9NU53
8071	Q9Y5J7
8072	Q9BYL1
8073	Q53T94
8074	Q9Y3B6
8075	Q9ULC3
8076	Q8N4T4
8077	Q96QF0
8078	Q9NVM4
8079	Q9Y6C5
8080	Q86WC6
8081	Q9Y2K3
8082	Q9H6F5
8083	Q9BYG5
8084	P40126
8085	Q8NHR7
8086	Q9UHD4
8087	Q9Y3R0
8088	Q9Y676
8089	A0A5A2
8090	Q9UHB9
8091	Q6ZNG2
8092	Q9UBD5
8093	Q9Y2Q5
8094	P14222
8095	Q9ULL4
8096	Q92481
8097	Q96QC0
8098	Q9H1A7
8099	P27695
8100	Q9H173
8101	Q9P298
8102	Q86XJ1
8103	Q9BX73
8104	Q7LDG7
8105	Q8IYW5
8106	Q9H6U8
8107	Q9UI47
8108	Q8WXG8
8109	Q01955
8110	Q96IS3
8111	Q9C093
8112	Q9UK23
8113	P11166
8114	Q8IW03
8115	Q8TB68
8116	Q9Y2W7
8117	Q9UPX0
8118	Q9Y2T1
8119	Q9UF56
8120	Q9UQ80
8121	Q04721
8122	P17540
8123	Q9Y2V7
8124	Q9H9F9
8125	Q92519
8126	Q96LL9
8127	Q9H9Q4
8128	Q969G5
8129	Q9NY93
8130	Q15008
8131	Q9BV36
8132	Q6P2D0
8133	Q5VXT5
8134	Q9UN30
8135	Q9Y2M2
8136	Q9GZM5
8137	Q9NYV4
8138	Q8N4H5
8139	Q9BQT9
8140	Q9NVV4
8141	Q8WZ64
8142	Q6NWY9
8143	Q9UKZ1
8144	Q96AH8
8145	Q9NPB6
8146	Q9C098
8147	Q9NQA5
8148	Q6UWP2
8149	Q9NZN3
8150	Q8TCU5
8151	Q9NYL4
8152	Q96KX2
8153	Q8N6D5
8154	Q9P055
8155	Q96EK5
8156	O75897
8157	Q9NTZ6
8158	Q9NQI0
8159	Q86YN6
8160	P42684
8161	Q92759
8162	Q9P0G3
8163	Q6H3X3
8164	Q01344
8165	Q7Z3G6
8166	Q9BTM9
8167	Q9BV73
8168	Q92995
8169	P47992
8170	Q9UF47
8171	Q16873
8172	Q9H3F6
8173	Q8N1Q8
8174	Q9H295
8175	Q86UV5
8176	Q8WWL7
8177	Q7L592
8178	Q92851
8179	Q9GZP0
8180	Q9HAD4
8181	Q7Z4V0
8182	Q9NZU7
8183	P10768
8184	Q14590
8185	Q9UHQ9
8186	Q8NCK3
8187	Q9HB66
8188	Q6P5Q4
8189	Q9Y2G0
8190	P20853
8191	Q9NX63
8192	Q9P2N6
8193	Q99538
8194	Q9UK32
8195	P53708
8196	Q8IYE0
8197	Q9Y3P8
8198	Q9UNT1
8199	Q9Y2Z4
8200	Q8NFH5
8201	Q8WY64
8202	Q8WX93
8203	Q8TDT2
8204	Q00613
8205	Q9BTL3
8206	Q8N695
8207	Q7L2H7
8208	Q9BTV7
8209	Q9UBL3
8210	Q9NS40
8211	Q9BUF7
8212	P78552
8213	P05120
8214	Q9Y281
8215	Q9H165
8216	Q9H628
8217	Q9HBI1
8218	Q9Y3M8
8219	Q96MA6
8220	Q15651
8221	Q9H079
8222	Q6ZMJ4
8223	Q9Y320
8224	Q6RW13
8225	Q9NYP3
8226	Q9HB89
8227	Q9H7X2
8228	P15328
8229	Q9UNA4
8230	Q9ULC8
8231	Q9BSH4
8232	Q9H6E4
8233	Q9UBX7
8234	Q9ULE3
8235	P22083
8236	Q8IWU9
8237	Q9Y247
8238	Q01970
8239	Q9NQV5
8240	P84157
8241	Q9BZL1
8242	Q9Y2G8
8243	Q9UJA9
8244	Q9NPG2
8245	Q96DN6
8246	Q9NZ42
8247	Q99650
8248	Q16401
8249	Q9UHQ4
8250	Q9BZW8
8251	P14652
8252	Q9C035
8253	Q8NBI2
8254	Q8TDW5
8255	Q9UKV0
8256	Q9BR39
8257	Q8NG57
8258	Q96QR8
8259	Q6ZVX7
8260	Q9BZM4
8261	Q9UHL9
8262	Q9H875
8263	Q9UQ88
8264	Q5TGU0
8265	P16519
8266	Q9Y2W6
8267	Q9ULV4
8268	Q9BV90
8269	Q14978
8270	Q96PU8
8271	Q7L945
8272	Q07001
8273	Q9UIF9
8274	Q8NB37
8275	Q5VWX1
8276	P62273
8277	Q9H1X3
8278	P52737
8279	Q9NZN8
8280	P41222
8281	Q92982
8282	Q969K3
8283	Q9NWR8
8284	P30988
8285	Q5JPB2
8286	Q5XKP0
8287	Q92947
8288	Q9C0H6
8289	Q9GZV4
8290	Q99504
8291	P53680
8292	Q8WTS6
8293	Q9BWQ8
8294	Q9Y2R4
8295	Q2M3G4
8296	P98082
8297	Q96IW7
8298	Q96LI6
8299	Q9UDY4
8300	Q86YT6
8301	Q9P0M6
8302	Q9C0K0
8303	Q96NC0
8304	P03986
8305	Q9ULM6
8306	Q9H2A7
8307	Q9UJY5
8308	Q5VVY1
8309	Q6P5Z2
8310	Q9BZC5
8311	Q6UWW9
8312	Q8N7E2
8313	Q9BQD7
8314	Q9UBV2
8315	P78318
8316	Q99801
8317	Q12756
8318	Q9BY49
8319	Q8NFD2
8320	P0DN86
8321	Q96PV6
8322	Q9NY65
8323	Q7Z412
8324	Q9Y2X7
8325	Q96A00
8326	P56277
8327	Q7L211
8328	Q9UK17
8329	Q9Y6X6
8330	Q9UHB4
8331	Q8NHR9
8332	Q15080
8333	Q9NZQ3
8334	Q9UH73
8335	Q9UPT6
8336	P58546
8337	Q9P1W9
8338	Q07092
8339	Q96HD9
8340	Q9UNL2
8341	Q15652
8342	Q9Y217
8343	Q8WY22
8344	Q9HCZ1
8345	Q15270
8346	Q99748
8347	Q9Y6J0
8348	Q9H4B4
8349	Q9GZP4
8350	Q9GZV1
8351	Q9BTE3
8352	P42701
8353	Q6UXB8
8354	Q9UKG1
8355	Q96Q05
8356	Q9H4M7
8357	Q8IUC6
8358	Q86V42
8359	P04808
8360	Q9H3V2
8361	Q9H8V3
8362	Q9NR82
8363	P13726
8364	Q9Y664
8365	P35558
8366	P21815
8367	Q9NYM9
8368	Q96NG3
8369	Q71SY5
8370	Q9NPE6
8371	Q8N5Y2
8372	Q8WV74
8373	Q9Y4E1
8374	Q5TCM9
8375	Q9Y2S7
8376	Q8NB78
8377	Q29980
8378	Q9Y6M5
8379	Q9Y4W2
8380	Q96CE8
8381	Q5VT66
8382	Q6UX34
8383	P09972
8384	Q9NWM3
8385	Q9H672
8386	Q9UPY5
8387	Q14004
8388	Q9UK53
8389	Q99259
8390	Q9Y6X3
8391	Q8NHS2
8392	Q8IWS0
8393	Q8TB73
8394	Q9Y3Q4
8395	Q9BR01
8396	Q9NS82
8397	Q9UK22
8398	Q96J86
8399	Q9NST1
8400	Q9UKF6
8401	Q9Y2Y6
8402	Q9H814
8403	Q9Y5A9
8404	Q9H867
8405	Q96EB6
8406	Q9BT09
8407	Q92562
8408	P48549
8409	P09758
8410	Q969F9
8411	Q9H4D0
8412	P0C862
8413	Q16853
8414	Q12967
8415	Q96I51
8416	Q9NRP0
8417	Q16821
8418	P09467
8419	Q9Y5U5
8420	Q92844
8421	Q9H7Z7
8422	Q9ULX7
8423	Q9UHW5
8424	Q96NY9
8425	Q6PGQ7
8426	Q9P0K7
8427	Q9UQ26
8428	Q96DX7
8429	Q4KWH8
8430	Q9NQ48
8431	P51172
8432	Q9NQS1
8433	P47813
8434	P05093
8435	Q969Q6
8436	Q8WXK3
8437	Q9Y689
8438	Q8WWK9
8439	Q9Y4D1
8440	Q9H8M9
8441	P30837
8442	Q6ZMZ0
8443	Q96C92
8444	P61604
8445	Q92522
8446	Q9H0U3
8447	Q8N336
8448	Q96G61
8449	Q8TDW4
8450	Q9NX45
8451	Q9Y606
8452	Q92968
8453	Q7Z460
8454	Q8TA86
8455	Q13093
8456	P01782
8457	Q9H8M5
8458	Q9Y6E7
8459	P01148
8460	P29084
8461	Q92930
8462	P55084
8463	Q9Y279
8464	Q9H0C1
8465	Q9NZ20
8466	Q9UGP5
8467	Q99788
8468	Q96IY4
8469	Q9Y6J6
8470	Q9Y3S1
8471	Q9H2A9
8472	Q9NP90
8473	Q14534
8474	P59538
8475	Q9Y2Z0
8476	P62333
8477	Q9BYG4
8478	Q5JU85
8479	Q8NCC5
8480	V9GZ13
8481	Q9NZN5
8482	P38606
8483	Q9Y3Y2
8484	P54252
8485	Q495W5
8486	Q9H0M0
8487	Q9Y5U8
8488	Q8NHS0
8489	Q8TF74
8490	Q9UMZ3
8491	Q9C0B5
8492	P0DP02
8493	Q6P9F0
8494	Q15102
8495	Q8N4E7
8496	Q9H706
8497	Q9NPB3
8498	Q9HDC9
8499	Q9ULJ6
8500	Q15599
8501	Q9NPR9
8502	A8MTB9
8503	Q9HBE1
8504	Q9HC73
8505	Q9HB15
8506	Q9Y6X1
8507	Q6ZMN8
8508	Q96GL9
8509	Q9BTY2
8510	Q9HC62
8511	Q93038
8512	Q14596
8513	Q6DT37
8514	Q9UPV0
8515	Q8N8Q8
8516	P20333
8517	Q96IZ6
8518	P47870
8519	Q9UBS5
8520	Q9BU64
8521	Q7Z5H3
8522	Q9P2E8
8523	Q9H999
8524	Q15532
8525	Q9Y5Q9
8526	Q7Z7K0
8527	Q9P2E5
8528	Q7L3T8
8529	Q8N9R8
8530	Q9H6Z4
8531	Q9NRC9
8532	Q9UBU7
8533	Q9Y2V3
8534	Q9NPC2
8535	Q99988
8536	Q15717
8537	Q9UK05
8538	Q9Y2H1
8539	Q9UGN5
8540	Q9P031
8541	A0A0B4J248
8542	Q6ZS82
8543	P27658
8544	Q9H6L4
8545	Q9UL68
8546	Q9Y2E6
8547	Q9H1E1
8548	Q15813
8549	Q8N6C5
8550	Q8WVD5
8551	Q13651
8552	Q96CG3
8553	Q9BYZ6
8554	Q9UBD3
8555	Q5VTU8
8556	Q969T3
8557	Q2M1V0
8558	Q9UBQ6
8559	Q99666
8560	Q9NRY2
8561	Q8IVP5
8562	P55774
8563	Q9Y241
8564	Q9UGL1
8565	Q9ULD5
8566	P51817
8567	Q6NT52
8568	P51843
8569	P78381
8570	Q6XZB0
8571	Q8WY98
8572	P58876
8573	Q8N1D0
8574	Q9BTP7
8575	Q659C4
8576	Q9Y6K0
8577	Q4J6C6
8578	Q96T23
8579	Q68D85
8580	Q8WXH6
8581	Q9H114
8582	Q96E11
8583	Q8WUF8
8584	P53609
8585	P51685
8586	P01772
8587	Q9H977
8588	Q9P0W8
8589	Q96SF7
8590	Q9BY27
8591	Q9NPI0
8592	Q96GX5
8593	Q13576
8594	Q9BX40
8595	P34981
8596	Q8WVN6
8597	Q9UI40
8598	Q9H974
8599	Q6Y7W6
8600	Q96M98
8601	Q8IV48
8602	Q6GTX8
8603	Q9Y2R2
8604	Q9Y483
8605	Q9H8M2
8606	Q9UNS2
8607	Q9H0V1
8608	Q9BVT8
8609	Q9Y275
8610	Q8N1W1
8611	Q9UJT1
8612	Q9Y6C2
8613	Q9UKK9
8614	P20594
8615	Q8NFT8
8616	Q9NWA0
8617	Q9UKI8
8618	Q9BYD5
8619	Q9NVQ4
8620	Q92791
8621	Q9Y2J0
8622	Q96JP0
8623	Q9Y618
8624	Q8N165
8625	Q9Y5N6
8626	Q9H7P9
8627	Q01581
8628	O95972
8629	Q9HAT0
8630	Q9H2X0
8631	Q9UM13
8632	Q9Y2Y1
8633	Q9NUS5
8634	Q2VIR3
8635	Q9Y624
8636	Q9NYW8
8637	P30968
8638	Q9HCC0
8639	Q96CA5
8640	Q9NZ72
8641	Q96SI1
8642	Q96K19
8643	O15127
8644	Q5MCW4
8645	Q9P0W2
8646	P48728
8647	Q6UWM9
8648	Q9ULV0
8649	Q9NPF2
8650	Q9UBY0
8651	Q8IZV5
8652	Q8WZ75
8653	Q9P0S9
8654	Q9NRG1
8655	Q8IYB3
8656	Q6P1W5
8657	Q8N302
8658	Q02539
8659	P0DKB6
8660	Q9NUJ7
8661	Q9UHQ1
8662	Q9NSB8
8663	Q9Y446
8664	Q9BXU0
8665	Q9BY71
8666	Q96P50
8667	Q8IZI9
8668	Q53GI3
8669	Q9Y5L4
8670	Q99075
8671	Q53RE8
8672	Q96JE7
8673	Q8WTQ1
8674	Q7Z6K3
8675	Q9Y388
8676	Q15973
8677	Q96A98
8678	Q6ZTN6
8679	Q8N4Q1
8680	Q5JXX7
8681	Q96N66
8682	Q9P021
8683	Q8TCQ1
8684	Q9UPR6
8685	Q9BZ67
8686	Q96JY0
8687	Q9H1M0
8688	Q9UGK3
8689	Q9H9C1
8690	Q6NSZ9
8691	Q9Y5A7
8692	Q96L33
8693	Q9UM11
8694	P51170
8695	Q9P283
8696	Q8N6R1
8697	Q9H6D8
8698	Q3ZCQ8
8699	Q96F10
8700	P53674
8701	Q8IXB3
8702	Q9Y295
8703	Q9NWZ5
8704	Q9NZC7
8705	Q9Y2V0
8706	Q7Z6J0
8707	P20073
8708	O95754
8709	Q9NRZ9
8710	Q7Z5M8
8711	Q9BRJ7
8712	Q16563
8713	Q13951
8714	Q8TF72
8715	Q15560
8716	Q8WXA2
8717	Q9GZP7
8718	Q13485
8719	Q9BYJ0
8720	Q86Y25
8721	Q9BX97
8722	Q9H361
8723	Q9Y4I5
8724	Q9UPP2
8725	Q86Y37
8726	Q9NR64
8727	Q9NVU7
8728	Q14849
8729	Q9Y2I8
8730	P41181
8731	Q02928
8732	O75264
8733	Q5VZ18
8734	Q9UIM3
8735	P01763
8736	Q13202
8737	Q9NRW4
8738	Q14247
8739	Q9H6U6
8740	Q9GZV8
8741	O94760
8742	Q8TBF4
8743	Q9Y265
8744	Q6UXE8
8745	Q9C005
8746	Q86WB0
8747	Q96PM5
8748	Q8N3F8
8749	Q9NSB2
8750	Q6UW78
8751	Q13287
8752	Q9HBY0
8753	Q08ET2
8754	P56915
8755	Q96EF6
8756	Q9Y250
8757	Q9NWD8
8758	P30101
8759	Q9NV58
8760	P51948
8761	Q9UP38
8762	Q52LC2
8763	Q9BPY8
8764	Q9NRH1
8765	Q8NG83
8766	Q96NG5
8767	Q9BR09
8768	Q9BSJ8
8769	Q86VE0
8770	Q8TCB7
8771	Q9UQ72
8772	Q9UPM6
8773	P48047
8774	Q5T124
8775	Q92871
8776	Q9Y6A1
8777	Q6IA17
8778	Q8IV53
8779	Q9NX36
8780	P58753
8781	Q9NZT2
8782	Q9NZ45
8783	Q8WVK2
8784	Q9ULR3
8785	Q8IWP9
8786	Q8NHY2
8787	Q96S96
8788	P42772
8789	Q6UVY6
8790	P46092
8791	Q9UL25
8792	Q9NSI2
8793	Q9UK59
8794	Q8N7C0
8795	Q13094
8796	P48307
8797	Q8N9I0
8798	Q96DY7
8799	Q14CS0
8800	Q9Y2H2
8801	Q96GQ7
8802	Q9H4G4
8803	Q9UJA3
8804	P43250
8805	Q8NGK5
8806	Q9H3S1
8807	P35030
8808	Q9UHC3
8809	P10720
8810	Q9Y305
8811	Q96LC7
8812	Q969K4
8813	Q9H2M3
8814	Q9UBI6
8815	Q9NPI8
8816	Q9H211
8817	Q9Y5Z7
8818	Q05D60
8819	P12277
8820	P12036
8821	Q9NWS8
8822	Q9Y6F1
8823	P30305
8824	Q9UBI9
8825	Q9H0Q3
8826	P01225
8827	Q9Y4B4
8828	Q9Y3C8
8829	Q5HYI7
8830	Q9P0J7
8831	P54687
8832	Q9UBM8
8833	Q9Y6N1
8834	Q9Y371
8835	Q9NWV4
8836	Q9NQX7
8837	Q9NW75
8838	Q9UQ84
8839	Q99741
8840	Q96L58
8841	Q8NGS9
8842	Q96L42
8843	P0C851
8844	Q13641
8845	Q9H2H8
8846	Q6PI26
8847	Q9H8M7
8848	Q8TDN2
8849	Q9H0R6
8850	Q8TF05
8851	Q15262
8852	Q96E22
8853	Q6IE38
8854	Q9UFG5
8855	Q96ET8
8856	Q9UJ04
8857	Q9H3P2
8858	Q96D05
8859	Q99453
8860	Q7Z7A1
8861	P32519
8862	Q9NZJ0
8863	Q9BRQ3
8864	Q9UBV8
8865	Q9BRA0
8866	P58397
8867	Q8WWY8
8868	Q8TBK2
8869	Q8WV93
8870	Q9BY84
8871	Q14929
8872	Q86XK3
8873	Q9P2W3
8874	Q96LC9
8875	Q9BZI1
8876	Q9H6S1
8877	Q9H707
8878	Q9BQ16
8879	Q9Y696
8880	Q96GW9
8881	Q3KR16
8882	O95466
8883	Q5QJ74
8884	Q9NRR6
8885	Q13670
8886	Q14626
8887	Q9P2N5
8888	Q9H3R2
8889	Q9H244
8890	Q9UL54
8891	P54315
8892	Q5SRN2
8893	Q9H3H3
8894	Q8IUX7
8895	Q15642
8896	Q9HB21
8897	Q96II8
8898	Q9UGU5
8899	Q8NE62
8900	Q9Y2D8
8901	Q8TCS8
8902	Q9UF02
8903	Q8TAA9
8904	Q3KR37
8905	Q9HCX3
8906	Q9H9T3
8907	Q8N7F7
8908	Q9BPX6
8909	Q6ZST4
8910	Q96AA3
8911	Q9C0C6
8912	Q9BWF2
8913	Q9NWB1
8914	Q9UBP4
8915	Q7Z4Q2
8916	Q16829
8917	Q9UBB4
8918	Q9ULK0
8919	Q9H228
8920	Q9UPP1
8921	Q9BR61
8922	Q9Y448
8923	Q9NYX4
8924	Q18PE1
8925	Q9NV12
8926	Q6ZSJ8
8927	P32942
8928	Q9HBR0
8929	Q9H307
8930	Q7Z7F0
8931	Q8NA72
8932	Q9H3U7
8933	Q14500
8934	Q99679
8935	Q9UKQ9
8936	Q04656
8937	Q99990
8938	Q8IWV2
8939	Q14588
8940	Q15928
8941	Q9UBC9
8942	Q9NSK0
8943	Q6ISS4
8944	Q9UK61
8945	Q16739
8946	Q86UP2
8947	Q9BRJ6
8948	P78540
8949	Q9H461
8950	Q9Y337
8951	Q9NPI9
8952	Q99676
8953	Q9Y2H8
8954	Q4FZB7
8955	Q86UG4
8956	Q3SY69
8957	Q9HBD1
8958	P31937
8959	P49916
8960	Q9Y5X9
8961	Q9GZU3
8962	Q7L0R7
8963	Q70CQ1
8964	Q9NXV2
8965	Q96I25
8966	Q13316
8967	P43629
8968	Q9NTX7
8969	Q9NRW7
8970	Q9NUM3
8971	Q9BUT9
8972	Q6IQ22
8973	Q96FT9
8974	Q8NHW5
8975	P49447
8976	Q3MIR4
8977	Q92800
8978	Q9C026
8979	Q92563
8980	Q12849
8981	Q8TC29
8982	Q9Y672
8983	Q9Y692
8984	Q9BUD6
8985	Q96AG4
8986	Q9NSY1
8987	Q9NRR1
8988	Q99598
8989	Q9BYZ2
8990	Q8TD30
8991	Q96LB4
8992	Q8N2I9
8993	P50454
8994	Q8N6V4
8995	Q9Y4F1
8996	Q92482
8997	Q9NYN1
8998	Q16548
8999	Q9BUU2
9000	Q9UK41
9001	P56181
9002	P24593
9003	Q9P0W0
9004	Q16478
9005	Q9NPC8
9006	Q16775
9007	Q86YH6
9008	Q9BTK6
9009	Q96LD8
9010	Q6ZP82
9011	Q53H96
9012	Q5TCX8
9013	Q9H0T7
9014	Q86SE8
9015	Q6ZN44
9016	Q9Y297
9017	Q8NI29
9018	Q8WXD2
9019	Q16769
9020	Q96JK9
9021	Q86VY4
9022	Q86VR2
9023	Q13610
9024	P57729
9025	Q9GZZ6
9026	Q8NHQ1
9027	Q9NRJ5
9028	Q96J01
9029	Q96H35
9030	O95154
9031	Q9UQV4
9032	Q9UBK7
9033	P62942
9034	Q9UBS4
9035	Q9NTX9
9036	Q9Y2W1
9037	P13671
9038	Q9UK99
9039	P02144
9040	Q9Y2L6
9041	Q92876
9042	Q6QHC5
9043	Q96PC5
9044	Q9NXL2
9045	Q13905
9046	Q96E09
9047	Q9UK11
9048	Q9BZA7
9049	Q9NQ84
9050	Q8N3J2
9051	Q7LG56
9052	Q9BVC4
9053	Q8WWM9
9054	Q96HR9
9055	Q96M32
9056	Q9Y3Y4
9057	Q86X02
9058	Q9H6D7
9059	Q9UKN8
9060	Q8IXQ9
9061	Q8IUR6
9062	Q5JPH6
9063	Q86VQ3
9064	Q96J92
9065	Q9Y608
9066	Q68D51
9067	Q9BWK5
9068	Q02410
9069	Q8IV56
9070	Q12794
9071	Q9NUW8
9072	Q9NR30
9073	Q99643
9074	Q2TBA0
9075	Q92979
9076	P16260
9077	Q9H2C2
9078	Q96M63
9079	Q9Y6X2
9080	Q8N441
9081	Q14112
9082	Q9NW81
9083	Q5M775
9084	Q92783
9085	Q8TDN4
9086	Q8WUM0
9087	Q9Y3Q0
9088	Q9P0N8
9089	Q9BYV6
9090	Q9BUJ0
9091	P50897
9092	Q9BZA8
9093	Q7Z7J5
9094	P26447
9095	Q8IYR0
9096	Q96S55
9097	Q9NYY8
9098	Q9Y572
9099	Q86W34
9100	Q9P218
9101	Q9UDV6
9102	Q9GZW8
9103	Q03135
9104	Q9HCE6
9105	Q9BQB6
9106	Q9H0C5
9107	Q8NG35
9108	Q9Y219
9109	Q9GZX3
9110	Q96HN2
9111	P05160
9112	Q9NPH9
9113	A0A0C4DH43
9114	Q9NV64
9115	Q9NS25
9116	Q14686
9117	Q96A28
9118	Q9NYZ2
9119	Q8WV37
9120	Q86UW2
9121	Q9NQ39
9122	Q587I9
9123	Q14050
9124	Q9NZL6
9125	P48165
9126	Q16635
9127	Q8WV35
9128	Q9NWX5
9129	P32004
9130	Q7Z3K3
9131	Q6ZMW2
9132	Q9Y576
9133	Q9H4Y5
9134	Q9NPB1
9135	Q9Y6B7
9136	Q9BRP1
9137	Q9Y314
9138	Q92575
9139	Q9BTA9
9140	Q9BV87
9141	Q5VX71
9142	Q8N485
9143	Q9Y316
9144	Q96KB5
9145	Q9UBS3
9146	Q8IUK8
9147	Q13303
9148	Q9NRA1
9149	Q14919
9150	Q9GZT6
9151	P55789
9152	Q01130
9153	Q93073
9154	Q9UG01
9155	O94905
9156	Q13349
9157	Q9H1C3
9158	Q5JXA9
9159	Q9P2W1
9160	Q86WV1
9161	Q9BYT8
9162	Q9NYV6
9163	Q9NZD2
9164	Q16619
9165	Q9NRD1
9166	Q9BV99
9167	Q7L0X0
9168	Q9HDC5
9169	Q9UNF1
9170	Q13427
9171	Q5TCH4
9172	Q96FQ6
9173	Q9H7J1
9174	Q9C0F0
9175	P02794
9176	Q3LFD5
9177	Q9UK00
9178	Q9UEW3
9179	Q9NZA1
9180	Q16587
9181	Q9Y5U2
9182	Q6L8H4
9183	P04155
9184	Q8IY34
9185	Q07157
9186	Q14031
9187	Q9BWU0
9188	Q9P000
9189	Q9GZZ8
9190	Q7Z7C7
9191	P21941
9192	Q9H2V7
9193	Q9UJA5
9194	Q9ULE4
9195	Q9UNK4
9196	P16112
9197	Q6T310
9198	A0A0A6YYC5
9199	Q16674
9200	Q68G75
9201	Q9UK73
9202	Q9Y3E0
9203	Q4KMG0
9204	Q8TE85
9205	Q9Y4R8
9206	Q07812
9207	Q8N8F7
9208	Q8WUE5
9209	Q9UBZ4
9210	Q9UHF4
9211	Q9C0K1
9212	Q14738
9213	Q02643
9214	Q8TDW0
9215	Q9H2J4
9216	Q9NQT8
9217	Q9UM44
9218	Q13319
9219	Q9UMR2
9220	Q9Y639
9221	Q8NF37
9222	Q96GN5
9223	Q99678
9224	Q92743
9225	Q9GZV5
9226	Q86WR6
9227	Q32MZ4
9228	Q8NEE6
9229	Q9UNN8
9230	Q01113
9231	Q9ULU4
9232	Q9UN88
9233	Q9Y263
9234	Q9P209
9235	Q96T88
9236	Q8TB92
9237	P58549
9238	Q96CN5
9239	Q8NCB2
9240	P0C7P0
9241	Q9H7Z6
9242	Q99689
9243	P45974
9244	Q9Y575
9245	P40259
9246	Q9Y303
9247	Q8N9B4
9248	P20396
9249	Q9Y5X1
9250	Q9HCJ2
9251	P23141
9252	Q9Y4P8
9253	Q9Y3B1
9254	Q8TD46
9255	P0DTE1
9256	Q8N9M1
9257	Q8TER0
9258	Q9BZM6
9259	P09871
9260	Q9NPB0
9261	P10620
9262	Q8N609
9263	Q99767
9264	Q96RF0
9265	Q96GR4
9266	Q8TAT5
9267	Q9Y6R0
9268	Q7LBC6
9269	Q8TEJ3
9270	P11511
9271	Q96GE9
9272	Q9ULW5
9273	P35354
9274	Q9NWT6
9275	Q8TAD4
9276	Q13542
9277	Q15722
9278	Q969Z3
9279	Q8WVT3
9280	Q99583
9281	Q9BT49
9282	Q99959
9283	Q9BYV2
9284	Q06787
9285	Q6ZSS3
9286	Q3KNS6
9287	Q13308
9288	Q9Y3S2
9289	P62079
9290	Q8WXH5
9291	Q9HCR9
9292	Q9BZM2
9293	Q99550
9294	Q16620
9295	P29274
9296	Q9HBI5
9297	Q9BX66
9298	Q02094
9299	P18428
9300	Q9BSJ5
9301	Q8N461
9302	Q9NRN5
9303	Q6NUQ4
9304	Q9Y2K1
9305	P48169
9306	P29218
9307	Q99811
9308	Q8IW36
9309	Q8WY41
9310	Q8N5W8
9311	Q8TEQ8
9312	Q92833
9313	Q02846
9314	Q9NPF0
9315	Q5VUM1
9316	Q7LC44
9317	Q96AQ7
9318	P21452
9319	Q9NXV6
9320	P46094
9321	Q9UMR7
9322	O76074
9323	Q9NPH5
9324	Q8NGH5
9325	Q96GA7
9326	Q8IVG9
9327	Q9BZD2
9328	Q9BPW5
9329	Q9BT56
9330	Q5T1A1
9331	Q86TY3
9332	Q0VD83
9333	Q9H9V9
9334	Q9NNX1
9335	Q96CS4
9336	Q7Z465
9337	P14209
9338	Q92804
9339	Q6XR72
9340	Q6YP21
9341	Q8TC44
9342	Q9NVT9
9343	Q8TCT0
9344	Q6AI14
9345	Q9UMW8
9346	Q9HBH9
9347	Q9P0P8
9348	Q9NUH8
9349	Q86SG5
9350	A0A1B0GUV7
9351	Q9BQB4
9352	Q9H4P4
9353	Q8IXF0
9354	Q9H633
9355	Q92817
9356	Q13952
9357	Q9UHG3
9358	Q9HCP6
9359	Q9NQR1
9360	P80511
9361	Q8WW62
9362	Q969V1
9363	Q9NQ75
9364	Q9H2X3
9365	Q9NPG1
9366	Q96DB5
9367	Q9HAH1
9368	P11465
9369	Q9Y3Q3
9370	Q15238
9371	Q14565
9372	Q8TAB3
9373	Q9Y343
9374	Q9UP52
9375	Q7Z3J3
9376	Q96PS8
9377	Q9NQZ6
9378	Q96HP8
9379	Q6P9G9
9380	Q9BYE4
9381	P56693
9382	Q9Y6P5
9383	Q86WA8
9384	Q9NW13
9385	Q96IQ7
9386	Q9UPQ7
9387	Q8TDR2
9388	Q9Y3C4
9389	Q96T83
9390	Q9NYS7
9391	O60636
9392	Q9H089
9393	Q8IVF5
9394	Q8TBZ8
9395	Q99726
9396	P35504
9397	Q9UKB5
9398	P34820
9399	Q9BXB4
9400	Q9H792
9401	Q9UBP9
9402	Q9HCS4
9403	Q96MW1
9404	Q9NP73
9405	Q15645
9406	Q9Y5X3
9407	Q5MY95
9408	O75554
9409	P14316
9410	Q86WQ0
9411	Q9H987
9412	Q8N205
9413	Q96S99
9414	P09486
9415	Q9H6L5
9416	Q5T764
9417	Q6ZV89
9418	Q9NYJ8
9419	Q16322
9420	Q9NP50
9421	Q9Y570
9422	Q9UBK8
9423	Q12765
9424	Q8NCW0
9425	Q99941
9426	P63215
9427	Q99500
9428	Q96K75
9429	O15393
9430	Q95460
9431	Q9UQQ2
9432	Q6AHZ1
9433	Q9NWM0
9434	Q86VK4
9435	Q0P6D2
9436	Q96S42
9437	Q7Z5A4
9438	Q96JJ3
9439	P14138
9440	P49747
9441	Q9UBR4
9442	Q8NEV9
9443	Q9NYZ3
9444	Q9NZL3
9445	Q9Y5Z0
9446	Q8TC92
9447	Q5T7B8
9448	P21333
9449	Q9UBE8
9450	P43026
9451	Q9Y6Q1
9452	Q9Y216
9453	Q9H9D4
9454	Q9Y251
9455	Q9Y5P0
9456	Q9C0D6
9457	Q9Y5Z6
9458	Q969E3
9459	Q8NC44
9460	Q7Z5Q5
9461	Q8WYR1
9462	O43310
9463	P00387
9464	P13584
9465	Q8IYI0
9466	Q8TDP1
9467	Q96QU1
9468	Q96HH9
9469	Q8IYW4
9470	Q9UJ71
9471	P57682
9472	Q6ZN18
9473	P55286
9474	Q9P0L0
9475	Q9UKJ3
9476	Q9Y4H2
9477	Q8IZP7
9478	Q7Z4M0
9479	Q9NYZ1
9480	Q9Y4C5
9481	Q86X27
9482	A0A0C4DH42
9483	Q9UKA8
9484	Q9H4B0
9485	Q8WUA8
9486	Q9Y3A5
9487	P24390
9488	Q96CW6
9489	Q9NZV7
9490	Q59GN2
9491	Q9UK55
9492	Q9UPE1
9493	Q96HD1
9494	Q8IYD1
9495	Q3KQV3
9496	Q96FK6
9497	Q14627
9498	P16860
9499	Q5VY80
9500	Q9H074
9501	Q9UI38
9502	Q9ULT8
9503	Q8NEM8
9504	Q9P2E7
9505	Q96RU3
9506	Q99674
9507	Q96S82
9508	Q9H3U5
9509	Q9UJ90
9510	Q969S0
9511	Q9NUJ3
9512	Q9BY44
9513	Q969W9
9514	Q8TD31
9515	Q9HAI6
9516	Q15431
9517	Q9UK39
9518	P54108
9519	Q9H756
9520	Q8WXW3
9521	Q14957
9522	Q8N988
9523	Q08499
9524	Q9P1W8
9525	Q14254
9526	Q9UNN5
9527	Q9Y4C1
9528	Q8IYF1
9529	Q13515
9530	Q6VAB6
9531	Q9HCE5
9532	P52747
9533	Q9UBW5
9534	P41235
9535	Q8NI17
9536	Q9UBQ0
9537	Q7L4S7
9538	Q9Y6A5
9539	P01733
9540	Q9UHF1
9541	Q86U06
9542	P55064
9543	Q9NTG7
9544	P0CG40
9545	Q6ZU65
9546	Q9HCD5
9547	Q96C28
9548	Q8IZV2
9549	Q8WXE1
9550	Q96LT9
9551	Q9HC44
9552	Q8TDN1
9553	Q9Y259
9554	Q9UGU0
9555	Q9BRL6
9556	A0A0B4J249
9557	Q8TAS1
9558	Q96N46
9559	Q9NR22
9560	Q8TB69
9561	Q9NWU1
9562	Q8NDW4
9563	Q86T82
9564	Q86SX3
9565	Q8N6D2
9566	Q96RS6
9567	Q9NXE4
9568	Q9UHJ9
9569	Q8WXX7
9570	Q9UPZ6
9571	Q8NBJ7
9572	Q14166
9573	Q14554
9574	Q2NL98
9575	Q86XP1
9576	Q9HCH5
9577	O43390
9578	Q96LB0
9579	Q6UW15
9580	Q70UQ0
9581	Q14258
9582	Q9HC98
9583	Q9H8M1
9584	Q96IZ5
9585	Q9NYA4
9586	Q9BXV9
9587	Q8N5P1
9588	Q96MM3
9589	Q5BJF2
9590	Q9H1Z9
9591	Q9Y679
9592	Q8WTX7
9593	Q03167
9594	Q2VIQ3
9595	P16233
9596	Q9UHQ7
9597	Q9NRZ7
9598	Q9Y2Q3
9599	Q3ZLR7
9600	O60356
9601	Q8IW75
9602	Q06210
9603	Q8IYQ7
9604	Q9NVA1
9605	Q9NTU4
9606	P29622
9607	Q9NQL9
9608	Q8NBJ5
9609	Q92536
9610	Q8IWX8
9611	Q92824
9612	Q96P09
9613	Q9BQ83
9614	Q9BQA1
9615	Q5FWF4
9616	Q5K4E3
9617	Q86W67
9618	Q16828
9619	Q96FE5
9620	Q8N474
9621	Q96P48
9622	P0CF51
9623	Q8TAK5
9624	Q9Y5W5
9625	Q86XK7
9626	Q9H788
9627	Q9Y5G0
9628	Q9NR20
9629	Q8IXQ3
9630	Q6UWL6
9631	Q96P65
9632	Q02818
9633	Q5VWI1
9634	Q6IQ16
9635	P63211
9636	Q7Z2W4
9637	Q14549
9638	Q16854
9639	Q12852
9640	Q9BQG1
9641	Q9Y6F9
9642	Q9BYC2
9643	Q9HC96
9644	Q8TBP0
9645	P30307
9646	Q7Z4L0
9647	Q16134
9648	Q9NQZ7
9649	Q8TAE7
9650	Q96BH1
9651	P54219
9652	Q96BX8
9653	Q14654
9654	Q93075
9655	Q5RGS3
9656	P0C7V6
9657	Q9Y272
9658	P05181
9659	P00352
9660	Q9HBU6
9661	Q96KW2
9662	Q6P7N7
9663	Q53HC5
9664	Q96HA8
9665	Q96PG8
9666	P80188
9667	Q96K12
9668	Q8N6F8
9669	Q6UXH1
9670	Q8IYP9
9671	Q00341
9672	P49590
9673	Q9BXS0
9674	Q15814
9675	Q96C36
9676	Q8N4S9
9677	A0A0B4J279
9678	Q9UBP6
9679	Q9UKT7
9680	Q6BCY4
9681	Q9C0K7
9682	Q9Y2K5
9683	Q96NY8
9684	P61812
9685	Q07960
9686	Q9H8W3
9687	Q6P1Q9
9688	Q9NQX6
9689	Q9Y463
9690	P22692
9691	Q9H2H9
9692	P17024
9693	Q9H324
9694	Q8WYQ9
9695	Q8WZ71
9696	Q16553
9697	Q13243
9698	Q9NRP2
9699	Q9BWQ6
9700	Q03721
9701	Q9BX79
9702	Q96MS0
9703	Q9NXK8
9704	Q9Y2T4
9705	Q8WU10
9706	Q96LX8
9707	Q6ZNB5
9708	Q9NX07
9709	Q9C0I9
9710	Q9C0H5
9711	Q9C010
9712	P20810
9713	Q8IYS0
9714	Q6UVW9
9715	Q9Y397
9716	Q8WUA7
9717	Q9UMX3
9718	O95202
9719	Q8TCU3
9720	Q8WUB2
9721	Q96DB2
9722	Q9UHD0
9723	Q8IWV1
9724	Q9UJJ7
9725	Q9H2C0
9726	Q96NL6
9727	Q8TEU7
9728	Q96H86
9729	P50591
9730	Q17R98
9731	Q13164
9732	P01767
9733	Q3SY89
9734	Q9BQY4
9735	Q7Z7M9
9736	Q5T6F2
9737	Q02978
9738	Q8NFW5
9739	Q8NC26
9740	Q8NBN3
9741	Q0Z7S8
9742	Q7Z5Y6
9743	Q9H1Q7
9744	Q9Y2X9
9745	Q8TD17
9746	Q9Y236
9747	Q9Y2C3
9748	Q9C0B9
9749	P13987
9750	Q9GZN0
9751	Q96HR8
9752	Q9BZS1
9753	Q9UKL3
9754	Q9P2R6
9755	Q6IPR1
9756	Q9BUM1
9757	Q3SX64
9758	Q96CX2
9759	O43609
9760	Q96NU1
9761	Q8NDF8
9762	Q9HCJ0
9763	Q7Z7G2
9764	P10635
9765	Q9UN19
9766	P98175
9767	P40197
9768	Q14123
9769	Q96LM6
9770	Q96RP9
9771	P10412
9772	Q9UKT4
9773	Q8N6Y2
9774	Q8N954
9775	Q9BQI0
9776	Q8NA23
9777	Q8N9Q2
9778	Q9P2N4
9779	P0CJ73
9780	Q9UHF0
9781	P00751
9782	Q14330
9783	Q6UXZ0
9784	Q9BY12
9785	Q9BQ61
9786	Q9NZD4
9787	Q86TA1
9788	Q9Y450
9789	Q9P0J6
9790	Q9Y222
9791	Q9UBP0
9792	Q8N142
9793	Q96SI9
9794	Q12913
9795	Q96BJ8
9796	Q7Z4P5
9797	Q96PD4
9798	Q86T96
9799	P35711
9800	Q96KC8
9801	Q9NZH8
9802	Q8WUH1
9803	Q8IWB6
9804	Q9BXJ8
9805	Q9H816
