cluster_id	node_id	protein
10919	327	Q13003
10919	4045	P42261
10919	10919	Q8IXF0
8954	349	Q8IYM1
8954	830	Q9UH03
8954	8954	Q9UHD8
8918	665	O75973
8918	721	Q86Z23
8918	8918	Q9NTU7
10870	1465	O95295
10870	2100	Q9UL45
10870	10870	Q8IYW4
10413	1653	Q15555
10413	4670	Q15691
10413	10413	Q9UPY8
11084	2327	O75556
11084	8272	Q13296
11084	11084	Q6XE38
9501	2459	Q9NVK5
9501	5247	Q9BRV8
9501	9501	Q9Y228
9725	2982	P51808
9725	3496	P63172
9725	9725	Q8WW35
11778	2	A6NFT4
11778	11778	Q6P9F0
9565	11	O60216
9565	9565	Q8TBR4
10498	12	O76071
10498	10498	Q9UHQ1
6828	15	Q96T52
6828	6828	Q969Z3
11116	18	P62424
11116	11116	Q9H329
7236	19	Q15050
7236	7236	Q9H7B2
11903	20	O95139
11903	11903	Q5BKY9
11506	23	O14802
11506	11506	Q9Y535
12072	27	A0A2R8Y422
12072	12072	Q04323
10087	28	O15212
10087	10087	Q8NCW5
10875	31	O95478
10875	10875	Q9NVX2
10869	33	O14949
10869	10869	Q9UM11
10152	36	Q01780
10152	10152	Q13901
11663	37	P08254
11663	11663	P78380
5448	47	P00533
5448	5448	O43597
8693	48	Q08708
8693	8693	Q8WWV6
5957	50	Q12770
5957	5957	P36956
8694	51	O15260
8694	8694	P24390
8695	52	P32189
8695	8695	Q14410
9164	55	O14617
9164	9164	Q9Y2T2
5570	59	P60484
5570	5570	Q5VWP2
8700	63	P24394
8700	8700	P78552
8238	67	P09172
8238	8238	P54219
8870	72	P05386
8870	8870	Q8NHW5
6810	76	O00418
6810	6810	Q9UKB1
6797	78	P32243
6797	6797	Q00444
9373	79	A8MYU2
9373	9373	Q9UGI6
11728	80	A0A075B6L2
11728	11728	A0A0K0K1G8
2183	83	Q13309
2183	2183	P20749
9116	87	Q9NR55
9116	9116	Q9UEW3
3102	92	Q66K74
3102	3102	Q92611
8880	93	Q7Z406
8880	8880	Q9UKX3
12073	102	Q4LDR2
12073	12073	Q96GL9
9111	109	P35232
9111	9111	Q99623
8722	118	Q9NP77
8722	8722	Q9ULW5
10872	125	P15814
10872	10872	P01780
8726	126	O14842
8726	8726	Q9H1C0
1715	128	O43914
1715	1715	P09693
6878	131	Q13042
6878	6878	Q7L804
12001	132	P62306
12001	12001	Q96GM8
11664	138	O60566
11664	11664	P51956
11173	140	Q7Z7A3
11173	11173	Q5TGI0
9035	141	P27487
9035	9035	Q9H246
3498	144	Q92956
3498	3498	O43557
11081	145	Q14156
11081	11081	Q9Y2G0
11130	150	P00167
11130	11130	P05181
8735	156	Q9H967
8735	8735	Q9NRZ9
11259	165	O94973
11259	11259	Q2VIQ3
8740	169	P49326
8740	8740	Q8WVZ1
10113	170	P62805
10113	10113	Q8WXX5
5922	173	O43819
5922	5922	Q07157
9750	179	P12004
9750	9750	Q9NS91
8744	181	Q53GG5
8744	8744	Q5M775
7254	183	Q8N5M4
7254	7254	Q96DE5
10488	184	O75817
10488	10488	Q9P2D0
3099	185	Q07912
3099	3099	P46109
8746	187	P01019
8746	8746	Q14767
10923	188	P52566
10923	10923	Q8WUD1
9454	191	P19022
9454	9454	Q8IYP2
5937	192	P08887
5937	5937	P05231
10776	193	O00330
10776	10776	Q9Y6E7
6619	199	Q15485
6619	6619	Q13574
12227	201	O95678
12227	12227	Q9BT49
8859	205	P60468
8859	8859	Q9UGP8
748	207	Q52WX2
748	748	Q15678
6386	212	Q86UW9
6386	6386	Q8NHG8
8751	213	Q7Z5U6
8751	8751	Q99680
9438	219	Q16637
9438	9438	Q96DB2
7550	221	P31431
7550	7550	Q86XK7
6836	227	Q8NEF9
6836	6836	Q5FYB1
2340	229	O75293
2340	2340	O43463
7108	230	Q6ZSC3
7108	7108	Q8TDB6
8022	231	Q7Z4N2
8022	8022	Q9HCF6
10780	238	O95273
10780	10780	Q15973
11975	242	P46100
11975	11975	Q8NFU5
9503	243	P35221
9503	9503	Q9UKE5
5614	245	P09661
5614	5614	P09012
4235	246	O14625
4235	4235	P13501
12020	247	P15907
12020	12020	Q16478
8240	251	P50402
8240	8240	P84157
8764	261	O60290
8764	8764	Q8N7Z5
12235	263	O60524
12235	12235	Q6ZWL3
5431	264	Q13190
5431	5431	Q587I9
5644	268	P01137
5644	5644	P30411
5996	269	P60321
5996	5996	O75347
8770	277	Q6P3S6
8770	8770	Q86X27
7046	280	P58557
7046	7046	Q8IYQ7
11646	281	O60487
11646	11646	O60635
1320	288	Q15388
1320	1320	Q9BQS8
11861	291	P16104
11861	11861	P58876
12009	292	Q9H2F5
12009	12009	Q9UK53
9399	293	O43609
9399	9399	O95372
10449	294	P35658
10449	10449	Q9NUU7
8779	296	P80217
8779	8779	Q13287
11853	297	Q53H80
11853	11853	Q9H9L7
10452	300	P62995
10452	10452	Q9BPZ3
11063	305	P82932
11063	11063	Q96DP5
11965	314	P10599
11965	11965	Q96T51
10560	319	Q06265
10560	10560	Q9Y3B2
5307	320	P38398
5307	5307	Q99728
8791	333	Q9NQC7
8791	8791	Q9UM82
9766	334	O15335
9766	9766	Q9NS85
8846	337	Q68CZ1
8846	8846	Q96T37
10219	345	Q96A72
10219	10219	Q9NWV4
9133	347	Q7L5N1
9133	9133	Q9UNS2
11123	351	Q86X95
11123	11123	Q8TA86
10906	366	Q4G0X9
10906	10906	Q96JM4
7158	368	P0DMN0
7158	7158	Q6IMI6
11003	369	P17948
11003	11003	Q9GZQ6
7179	376	Q8IY57
7179	7179	Q9HAH7
11286	379	P61513
11286	11286	Q9UG63
11959	385	O14561
11959	11959	O43325
12184	389	O95167
12184	12184	P10620
7120	390	Q13501
7120	7120	O75052
9689	391	Q13283
9689	9689	Q9Y446
7184	392	A0JD37
7184	7184	A0A0K0K1A3
8811	394	Q13601
8811	8811	Q9BRU9
11883	397	Q53H12
11883	11883	Q9Y584
10814	401	O15131
10814	10814	Q8WUJ0
10307	403	O00505
10307	10307	Q9H8W3
9515	405	O43674
9515	9515	Q9Y6M9
9978	409	P36405
9978	9978	Q8NBA8
8813	410	Q99459
8813	8813	Q9UMS4
10289	412	P19237
10289	10289	Q9NYL9
1977	413	P41002
1977	1977	P0C2W1
10799	415	Q9NX40
10799	10799	Q9Y680
11934	418	P12544
11934	11934	Q9Y6N3
3952	419	P26678
3952	3952	P54709
11787	434	O60500
11787	11787	Q6UWL6
3563	435	O14901
3563	3563	P57682
8827	438	Q12980
8827	8827	Q8WTW4
6265	445	Q9NUH8
6265	6265	Q2M3R5
3731	450	Q8WXH5
3731	3731	Q13569
5522	451	P09486
5522	5522	O95428
9117	455	O60543
9117	9117	Q96AQ7
8823	456	Q14203
8823	8823	Q9BUB5
8837	457	Q6ZTQ4
8837	8837	Q9Y6X4
11765	465	A1KZ92
11765	11765	Q7LC44
8563	466	Q12798
8563	8563	P18509
10076	467	P68431
10076	10076	Q8N806
9572	470	O43447
9572	9572	O75554
10487	471	P41221
10487	10487	Q9UBV4
957	473	O00468
957	957	Q16832
546	474	Q8NFP4
546	546	Q5VX71
9576	476	P84103
9576	9576	Q92522
11534	480	O00267
11534	11534	O75391
9296	482	P27449
9296	9296	Q8N6D2
8845	483	Q96AQ8
8845	8845	Q9GZT6
9292	485	P62277
9292	9292	Q9Y2R4
2528	486	O00198
2528	2528	P10415
8084	493	Q02878
8084	8084	P50607
8886	494	Q09472
8886	8886	Q9Y3Y2
8851	498	P23526
8851	8851	Q9BV19
10734	501	O95400
10734	10734	Q9Y6X3
10480	502	A6NMX2
10480	10480	P19622
9460	505	P15954
9460	9460	Q9BQT9
10637	509	O15455
10637	10637	P58753
11465	516	P29375
11465	11465	Q9Y4X4
2812	519	B2RUZ4
2812	2812	C9JQL5
7123	520	Q9H6Z9
7123	7123	Q96GY0
10499	522	Q16543
10499	10499	Q9UKY7
9063	524	P47900
9063	9063	Q9NQ84
2843	528	Q9BZL3
2843	2843	H3BR10
9528	529	O60341
9528	9528	Q9UKL0
7273	536	Q8N8F7
7273	7273	Q8N112
11477	537	P56182
11477	11477	Q9H4X1
8869	544	P19397
8869	8869	Q6UX34
11164	547	O95391
11164	11164	Q9H2H8
10900	553	O00602
10900	10900	Q9Y2C3
11995	554	P36543
11995	11995	Q96LB4
11370	555	Q7Z7B7
11370	11370	Q8WTQ1
9581	558	Q7Z4H7
9581	9581	Q9NVX0
11488	559	Q96AW1
11488	11488	Q9NX94
9281	560	O00258
9281	9281	Q9UBP0
1414	562	P00403
1414	1414	Q96A26
2338	564	P01588
2338	2338	P19235
8804	565	A0A096LP55
8804	8804	Q9NS18
9514	566	P13164
9514	9514	Q6UXD1
10530	567	O15164
10530	10530	Q96PU8
5090	569	P33947
5090	5090	O15258
10997	570	P54845
10997	10997	Q99417
1618	572	Q53F19
1618	1618	Q96J01
11104	576	Q96L50
11104	11104	Q9H5I1
12015	578	Q01362
12015	12015	Q6UXG3
7984	585	Q04637
7984	7984	Q14240
11566	590	P24941
11566	11566	Q5T5M9
9051	591	O14818
9051	9051	P10768
7488	597	P42677
7488	7488	Q8N118
1663	606	E9PQ53
1663	1663	O43677
7190	610	P37173
7190	7190	Q13705
8196	617	P05556
8196	8196	P26012
2870	619	P07492
2870	2870	Q4J6C6
8889	622	O60565
8889	8889	Q9H772
11682	624	Q96QG7
11682	11682	Q9Y216
11579	626	Q86TS9
11579	11579	Q9UNZ5
5769	628	P61073
5769	5769	P08833
8830	631	O15270
8830	8830	Q9P0S3
10262	635	Q8WXD5
10262	10262	Q6P5Z2
12205	637	P01732
12205	12205	P10966
6077	639	Q07011
6077	6077	P41273
4085	643	P04234
4085	4085	P0DKX4
11766	650	O60826
11766	11766	Q8TCE6
12187	651	P28715
12187	12187	Q9H3H5
3540	654	Q4KMG9
3540	3540	P42857
11774	662	P02452
11774	11774	P50454
8541	667	O60231
8541	8541	Q8TAU0
10571	669	O75529
10571	10571	Q3ZLR7
8904	672	A0A1B0GVX0
8904	8904	Q9P2W3
4252	682	Q8NEN9
4252	4252	Q9BZB8
12288	684	P56192
12288	12288	Q9UBC5
4903	687	O75581
4903	4903	O95672
8911	696	O95727
8911	8911	Q14330
11127	697	Q96KN7
11127	11127	Q9P0W8
8107	698	P62826
8107	8107	P43487
10902	699	O75594
10902	10902	Q9H756
7760	702	P27824
7760	7760	Q96G23
5276	706	Q6DKK2
5276	5276	Q9NPG4
11614	713	O00206
11614	11614	Q92752
12150	723	Q66GS9
12150	12150	Q99550
8259	725	Q96AG4
8259	8259	P58546
2774	729	Q15399
2774	2774	Q6NUQ4
9491	737	Q13496
9491	9491	Q9C0I1
4914	741	O60938
4914	4914	Q6FHJ7
1899	743	Q13332
1899	1899	P47211
12190	749	Q2HXU8
12190	12190	Q8NGE0
3146	754	P82921
3146	3146	P82912
5574	758	Q05048
5574	5574	P35637
11800	770	O95182
11800	11800	Q14249
11311	773	O95471
11311	11311	P09758
8933	776	P09923
8933	8933	P10696
9510	777	Q9BSJ2
9510	9510	Q9UGJ1
5135	782	P47914
5135	5135	P46776
2153	784	O43520
2153	2153	Q3MIR4
10942	785	O95831
10942	10942	Q8N4Q1
8937	789	Q96K21
8937	8937	Q9BYJ9
7221	790	P38432
7221	7221	O14735
10840	795	O14578
10840	10840	P10412
9655	796	P54802
9655	9655	Q9UK23
3456	798	O14950
3456	3456	P19105
3274	799	P40337
3274	3274	O14508
11119	804	Q14137
11119	11119	Q9GZL7
7840	805	Q9UBK9
7840	7840	O76083
10454	815	O15541
10454	10454	Q9P021
8949	819	Q9BR61
8949	8949	Q9NYR9
10783	821	Q0VFZ6
10783	10783	Q8TC29
8584	822	Q6TFL4
8584	8584	Q9H2C0
11337	828	P61088
11337	11337	Q13404
7189	833	Q9BQC6
7189	7189	Q8TCC3
11329	834	Q8IX90
11329	11329	Q96BD8
5324	835	Q16539
5324	5324	Q16644
5010	836	Q12873
5010	5010	O75956
8989	841	O43395
8989	8989	Q9Y3B4
9674	845	Q14692
9674	9674	Q9BRS2
9998	847	O95292
9998	9998	Q9P0L0
11929	854	Q13188
11929	11929	Q86WH2
4881	861	P20827
4881	4881	P52798
11183	864	Q06141
11183	11183	Q16609
8855	868	P00414
8855	8855	Q9P298
6782	869	P08034
6782	6782	Q8N144
12271	870	A0A0B4J244
12271	12271	P01763
11445	873	P06850
11445	11445	Q969E3
5727	879	P61086
5727	5727	Q9P0P0
8968	882	Q8IY63
8968	8968	Q9GZV5
8688	886	Q969Q0
8688	8688	Q9NVU7
8914	887	Q92902
8914	8914	Q9NQG7
11717	889	A0A0A0MS00
11717	11717	A0A0C4DH43
9259	891	Q86UY6
9259	9259	Q8TB72
8973	895	P55011
8973	8973	Q13621
8974	896	Q6NXT6
8974	8974	Q9UBS9
11562	901	A6NCQ9
11562	11562	Q8NGY1
1459	905	Q96G30
1459	1459	O60894
11601	906	Q14008
11601	11601	Q9Y6A5
8283	908	P08962
8283	8283	A6NNB3
8597	910	P13688
8597	8597	Q5T292
10561	911	P15923
10561	10561	P19532
9083	912	Q99807
9083	9083	Q9UBX0
4931	914	O00423
4931	4931	Q9HC35
10358	917	Q15831
10358	10358	Q9GZT9
5149	921	O75051
5149	5149	Q9HCM2
12004	926	Q08334
12004	12004	Q8NGJ9
6924	928	O75396
6924	6924	Q8WVM8
11512	951	O60504
11512	11512	Q9H4S2
10315	954	Q16595
10315	10315	Q9UN19
11726	958	Q8NEW7
11726	11726	Q9UKI2
10898	967	Q00722
10898	10898	Q9NQ66
9954	969	P08247
9954	9954	Q8TBG9
8994	970	Q92535
8994	8994	Q9H2C2
8995	971	Q9BWT6
8995	8995	Q9P2W1
9193	973	O75083
9193	9193	Q9Y281
12043	974	P49755
12043	12043	P80303
12276	975	Q9BXB1
12276	12276	Q9NS93
6194	977	P08238
6194	6194	E7EU14
10938	983	O60244
10938	10938	Q9NWA0
10215	984	O60573
10215	10215	O75420
5927	991	Q05397
5927	5927	Q14289
6785	992	P20674
6785	6785	Q5VUM1
9738	1002	Q8IZD4
9738	9738	Q9NPI6
8046	1008	Q05086
8046	8046	P51784
10027	1017	Q5HYK3
10027	10027	Q96I23
8495	1020	O94906
8495	8495	Q8WWY3
9185	1024	P13010
9185	9185	Q8IW19
9012	1027	Q69YU5
9012	9012	Q8WVI0
10543	1028	P43699
10543	10543	Q96KW2
10622	1029	Q9ULW3
10622	10622	Q9Y6V7
11806	1032	Q6NUQ1
11806	11806	Q9UFG5
11816	1033	A1L190
11816	11816	Q9NTX9
8169	1035	P56962
8169	8169	Q5SQN1
9018	1040	P08910
9018	9018	P51512
11753	1041	Q16585
11753	11753	Q8IW00
9023	1053	O94992
9023	9023	Q9Y2W1
8832	1058	Q13895
8832	8832	Q9Y6W6
12154	1063	O95429
12154	12154	Q8TDC0
3693	1071	Q00059
3693	3693	Q9P031
8848	1075	Q99471
8848	8848	Q9NQP4
11190	1081	O75197
11190	11190	Q9Y6F9
9034	1082	Q7Z2W7
9034	9034	Q8TD43
8445	1086	Q14839
8445	8445	Q01433
10819	1091	P15515
10819	10819	Q8TAX7
6665	1092	P02763
6665	6665	P19652
11112	1101	Q5RL73
11112	11112	Q9H6L4
3488	1104	Q0VAM2
3488	3488	Q9NR12
1845	1107	P49137
1845	1845	O15264
9697	1108	P31025
9697	9697	Q86SQ4
8033	1113	P34925
8033	8033	Q96PE1
10659	1115	P01135
10659	10659	P25116
9792	1116	P48201
9792	9792	Q9NWH2
8270	1118	Q6ZNX1
8270	8270	Q86V20
9914	1120	O43889
9914	9914	Q2NL98
9052	1121	O95881
9052	9052	P21964
9482	1123	P06576
9482	9482	P48047
8147	1130	P53621
8147	8147	O14579
11632	1132	Q9P0K1
11632	11632	Q9Y5I1
9048	1134	O96013
9048	9048	Q6NXS1
9874	1136	Q99426
9874	9874	Q9BVA1
11785	1140	P26196
11785	11785	Q9BX40
9192	1151	O75190
9192	9192	Q6ZTN6
9114	1154	O75792
9114	9114	Q8TDP1
11563	1158	Q99755
11563	11563	Q96IS3
9308	1164	O15355
9308	9308	Q16851
10270	1171	P05412
10270	10270	Q99612
9913	1173	Q8NC60
9913	9913	Q8WVM0
11499	1174	P05109
11499	11499	Q5W186
10082	1182	P49790
10082	10082	Q9UKX7
9411	1190	O95707
9411	9411	Q99575
11743	1196	P40189
11743	11743	Q9Y251
10514	1197	P26715
10514	10514	Q8NBI2
3685	1198	O15228
3685	3685	O00116
1958	1200	P62888
1958	1958	P61353
9070	1204	P61009
9070	9070	Q9Y6A9
9287	1206	P43146
9287	9287	P59510
8513	1208	Q6P2P2
8513	8513	Q8N490
11617	1212	P08069
11617	11617	P35568
11891	1221	P22001
11891	11891	Q16322
9075	1223	Q9BT04
9075	9075	Q9ULD6
9076	1227	O00264
9076	9076	P10632
3024	1228	P99999
3024	3024	Q9NYJ1
3733	1232	O00526
3733	3733	P35247
6006	1234	Q16552
6006	6006	P0CG36
5365	1237	Q8WUX2
5365	5365	P36269
6423	1250	P07686
6423	6423	P06865
10675	1258	O43169
10675	10675	Q6NT55
11623	1262	Q8WVL7
11623	11623	Q9UIM3
7281	1264	Q9H6L2
7281	7281	Q6NUS6
9096	1267	O00512
9096	9096	Q9BRQ0
11330	1269	P01834
11330	11330	P11465
11296	1273	P08575
11296	11296	P51124
6365	1276	Q9BQ48
6365	6365	Q6NVY1
5655	1285	Q8N5H3
5655	5655	Q7RTS3
7915	1287	Q9BYZ8
7915	7915	P32246
9648	1290	P16410
9648	9648	Q01726
10916	1291	Q5TGZ0
10916	10916	Q9NX63
11727	1296	P14770
11727	11727	Q6ZWK6
6129	1297	Q15047
6129	6129	Q96T68
10178	1300	O14649
10178	10178	Q8TDN2
9992	1302	O43657
9992	9992	Q96SJ8
10121	1304	Q10567
10121	10121	Q9Y6Q5
9101	1308	P30405
9101	9101	P51580
10534	1310	P10636
10534	10534	P26583
8329	1312	P30531
8329	8329	Q07092
12238	1326	Q13113
12238	12238	Q5BJF2
11067	1333	P29320
11067	11067	Q15699
9948	1340	Q3B726
9948	9948	Q9NYV6
9661	1341	P04626
9661	9661	P43657
2407	1344	Q6PD62
2407	2407	Q8WVC0
9118	1347	Q8WV07
9118	9118	Q9NRH1
4838	1351	O95837
4838	4838	Q5JWF2
9121	1354	O15315
9121	9121	Q9H6F5
12097	1358	Q8N511
12097	12097	Q96EP9
8132	1367	P01709
8132	8132	A0A0C4DH36
9812	1371	Q96FW1
9812	9812	Q9Y385
8988	1372	P14867
8988	8988	Q9UN88
8136	1374	P13073
8136	8136	Q7Z4L0
10860	1376	Q5T655
10860	10860	Q9NQ48
7323	1378	P18615
7323	7323	Q96NB3
9676	1379	P32322
9676	9676	Q96C36
12099	1381	O14494
12099	12099	O43688
9128	1382	P57057
9128	9128	Q8N0Z9
9130	1384	Q96EM0
9130	9130	Q9Y546
10680	1385	Q7Z2W9
10680	10680	Q9H9Z2
9909	1386	P61204
9909	9909	Q9NRD0
11395	1397	Q86UC2
11395	11395	Q96MA6
9840	1401	P05496
9840	9840	Q9P003
11012	1407	P61962
11012	11012	Q9Y463
2554	1409	P57086
2554	2554	Q96IT1
9432	1410	P25791
9432	9432	Q8TBJ5
8451	1411	Q9H1I8
8451	8451	Q9UBT6
10017	1417	Q6PID6
10017	10017	Q9UIE0
9068	1421	P41091
9068	9068	Q2VIR3
12118	1431	P04004
12118	12118	P05546
12226	1434	P16157
12226	12226	Q8N4Z0
8680	1446	Q8NEJ9
8680	8680	Q5C9Z4
9917	1452	P13051
9917	9917	Q96Q83
9836	1453	Q5BKX8
9836	9836	Q969G5
9506	1463	O43765
9506	9506	Q96EQ0
11177	1468	Q01974
11177	11177	Q86SR1
9258	1473	Q96CF2
9258	9258	Q9H444
9542	1474	P30622
9542	9542	Q9ULH0
9156	1479	Q53S58
9156	9156	Q9UBV7
4606	1487	Q9H2K8
4606	4606	Q9UL54
9162	1489	P48023
9162	9162	Q9Y275
11099	1491	O00401
11099	11099	Q8TF74
3847	1494	Q969F0
3847	3847	Q562F6
9943	1499	Q8NFD5
9943	9943	Q9NX31
11879	1514	O75909
11879	11879	Q15560
9173	1516	Q8NFR9
9173	9173	Q9P0M4
6444	1526	Q8NFH4
6444	6444	Q8WYP5
5953	1527	Q13435
5953	5953	Q15427
9407	1528	P61769
9407	9407	Q29980
9177	1533	A0A0K2S4Q6
9177	9177	Q96QH8
9776	1535	P47974
9776	9776	Q15652
11830	1539	Q14197
11830	11830	Q9H7H0
12132	1540	P62750
12132	12132	Q9Y3A5
6821	1544	O60291
6821	6821	Q9UKV5
4557	1545	A2RUB6
4557	4557	O60308
9866	1546	O00233
9866	9866	Q16401
8758	1548	P49768
8758	8758	Q9NZ42
8736	1554	Q5VIR6
8736	8736	Q9P1Q0
10230	1568	P43681
10230	10230	Q15825
8645	1575	Q92738
8645	8645	Q92928
6860	1583	Q8NCF5
6860	6860	P49914
3921	1584	Q8N488
3921	3921	O14753
5267	1600	Q14318
5267	5267	P25089
8955	1605	Q15836
8955	8955	Q8N4C7
10847	1606	P30153
10847	10847	Q66LE6
11032	1613	O75976
11032	11032	Q8WU20
2605	1615	P05413
2605	2605	Q14995
11569	1616	P21860
11569	11569	Q8N3J5
2735	1621	P98066
2735	2735	P02760
10119	1627	P42574
10119	10119	Q92851
11157	1630	P84074
11157	11157	Q86WK7
10833	1631	P20290
10833	10833	Q9BZK3
9209	1633	Q9BPY8
9209	9209	Q9NPJ3
9210	1634	Q96FL9
9210	9210	Q9UBX7
9211	1636	P09525
9211	9211	P20073
11980	1638	Q3YBR2
11980	11980	Q9H324
9168	1640	P26368
9168	9168	Q8WU68
11801	1646	P21730
11801	11801	Q93091
9975	1647	O15116
9975	9975	Q9Y4Z0
8884	1649	Q96C00
8884	8884	Q96RE7
6261	1650	Q6ICB0
6261	6261	Q96R05
8903	1661	Q96A65
8903	8903	Q9Y2D4
8199	1662	Q99828
8199	8199	Q7Z402
7315	1666	Q9BXT6
7315	7315	Q8WWH4
7980	1671	Q96CJ1
7980	7980	Q9HB65
6549	1672	P35612
6549	6549	P35611
7905	1676	Q9UJ41
7905	7905	Q9H5N1
8439	1679	Q5JRA6
8439	8439	Q9HBU6
8319	1686	P61313
8319	8319	Q13610
11905	1691	P10109
11905	11905	Q99798
8944	1696	O75381
8944	8944	Q92968
10378	1700	O95983
10378	10378	Q9NRM2
9235	1701	Q8IWT6
9235	9235	Q8TDW0
9295	1702	Q8TD86
9295	9295	Q9UQM7
9933	1708	O00716
9933	9933	Q5H9I0
8242	1711	P62330
8242	8242	Q92575
7932	1713	Q9UJX4
7932	7932	Q9UJX5
11153	1716	P18827
11153	11153	Q9UNN8
12138	1717	O94826
12138	12138	Q9UKB3
11493	1718	P20042
11493	11493	Q7L1Q6
11940	1719	Q99757
11940	11940	Q9P1F3
8935	1725	Q5TKA1
8935	8935	Q9Y4I5
10925	1727	Q7KZN9
10925	10925	Q9NNZ3
9249	1739	P63220
9249	9249	Q9UM13
11971	1745	Q96LK0
11971	11971	Q9UBK7
9649	1746	O95994
9649	9649	P30085
8888	1749	Q9NYL2
8888	8888	Q9Y5K6
2332	1750	A0A0A0MS14
2332	2332	A0A087WT03
6877	1753	P35250
6877	6877	Q8WVB6
11264	1754	Q7Z4R8
11264	11264	Q9Y6X1
2615	1756	O00562
2615	2615	Q96G04
11886	1758	P46379
11886	11886	Q8N7F7
10692	1759	Q8NER1
10692	10692	Q8NET8
6847	1772	Q8N4K4
6847	6847	P60606
9257	1776	Q9P013
9257	9257	Q9Y314
6692	1779	Q96BT3
6692	6692	Q5EE01
9159	1782	O60602
9159	9159	Q96DT0
2047	1783	P40429
2047	2047	P32969
10250	1790	Q86X19
10250	10250	Q9NPI0
9246	1798	P06753
9246	9246	P67936
9298	1800	Q99496
9298	9298	Q9UQR0
12148	1801	P55795
12148	12148	Q32M88
5537	1804	Q8N131
5537	5537	P80370
9275	1805	P63165
9275	9275	Q9Y6X2
2547	1806	Q13651
2547	2547	P22301
10393	1809	Q8NAV1
10393	10393	Q96NC0
8668	1812	Q6P656
8668	8668	Q9H4K1
9310	1824	Q5VV43
9310	9310	Q9H5K3
7038	1826	P01889
7038	7038	A0A075B6N4
9270	1832	A8MZ59
9270	9270	Q8N5W8
9273	1837	Q9BVL2
9273	9273	Q9H1M0
10749	1842	P53539
10749	10749	Q08117
10186	1844	Q7RTX7
10186	10186	Q9H7T0
10054	1850	Q96S15
10054	10054	Q9NXC5
8817	1855	Q0P5N6
8817	8817	Q9Y4G8
9644	1859	P62072
9644	9644	Q9Y5L4
9280	1863	P00746
9280	9280	Q16627
9284	1872	Q8N3G9
9284	9284	Q96RP7
9710	1879	Q86U42
9710	9710	Q9P2N5
7508	1886	Q7L014
7508	7508	Q92804
6397	1888	Q5T0U0
6397	6397	Q8N0S2
6713	1898	O94979
6713	6713	Q9UBS8
3673	1905	P0C6T2
3673	3673	Q86YJ5
9297	1907	Q8WVY7
9297	9297	Q9H4A6
11059	1909	O60603
11059	11059	Q9BXR5
7868	1910	A0A087WSY4
7868	7868	A0A0B4J237
7202	1912	Q86V81
7202	7202	Q01844
12252	1914	A2RU14
12252	12252	P34981
11736	1919	Q07325
11736	11736	Q6ISS4
4198	1921	Q15061
4198	4198	Q8IWA0
7055	1922	Q9H668
7055	7055	Q86WV5
6379	1926	Q9HCG8
6379	6379	Q8TBK6
10491	1930	Q3T906
10491	10491	Q9UJJ9
9309	1932	P01615
9309	9309	P0DP02
12047	1937	P35613
12047	12047	Q9H6Z4
7193	1942	P18754
7193	7193	Q86YS6
3835	1943	P78357
3835	3835	O94856
11882	1944	Q8IY92
11882	11882	Q9BQ83
11982	1947	A0A075B6R0
11982	11982	A0JD36
8828	1951	Q15697
8828	8828	Q9Y5A6
11214	1953	Q6MZW2
11214	11214	Q9H3U7
4480	1957	O00463
4480	4480	Q13114
11254	1963	O14880
11254	11254	Q99735
10706	1965	P23396
10706	10706	P62273
10805	1967	O95159
10805	10805	Q96QD8
10674	1969	Q99816
10674	10674	Q9H9H4
5810	1972	Q13084
5810	5810	Q9BYD2
5015	1974	Q13573
5015	5015	O60870
9324	1975	Q5BKU9
9324	9324	Q96GJ1
9326	1978	P32019
9326	9326	Q8NH42
10486	1981	P24863
10486	10486	Q9BWU1
8243	1985	Q3T8J9
8243	8243	Q96RY5
9328	1987	A6NJB7
9328	9328	Q8N815
9331	1995	Q15118
9331	9331	Q16654
6068	1996	Q969J3
6068	6068	Q8NH95
6362	1998	P03979
6362	6362	A0A0J9YXY3
12258	2002	Q15369
12258	12258	Q8NG57
7525	2006	Q9NXR7
7525	7525	Q6UWZ7
6954	2009	O95196
6954	6954	Q8IZV2
10099	2010	A0FGR8
10099	10099	Q9BSJ8
6787	2011	Q9BQG1
6787	6787	Q5T7P8
9610	2012	P05408
9610	9610	P16519
10671	2015	O60318
10671	10671	Q8IXL9
10510	2022	Q15131
10510	10510	Q96N46
11234	2023	Q6IAA8
11234	11234	Q6ZSJ8
11599	2024	P10147
11599	11599	Q6UXN2
9783	2027	P51531
9783	9783	Q96GM5
11945	2033	O75911
11945	11945	Q8IZV5
7611	2036	Q86YT9
7611	7611	Q01629
7511	2039	O75344
7511	7511	Q587J7
11635	2046	Q8WTS1
11635	11635	Q9NST1
2082	2056	P49588
2082	2082	P63146
3763	2057	P40818
3763	3763	Q96RU2
9216	2060	O75717
9216	9216	Q9UQE7
9347	2065	Q86U44
9347	9347	Q9HCE5
7801	2067	Q15696
7801	7801	Q70Z53
5983	2072	Q9UNX4
5983	5983	Q9BQ75
9352	2078	Q15013
9352	9352	Q15645
10357	2092	Q68DU8
10357	10357	Q6ZWB6
9356	2093	Q96FZ5
9356	9356	Q96IZ2
5936	2094	P02741
5936	5936	P02743
10940	2096	O94813
10940	10940	Q96MS0
9340	2103	Q92547
9340	9340	Q9NYP3
11080	2104	Q08722
11080	11080	Q9H106
10627	2106	P05161
10627	10627	Q3LFD5
3630	2107	Q6ZU80
3630	3630	Q49A88
10086	2114	P41223
10086	10086	Q9Y536
9364	2116	P15248
9364	9364	Q01113
8602	2117	Q9ULD4
8602	8602	Q8WYB5
4864	2118	P55735
4864	4864	Q96JE7
11309	2127	P55036
11309	11309	Q9GZP4
6217	2137	Q9H1D9
6217	6217	Q9H063
8625	2141	Q92674
8625	8625	Q9H3R5
11796	2142	Q86X24
11796	11796	Q8N4E4
9379	2146	P43166
9379	9379	Q6ICL3
10411	2147	O14498
10411	10411	P51654
10802	2148	O43715
10802	10802	Q96N28
8551	2155	O75150
8551	8551	Q9BTA9
9224	2156	P29122
9224	9224	Q92824
4845	2157	P20248
4845	4845	P30279
8106	2159	O75787
8106	8106	Q15904
9487	2161	P60604
9487	9487	Q9Y679
9544	2165	P49770
9544	9544	Q9UI10
11225	2166	P0C7P4
11225	11225	Q9H7Z7
5741	2168	Q01628
5741	5741	P09912
10742	2172	P16619
10742	10742	Q9BYJ0
6204	2181	Q9BWL3
6204	6204	Q9P2E8
9393	2189	Q8NFJ5
9393	9393	Q9H3R2
5534	2195	Q04206
5534	5534	Q01201
2819	2196	P46781
2819	2819	Q13206
5257	2198	O75528
5257	5257	Q92830
12147	2202	O14976
12147	12147	P57729
9664	2203	O14775
9664	9664	P49758
9402	2204	Q92466
9402	9402	Q9NRX4
11938	2209	O15504
11938	11938	Q8NA72
5153	2212	Q8IZX4
5153	5153	A0A1W2PR64
5014	2216	A6NED2
5014	5014	Q8N371
10863	2218	O75031
10863	10863	Q3SX64
10998	2219	P43308
10998	10998	Q9Y2B0
4201	2221	O00584
4201	4201	O75951
4231	2230	P18847
4231	4231	P09238
6622	2235	P62318
6622	6622	Q9UDW3
12215	2241	P11912
12215	12215	Q9NUM3
10784	2242	Q5QP82
10784	10784	Q99538
2248	2244	Q9NQ50
2248	2248	Q96GC5
10679	2245	Q92797
10679	10679	Q9UKF6
10269	2257	O75143
10269	10269	Q7Z3C6
8223	2258	Q14152
8223	8223	Q99613
2363	2270	P84095
2363	2363	P49427
11307	2274	P20774
11307	11307	Q9H1C3
9683	2277	A0A0B4J1U4
9683	9683	P0DPF7
10125	2281	Q13889
10125	10125	Q6P1K8
10428	2282	Q15466
10428	10428	Q9NR96
9435	2283	P09104
9435	9435	P13929
10539	2295	O43583
10539	10539	Q9ULC4
11368	2300	O60333
11368	11368	Q12756
4661	2302	Q96B45
4661	4661	O95415
9441	2305	Q9Y6H6
9441	9441	Q9Y6J6
9443	2309	Q15181
9443	9443	Q9P2G1
9921	2316	P02724
9921	9921	Q5JX71
9450	2321	O00244
9450	9450	P35670
9448	2322	Q8ND04
9448	9448	Q9H0W8
8185	2326	O14681
8185	8185	Q7Z695
9578	2335	O75628
9578	9578	Q6ZTQ3
9929	2337	P12956
9929	9929	Q9H9Q4
12137	2342	P00709
12137	12137	Q5K4E3
10171	2346	P00492
10171	10171	Q8N9Q2
4825	2356	P14555
4825	4825	P08118
11035	2358	Q8IUA0
11035	11035	Q8WXA2
9463	2361	P49418
9463	9463	Q9UBW5
9534	2362	Q68DK7
9534	9534	Q8N5Y2
11431	2377	Q01658
11431	11431	Q14919
5786	2378	P54253
5786	5786	Q9P1W9
9465	2380	Q6ZMI0
9465	9465	Q8NB37
3857	2381	O00255
3857	3857	O75475
6479	2382	Q8WUX9
6479	6479	Q8NC56
9466	2383	Q8WZ19
9466	9466	Q9H3F6
6591	2396	Q9BXS4
6591	6591	Q96DN0
8045	2403	Q9P2K8
8045	8045	Q9P0N9
9194	2405	Q86SE5
9194	9194	Q9UKM9
7218	2408	P18887
7218	7218	P49916
10332	2411	Q00987
10332	10332	Q6PCD5
11874	2419	Q96GR4
11874	11874	Q96R47
10401	2422	P23510
10401	10401	P43489
11289	2428	O15042
11289	11289	Q9BZI1
11356	2430	P27701
11356	11356	Q14714
9488	2434	Q8IYV9
9488	9488	W5XKT8
9499	2455	Q6PUV4
9499	9499	Q9ULH1
9500	2458	Q8WW12
9500	9500	Q9BQE9
7694	2463	Q9GZP9
7694	7694	Q96Q80
11378	2466	Q70JA7
11378	11378	Q9P2E5
2845	2467	Q9H7B4
2845	2845	Q9HAZ2
11947	2470	Q6UXV4
11947	11947	Q9BWQ8
9513	2481	Q04656
9513	9513	Q969F9
10277	2486	P17181
10277	10277	Q9P0W0
11671	2488	Q7RTU7
11671	11671	Q96GI7
7320	2490	P52954
7320	7320	Q96KG9
12248	2492	P36578
12248	12248	Q15633
11115	2497	P46087
11115	11115	Q9BRJ6
3225	2500	Q00341
3225	3225	Q96A09
8278	2502	P07357
8278	8278	P07358
9045	2503	O95502
9045	9045	Q15818
10772	2504	P01903
10772	10772	Q5SRN2
10808	2510	O15537
10808	10808	Q16674
5174	2519	Q69YN2
5174	5174	Q2TBE0
11517	2527	P51970
11517	11517	Q9BRQ3
9436	2529	P07478
9436	9436	Q9BWP8
4108	2534	Q9H160
4108	4108	Q13123
9537	2537	Q9H300
9537	9537	Q9H3K2
5848	2539	Q96PB8
5848	5848	A6NNE9
7916	2540	Q9Y2Z9
7916	7916	Q9H8M1
8314	2541	Q19T08
8314	8314	A0A1B0GW64
11696	2548	Q12905
11696	11696	Q9UPR6
9508	2555	Q9NQC8
9508	9508	Q9Y366
11890	2556	O00628
11890	11890	Q5I0X4
11204	2558	P14625
11204	11204	Q9BT09
10443	2563	O43318
10443	10443	Q8N5C8
9546	2565	Q6UX53
9546	9546	Q96CP7
9174	2567	P62258
9174	9174	Q9P1Y5
9752	2570	Q96G74
9752	9752	Q9NR20
10350	2573	P62955
10350	10350	Q9NV92
11522	2574	Q86VN1
11522	11522	Q9H7E2
11085	2575	O75306
11085	11085	Q9P032
10616	2577	O60927
10616	10616	Q9UNZ2
10974	2582	Q96EC8
10974	10974	Q9BWQ6
9560	2589	Q6ZMI3
9560	9560	Q9HBL6
8909	2594	O15516
8909	8909	Q99743
6700	2595	Q9BVJ7
6700	6700	Q6IPT4
6178	2596	O96028
6178	6178	O94842
9563	2609	Q03701
9563	9563	Q9NW13
11832	2611	P08134
11832	11832	Q56UN5
5795	2616	Q9NRX6
5795	5795	Q5BJH7
11936	2619	Q12918
11936	11936	Q9UHP7
6306	2620	Q96TC7
6306	6306	Q96LZ7
5651	2621	O14593
5651	5651	Q5TZF3
8699	2622	P09341
8699	8699	Q9ULY5
7357	2625	Q86UD0
7357	7357	Q5TB30
11615	2628	A6NFU0
11615	11615	Q5T1A1
11379	2630	Q16760
11379	11379	Q86XP1
6586	2632	P56945
6586	6586	O75815
9600	2635	Q96IX5
9600	9600	Q99766
11308	2641	P13498
11308	11308	Q9Y5S8
6167	2655	P18077
6167	6167	H0Y354
3469	2660	P02549
3469	3469	Q01082
9582	2664	Q5SRD1
9582	9582	Q9Y6G1
9946	2665	O60749
9946	9946	Q9Y5X3
7407	2668	Q9H270
7407	7407	Q9P253
8133	2671	P22362
8133	8133	P51685
4128	2676	Q07817
4128	4128	Q92934
5453	2677	O15160
5453	5453	P53803
5850	2682	Q9NYM9
5850	5850	Q8WVH0
11228	2686	Q8TBP5
11228	11228	Q9UKR5
3858	2692	P23229
3858	3858	Q13683
9587	2693	Q6AZY7
9587	9587	Q70UQ0
9591	2701	Q86UN3
9591	9591	Q9BTV4
9592	2702	P54821
9592	9592	Q8TAX0
9593	2703	Q9Y230
9593	9593	Q9Y265
9595	2706	Q6P9A2
9595	9595	Q9UI40
6072	2708	Q9GZT3
6072	6072	P04049
11439	2710	Q02535
11439	11439	Q03060
6584	2713	Q06546
6584	6584	Q8TAK5
10318	2714	Q6P4F2
10318	10318	Q9UQ80
9078	2716	Q86U70
9078	9078	Q9BWW4
9602	2717	Q6UY11
9602	9602	Q9H3S5
10336	2718	P24534
10336	10336	Q9HB07
3323	2719	O75064
3323	3323	Q63ZY3
9319	2730	O43299
9319	9319	Q9NUS5
8808	2742	P25025
8808	8808	P80162
9623	2762	P17947
9623	9623	Q8WU39
9636	2763	Q8NDF8
9636	9636	Q9C0B9
10656	2771	Q71U36
10656	10656	Q5QJ74
12089	2772	O75431
12089	12089	P13378
9630	2773	Q12965
9630	9630	Q92882
10515	2779	O75394
10515	10515	Q9GZV4
11989	2785	Q6UXV0
11989	11989	Q99988
11028	2786	P52294
11028	11028	Q9Y5U2
9637	2787	P32239
9637	9637	Q9Y5F7
3699	2791	P60033
3699	3699	P19075
9157	2795	Q6Q0C0
9157	9157	Q9Y2U5
11906	2796	Q13464
11906	11906	Q2M3G4
9640	2799	O43493
9640	9640	Q8NBN3
3430	2802	P10643
3430	3430	Q8IX05
7292	2804	Q13547
7292	7292	Q8N344
9643	2805	Q96LA8
9643	9643	Q9Y365
10023	2810	Q9BXT4
10023	10023	Q9NQV5
8824	2823	P41208
8824	8824	Q2NKQ1
11388	2832	Q92696
11388	11388	Q9BVM2
7173	2833	A0A1B0GVY4
7173	7173	A0A1B0GTR0
11722	2838	O14558
11722	11722	Q9BQS6
9663	2839	Q5JSS6
9663	9663	Q96M98
10237	2841	Q99942
10237	10237	Q9NVC3
9665	2844	P41180
9665	9665	Q9BXU9
10636	2846	Q6UVK1
10636	10636	Q8N2C3
11510	2852	Q14721
11510	11510	Q9BQ31
11269	2857	Q02543
11269	11269	Q96L21
8298	2859	Q01518
8298	8298	Q562R1
10686	2862	Q96D31
10686	10686	Q9P246
11453	2864	P13224
11453	11453	Q9C0K1
10298	2867	Q00765
10298	10298	Q9NQS5
5515	2869	Q96T91
5515	5515	Q86YW7
4787	2875	O95398
4787	4787	P49407
9753	2877	O75940
9753	9753	Q7L5A3
9688	2881	P50876
9688	9688	Q96AA3
7035	2883	P50914
7035	7035	Q6PK04
11352	2887	Q8N9A8
11352	11352	Q8NGS0
9696	2892	O95171
9696	9696	Q8TAD7
10876	2895	O15146
10876	10876	Q18PE1
7285	2902	P51888
7285	7285	O43916
9699	2904	Q9H3L0
9699	9699	Q9Y4U1
10653	2905	O15078
10653	10653	Q9P209
8605	2908	Q92782
8605	8605	P31314
5615	2910	P03897
5615	5615	P03901
9701	2911	Q8IZ02
9701	9701	Q9Y2X9
7164	2912	P62917
7164	7164	A6NKH3
11391	2914	O75473
11391	11391	O94955
11270	2915	P00995
11270	11270	P04155
4822	2919	P06733
4822	4822	Q7Z422
10015	2923	Q5H9R7
10015	10015	Q9NY33
10836	2934	O43291
10836	10836	P35030
7471	2936	O15127
7471	7471	O15126
9711	2938	P27469
9711	9711	Q9Y241
11680	2939	P19387
11680	11680	Q9H1A7
4842	2941	Q5T6F0
4842	4842	Q96JK2
5342	2943	Q8IUW5
5342	5342	Q5T6X4
9893	2945	Q08209
9893	9893	Q96LZ3
3218	2947	Q13438
3218	3218	P14314
10903	2955	Q8IXM6
10903	10903	Q9UH99
11782	2957	P53611
11782	11782	Q7Z6K3
11480	2959	Q7Z5G4
11480	11480	Q9ULC8
9714	2960	P62495
9714	9714	Q8IYD1
11018	2961	Q9H1C7
11018	11018	Q9UBU3
5631	2963	P13984
5631	5631	Q71SY5
12185	2964	Q5T890
12185	12185	Q9BWK5
7752	2966	Q14722
7752	7752	Q13303
12204	2968	Q6P2H8
12204	12204	Q8NGC1
9720	2972	A6NHS7
9720	9720	Q8NGC2
10249	2973	P31040
10249	10249	Q8WV93
10493	2976	Q9H9A5
10493	10493	Q9UKZ1
4826	2978	Q7Z7C8
4826	4826	Q13148
10369	2981	Q8WYQ3
10369	10369	Q9NQZ5
10826	2985	Q7L5Y6
10826	10826	Q92519
11196	2986	Q92686
11196	11196	Q96C90
9727	2990	P49736
9727	9727	Q9Y5N6
9728	2991	P62316
9728	9728	Q8WVK2
10278	2992	Q12840
10278	10278	Q9NSK0
5709	2994	Q96J86
5709	5709	A0PJX4
11876	2996	P40616
11876	11876	Q9NUQ9
10338	2997	Q16555
10338	10338	Q9BPU6
6295	3001	Q8IY31
6295	6295	Q96AJ1
9736	3013	Q7M4L6
9736	9736	Q9H4F1
10188	3031	Q5VT52
10188	10188	Q9NQG5
9741	3034	P62263
9741	9741	Q9Y3D8
11674	3040	P02458
11674	11674	Q99983
9370	3048	A5YKK6
9370	9370	Q9NZN8
7617	3056	P38936
7617	7617	P19875
11105	3057	Q13526
11105	11105	Q96G61
5338	3058	Q6UW15
5338	5338	Q9UBY9
9970	3059	O43240
9970	9970	Q5BKY1
9566	3060	Q5RI15
9566	9566	Q8N8Q8
9002	3062	Q14155
9002	9002	Q9Y2X7
5754	3064	Q9UBV2
5754	5754	Q96DZ1
12191	3069	P23434
12191	12191	P55084
9832	3072	Q15022
9832	9832	Q9BY41
9762	3073	Q9NPC4
9762	9762	Q9P2B2
10436	3086	P05026
10436	10436	P58549
10453	3087	Q6PIL6
10453	10453	Q9BVH7
8547	3088	Q9BSE4
8547	8547	Q5I7T1
9771	3090	P49703
9771	9771	Q9Y3R0
9351	3091	P17987
9351	9351	Q99832
9375	3092	P07360
9375	9375	P13671
9773	3093	O43555
9773	9773	P01148
9775	3101	Q9H293
9775	9775	Q9NRM6
11163	3109	P0DN84
11163	11163	Q92982
9778	3111	P32320
9778	9778	P49247
12256	3115	Q6JVE5
12256	12256	Q6ZST4
7954	3121	Q5T601
7954	7954	Q6NVV3
12244	3123	Q8NB25
12244	12244	Q9BV99
4374	3124	P23193
4374	4374	O14977
9470	3126	O76094
9470	9470	Q9UHB9
5088	3127	P48509
5088	5088	P09382
7176	3128	Q8N302
7176	7176	P51843
3604	3129	Q9Y3Q8
3604	3604	O75157
9952	3144	Q05586
9952	9952	Q14957
11863	3152	Q86SK9
11863	11863	Q96MC6
10145	3156	P06732
10145	10145	P17540
11108	3160	D3W0D1
11108	11108	Q6UVW9
8540	3161	P43246
8540	8540	A4D2B8
9794	3166	P23468
9794	9794	Q9NPH3
9798	3170	Q4LDG9
9798	9798	Q5T6F2
7469	3177	O14744
7469	7469	Q9BQA1
6902	3180	Q9HD33
6902	6902	Q96A35
11162	3182	P01215
11162	11162	P0DN86
10111	3186	Q13241
10111	10111	Q9NZC2
9808	3189	A0A2R8Y4L6
9808	9808	Q9BZD7
4157	3190	Q96E29
4157	4157	A4D1E9
10229	3191	Q15116
10229	10229	Q9Y258
10740	3193	Q8IYD8
10740	10740	Q9BTP7
9813	3198	P15259
9813	9813	Q8N0Y7
4334	3200	P18825
4334	4334	P33151
11327	3206	Q9NS69
11327	11327	Q9Y6G9
8512	3212	O94827
8512	8512	Q8WVX9
10652	3217	P49918
10652	10652	Q6AHZ1
10947	3231	Q86V86
10947	10947	Q9UHB6
9827	3233	P05155
9827	9827	Q92637
8681	3234	P54368
8681	8681	Q9HD15
9829	3238	Q9NQS7
9829	9829	Q9UQB9
9831	3244	P46098
9831	9831	Q8WXA8
9835	3257	Q71RC9
9835	9835	Q9BZC5
10871	3258	P54852
10871	10871	Q96CE8
11582	3264	P78317
11582	11582	Q99720
8794	3270	P48443
8794	8794	Q9Y6Q9
11991	3275	Q8TAA5
11991	11991	Q9HAV7
9367	3277	Q96IZ0
9367	9367	Q9UQ03
10481	3289	Q08830
10481	10481	Q9Y6Z7
11780	3294	Q6Y1H2
11780	11780	Q8IXH8
9850	3303	Q5TD94
9850	9850	Q9H1X1
10110	3306	Q13591
10110	10110	Q5U3C3
8135	3309	P0C2L3
8135	8135	Q8N111
3559	3315	Q15717
3559	3559	P39687
9434	3316	Q13422
9434	9434	Q9UKT9
11581	3319	P26718
11581	11581	Q9BZM4
10897	3322	Q8NEQ5
10897	10897	Q8TDQ0
9864	3325	P83369
9864	9864	Q9UKL3
9865	3326	Q6PIJ6
9865	9865	Q8WXF8
10089	3331	Q96FX2
10089	10089	Q9UGK8
10088	3333	O76003
10088	10088	Q9H3K6
9869	3334	Q86SG2
9869	9869	Q9GZX5
9631	3339	P0C6S8
9631	9631	Q9BZA8
9462	3342	P07942
9462	9462	Q9Y6N6
9879	3355	P49321
9879	9879	Q8NC06
8658	3357	O60242
8658	8658	Q9HCJ2
11536	3361	P17980
11536	11536	P62333
9882	3364	Q9Y3C0
9882	9882	Q9Y4E1
12063	3370	P05113
12063	12063	Q01344
9886	3372	P56589
9886	9886	Q96EY1
9887	3376	P13725
9887	9887	Q99650
5532	3381	A6NK59
5532	5532	Q8TER5
7920	3386	Q7Z614
7920	7920	Q86Y33
5715	3390	O95801
5715	5715	Q9BTY7
9895	3395	P36980
9895	9895	Q03591
8001	3398	P15056
8001	8001	Q6VAB6
3447	3403	O75871
3447	3447	A0A0C4DH28
9900	3405	Q6I9Y2
9900	9900	Q96FV9
11044	3409	P25208
11044	11044	Q13952
9325	3420	Q9BRN9
9325	9325	Q9UF02
9906	3422	Q86T65
9906	9906	Q9Y4D1
11472	3429	P57087
11472	11472	Q99678
9911	3433	P21397
9911	9911	P31937
10640	3440	O43148
10640	10640	Q9BTL3
11793	3442	Q9BRT2
11793	11793	Q9NVA1
9198	3448	Q96NL1
9198	9198	Q9UHC6
7904	3454	Q9NX18
7904	7904	P18146
7098	3460	O15083
7098	7098	Q9BYT8
7220	3463	O43768
7220	7220	Q9H2G2
4964	3464	Q64LD2
4964	4964	P35080
6892	3466	P61326
6892	6892	Q13595
12096	3468	P15941
12096	12096	Q969L2
9926	3470	Q8WV44
9926	9926	Q9NWQ4
9927	3471	Q4G0J3
9927	9927	Q8N5P1
7227	3473	P35858
7227	7227	P05019
5273	3474	Q9BPX6
5273	5273	Q86XE3
9934	3481	Q86SQ9
9934	9934	Q96E22
9161	3484	Q9BYN8
9161	9161	Q9Y2R5
9695	3489	Q8TE04
9695	9695	Q9H999
11656	3497	Q13045
11656	11656	Q9Y608
7321	3499	Q14242
7321	7321	Q16625
11773	3500	O43237
11773	11773	Q9P219
6690	3502	Q8N137
6690	6690	Q8TCG1
7640	3505	Q16816
7640	7640	Q16821
7925	3506	P17509
7925	7925	Q13185
5436	3512	O14521
5436	5436	Q02127
11628	3514	P39023
11628	11628	Q96PM5
12173	3521	P47756
12173	12173	Q96KX2
5636	3526	Q9UII2
5636	5636	Q8IYX4
9059	3528	Q8IZR5
9059	9059	Q9NX76
11031	3530	P01042
11031	11031	Q6UXB8
5081	3545	A8MWY0
5081	5081	P0CG40
9030	3546	P61160
9030	9030	Q9UJU6
12135	3551	P01127
12135	12135	Q9NRA1
12038	3553	O75531
12038	12038	Q68G75
6986	3566	Q13520
6986	6986	O60831
11768	3567	O14967
11768	11768	P30040
12033	3570	O95298
12033	12033	Q9BSJ5
6791	3581	Q9BQ90
6791	6791	Q9C0D3
3738	3597	O14678
3738	3738	Q8TDY8
9723	3607	Q8N3J3
9723	9723	Q9UJA3
6553	3610	Q5SV17
6553	6553	Q6UWI2
9980	3616	Q96JN0
9980	9980	Q9UFC0
5796	3623	Q02078
5796	5796	Q14814
8816	3624	Q7L2J0
8816	8816	Q9Y6C9
7612	3634	O75718
7612	7612	Q3KP66
11808	3642	Q8N475
11808	11808	Q9Y5R2
5424	3654	Q8N1F8
5424	5424	Q8IZL9
9890	3657	Q9BRS8
9890	9890	Q9Y3F4
12060	3666	P26885
12060	12060	Q9Y2V2
10356	3672	O60519
10356	10356	Q8IUR6
6524	3675	Q8TEY5
6524	6524	Q96BA8
3932	3677	P25490
3932	3932	Q92793
10008	3689	Q9NX95
10008	10008	Q9UPT6
6387	3694	Q96C92
6387	6387	Q8NHQ8
5274	3695	P16871
5274	5274	P31785
7389	3698	Q15424
7389	7389	Q6EMK4
10921	3700	Q969Q1
10921	10921	Q9BYV6
11721	3702	Q96T54
11721	11721	Q9UMR7
10208	3704	P12643
10208	10208	Q96B86
10006	3708	Q8N0V3
10006	10006	Q9H4B0
3941	3711	P25398
3941	3941	P61254
4493	3717	Q8TE02
4493	4493	Q96EB1
7242	3720	O00626
7242	7242	P51679
11966	3721	A8MQ11
11966	11966	Q13670
12046	3741	Q6ZMZ3
12046	12046	Q96LJ8
10028	3744	P20851
10028	10028	Q99542
10029	3747	Q8IYA6
10029	10029	Q9UBU7
10030	3748	Q9UFF9
10030	10030	Q9ULM6
4814	3749	E0CX11
4814	4814	P13762
9635	3756	P35269
9635	9635	Q9Y606
10043	3760	Q8N392
10043	10043	Q96PX9
7906	3762	Q9NUP9
7906	7906	Q5T2T1
11000	3764	Q8NC42
11000	11000	Q9NY35
9756	3775	Q8IWZ3
9756	9756	Q9NRA8
3938	3778	Q9H0S4
3938	3938	Q68CQ4
10367	3787	Q9C0J9
10367	10367	Q9NX45
10055	3788	Q96SU4
10055	10055	Q9BXB5
8414	3790	Q6UXM1
8414	8414	Q96JA1
8124	3798	Q5TAT6
8124	8124	Q86Y22
11622	3802	O95684
11622	11622	Q92484
10064	3804	Q5T8I9
10064	10064	Q86XA0
9105	3810	Q9H1N7
9105	9105	Q9UIW2
5030	3818	P21583
5030	5030	P10721
10073	3821	Q3SXY8
10073	10073	Q9BXA7
9552	3825	Q06828
9552	9552	Q9UJH8
10763	3827	P06746
10763	10763	Q6ZNB5
10051	3829	Q96RQ1
10051	10051	Q9Y282
4431	3837	Q6ZW49
4431	4431	Q9NS61
11050	3842	Q15762
11050	11050	Q96NY8
12108	3848	O94777
12108	12108	Q9BQB6
10601	3852	P54725
10601	10601	Q5TDH0
4983	3854	Q9BXY4
4983	4983	B1AKI9
9993	3864	O00522
9993	9993	Q9BSQ5
9816	3871	O00743
9816	9816	Q9UPN7
11160	3881	Q5JTH9
11160	11160	Q9NSI2
9928	3883	P10646
9928	9928	Q9BXP8
5934	3885	Q9NXR8
5934	5934	Q9BTT0
11142	3888	O60883
11142	11142	Q14CZ8
9872	3889	Q7L985
9872	9872	Q9BZA7
11698	3891	Q14832
11698	11698	Q9NS40
10105	3895	Q96NT1
10105	10105	Q99733
8227	3897	Q86YP4
8227	8227	Q8NHZ7
9622	3899	Q96CU9
9622	9622	Q9NW81
10981	3901	Q8NDZ6
10981	10981	Q9UKJ5
5918	3908	P57740
5918	5918	P52952
10737	3910	P62487
10737	10737	Q9Y5B0
8799	3912	P60900
8799	8799	Q9Y244
6925	3913	Q92539
6925	6925	Q8WUD6
11401	3915	Q15208
11401	11401	Q96BX8
8503	3917	Q86U28
8503	8503	Q8WWC4
6752	3918	P78415
6752	6752	Q96LD8
9878	3920	P56524
9878	9878	Q9UQL6
6784	3928	P41236
6784	6784	P49840
10120	3930	Q96N64
10120	10120	Q9H1E5
9447	3933	P08670
9447	9447	Q9C075
11277	3934	O94880
11277	11277	Q9P0W2
10153	3957	Q96EP0
10153	10153	Q9H0F6
10953	3970	O00194
10953	10953	Q9UNE2
10147	3977	Q969Y2
10147	10147	Q9Y2Z2
10781	3986	Q8N6M9
10781	10781	Q99697
11024	3990	O43913
11024	11024	Q99741
10150	3992	Q9BSD3
10150	10150	Q9NRR1
10407	3995	Q9Y2X3
10407	10407	Q9Y324
9996	3999	P52756
9996	9996	Q9BXP5
10154	4006	Q53S33
10154	10154	Q92947
10465	4007	Q8NEJ0
10465	10465	Q9H2U2
11893	4019	Q12887
11893	11893	Q96IL0
10489	4028	O15020
10489	10489	P62942
10747	4031	Q04743
10747	10747	Q9H6I2
8558	4036	Q9H0H5
8558	8558	Q02241
10170	4038	Q9UKY4
10170	10170	Q9Y6A1
10591	4040	O60337
10591	10591	Q96J42
6801	4043	Q15303
6801	6801	Q13009
8696	4050	O75879
8696	8696	Q9H0R6
10177	4054	Q8WXS3
10177	10177	Q9UHJ6
10179	4056	O14732
10179	10179	P29218
4992	4060	Q8TBC4
4992	4992	Q15843
4088	4062	Q9ULC0
4088	4088	Q8N387
6592	4069	Q9Y285
6592	6592	Q9NSD9
6114	4070	Q8IXH7
6114	6114	Q96CB8
6557	4075	P78324
6557	6557	Q8N6L7
10928	4079	O94913
10928	10928	Q08170
10189	4082	Q6NZY4
10189	10189	Q9Y580
11218	4091	P15313
11218	11218	Q8NI08
9087	4093	P27694
9087	9087	Q9UQ88
10914	4094	Q56P03
10914	10914	Q96CW6
6315	4095	P32314
6315	6315	Q92833
5321	4102	P04637
5321	5321	Q6VMQ6
10196	4103	Q05513
10196	10196	Q9NPB6
6157	4104	Q5TA45
6157	6157	Q9NV88
7346	4110	Q96RK4
7346	7346	A8MTZ0
6521	4111	Q9UIG0
6521	6521	Q8TEK3
8323	4114	Q8TCQ1
8323	8323	Q8TEB7
10202	4119	O95992
10202	10202	Q8WVD5
8517	4122	Q5VXD3
8517	8517	Q8TED1
11064	4123	Q8N8E3
11064	11064	Q9H0A9
11649	4124	Q13227
11649	11649	Q9H9S0
6126	4125	Q9H000
6126	6126	Q14994
9951	4137	Q96ST3
9951	9951	Q9HAJ7
5716	4146	Q96EU6
5716	5716	O43818
10217	4149	P02753
10217	10217	Q9BX79
11178	4159	Q92545
11178	11178	Q9NV64
4263	4161	P41159
4263	4263	P48357
12286	4163	P53582
12286	12286	Q969T3
10228	4170	Q6NXT4
10228	10228	Q8TAD4
12034	4180	Q14657
12034	12034	Q9BXV9
5969	4181	Q96QT6
5969	5969	Q8WUU5
10235	4182	Q9H223
10235	10235	Q9NZN4
7261	4183	O60258
7261	7261	P28360
6931	4190	P29274
6931	6931	Q16620
9152	4199	P29371
9152	9152	Q86UP2
8702	4205	Q9NPA8
8702	8702	Q9P0M2
10243	4209	Q86WK6
10243	10243	Q9HCP6
10702	4211	Q15438
10702	10702	Q9Y2L6
10710	4216	Q8IYR6
10710	10710	Q99463
7947	4219	Q8WU17
7947	7947	Q7Z5L2
5385	4222	O43684
5385	5385	Q15056
10690	4228	P60520
10690	10690	Q86TL0
10254	4240	Q6XUX3
10254	10254	Q9NRS6
10638	4241	Q8WUW1
10638	10638	Q9UPY6
10261	4267	Q5JPI9
10261	10261	Q9BWN1
8487	4271	P35913
8487	8487	P16499
10623	4272	P62068
10623	10623	Q8TBZ3
12016	4277	P52429
12016	12016	Q9NZJ5
10268	4281	Q96F25
10268	10268	Q9NP73
11213	4282	P63272
11213	11213	Q9H173
9327	4284	Q86Y78
9327	9327	Q9UHA2
5875	4294	Q16621
5875	5875	Q9Y4A8
10415	4297	Q3YBM2
10415	10415	Q96JQ5
10039	4300	P28331
10039	10039	Q9UI09
10586	4301	Q15629
10586	10586	Q9Y2H6
6938	4310	Q9UJX6
6938	6938	Q9NYG5
8775	4315	Q9H9L4
8775	8775	Q9P2N6
7885	4317	Q13111
7885	7885	Q13112
4751	4320	Q96EL3
4751	4751	Q8IUX1
8263	4325	P05166
8263	8263	P05165
10825	4333	Q7LBR1
10825	10825	Q9HD42
10292	4336	O43602
10292	10292	P07101
7135	4341	Q6UXZ4
7135	7135	O95185
10562	4350	P13489
10562	10562	P34096
11475	4360	Q13255
11475	11475	Q9NZR4
8960	4368	P83916
8960	8960	Q8NB78
7595	4372	Q5TAP6
7595	7595	Q9NV06
8849	4377	Q5JVF3
8849	8849	Q96PV6
5811	4380	Q7Z392
5811	5811	Q8WVT3
10532	4382	P78414
10532	10532	Q9NRH2
9188	4387	P57078
9188	9188	Q9NWT6
11255	4398	Q5T2S8
11255	11255	Q9HAE3
10308	4401	Q9NZD8
10308	10308	Q9Y371
7181	4406	Q6P087
7181	7181	O75127
10309	4409	Q12908
10309	10309	Q6UXZ0
9228	4410	O96009
9228	9228	Q8IWL2
10310	4412	Q86UA1
10310	10310	Q9NX07
10071	4415	P31323
10071	10071	P51817
11829	4419	O75841
11829	11829	Q86UF1
11616	4420	Q8NFG4
11616	11616	Q9P278
5719	4426	Q8NEZ3
5719	5719	Q96RY7
11172	4434	P18850
11172	11172	Q99941
11912	4435	O95563
11912	11912	P0DKB6
8229	4440	Q13371
8229	8229	P38935
6981	4449	O43312
6981	6981	Q765P7
10325	4452	O14931
10325	10325	Q68D85
11992	4453	Q8NBT2
11992	11992	Q9BZD4
10148	4456	Q8TAD8
10148	10148	Q9Y388
10327	4460	P56277
10327	10327	Q96LX7
10582	4461	P30049
10582	10582	Q5VTU8
10328	4462	O94925
10328	10328	Q9UI32
9468	4468	Q5VSL9
9468	9468	Q8NBJ5
10026	4471	A6NES4
10026	10026	Q9ULM2
10339	4482	A0A087X0K7
10339	10339	A0A0A6YYC5
4733	4483	Q96CB9
4733	4733	Q9BT17
7255	4484	P15018
7255	7255	P42702
10529	4489	Q3SYG4
10529	10529	Q9NVQ4
12013	4492	Q6UXL0
12013	12013	Q9UHD0
10344	4497	Q6UXH0
10344	10344	Q9Y5C1
11298	4498	P57076
11298	11298	Q9NQM4
10427	4500	O95456
10427	10427	Q969U7
10347	4501	A1L1A6
10347	10347	A8MTB9
10354	4508	P27707
10354	10354	Q16854
11169	4515	A6NNX1
11169	11169	Q9Y6K8
8012	4516	Q16665
8012	8012	Q96KS0
10362	4525	Q9Y678
10362	10362	Q9Y689
10365	4532	Q86YW0
10365	10365	Q96LM6
8537	4534	Q14116
8537	8537	Q13478
11844	4538	Q6XZF7
11844	11844	Q8N4S9
9811	4542	Q86YC3
9811	9811	Q9Y2R2
6825	4549	Q6UWJ8
6825	6825	O75264
12268	4553	O95900
12268	12268	Q9NYY8
6011	4561	Q92478
6011	6011	Q8NAN2
9222	4568	Q9NZ52
9222	9222	Q9UJY5
12151	4569	O75955
12151	12151	Q14254
10377	4570	Q8NA58
10377	10377	Q9Y2W6
10381	4576	A8MW99
10381	10381	Q7Z4M0
6020	4579	P31152
6020	6020	Q8N145
10382	4587	Q9BRK4
10382	10382	Q9Y250
7600	4590	Q9HC24
7600	7600	Q6ICG8
10124	4591	Q86VI3
10124	10124	Q8N4T4
7089	4594	P62195
7089	7089	P62191
10774	4598	O95863
10774	10774	Q96DC9
10386	4602	P21673
10386	10386	Q96F10
11205	4623	Q5T0N1
11205	11205	Q8TBZ2
10398	4630	A6NFU8
10398	10398	Q5VUJ5
9785	4641	Q96HY6
9785	9785	Q9Y3C8
10409	4647	Q15617
10409	10409	Q9Y5L3
8305	4662	Q8N157
8305	8305	Q3ZCU0
11775	4663	P48507
11775	11775	Q9UJX0
10414	4675	P52657
10414	10414	Q9UNN4
8555	4676	P46782
8555	8555	P62857
12246	4689	Q8NA54
12246	12246	Q8TCI5
10800	4690	O60741
10800	10800	Q9Y3Q4
10246	4693	A0A2R8Y4L2
10246	10246	Q9HA92
7719	4695	Q9H0E9
7719	7719	Q6ZTU2
5753	4698	Q8IY26
5753	5753	A0A2R8Y4M4
7295	4707	O75716
7295	7295	Q96AH8
10685	4710	Q3MHD2
10685	10685	Q9BUT9
12027	4713	Q69YG0
12027	12027	Q8WY98
8963	4714	Q8N4V1
8963	8963	Q9Y3B6
10430	4716	Q6P9G0
10430	10430	Q8IXY8
10431	4719	P22891
10431	10431	Q9UK55
11748	4720	O75352
11748	11748	Q96FE7
8399	4730	A0A1B0GV90
8399	8399	A6NLX4
12251	4743	Q15287
12251	12251	Q9H307
10446	4746	P22033
10446	10446	Q8IVH4
5409	4747	Q2NL68
5409	5409	Q4KMZ1
8501	4749	Q8WVP5
8501	8501	Q8WW52
8926	4750	Q07021
8926	8926	Q8N183
10684	4755	Q13216
10684	10684	Q8N684
9303	4757	P49759
9303	9303	Q8WXF0
6381	4760	Q8TDF5
6381	6381	P51674
11460	4767	Q8TDD5
11460	11460	Q9GZU1
9614	4777	Q7Z4T9
9614	9614	Q86UN6
10460	4783	O15446
10460	10460	Q5T1V6
10466	4790	Q9H714
10466	10466	Q9HAI6
10473	4795	A2A2Y4
10473	10473	Q9BV87
7626	4796	P10070
7626	7626	Q9UMX1
11046	4805	Q5JTV8
11046	11046	Q96S66
10478	4807	P43115
10478	10478	Q96GP6
9877	4809	P03973
9877	9877	Q9Y337
9041	4816	A6NJ78
9041	9041	Q5TC12
6749	4829	Q9HC77
6749	6749	Q9C0F1
9183	4833	Q14112
9183	9183	Q9Y6N7
9237	4839	P58872
9237	9237	Q9UPX0
7530	4844	Q99836
7530	7530	Q9HB29
8287	4855	Q5TC63
8287	8287	Q96DA2
9770	4860	Q86V25
9770	9770	Q8N300
10497	4863	O94818
10497	10497	Q96MY1
5369	4879	P54107
5369	5369	A6ND01
5736	4899	P82979
5736	5736	O00148
10507	4901	Q9BTX1
10507	10507	Q9NRG9
10516	4913	Q7L2K0
10516	10516	Q86SX3
9065	4916	Q8IYT2
9065	9065	Q9UK59
10518	4918	P56279
10518	10518	Q96RJ3
10521	4924	P57105
10521	10521	Q8TAA9
7726	4926	A6NDV4
7726	7726	Q96SW2
7456	4928	Q9UGI0
7456	7456	Q8NB14
10633	4935	Q9BXI9
10633	10633	Q9BXJ5
5788	4940	P01308
5788	5788	Q717R9
6291	4941	Q5VSG8
6291	6291	Q9C0D6
11260	4947	O60895
11260	11260	Q3KQZ1
9729	4948	Q9NQ55
9729	9729	Q9NY93
6174	4954	P51671
6174	6174	O60667
10536	4955	Q15631
10536	10536	Q99598
10011	4962	Q3MIT2
10011	10011	Q9NX38
10206	4967	Q9NP79
10206	10206	Q9NQS1
10553	4982	Q9H2X3
10553	10553	Q9NNX6
11049	4984	O00585
11049	11049	Q9UQV4
11657	4990	O75094
11657	11657	Q8N129
9269	5007	Q49SQ1
9269	9269	Q6IF63
10762	5009	P52306
10762	10762	Q9Y343
10573	5011	Q08AM6
10573	10573	Q92562
8250	5012	Q8N8D7
8250	8250	Q8TCT9
7755	5022	P17152
7755	7755	O75167
9277	5036	O76031
9277	9277	Q9Y2S7
5193	5038	A6NMB1
5193	5193	O96011
9344	5042	O14964
9344	9344	Q92783
10127	5048	P68871
10127	10127	Q9NZD4
10588	5051	Q6UW56
10588	10588	Q8NCC5
10079	5057	Q9BSR8
10079	10079	Q9GZM5
9302	5062	P62841
9302	9302	Q96T21
11146	5063	P01258
11146	11146	Q9UHF0
8621	5065	Q9HCS7
8621	8621	Q9GZU8
10592	5070	Q07666
10592	10592	Q9H8N7
11054	5071	Q9H0U9
11054	11054	Q9H2G4
11818	5073	P43694
11818	11818	Q9H2Z4
10595	5079	Q15773
10595	10595	Q6QHF9
8112	5080	Q9H3Z4
8112	8112	Q7Z2K8
6385	5092	P51553
6385	6385	P50213
10599	5093	Q8IWK6
10599	10599	Q96F81
10606	5101	F8WCM5
10606	10606	Q5VZR2
10608	5105	Q5D0E6
10608	10608	Q6P1Q9
8165	5106	O75414
8165	8165	Q96I51
10611	5110	Q9NWZ3
10611	10611	Q9Y616
11411	5112	Q147X3
11411	11411	Q9BRA0
11715	5115	O60832
11715	11715	Q96HR8
12262	5129	P62760
12262	12262	Q8N7P1
10621	5138	P33897
10621	10621	Q9UBJ2
11227	5141	P52815
11227	11227	Q9UGC7
9818	5156	O60911
9818	9818	P45452
9169	5159	Q15077
9169	9169	Q9Y6X5
10628	5167	Q8TD23
10628	10628	Q9BXT8
7223	5173	Q9H9P2
7223	7223	O76082
7598	5175	Q9BSI4
7598	7598	O60936
10632	5179	P53804
10632	10632	Q8ND24
12124	5190	Q8N5K1
12124	12124	Q9NZ45
5903	5192	P49682
5903	5903	Q8NCH0
10642	5200	Q68E01
10642	10642	Q9NRY2
11208	5207	Q04900
11208	11208	Q86TY3
10031	5209	Q8IY82
10031	10031	Q9H095
10324	5210	Q7Z2F6
10324	10324	Q9BVV6
11848	5218	Q8N0Z6
11848	11848	Q9BY12
8913	5220	Q4G0W2
8913	8913	Q9NRW4
11394	5228	P13284
11394	11394	Q5VXM1
10022	5238	P50552
10022	10022	Q9Y2H0
8908	5239	Q9BPU9
8908	8908	Q9UPM9
10660	5242	A6NJT0
10660	10660	Q9NPC8
10661	5244	Q8WV83
10661	10661	Q96SB3
10306	5249	O43255
10306	10306	Q8IW03
10667	5260	A5X5Y0
10667	10667	O15120
11077	5262	Q96MW5
11077	11077	Q9Y2V7
10669	5264	Q8WVF1
10669	10669	Q9H977
10971	5270	Q7Z5A4
10971	10971	Q9C0J1
10681	5280	Q9H1J5
10681	10681	Q9ULV1
10682	5284	O43615
10682	10682	Q5T2N8
5300	5286	Q5RKV6
5300	5300	Q5T5A4
6734	5291	Q7L0Y3
6734	6734	O15091
10687	5292	Q96NT5
10687	10687	Q9P2J2
10764	5293	O60610
10764	10764	Q2M3V2
7298	5298	P49354
7298	7298	P53609
10691	5304	O75494
10691	10691	Q8N7E2
11943	5309	Q96A54
11943	11943	Q9UKG1
7855	5310	A0A1B0GW54
7855	7855	P15382
8381	5315	P06127
8381	8381	Q96F46
7004	5316	O00623
7004	7004	P28328
5528	5323	P30626
5528	5528	Q99622
10789	5327	Q92626
10789	10789	Q9BZM1
9444	5330	O43525
9444	9444	Q9NR82
7976	5332	Q15907
7976	7976	Q9BXF6
9049	5333	Q9NRX2
9049	9049	Q9UI43
8986	5335	Q96Q45
8986	8986	Q9ULX7
10704	5339	Q9H6X4
10704	10704	Q9HAB3
12155	5340	Q9NS25
12155	12155	Q9NY87
10705	5343	Q8NH07
10705	10705	Q9NYW4
10982	5348	P19878
10982	10982	Q15080
6929	5350	Q8NCW6
6929	6929	Q9BPW5
11771	5372	O95208
11771	11771	Q07960
9774	5375	Q5SXM2
9774	9774	Q92966
11268	5377	Q13618
11268	11268	Q7Z5Y7
10719	5378	O95210
10719	10719	Q9H340
12292	5379	P04233
12292	12292	Q96A28
9706	5380	Q92888
9706	9706	Q9NZN5
10830	5383	Q5QGZ9
10830	10830	Q8NC01
9507	5384	P04921
9507	9507	Q8N682
10837	5386	Q9NXX6
10837	10837	Q9Y5V3
11170	5387	P00338
11170	11170	Q6ZMR3
7375	5389	Q9UPR3
7375	7375	Q86US8
8172	5390	Q8WV16
8172	8172	Q92990
6563	5391	P13056
6563	6563	Q92624
10728	5395	Q9BVA0
10728	10728	Q9BW62
7938	5400	P23219
7938	7938	P35354
7839	5404	A0A1B0GX56
7839	7839	A0A599
7531	5406	Q9BUF7
7531	7531	O14718
9973	5407	Q96I36
9973	9973	V9GZ13
11203	5414	P01579
11203	11203	P38484
6355	5420	P09919
6355	6355	Q99062
7250	5422	Q9BZE4
7250	7250	P62899
10743	5429	Q9NYQ3
10743	10743	Q9UJM8
10754	5447	O43623
10754	10754	Q99811
9611	5461	Q9BTE7
9611	9611	Q6PH85
8980	5462	Q8TCX5
8980	8980	Q96L33
6474	5464	Q6PIF6
6474	6474	P0DP23
8027	5473	P57775
8027	8027	Q03167
7737	5475	P58658
7737	7737	Q6ZN44
11482	5477	Q9NPE2
11482	11482	Q9Y2Z4
10380	5485	P78508
10380	10380	Q9NPI9
10790	5490	Q8NET5
10790	10790	Q9GZW8
8347	5502	Q5T4W7
8347	8347	O60609
8900	5513	Q969N2
8900	8900	Q9H490
8466	5517	Q86YV6
8466	8466	Q9HDC9
10596	5533	Q96D96
10596	10596	Q9P2U7
10882	5535	P04075
10882	10882	P09972
10807	5540	Q9H3N1
10807	10807	Q9NZ53
10809	5542	Q8N5A5
10809	10809	Q9UQF2
10813	5547	Q9UHJ3
10813	10813	Q9Y468
9533	5549	Q92989
9533	9533	Q9NRJ5
6368	5551	Q9Y2U9
6368	6368	Q6PID8
10817	5560	Q8TF66
10817	10817	Q9UBU2
6763	5582	Q96HJ5
6763	6763	Q8N5U1
10176	5588	Q96AT9
10176	10176	Q9BRT3
10827	5589	P10914
10827	10827	P14316
9214	5599	P54920
9214	9214	Q9H115
7136	5604	Q96PL1
7136	7136	Q8TD33
8901	5610	O60347
8901	8901	Q9Y6M5
12087	5619	Q8IU57
12087	12087	Q8IZJ0
10843	5621	P11182
10843	10843	P21953
11553	5624	Q5XKR4
11553	11553	Q9NTX7
6626	5627	Q6YP21
6626	6626	P00505
8787	5628	Q15365
8787	8787	Q9UPU3
8334	5645	P14778
8334	8334	P01583
6993	5661	P22792
6993	6993	P15169
8040	5662	P07550
8040	8040	Q15599
8358	5665	Q08357
8358	8358	Q7L7V1
10862	5667	Q9Y5W7
10862	10862	Q9Y5W8
7111	5668	Q9NRQ5
7111	7111	Q96GZ6
10864	5671	Q9UBB9
10864	10864	Q9Y5B6
10061	5674	Q9Y3A3
10061	10061	Q9ULQ0
12223	5676	O95633
12223	12223	Q96I82
10192	5688	Q9NZ63
10192	10192	Q9Y247
9429	5690	Q8NBV4
9429	9429	Q9P2W7
10525	5699	P53805
10525	10525	Q9Y297
5805	5713	O60568
5805	5805	P25774
10887	5722	P83111
10887	10887	Q9NRA2
12130	5725	P49005
12130	12130	Q9HCU8
9170	5732	Q70EK9
9170	9170	Q9UPT9
11017	5739	Q15041
11017	11017	Q8NC44
10905	5757	Q9BXR0
10905	10905	Q9H974
9285	5760	P08263
9285	9285	Q7RTV2
10509	5765	Q13418
10509	10509	Q9HBI0
9330	5767	Q16186
9330	9330	Q9Y5K5
10912	5770	Q10713
10912	10912	Q8WV74
11457	5774	Q969W9
11457	11457	Q9H6L5
10915	5776	Q96GA7
10915	10915	Q99489
10926	5799	O95219
10926	10926	Q5VWJ9
10162	5816	P17342
10162	10162	P20594
10932	5817	O15442
10932	10932	Q8N3J6
11019	5824	P13385
11019	11019	Q495W5
12023	5825	Q8N8D1
12023	12023	Q99689
10141	5828	P46977
10141	10141	Q9H0U3
5975	5840	Q13795
5975	5975	Q8N336
8633	5841	Q969V3
8633	8633	Q5JPE7
12129	5842	A0A0B4J265
12129	12129	P06331
11447	5852	A0A0B4J1U7
11447	11447	P01737
6338	5857	P0CJ77
6338	6338	Q9BQI6
10946	5859	Q99962
10946	10946	Q99963
9158	5873	Q92482
9158	9158	Q96PS8
11802	5874	Q14157
11802	11802	Q8IXQ9
6712	5876	Q9H9E1
6712	6712	P48382
11770	5879	A0A5B9
11770	11770	P01733
11699	5882	P38117
11699	11699	Q6P1X6
8518	5889	Q9Y5Y6
8518	8518	P25189
10049	5895	Q96EK5
10049	10049	Q9UQ13
10970	5899	Q9P0B6
10970	10970	Q9UGQ2
11360	5900	Q96BZ8
11360	11360	Q9UN30
7874	5906	Q9GZX6
7874	7874	Q969J5
10976	5916	A6PVY3
10976	10976	Q8N485
9182	5919	Q9H9S4
9182	9182	Q9Y6E0
10980	5920	Q6ZN54
10980	10980	Q6ZWE6
10986	5932	Q96H72
10986	10986	Q9BRY0
11094	5935	Q5VTB9
11094	11094	Q9NQZ6
7101	5940	Q70EK8
7101	7101	Q9Y2K6
7318	5941	P62253
7318	7318	Q96J02
6756	5944	Q15109
6756	6756	P50406
10999	5945	P51677
10999	10999	P80098
10994	5950	A0A075B6L6
10994	10994	A0A0B4J249
12039	5955	Q7RTX0
12039	12039	Q9BY71
10941	5973	Q9NV56
10941	10941	Q9UBU8
7522	5980	Q8TEV9
7522	7522	Q8TDY2
8875	5981	Q9NWS1
8875	8875	Q9Y575
9616	5986	Q96M69
9616	9616	Q9C093
11393	5989	Q07837
11393	11393	Q92536
6417	6008	Q15025
6417	6417	Q96CV9
8698	6010	P54198
8698	8698	Q9Y6J0
10265	6021	O15169
10265	10265	Q9HAU4
11027	6034	P07093
11027	11027	Q9P0G3
8871	6039	Q1W4C9
8871	8871	Q8NEX5
11033	6041	P02792
11033	11033	Q8N4E7
9751	6042	O60256
9751	9751	Q14558
11038	6050	Q2KHT3
11038	11038	Q9H4P4
11039	6056	Q9H3J6
11039	11039	Q9P0P8
10033	6060	P33991
10033	10033	Q9H211
9536	6061	Q8N6M6
9536	9536	Q9NP50
10302	6071	O43617
10302	10302	Q9UL33
11053	6092	Q86XT9
11053	11053	Q8N7C0
10761	6096	P06729
10761	10761	P19256
11058	6099	O15305
11058	11058	Q92871
7468	6103	Q6UWP7
7468	7468	Q32ZL2
8593	6128	P13473
8593	8593	Q05940
11074	6141	P09326
11074	11074	Q9BZW8
11075	6142	A0A075B6U6
11075	11075	A0A075B7B6
11076	6144	P55809
11076	11076	Q9BYC2
10183	6176	P51665
10183	10183	Q9UNM6
10038	6182	Q86XI2
10038	10038	Q9NTJ3
10322	6186	P22670
10322	10322	P48380
11098	6187	A6NCI4
11098	11098	Q8N9B4
11171	6188	P23942
11171	11171	Q03395
7639	6189	P61011
7639	7639	P09132
11103	6198	P11086
11103	11103	P35270
9094	6209	Q8ND94
9094	9094	Q96DZ7
11111	6210	A6NIJ9
11111	11111	Q9H3Q3
11117	6216	Q9Y256
11117	11117	Q9Y6F6
11250	6223	Q14DG7
11250	11250	Q96QU1
9919	6225	O75460
9919	9919	Q9UHI5
8433	6229	Q9H1Y0
8433	8433	Q8NAA4
8207	6231	Q14982
8207	8207	Q12860
8841	6234	P81133
8841	8841	Q96T23
11158	6235	O75832
11158	11158	Q8WV35
6509	6246	A5D8V7
6509	6509	Q8NA47
11125	6247	C9JSJ3
11125	11125	Q7Z7C7
8134	6250	Q9BVG4
8134	8134	Q8TAP9
11128	6253	H3BPM6
11128	11128	Q96JP2
11707	6264	Q3B820
11707	11707	Q969Q6
11136	6267	Q96Q89
11136	11136	Q9BWF2
11140	6274	Q8N4Q0
11140	11140	Q8NBN7
8976	6277	Q7Z7H8
8976	8976	Q9Y3B7
11206	6288	Q5VT99
11206	11206	Q8IXF9
8774	6290	Q13474
8774	8774	Q9Y4J8
10629	6298	Q969Q5
10629	10629	Q9NZT2
11605	6303	A0A075B6R2
11605	11605	A0A0B4J273
7593	6307	P29074
7593	7593	Q7Z6G8
9938	6318	Q6UXK5
9938	9938	Q9HAR2
8460	6321	Q9NZ43
8460	8460	O43731
10094	6324	Q9BW71
10094	10094	Q9NZC7
8372	6325	Q9H7V2
8372	8372	Q6UXU4
6617	6331	P28332
6617	6617	P08319
9607	6339	Q96B21
9607	9607	Q96IW7
11109	6348	Q9BUB7
11109	11109	Q9H553
10791	6353	P35712
10791	10791	Q9UN79
11182	6361	Q6P2I3
11182	11182	Q96GK7
11189	6371	Q7Z4L9
11189	11189	Q9UBS0
11193	6378	Q96BF3
11193	11193	Q9UM44
7215	6382	P78556
7215	7215	P01033
11197	6383	Q5PRF9
11197	11197	Q9UPU9
6507	6393	Q14728
6507	6507	Q9BV68
9594	6394	Q6WBX8
9594	9594	Q99638
10304	6399	Q6P1N9
10304	10304	Q9H2J4
11202	6404	Q008S8
11202	11202	Q9NVP4
9518	6407	A8K855
9518	9518	Q96JQ2
9545	6408	Q58FF3
9545	9545	Q6UXH1
9160	6409	Q9H8T0
9160	9160	Q9UJC3
11209	6413	Q9UQ90
11209	11209	Q9Y4W6
7554	6418	P0C6P0
7554	7554	Q9H628
11211	6419	Q8NGU2
11211	11211	Q969N4
7209	6425	Q9NVX7
7209	7209	Q9P2G3
7426	6432	O95025
7426	7426	Q99985
10394	6435	P16284
10394	10394	Q9Y624
11222	6437	P21695
11222	11222	Q8N335
11223	6440	Q96S44
11223	11223	Q9Y3C4
9483	6461	Q13634
9483	9483	Q8IZP7
11754	6462	Q8WU90
11754	11754	Q9Y295
11235	6467	O75363
11235	11235	Q96FQ6
10930	6468	Q6UWY5
10930	10930	Q9UK39
11236	6470	Q96RQ3
11236	11236	Q9HCC0
11762	6478	Q504Q3
11762	11762	Q58A45
10751	6481	Q9NR31
10751	10751	Q9Y6B6
12275	6488	Q92878
12275	12275	Q9BX63
11695	6495	P02745
11695	11695	Q16270
11961	6499	P21810
11961	11961	P48307
11926	6502	Q5M8T2
11926	11926	Q68CR7
8772	6503	P08572
8772	8772	Q14031
11249	6504	A8MV24
11249	11249	Q96LW2
8222	6527	P02768
8222	8222	P55899
9842	6534	Q99880
9842	9842	Q93077
11267	6541	Q92608
11267	11267	Q96JJ3
9312	6561	P22607
9312	9312	P55075
11272	6562	Q16878
11272	11272	Q96CX6
11274	6568	Q9H221
11274	11274	Q9H222
9997	6571	Q8NI22
9997	9997	Q9HAT1
11285	6583	Q5T5N4
11285	11285	Q8NHS4
8455	6588	Q96CT7
8455	8455	Q96AB3
10256	6593	O60239
10256	10256	Q9Y3M8
11295	6601	Q9NQY0
11295	11295	Q9NXL2
7343	6603	A0A075B6W5
7343	7343	Q9BZZ2
11300	6608	O43866
11300	11300	P13236
11572	6613	Q8N7B1
11572	11572	Q99453
9966	6631	Q99570
9966	9966	Q9P2Y5
11315	6636	Q7Z7M1
11315	11315	Q8NGG7
11322	6643	Q8NFT2
11322	11322	Q9UHE8
11323	6645	O95677
11323	11323	Q8IYA7
11324	6646	A0A0B4J2F0
11324	11324	Q9HB66
9204	6653	P51575
9204	9204	Q9UBL9
11332	6656	Q99675
11332	11332	Q9UHJ9
11110	6658	Q6P1K1
11110	11110	Q9H305
11442	6659	P25800
11442	11442	Q99801
10649	6664	O15540
10649	10649	Q6PHR2
11340	6666	Q8N688
11340	11340	Q8NES8
12218	6669	Q9NVH1
12218	12218	Q9NVT9
8616	6674	Q9UGL1
8616	8616	Q99607
9009	6678	Q92832
9009	9009	Q99435
11345	6684	Q02040
11345	11345	Q9H8G2
11348	6688	P25325
11348	11348	Q9Y3B8
7977	6694	P49458
7977	7977	P37108
11015	6698	Q5HYK7
11015	11015	Q9UPP1
11354	6702	Q6PI98
11354	11354	Q9H9F9
9060	6704	Q9HBM0
9060	9060	Q9Y4I1
9675	6705	O60243
9675	9675	Q9HBT6
9737	6707	Q8N3L3
9737	9737	Q9NUQ3
11357	6711	E5RIL1
11357	11357	Q9NYW6
9217	6715	Q68D10
9217	9217	Q9ULJ6
9733	6718	Q502W6
9733	9733	Q8N309
11366	6726	Q9HD47
11366	11366	Q9NYD6
7536	6729	Q9GZZ1
7536	7536	Q9BSU3
11369	6737	Q12934
11369	11369	Q13515
7713	6746	Q5VUJ9
7713	7713	A6NCM1
11377	6747	Q8WZ04
11377	11377	Q9NPG8
11380	6757	P59665
11380	11380	Q01524
11383	6765	P04066
11383	11383	Q9BTY2
7432	6766	Q9H0F7
7432	7432	Q96FG2
9624	6767	O00311
9624	9624	Q8NFT6
10483	6774	Q9H267
10483	10483	Q9H9C1
9400	6776	Q2WGJ6
9400	9400	Q9C004
11789	6793	P49756
11789	11789	Q9Y383
7356	6802	Q9NY72
7356	7356	Q9BU79
11867	6811	Q8N543
11867	11867	Q96E09
9957	6812	Q719H9
9957	9957	Q96SI1
11402	6814	Q6V702
11402	11402	Q8IV35
8907	6817	P51170
8907	8907	P51172
9555	6823	Q9H082
9555	9555	Q9HB19
11407	6824	Q8N6V9
11407	11407	Q8NEF3
9267	6829	P0DPA2
9267	9267	Q9H255
8166	6839	Q8IZA3
8166	8166	H0UI37
11414	6844	Q14849
11414	11414	Q6N063
12253	6845	O75204
12253	12253	Q7Z4F1
11418	6850	Q9BQJ4
11418	11418	Q9HCL0
11419	6851	O43345
11419	11419	Q9GZU5
11420	6852	O43827
11420	11420	Q53H76
12228	6873	Q8N8J7
12228	12228	Q8WVE7
11435	6886	Q9P1U0
11435	11435	Q9UET6
7950	6890	Q9NVM1
7950	7950	Q8N0Y5
8190	6894	Q96SB8
8190	8190	Q2TAK8
8459	6921	Q5TCS8
8459	8459	Q53EV4
7776	6940	Q96EK9
7776	7776	Q9H9T3
11304	6950	Q00613
11304	11304	Q03933
10461	6961	Q9UBT2
10461	10461	Q9P0U3
12270	6965	Q7Z5B4
12270	12270	Q9NWS8
7815	6966	Q5DT21
7815	7815	A0A087X1L8
10469	6976	P04183
10469	10469	Q15262
8795	6985	Q15942
8795	8795	Q9P0K7
12080	6987	P40933
12080	12080	Q13261
11247	6988	Q8N594
11247	11247	Q9UIF8
8316	6994	Q9UEU0
8316	8316	Q9BRL7
9439	6995	Q96M91
9439	9439	Q9Y5B8
11483	7002	P12104
11483	11483	Q9UKU7
11489	7017	Q5T1C6
11489	11489	Q8N1Q8
11492	7021	Q8NGL0
11492	11492	Q9GZP7
11494	7022	Q14526
11494	11494	Q96JB3
10406	7023	Q96IJ6
10406	10406	Q9Y5P6
10005	7024	Q9HC57
10005	10005	Q9P2N4
11501	7030	B7Z8K6
11501	11501	P03986
11509	7047	Q53SZ7
11509	11509	Q68DN1
7961	7049	P49447
7961	7961	Q96D59
11538	7051	P83105
11538	11538	P83110
11516	7061	Q5T2R2
11516	11516	Q86YH6
10133	7065	Q9HBM1
10133	10133	Q9NSV4
11520	7066	O96007
11520	11520	Q7L1T6
10083	7069	Q9BXY0
10083	10083	Q9H9Y2
9179	7080	Q08945
9179	9179	Q9Y5B9
11540	7097	P51572
11540	11540	Q9UHQ4
9410	7100	P02679
9410	9410	Q14314
11817	7104	P55318
11817	11817	Q9H161
11341	7110	Q9H8H3
11341	11341	Q9NPB9
11548	7131	Q96QZ7
11548	11548	Q9Y3X0
11859	7153	P0DTU3
11859	11859	S4R3C0
11558	7155	Q96LB8
11558	11558	Q96LB9
11257	7163	O75449
11257	11257	Q9H079
11113	7171	Q15012
11113	11113	Q7Z3D4
7362	7186	Q9BZI7
7362	7362	A6PVI3
10812	7201	Q969S6
10812	10812	Q9P055
10116	7206	Q99466
10116	10116	Q9Y644
11592	7222	P18577
11592	11592	Q02094
11847	7228	Q8IXL6
11847	11847	Q96MK3
11597	7229	O14843
11597	11597	P47888
9784	7233	Q5VVJ2
9784	9784	Q9H765
9875	7235	Q14190
9875	9875	Q9HBZ2
7412	7239	Q2TBA0
7412	7412	O60662
9880	7245	Q8N8I0
9880	9880	Q9BYL1
10000	7247	Q8WY64
10000	10000	Q9Y6Y1
7994	7251	Q6NVU6
7994	7994	Q9NRN9
11602	7256	P08236
11602	11602	Q8NCC3
10361	7259	Q8NCR9
10361	10361	Q9Y6M0
11606	7263	Q9BR26
11606	11606	Q9H295
9390	7265	Q9H4I9
9390	9390	Q9NWR8
8731	7270	Q2M296
8731	8731	Q96F63
10159	7282	Q86WC4
10159	10159	Q9Y5X0
11843	7301	P09564
11843	11843	Q8WVN6
8666	7314	Q96HH9
8666	8666	Q8IUY3
7895	7316	Q9NQC3
7895	7895	O95197
10239	7330	Q7Z7M8
10239	10239	Q9NY97
8765	7331	P48146
8765	8765	Q8N9W6
11720	7339	A0A0B4J271
11720	11720	A0A0C4DH30
8910	7345	Q9H081
8910	8910	Q9H410
11644	7348	Q8N1G1
11644	11644	Q9BY27
10419	7364	P19438
10419	10419	Q06643
11658	7366	Q9NVR7
11658	11658	Q9Y5P8
10319	7368	P09093
10319	10319	P15085
11661	7369	P45844
11661	11661	Q9H172
11669	7380	Q6UX71
11669	11669	Q8NHB7
11675	7386	Q7Z6V5
11675	11675	Q96EY9
8491	7390	P49591
8491	8491	Q8TCB7
11470	7391	P14209
11470	11470	Q8TCZ2
10418	7392	Q8N5T2
10418	10418	Q9BSH3
10058	7415	Q16633
10058	10058	Q9Y5R4
8718	7416	O75144
8718	8718	Q9Y6W8
9731	7438	Q93050
9731	9731	Q9Y487
8966	7453	Q9UQB8
8966	8966	Q9Y566
10519	7454	P53597
10519	10519	Q9P2R7
11708	7462	P56211
11708	11708	Q9BWS9
10794	7463	Q53EP0
10794	10794	Q8N2E2
11710	7482	Q9UKD1
11710	11710	Q9Y692
10136	7484	Q6ZQY3
10136	10136	Q9Y600
12091	7489	Q8TBN0
12091	12091	Q96QF0
9202	7501	P61328
9202	9202	Q92896
8659	7504	Q9C000
8659	8659	Q9H6R0
8499	7509	P35240
8499	8499	Q4VCS5
10718	7512	Q6NSJ0
10718	10718	Q9H1R2
10619	7513	Q9NVC6
10619	10619	Q9NX70
8780	7514	Q7Z3B1
8780	8780	Q9P121
11742	7528	Q01064
11742	11742	Q14123
11747	7537	Q9NZQ0
11747	11747	Q9ULE4
11749	7538	A6NGB7
11749	11749	Q86UK0
11752	7545	Q9UJT0
11752	11752	Q9UJT1
11757	7549	P05089
11757	11757	P78540
11758	7553	P11117
11758	11758	Q99500
10104	7558	Q9Y3D7
10104	10104	Q9Y5T4
9271	7562	P32119
9271	9271	Q9BYN0
8297	7564	Q02833
8297	8297	O43670
11767	7565	P16278
11767	11767	Q8IXQ3
8550	7572	P57071
8550	8550	Q7L592
12040	7585	P0DPB6
12040	12040	Q9NV35
7884	7601	Q00597
7884	7884	Q9HB96
11781	7603	Q86YI8
11781	11781	Q9H892
10048	7605	P01861
10048	10048	P31995
11784	7615	Q6UW10
11784	11784	Q8IZF2
8030	7635	Q9BZV1
8030	8030	Q8IXJ6
8906	7646	P35462
8906	8906	Q86UV5
11807	7661	P04141
11807	11807	P15509
11811	7668	P13995
11811	11811	Q9H903
11596	7675	Q9UKL2
11596	11596	Q9UPQ8
9761	7688	P18089
9761	9761	Q9UJ99
10223	7705	A0A075B6N2
10223	10223	Q9P296
9456	7714	Q2KHR3
9456	9456	Q8N6D5
7845	7740	Q6T311
7845	7845	Q6UWR7
11842	7742	O14626
11842	11842	Q8NGH5
11846	7744	Q96ST8
11846	11846	Q9HBI5
8167	7754	Q9HBL0
8167	8167	Q9BQL6
8089	7762	O14645
8089	8089	Q8IUR5
12285	7771	O60488
12285	12285	O95573
8407	7777	P48060
8407	8407	P49863
11865	7786	P54278
11865	11865	Q9UQ84
11342	7795	Q6IE38
11342	11342	Q9BZM2
11877	7800	P0C7U1
11877	11877	Q8WUH1
11881	7806	Q9GZS3
11881	11881	Q9UHL4
9807	7807	Q8N972
9807	9807	Q9UJU3
11885	7818	Q8N5G2
11885	11885	Q8TDW4
11333	7826	P21815
11333	11333	P38567
11759	7828	Q8NCE0
11759	11759	Q9BSV6
11320	7835	O14745
11320	11320	Q96HA7
9717	7836	Q6UX07
9717	9717	Q8NE62
12106	7841	Q96BZ9
12106	12106	Q9H0N0
10437	7851	P20908
10437	10437	Q8IZC6
11902	7860	Q8NBK3
11902	11902	Q9BXS9
10326	7863	Q9Y2G1
10326	10326	Q9Y2Y6
7999	7864	Q8NG11
7999	7999	Q9H6Y7
10569	7880	O00461
10569	10569	Q9Y2C2
7900	7883	Q9BV94
7900	7900	Q6PKC3
11915	7899	Q9BTX3
11915	11915	Q9UHF3
11920	7917	P21128
11920	11920	Q9GZN8
11022	7945	Q6ZSZ5
11022	11022	Q8N1W1
11939	7948	Q6UX41
11939	11939	Q6UXE8
11944	7955	Q14154
11944	11944	Q9BQI3
8110	7962	Q9UI30
8110	8110	Q7Z4G4
11963	7991	Q2M2W7
11963	11963	Q8TER0
12220	7992	Q96BU1
12220	12220	Q9H1Q7
10203	7998	Q9NPJ8
10203	10203	Q9UKK6
11973	8004	Q96DC7
11973	11973	Q9HCD5
11976	8005	P24298
11976	11976	Q8TD30
11979	8014	Q5T7W7
11979	11979	Q8N5J2
10778	8020	Q9BUY7
10778	10778	Q9UJJ7
8644	8024	Q01850
8644	8644	Q86X02
8548	8025	P67870
8548	8548	P68400
11983	8026	A0A1B0GU33
11983	11983	A0A1B0GUV7
11986	8029	Q9BSU1
11986	11986	Q9H6U6
8674	8032	Q96H55
8674	8674	Q71RH2
8097	8038	Q969S3
8097	8097	Q5F1R6
10935	8054	Q16584
10935	10935	Q5TCX8
12225	8055	Q86UW1
12225	12225	Q9NRB3
9700	8061	Q08116
9700	9700	Q9UGC6
10273	8065	P41217
10273	10273	Q8TD46
12007	8067	O94808
12007	12007	Q06210
10025	8072	P51511
10025	10025	Q9Y5Y3
10647	8081	Q8NDY8
10647	10647	Q9H7X2
11798	8091	E7ERA6
11798	11798	Q96K19
12022	8093	Q16342
12022	12022	Q504T8
12025	8096	Q4QY38
12025	12025	Q9H1M3
12029	8101	Q9H0D6
12029	12029	Q9NXV6
12032	8104	Q8IZ21
12032	12032	Q9NWX6
10955	8138	Q12899
10955	10955	Q9Y577
10126	8140	Q9UMX5
10126	10126	Q9UNK4
8281	8156	F2Z333
8281	8281	Q5T848
9014	8157	Q92890
9014	9014	Q9UNN5
12055	8163	A6NDL8
12055	12055	Q86SM8
12056	8164	P23515
12056	12056	Q9Y274
12061	8177	O75364
12061	12061	Q9BZE0
12064	8183	O75106
12064	12064	Q16853
12066	8188	O75037
12066	12066	Q7Z4S6
10609	8201	P46439
10609	10609	Q03013
8639	8208	P61812
8639	8639	Q16828
12075	8214	Q8NHP8
12075	12075	Q96K30
11231	8225	O60825
11231	11231	Q16877
12083	8231	Q13639
12083	12083	Q969X1
12084	8232	O95807
12084	12084	Q6PI25
9358	8234	Q5M7Z0
9358	9358	Q7L211
10470	8256	Q9NRJ3
10470	10470	Q9UBD3
8873	8258	Q9H6Q3
8873	8873	Q9ULV8
12110	8284	Q6PKH6
12110	12110	Q9BTZ2
12111	8285	Q3SY77
12111	12111	Q6NUS8
8844	8286	Q658N2
8844	8844	Q9ULE0
9747	8289	Q92537
9747	9747	Q96D05
9062	8291	Q9BV86
9062	9062	Q9UKD2
10216	8306	Q86U38
10216	10216	Q9Y4C8
10502	8315	Q0D2K3
10502	10502	Q8TC17
12136	8345	Q6FI81
12136	12136	Q9UHB4
10456	8349	Q9H1D0
10456	10456	Q9NQA5
9617	8351	Q16676
9617	9617	Q9H0Z9
9428	8354	P26439
9428	9428	Q96LC7
12143	8355	Q7RTT5
12143	12143	Q9HD64
8860	8370	Q5W0Z9
8860	8860	Q9HD45
10578	8373	Q5MJ09
10578	10578	Q86W67
12152	8377	Q9UL62
12152	12152	Q9Y210
8895	8384	P14679
8895	8895	Q9Y5Y7
12157	8388	Q4G1C9
12157	12157	Q96P68
12159	8389	Q5VVC0
12159	12159	Q5VXU9
12163	8396	Q5VXU1
12163	12163	Q9H7X0
12165	8404	O00757
12165	12165	P09467
12168	8413	Q9H008
12168	12168	Q9H0R4
11502	8416	A0A1B0GX95
11502	11502	Q5MY95
12169	8417	Q969S9
12169	12169	Q96E11
9569	8429	Q9UJM3
9569	9569	Q9UM73
10013	8431	Q96KX0
10013	10013	Q8IW75
12176	8435	Q9UNG2
12176	12176	Q9Y5U5
11589	8442	Q13217
11589	11589	Q15084
10220	8458	Q15233
10220	10220	Q8WXF1
8678	8465	Q9BX67
8678	8678	Q9H0R3
12192	8469	P20823
12192	12192	P35680
8596	8481	Q9H0W9
8596	8596	P30086
8599	8489	Q8NDZ2
8599	8599	Q8IXR5
11176	8492	Q8N0W5
11176	11176	Q96M32
9419	8497	Q7Z6W1
9419	9419	Q9NTU4
8743	8500	Q8TEB1
8743	8743	Q9NZJ0
12206	8505	Q53G44
12206	12206	Q8TCB0
9910	8506	Q8IUA7
9910	9910	Q9BUM1
12208	8508	O95905
12208	12208	Q96AT1
8611	8509	Q569K4
8611	8611	Q9NY57
8923	8522	Q8N4L1
8923	8923	Q96PX8
9955	8525	Q9BQ67
9955	9955	Q9H7E9
12217	8528	O75323
12217	12217	Q9BPW8
12219	8533	P35790
12219	12219	Q9Y259
12233	8565	A6NHR9
12233	12233	Q5T3J3
12198	8567	Q0VAA5
12198	12198	Q9ULI4
10978	8585	Q9H0N5
10978	10978	Q9NQE9
10115	8610	Q9HCN4
10115	10115	Q9UHW5
12260	8628	O75764
12260	12260	Q9GZU7
9338	8638	Q6TDP4
9338	9338	Q9UH77
12279	8651	O43488
12279	12279	O95154
12284	8660	P57081
12284	12284	Q9UBP6
10046	8665	Q6ZMG9
10046	10046	Q9NR71
12293	8670	Q96R06
12293	12293	Q9Y448
11089	8672	O00182
11089	11089	Q12913
11550	8720	Q86T96
11550	11550	Q9H2B2
9846	8732	Q9NQ34
9846	9846	Q9P0T7
9129	8745	Q9Y3D3
9129	9129	Q9Y676
11737	9131	Q9H0C1
11737	11737	Q8NDM7
10803	9199	Q96Q77
10803	10803	Q8N6N2
10320	9250	Q9NWU2
10320	10320	Q9H7D7
9283	9268	Q9NT62
9283	9283	Q9H9V9
10556	9415	Q9NW38
10556	10556	Q9UHK0
9743	9479	Q9P126
9743	9743	Q9NQX7
10853	9837	Q9Y261
10853	10853	Q8NEE6
10787	9863	Q9ULX3
10787	10787	Q9Y2H9
11931	10007	Q9BXJ1
11931	11931	Q8IUK8
10975	10313	Q96E93
10975	10975	Q6PEY1
10434	10330	Q9UPZ9
10434	10434	Q9UK73
0	0	O14948
1	1	P58012
3	3	P06756
4	4	C4AMC7
5	5	P08865
6	6	Q14690
7	7	P51668
8	8	Q9H3H1
9	9	O60880
10	10	O60260
13	13	O60313
14	14	P40222
16	16	Q01546
17	17	Q14500
21	21	Q13608
22	22	Q9UHY1
24	24	Q92764
25	25	P05106
26	26	Q04695
29	29	Q9NYK5
30	30	P26572
32	32	O14788
34	34	Q68DI1
35	35	O95136
38	38	P29965
39	39	O00189
40	40	Q15007
41	41	P16389
42	42	Q5QJE6
43	43	Q13263
44	44	P28562
45	45	P04844
46	46	P34910
49	49	P39019
53	53	O43586
54	54	Q96RP9
56	56	O95757
57	57	P49798
58	58	P10916
60	60	Q8NEK8
61	61	P43121
62	62	P04440
64	64	O76021
65	65	P22612
66	66	O15409
68	68	P11234
69	69	P30874
70	70	A0A075B6I7
71	71	Q16850
73	73	Q8N668
74	74	P11686
75	75	O43752
77	77	Q8NBT0
81	81	P17301
82	82	O60469
84	84	P55199
85	85	A6NKT7
86	86	P49862
88	88	Q8TBK2
89	89	P22681
90	90	Q5T0J7
91	91	Q12824
94	94	P63215
95	95	Q9NZQ7
96	96	O75438
97	97	O43719
98	98	P35503
99	99	P11802
100	100	O14520
101	101	Q8WV22
103	103	Q6P3W2
104	104	Q9BY67
105	105	Q8N4P2
106	106	P08908
107	107	O75354
108	108	Q8TD17
110	110	Q15543
111	111	P52803
112	112	P01106
113	113	O75530
114	114	O14925
115	115	Q16650
116	116	Q01650
117	117	O75461
119	119	O75298
120	120	A0M8Q6
121	121	P01699
122	122	P45974
123	123	P28482
124	124	Q9Y399
127	127	A6NG13
129	129	O95473
130	130	Q13823
133	133	P05783
134	134	Q13627
135	135	P36897
136	136	Q8TE85
137	137	O43462
139	139	Q04917
142	142	Q9NRG0
143	143	O15069
146	146	Q7Z3J3
147	147	Q92901
148	148	Q04741
149	149	P51795
151	151	Q13308
152	152	O95168
153	153	P62993
154	154	Q969E8
155	155	P21709
157	157	P83436
158	158	O95793
159	159	Q8TF76
160	160	P62736
161	161	P54105
162	162	P51159
163	163	A8MZ26
164	164	O94921
166	166	Q6P2C8
167	167	O00481
168	168	P26641
171	171	P51151
172	172	P15498
174	174	O00533
175	175	P24385
176	176	P16220
177	177	P21796
178	178	O43157
180	180	Q969T4
182	182	P62829
186	186	P79522
189	189	O00506
190	190	Q9C0B7
194	194	Q9BU89
195	195	P04792
196	196	Q8N0W4
197	197	P60510
198	198	O15488
200	200	P17676
202	202	Q92905
203	203	Q9BSC4
204	204	P08047
206	206	Q6IN85
208	208	O75928
209	209	Q9NWT8
210	210	P49207
211	211	Q8NI36
214	214	Q6MZZ7
215	215	Q14141
216	216	P10911
217	217	P48643
218	218	P59998
220	220	Q13445
222	222	Q15768
223	223	P10606
224	224	A0A1B0GWB2
225	225	Q6IA17
226	226	Q14807
228	228	P61077
232	232	P17612
233	233	P39656
234	234	Q86WX3
235	235	A6NHC0
236	236	Q02779
237	237	P09544
239	239	P35226
240	240	Q68J44
241	241	P62244
244	244	P0CL85
248	248	P19087
249	249	P61244
250	250	Q13330
252	252	O60293
253	253	Q4V339
254	254	P27815
255	255	O43920
256	256	Q6P5X5
257	257	O60542
258	258	P42685
259	259	Q8IXB3
260	260	P05107
262	262	O14653
265	265	Q14CN4
266	266	O95059
267	267	B9A064
270	270	Q5THR3
271	271	Q8N257
272	272	P11474
273	273	P54619
274	274	P19429
275	275	Q92619
276	276	Q14494
278	278	Q6UWV2
279	279	Q6GMV2
282	282	A2PYH4
283	283	O95721
284	284	Q14166
285	285	Q01955
286	286	P41743
287	287	P08648
289	289	Q13136
290	290	P20618
295	295	P47224
298	298	O00308
299	299	P15407
301	301	Q13449
302	302	O14944
303	303	O60336
304	304	Q86VP3
306	306	P62837
307	307	P22492
308	308	O00159
309	309	O75489
310	310	Q7RTU1
311	311	O75496
312	312	Q13813
313	313	Q2I0M5
315	315	Q9NS84
316	316	P50750
317	317	P48668
318	318	Q9BRR0
321	321	P84077
322	322	P35241
323	323	O60907
324	324	P10828
325	325	P60002
326	326	P52732
328	328	Q8WWB3
329	329	P09958
330	330	P22674
331	331	P35968
332	332	Q9BUA6
335	335	P80188
336	336	P13631
338	338	Q03111
339	339	Q8TF08
340	340	O43837
341	341	Q14CS0
342	342	P48742
343	343	P27338
344	344	P07949
346	346	P06400
348	348	Q5W0V3
350	350	O60264
352	352	Q6UWF3
353	353	Q6P2H3
354	354	P02462
355	355	O95166
356	356	Q99436
357	357	Q9H427
358	358	A6NHQ2
359	359	P11362
360	360	P14780
361	361	Q96ES7
362	362	Q8TF39
363	363	Q06587
364	364	P14598
365	365	P10586
367	367	O94923
370	370	P35659
371	371	O95279
372	372	P07919
373	373	P29401
374	374	Q9HAP2
375	375	A0A075B6I1
377	377	Q13585
378	378	P49643
380	380	P25024
381	381	P84098
382	382	P13591
383	383	Q15024
384	384	Q15125
386	386	P08727
387	387	Q14973
388	388	P01703
393	393	O60869
395	395	P04198
396	396	P55040
398	398	P04264
399	399	P19012
400	400	Q9BT78
402	402	Q96BP3
404	404	P0C1H6
406	406	P67809
407	407	O00161
408	408	P02776
411	411	Q3ZAQ7
414	414	P24310
416	416	Q13158
417	417	Q05D32
420	420	A0A075B6S6
421	421	O14497
422	422	P11279
423	423	O15498
424	424	Q06432
425	425	Q68CP9
426	426	O43921
427	427	Q8N461
428	428	O00762
429	429	O14786
430	430	Q86X83
431	431	O43432
432	432	P43362
433	433	P03905
436	436	Q96FT7
437	437	Q13202
439	439	Q3MJ62
440	440	P11831
441	441	P16298
442	442	Q8TCG2
443	443	Q6PH81
444	444	Q70E73
446	446	P28698
447	447	Q9BV40
448	448	A0A5S8K742
449	449	P45983
452	452	O15342
453	453	Q16825
454	454	P17706
458	458	P10073
459	459	Q9NVU0
460	460	Q9H204
461	461	P31947
462	462	Q96MV1
463	463	A5PLN9
464	464	P16035
468	468	O96004
469	469	O43930
472	472	P60953
475	475	P12830
477	477	P31153
478	478	P15311
479	479	P46937
481	481	P05787
484	484	O95619
487	487	P20963
488	488	Q5HYJ3
489	489	O75419
490	490	Q8N8S7
491	491	P61758
492	492	P28074
495	495	Q13838
496	496	Q8N100
497	497	P63252
499	499	Q5TEC6
500	500	Q3MII6
503	503	P20333
504	504	P29353
506	506	P20226
507	507	Q14691
508	508	Q9NX65
510	510	O76041
511	511	Q8TBC5
512	512	Q8WUQ7
513	513	Q12816
514	514	Q9NPA1
515	515	Q3SY69
517	517	P49765
518	518	P61619
521	521	P63162
523	523	O00322
525	525	O95206
526	526	Q14195
527	527	P33240
530	530	P23415
531	531	P59646
532	532	P29973
533	533	P35443
534	534	P02008
535	535	P01871
538	538	O94927
539	539	O75665
540	540	O60675
541	541	Q12906
542	542	Q99873
543	543	O14936
545	545	O43707
548	548	P35908
549	549	Q3B7S5
550	550	O75122
551	551	Q8TAE8
552	552	Q13557
556	556	O43150
557	557	Q13686
561	561	C9JE40
563	563	O00631
568	568	O43516
571	571	P22455
573	573	Q9BT67
574	574	P56373
575	575	Q8N680
577	577	Q92994
579	579	Q8NGL1
580	580	P06493
581	581	O75663
582	582	Q2MJR0
583	583	Q01718
584	584	Q13564
586	586	Q01449
587	587	P42229
588	588	P03372
589	589	Q9C098
592	592	P01116
593	593	Q9NWK9
594	594	O15027
595	595	P04118
596	596	A6NFK2
598	598	Q8NAP3
599	599	Q8WUA4
600	600	Q4AC94
601	601	O75367
602	602	O43491
603	603	Q9NX08
604	604	P50221
605	605	P29992
607	607	P14854
608	608	P29322
609	609	Q86YC2
611	611	Q6P582
612	612	O14910
613	613	Q8WYJ6
614	614	P20809
615	615	Q13873
616	616	P41219
618	618	O43502
620	620	P48539
621	621	O00217
623	623	Q15776
625	625	Q8NGD1
627	627	P63279
629	629	P09601
630	630	Q10587
632	632	P60006
633	633	P20645
634	634	P42568
636	636	O43294
638	638	P08779
640	640	Q8NDX5
641	641	O43639
642	642	P14923
644	644	Q86XS5
645	645	Q4VXU2
646	646	Q8N6R1
647	647	P57771
648	648	P40939
649	649	P15884
652	652	P49810
653	653	Q16520
655	655	O60391
656	656	P52945
657	657	O76096
658	658	Q3SXY7
659	659	O76081
660	660	O43292
661	661	O14893
663	663	P24158
664	664	O95125
666	666	O95528
668	668	O75444
670	670	Q16589
671	671	Q2VWP7
673	673	P15374
674	674	Q9NQB0
675	675	Q12933
676	676	P18848
677	677	P13861
678	678	P51168
679	679	O95817
680	680	O95067
681	681	A0A075B6J2
683	683	P57054
685	685	O43482
686	686	Q96RT8
688	688	Q6DHV5
689	689	O76015
690	690	P61421
691	691	P23763
692	692	Q92925
693	693	O00327
694	694	Q8IX21
695	695	Q8NG31
700	700	Q8N3Z6
701	701	P35916
703	703	Q7Z6Z6
704	704	O95271
705	705	Q86YV9
707	707	P08195
708	708	Q15019
709	709	P13646
710	710	O95931
711	711	P62266
712	712	P10398
714	714	P0CW19
715	715	Q07654
716	716	P50222
717	717	P82930
718	718	P11047
719	719	O15265
720	720	Q8N983
722	722	P27348
724	724	Q2MV58
726	726	P09210
727	727	Q8NFZ4
728	728	Q5JVG2
730	730	P02538
731	731	O15197
732	732	O15492
733	733	P61970
734	734	A0A087WTH5
735	735	P01597
736	736	O60783
738	738	P78364
739	739	Q92800
740	740	P41182
742	742	Q9BTC8
744	744	O43896
745	745	P18124
746	746	Q6ZRY4
747	747	Q92543
750	750	O00268
751	751	P57727
752	752	P01614
753	753	Q6PI48
755	755	P68036
756	756	Q5T751
757	757	Q12791
759	759	P49716
760	760	P51798
761	761	O43665
762	762	P29033
763	763	P01111
764	764	P05362
765	765	O15213
766	766	P05198
767	767	P07237
768	768	Q96JZ2
769	769	A6PVL3
771	771	P17568
772	772	P63027
774	774	P62701
775	775	A8MW92
778	778	O75340
779	779	Q9NQW1
780	780	Q96GY3
781	781	A1L157
783	783	A0A087WT02
786	786	P0DJI9
787	787	P06340
788	788	P01743
791	791	P16112
792	792	Q92530
793	793	Q14201
794	794	P12314
797	797	Q86XM0
800	800	P78385
801	801	Q86UT8
802	802	P15927
803	803	P29966
806	806	Q00839
807	807	P50542
808	808	Q9UGI9
809	809	Q8IXV7
810	810	Q5T700
811	811	P63104
812	812	P34810
813	813	O14490
814	814	P15880
816	816	Q9NXS3
817	817	O00204
818	818	P00519
820	820	Q86Y82
823	823	O14607
824	824	Q8NE71
825	825	O00548
826	826	O00399
827	827	Q7Z7A1
829	829	O94761
831	831	P21246
832	832	P61764
837	837	P24311
838	838	Q9BVV7
839	839	A0A5K1VDZ0
840	840	O00291
842	842	Q9BZL4
843	843	P48431
844	844	A0A075B6J9
846	846	P53350
848	848	P56597
849	849	P20941
850	850	O00421
851	851	Q7Z3Y8
852	852	P46934
853	853	Q8WUB8
855	855	Q8N7H5
856	856	Q13342
857	857	O14965
858	858	B7U540
859	859	Q01167
860	860	P50749
862	862	P18031
863	863	Q03405
865	865	Q14644
866	866	Q15119
867	867	Q969M1
871	871	P61981
872	872	Q8IZ57
874	874	O75146
875	875	P09001
876	876	P84085
877	877	P09669
878	878	Q14696
880	880	P19013
881	881	P02775
883	883	P62875
884	884	Q6NSW7
885	885	Q96NZ1
888	888	P51809
890	890	Q9NPG2
892	892	P62136
893	893	P05387
894	894	P46940
897	897	P09497
898	898	Q8N5G0
899	899	Q71DI3
900	900	O15525
902	902	P49406
903	903	P0DKL9
904	904	P78413
907	907	A0A0A6YYJ7
909	909	P46779
913	913	O75886
915	915	O43660
916	916	Q13153
918	918	O43897
919	919	A6NLX3
920	920	O75636
922	922	Q2WEN9
923	923	Q02575
924	924	Q8N957
925	925	P04435
927	927	P25787
929	929	O60220
930	930	P34932
931	931	Q92599
932	932	O75808
933	933	O15539
934	934	Q13163
935	935	P55273
936	936	Q68G74
937	937	P0C0S5
938	938	O94805
939	939	P30281
940	940	P46777
941	941	O00574
942	942	O43704
943	943	O60397
944	944	Q16445
945	945	Q71UM5
946	946	Q14562
947	947	A0A0A6YYK1
948	948	Q86W11
949	949	A2A368
950	950	O95631
952	952	Q9NX55
953	953	Q15035
955	955	Q00403
956	956	Q13753
959	959	O75356
960	960	P49642
961	961	Q96K76
962	962	Q00005
963	963	Q9H6Y5
964	964	P21281
965	965	O94811
966	966	P52951
968	968	Q7Z699
972	972	P61266
976	976	A0A075B6H9
978	978	O95460
979	979	A0A087WW87
980	980	P29323
981	981	O95551
982	982	A0A075B6I9
985	985	Q6T4R5
986	986	P63010
987	987	Q14683
988	988	P57053
989	989	Q9HAP6
990	990	Q9BYD3
993	993	Q7Z2Z1
994	994	P51965
995	995	O00155
996	996	Q5H9L4
997	997	Q2TAP0
998	998	Q96EK4
999	999	P62280
1000	1000	P49715
1001	1001	P45984
1003	1003	P0CG47
1004	1004	Q9H845
1005	1005	Q5XKE5
1006	1006	P59190
1007	1007	Q96MX6
1009	1009	P0C0S8
1010	1010	P01562
1011	1011	P50479
1012	1012	O14974
1013	1013	O43295
1014	1014	O43676
1015	1015	Q75QN2
1016	1016	Q9BQ69
1018	1018	Q07973
1019	1019	O60716
1021	1021	O14733
1022	1022	P19793
1023	1023	O95760
1025	1025	P58418
1026	1026	Q07889
1030	1030	Q96Q07
1031	1031	P48058
1034	1034	Q14833
1036	1036	P23588
1037	1037	P05111
1038	1038	O96019
1039	1039	Q9BRP8
1042	1042	O95782
1043	1043	O00193
1044	1044	P82664
1045	1045	P05981
1046	1046	P05067
1047	1047	P35900
1048	1048	Q9H8M9
1049	1049	P37840
1050	1050	Q96B02
1051	1051	P15173
1052	1052	P0C7Q6
1054	1054	Q8ND71
1055	1055	P36888
1056	1056	Q8TDR0
1057	1057	P20849
1059	1059	P62081
1060	1060	P07333
1061	1061	P22392
1062	1062	Q99928
1064	1064	A0A1W2PRV1
1065	1065	Q13416
1066	1066	E9PAV3
1067	1067	Q14493
1068	1068	O15143
1069	1069	Q6QNY1
1070	1070	P20151
1072	1072	O75469
1073	1073	P09038
1074	1074	O15427
1076	1076	P02748
1077	1077	Q9H4E5
1078	1078	Q4ZIN3
1079	1079	Q86XW9
1080	1080	Q8IYI6
1083	1083	Q15173
1084	1084	Q8N6Y1
1085	1085	O43172
1087	1087	A0A087WSY6
1088	1088	O15182
1089	1089	P41229
1090	1090	Q99707
1093	1093	Q9NPI1
1094	1094	O60656
1095	1095	P12814
1096	1096	A0A0B4J262
1097	1097	Q5TGS1
1098	1098	Q9UKN8
1099	1099	P22894
1100	1100	P00156
1102	1102	O95390
1103	1103	O60259
1105	1105	P31644
1106	1106	Q3KNW5
1109	1109	Q15642
1110	1110	Q8NI37
1111	1111	Q8N587
1112	1112	P54259
1114	1114	Q14258
1117	1117	P17022
1119	1119	O75365
1122	1122	P59780
1124	1124	Q6UXN7
1125	1125	P41235
1126	1126	P61236
1127	1127	Q9H910
1128	1128	P48051
1129	1129	P35754
1131	1131	Q6UX40
1133	1133	B5ME19
1135	1135	Q6P1L8
1137	1137	O14531
1138	1138	Q6NUK4
1139	1139	P55198
1141	1141	Q8NEM2
1142	1142	O95229
1143	1143	Q14145
1144	1144	Q08257
1145	1145	P46092
1146	1146	A6H8Y1
1147	1147	Q8NHZ8
1148	1148	O94762
1149	1149	Q9BW11
1150	1150	P01574
1152	1152	O95076
1153	1153	P61927
1155	1155	O14709
1156	1156	Q06418
1157	1157	P53384
1159	1159	P51003
1160	1160	Q96PE5
1161	1161	P49795
1162	1162	O60447
1163	1163	O95352
1165	1165	Q70SY1
1166	1166	O43521
1167	1167	O94986
1168	1168	Q2M2I5
1169	1169	P49848
1170	1170	P31946
1172	1172	Q0VAQ4
1175	1175	Q13099
1176	1176	O00566
1177	1177	Q8WWL2
1178	1178	O43567
1179	1179	Q2Y0W8
1180	1180	Q8N967
1181	1181	Q05516
1183	1183	Q14186
1184	1184	P63208
1185	1185	O43556
1186	1186	P31749
1187	1187	Q9NWU5
1188	1188	Q9BWX1
1189	1189	Q504Y2
1191	1191	P50747
1192	1192	Q6UWB1
1193	1193	Q96LB3
1194	1194	P17028
1195	1195	P37235
1199	1199	P04439
1201	1201	Q6NSI8
1202	1202	Q8IWL3
1203	1203	P18075
1205	1205	Q14106
1207	1207	Q6NUN9
1209	1209	Q9H790
1210	1210	P14784
1211	1211	P01591
1213	1213	P32456
1214	1214	Q76L83
1215	1215	Q8NEV4
1216	1216	Q6ZNR0
1217	1217	P13349
1218	1218	Q5BJF6
1219	1219	Q32NC0
1220	1220	P07766
1222	1222	P48506
1224	1224	P04259
1225	1225	P51825
1226	1226	O95183
1229	1229	O43790
1230	1230	O43815
1231	1231	Q86VX2
1233	1233	Q8NEM7
1235	1235	P68366
1236	1236	P61586
1238	1238	Q8WTW3
1239	1239	O43166
1240	1240	Q9BYD1
1241	1241	O00634
1242	1242	Q9BWG4
1243	1243	Q96F15
1244	1244	O00168
1245	1245	Q96IG2
1246	1246	Q96DD7
1247	1247	P51610
1248	1248	P22102
1249	1249	P04632
1251	1251	Q9UHD1
1252	1252	P12829
1253	1253	Q8WZ55
1254	1254	Q9BSE2
1255	1255	Q14209
1256	1256	P49674
1257	1257	A0A075B6S4
1259	1259	A2VDJ0
1260	1260	P25021
1261	1261	Q86Y39
1263	1263	Q07890
1265	1265	Q8WUD4
1266	1266	P32238
1268	1268	A0A0C4DH68
1270	1270	P14136
1271	1271	P62256
1272	1272	Q9P2J9
1274	1274	Q01453
1275	1275	A0A1B0GUL7
1277	1277	Q96EY7
1278	1278	O00499
1279	1279	Q659A1
1280	1280	P46095
1281	1281	O00238
1282	1282	Q6P597
1283	1283	O75044
1284	1284	P05141
1286	1286	P53618
1288	1288	Q99943
1289	1289	A5LHX3
1292	1292	P0DP25
1293	1293	Q15113
1294	1294	P82675
1295	1295	P48050
1298	1298	O60361
1299	1299	Q92572
1301	1301	O15431
1303	1303	Q49AN0
1305	1305	Q6NSZ9
1306	1306	Q15067
1307	1307	P61019
1309	1309	P55285
1311	1311	P14678
1313	1313	P49585
1314	1314	Q86V85
1315	1315	Q96HS1
1316	1316	Q0VG06
1317	1317	Q68D86
1318	1318	P53567
1319	1319	Q32MK0
1321	1321	P32249
1322	1322	P55854
1323	1323	Q0VGL1
1324	1324	Q9P2G9
1325	1325	Q7L5Y9
1327	1327	Q4U2R6
1328	1328	Q8TC07
1329	1329	P42224
1330	1330	P18507
1331	1331	O00221
1332	1332	P52948
1334	1334	P31146
1335	1335	O14764
1336	1336	P52888
1337	1337	O75553
1338	1338	P60059
1339	1339	P53675
1342	1342	Q7Z6M4
1343	1343	Q7Z5R6
1345	1345	Q15542
1346	1346	P35249
1348	1348	Q9P2N7
1349	1349	Q8NDV3
1350	1350	O14986
1352	1352	Q676U5
1353	1353	P17040
1355	1355	A4FU01
1356	1356	Q969H0
1357	1357	P36959
1359	1359	O43399
1360	1360	O75845
1361	1361	A0A0A0MT82
1362	1362	P23025
1363	1363	O15085
1364	1364	P62987
1365	1365	P63098
1366	1366	O75084
1368	1368	O14595
1369	1369	A0A1B0GUS4
1370	1370	P02689
1373	1373	O75379
1375	1375	Q9NVF7
1377	1377	P49069
1380	1380	Q96GS4
1383	1383	Q7Z7H3
1387	1387	P37287
1388	1388	Q9BS34
1389	1389	P48544
1390	1390	O94888
1391	1391	O94864
1392	1392	Q99797
1393	1393	O43251
1394	1394	P23409
1395	1395	P21579
1396	1396	Q9H9Q2
1398	1398	Q96CT2
1399	1399	Q9P299
1400	1400	P52564
1402	1402	Q8IYB8
1403	1403	O43741
1404	1404	P41181
1405	1405	Q8TEB9
1406	1406	P19883
1408	1408	P16150
1412	1412	P10321
1413	1413	Q9P2S5
1415	1415	O75348
1416	1416	P53365
1418	1418	Q16890
1419	1419	O95251
1420	1420	P15336
1422	1422	Q96MF6
1423	1423	P60981
1424	1424	O60486
1425	1425	Q01081
1426	1426	O14548
1427	1427	Q01469
1428	1428	Q9NRG4
1429	1429	P15151
1430	1430	Q7Z2D5
1432	1432	O43822
1433	1433	Q6UW88
1435	1435	P03956
1436	1436	Q96N95
1437	1437	P27695
1438	1438	Q15916
1439	1439	C9JLW8
1440	1440	P24278
1441	1441	O00590
1442	1442	Q9H0H3
1443	1443	O15155
1444	1444	P24386
1445	1445	Q5VZM2
1447	1447	P28370
1448	1448	Q5SVZ6
1449	1449	P25788
1450	1450	Q13043
1451	1451	Q86XP3
1454	1454	Q92692
1455	1455	P50990
1456	1456	P20336
1457	1457	O75446
1458	1458	Q06124
1460	1460	O60687
1461	1461	P61457
1462	1462	Q7Z3B3
1464	1464	P01619
1466	1466	O00559
1467	1467	P47928
1469	1469	A0A0G2JNQ3
1470	1470	Q96S94
1471	1471	A0A7I2V4K3
1472	1472	P22732
1475	1475	O60828
1476	1476	A0JLT2
1477	1477	Q6P589
1478	1478	O43309
1480	1480	Q6W2J9
1481	1481	P36507
1482	1482	O43315
1483	1483	P0C7T5
1484	1484	Q6P161
1485	1485	Q00532
1486	1486	P61163
1488	1488	P52198
1490	1490	P40306
1492	1492	O00203
1493	1493	P01563
1495	1495	B4DS77
1496	1496	Q8IZP0
1497	1497	P46199
1498	1498	Q86U06
1500	1500	Q9HCJ1
1501	1501	O95816
1502	1502	Q14CW9
1503	1503	Q15286
1504	1504	Q92922
1505	1505	P55884
1506	1506	P14868
1507	1507	O43678
1508	1508	O94953
1509	1509	P14616
1510	1510	O75426
1511	1511	P12035
1512	1512	O43927
1513	1513	P46821
1515	1515	A0A075B6K4
1517	1517	Q96M61
1518	1518	A6NHX0
1519	1519	Q01638
1520	1520	Q5T6C5
1521	1521	Q13516
1522	1522	O00541
1523	1523	P13598
1524	1524	P12525
1525	1525	P50613
1529	1529	Q13442
1530	1530	P29972
1531	1531	Q16236
1532	1532	Q02045
1534	1534	Q15506
1536	1536	Q9H2W6
1537	1537	Q93079
1538	1538	O60303
1541	1541	P42704
1542	1542	Q9UBM4
1543	1543	Q86VZ2
1547	1547	P00326
1549	1549	Q59H18
1550	1550	Q5T752
1551	1551	P01185
1552	1552	Q8N456
1553	1553	P02656
1555	1555	Q15276
1556	1556	Q4G0I0
1557	1557	P55268
1558	1558	P63261
1559	1559	P26441
1560	1560	A6NM36
1561	1561	O43679
1562	1562	P48169
1563	1563	O94964
1564	1564	O15218
1565	1565	P28289
1566	1566	O75385
1567	1567	Q6ZTA4
1569	1569	Q6UW68
1570	1570	O60784
1571	1571	Q14C86
1572	1572	P01906
1573	1573	O60841
1574	1574	Q8NFJ8
1576	1576	O60636
1577	1577	A0A0A0MRZ8
1578	1578	Q9BQ51
1579	1579	A8MPY1
1580	1580	P0CJ71
1581	1581	Q13619
1582	1582	A6NJV1
1585	1585	Q9NZW5
1586	1586	Q03113
1587	1587	Q8TDI7
1588	1588	A0A3B3IU63
1589	1589	Q8NBJ7
1590	1590	Q13033
1591	1591	Q96AJ9
1592	1592	A0A1W2PQ27
1593	1593	Q9C0I9
1594	1594	Q9BWG6
1595	1595	Q99081
1596	1596	Q63HR2
1597	1597	Q4W5P6
1598	1598	A8MXD5
1599	1599	A6NCS4
1601	1601	Q9UBC3
1602	1602	Q13363
1603	1603	Q99571
1604	1604	P03886
1607	1607	Q8TES7
1608	1608	Q3B7T3
1609	1609	Q6QNY0
1610	1610	P27482
1611	1611	P62310
1612	1612	P02533
1614	1614	O94874
1617	1617	P42285
1619	1619	Q8N5M9
1620	1620	O95486
1622	1622	A0A494C0Z2
1623	1623	P08574
1624	1624	O15047
1625	1625	Q92747
1626	1626	P06028
1628	1628	P07992
1629	1629	O60502
1632	1632	P63000
1635	1635	Q86V59
1637	1637	Q86VQ3
1639	1639	O14907
1641	1641	P61956
1642	1642	Q9BY42
1643	1643	Q8N228
1644	1644	P09488
1645	1645	Q99747
1648	1648	A0A1W2PQL4
1651	1651	P01602
1652	1652	A0ZSE6
1654	1654	P38919
1655	1655	Q9H3P2
1656	1656	A0AUZ9
1657	1657	P68106
1658	1658	P02461
1659	1659	P84022
1660	1660	P51858
1664	1664	Q5VZE5
1665	1665	O43809
1667	1667	O75152
1668	1668	Q7RTS1
1669	1669	P22309
1670	1670	P46778
1673	1673	O75880
1674	1674	P40227
1675	1675	Q92886
1677	1677	Q8NBZ0
1678	1678	P11233
1680	1680	Q9GZX9
1681	1681	P78337
1682	1682	A0A0C4DH73
1683	1683	O43633
1684	1684	Q96BD5
1685	1685	Q6EEV6
1687	1687	O95859
1688	1688	Q8IZ81
1689	1689	P06307
1690	1690	P00395
1692	1692	Q8IWL1
1693	1693	Q53GT1
1694	1694	Q15311
1695	1695	Q99523
1697	1697	O43526
1698	1698	A4D1S0
1699	1699	P15586
1703	1703	Q5T215
1704	1704	Q9P283
1705	1705	P43116
1706	1706	Q15011
1707	1707	O00241
1709	1709	O14662
1710	1710	Q13635
1712	1712	B2RXH8
1714	1714	Q8NDV7
1720	1720	Q15323
1721	1721	Q96A84
1722	1722	Q02297
1723	1723	O14957
1724	1724	P43405
1726	1726	P61964
1728	1728	Q9H0R8
1729	1729	P29459
1730	1730	Q02577
1731	1731	P26010
1732	1732	P07951
1733	1733	A6NJY4
1734	1734	Q8N2Z9
1735	1735	Q9UBF8
1736	1736	Q01151
1737	1737	Q70CQ3
1738	1738	Q6UWT2
1740	1740	A8K0Z3
1741	1741	Q9GZT5
1742	1742	P56559
1743	1743	Q9H871
1744	1744	P22459
1747	1747	P46459
1748	1748	P48723
1751	1751	O96000
1752	1752	Q8WVD3
1755	1755	A8MT33
1757	1757	O43524
1760	1760	P48059
1761	1761	P08754
1762	1762	O75380
1763	1763	P25705
1764	1764	P06454
1765	1765	P51114
1766	1766	O76009
1767	1767	Q8IU85
1768	1768	Q8IXI1
1769	1769	Q7Z7F7
1770	1770	Q5SW96
1771	1771	Q7RTU0
1773	1773	P36894
1774	1774	Q8WUM4
1775	1775	P07437
1777	1777	P82251
1778	1778	O75448
1780	1780	Q15528
1781	1781	O00257
1784	1784	O14921
1785	1785	P98172
1786	1786	P78396
1787	1787	Q7RTV5
1788	1788	P13804
1789	1789	O60711
1791	1791	Q9BUN8
1792	1792	P61006
1793	1793	P55055
1794	1794	Q7Z2G1
1795	1795	P21127
1796	1796	A0A0C4DH69
1797	1797	Q8N7X4
1799	1799	Q7Z602
1802	1802	Q8N5I4
1803	1803	O95393
1807	1807	P62877
1808	1808	P49917
1810	1810	P19086
1811	1811	P78347
1813	1813	Q15833
1814	1814	P25789
1815	1815	P43364
1816	1816	P13747
1817	1817	P0C7M4
1818	1818	P11926
1819	1819	Q5T8D3
1820	1820	Q99643
1821	1821	O15530
1822	1822	Q5T2D3
1823	1823	P30048
1825	1825	A6NCE7
1827	1827	A6NC51
1828	1828	P49019
1829	1829	P17275
1830	1830	O15371
1831	1831	P05538
1833	1833	P50225
1834	1834	P21926
1835	1835	A0PJW6
1836	1836	P25942
1838	1838	O75400
1839	1839	P42262
1840	1840	P08729
1841	1841	Q9BX66
1843	1843	Q6ZU64
1846	1846	P51693
1847	1847	P00749
1848	1848	O95363
1849	1849	P24864
1851	1851	P54132
1852	1852	O14832
1853	1853	O15520
1854	1854	Q96CW5
1856	1856	A0A5F9ZHS7
1857	1857	P37231
1858	1858	Q9H5J0
1860	1860	Q92831
1861	1861	O95568
1862	1862	P35638
1864	1864	Q16534
1865	1865	P30154
1866	1866	Q5T754
1867	1867	O60462
1868	1868	P02751
1869	1869	O14867
1870	1870	O95178
1871	1871	Q96S52
1873	1873	O95190
1874	1874	Q68CZ6
1875	1875	O76095
1876	1876	P0CG29
1877	1877	P15172
1878	1878	P52565
1880	1880	P01909
1881	1881	P20339
1882	1882	Q92731
1883	1883	Q7L523
1884	1884	Q9H8H0
1885	1885	O75145
1887	1887	P54756
1889	1889	P06213
1890	1890	Q58F21
1891	1891	P02042
1892	1892	Q9UPT5
1893	1893	Q92952
1894	1894	Q13554
1895	1895	P16144
1896	1896	Q6UX04
1897	1897	P51805
1900	1900	P78348
1901	1901	O00444
1902	1902	P05997
1903	1903	O95299
1904	1904	P50458
1906	1906	Q13885
1908	1908	Q14781
1911	1911	B7ZAQ6
1913	1913	Q02413
1915	1915	O43566
1916	1916	Q6T310
1917	1917	Q8N4S0
1918	1918	P61020
1920	1920	P29317
1923	1923	Q96G27
1924	1924	O14602
1925	1925	Q14831
1927	1927	P54829
1928	1928	O14978
1929	1929	O14777
1931	1931	Q13636
1933	1933	O00470
1934	1934	Q86WG3
1935	1935	P21802
1936	1936	O15511
1938	1938	P01700
1939	1939	P35609
1940	1940	Q6P6C2
1941	1941	Q15811
1945	1945	P43080
1946	1946	P11177
1948	1948	P82673
1949	1949	A6NN90
1950	1950	Q7Z404
1952	1952	A6NKD2
1954	1954	P04062
1955	1955	Q9BYD6
1956	1956	A0A1W2PQC6
1959	1959	P05187
1960	1960	O15173
1961	1961	O43683
1962	1962	O14933
1964	1964	A8MTJ3
1966	1966	P63096
1968	1968	P05108
1970	1970	Q96H15
1971	1971	P31948
1973	1973	P53041
1976	1976	P35244
1979	1979	O00487
1980	1980	Q03692
1982	1982	P84243
1983	1983	Q13616
1984	1984	P11597
1986	1986	Q8N7B6
1988	1988	P17029
1989	1989	P42766
1990	1990	P10275
1991	1991	P31350
1992	1992	A6NFF2
1993	1993	Q9H1K1
1994	1994	P01375
1997	1997	O43680
1999	1999	O75864
2000	2000	O15033
2001	2001	Q9BTV7
2003	2003	P57789
2004	2004	Q8N8N0
2005	2005	P50148
2007	2007	O60830
2008	2008	O95971
2013	2013	B2RNN3
2014	2014	O76050
2016	2016	O15519
2017	2017	O60499
2018	2018	P06702
2019	2019	Q76FK4
2020	2020	P55197
2021	2021	O14763
2025	2025	Q8TAC2
2026	2026	Q7RTU4
2028	2028	O15145
2029	2029	Q07002
2030	2030	Q86UL3
2031	2031	O15072
2032	2032	Q6NXT2
2034	2034	O95198
2035	2035	P60508
2037	2037	P01568
2038	2038	P12235
2040	2040	P78318
2041	2041	P12236
2042	2042	Q7L0Q8
2043	2043	Q14118
2044	2044	Q9BRT9
2045	2045	O15318
2048	2048	P03928
2049	2049	Q6PJT7
2050	2050	Q6DKJ4
2051	2051	Q12772
2052	2052	Q15785
2053	2053	O95425
2054	2054	Q53S08
2055	2055	Q8NBF2
2058	2058	Q8IXI2
2059	2059	P45985
2061	2061	Q8NFY4
2062	2062	P51149
2063	2063	P43403
2064	2064	Q96A32
2066	2066	O75843
2068	2068	Q9GZZ6
2069	2069	Q14677
2070	2070	Q6ZU15
2071	2071	Q15078
2073	2073	Q86V35
2074	2074	P47897
2075	2075	P04350
2076	2076	Q15436
2077	2077	Q13868
2079	2079	Q96G21
2080	2080	Q15572
2081	2081	Q7Z6J9
2083	2083	Q9UJX3
2084	2084	O43739
2085	2085	Q9BQ15
2086	2086	Q8NF99
2087	2087	O95257
2088	2088	P62847
2089	2089	Q9BUI4
2090	2090	Q05707
2091	2091	Q9HB14
2095	2095	O76075
2097	2097	Q8IWF2
2098	2098	Q13131
2099	2099	O15239
2101	2101	P12644
2102	2102	P57737
2105	2105	O00422
2108	2108	Q9NVM6
2109	2109	Q70IA6
2110	2110	Q5T0F9
2111	2111	P0CG08
2112	2112	P52799
2113	2113	P02750
2115	2115	P0DPB3
2119	2119	O15232
2120	2120	Q5TA81
2121	2121	Q92828
2122	2122	A1L188
2123	2123	A0A1B0GUA5
2124	2124	Q15648
2125	2125	O75175
2126	2126	O43709
2128	2128	Q10586
2129	2129	O43167
2130	2130	O95406
2131	2131	A0A075B6K0
2132	2132	P09622
2133	2133	Q9GZY4
2134	2134	Q52LJ0
2135	2135	Q12788
2136	2136	Q96LI5
2138	2138	A6NKW6
2139	2139	Q08426
2140	2140	Q8IXK0
2143	2143	A0A075B6N3
2144	2144	A0PK05
2145	2145	O43303
2149	2149	Q7RTU5
2150	2150	Q8IUR7
2151	2151	Q14194
2152	2152	O95072
2154	2154	Q92643
2158	2158	Q6VN20
2160	2160	O95497
2162	2162	Q8IUE6
2163	2163	P54792
2164	2164	O14654
2167	2167	A0A0B4J1V2
2169	2169	Q5T4F7
2170	2170	Q15759
2171	2171	Q13064
2173	2173	P47929
2174	2174	Q12888
2175	2175	O00160
2176	2176	Q6ZW76
2177	2177	Q6UB98
2178	2178	P36941
2179	2179	P46734
2180	2180	P18858
2182	2182	Q13164
2184	2184	Q8IY18
2185	2185	Q07617
2186	2186	P23458
2187	2187	Q8IU68
2188	2188	Q6IQ55
2190	2190	Q9BRJ9
2191	2191	Q6P5S7
2192	2192	Q6UN15
2193	2193	Q8WUM0
2194	2194	Q14457
2197	2197	O75078
2199	2199	P04908
2200	2200	P09496
2201	2201	Q7Z698
2205	2205	P07384
2206	2206	P21333
2207	2207	P0DTE5
2208	2208	P02675
2210	2210	Q5T5U3
2211	2211	O95832
2213	2213	P17693
2214	2214	P31689
2215	2215	A8MV81
2217	2217	Q6NW34
2220	2220	P07900
2222	2222	P25067
2223	2223	P62304
2224	2224	Q5VXH4
2225	2225	P63316
2226	2226	Q3B8N5
2227	2227	P01178
2228	2228	Q14126
2229	2229	P63173
2231	2231	Q16594
2232	2232	P09234
2233	2233	A0A1W2PP81
2234	2234	P0DPK2
2236	2236	Q8IZ16
2237	2237	P60763
2238	2238	P02786
2239	2239	Q15428
2240	2240	P24522
2243	2243	Q8IZJ1
2246	2246	Q99814
2247	2247	O95747
2249	2249	O95169
2250	2250	Q8IXX5
2251	2251	P11049
2252	2252	O76011
2253	2253	Q13326
2254	2254	A6NDL7
2255	2255	Q86WT1
2256	2256	Q16512
2259	2259	Q969J2
2260	2260	P01100
2261	2261	Q13751
2262	2262	O15350
2263	2263	P15514
2264	2264	P17542
2265	2265	Q9NTJ5
2266	2266	P01566
2267	2267	O94766
2268	2268	P06748
2269	2269	Q8WVR3
2271	2271	Q5U5X0
2272	2272	A6NFY7
2273	2273	P05013
2275	2275	P63244
2276	2276	P22736
2278	2278	O00472
2279	2279	Q13546
2280	2280	Q53FP2
2284	2284	P62166
2285	2285	P62753
2286	2286	O43711
2287	2287	O95402
2288	2288	A0A0G2JMH6
2289	2289	Q13368
2290	2290	Q5VU69
2291	2291	P12074
2292	2292	Q8IUZ0
2293	2293	Q13509
2294	2294	O43424
2296	2296	Q15366
2297	2297	O00299
2298	2298	P10145
2299	2299	Q5VTT2
2301	2301	Q9BUL5
2303	2303	A0A0G2JPF8
2304	2304	Q92613
2306	2306	P26373
2307	2307	P42771
2308	2308	Q9BS16
2310	2310	Q04941
2311	2311	Q14444
2312	2312	Q6GPH4
2313	2313	Q01534
2314	2314	Q8IWY8
2315	2315	Q06547
2317	2317	Q8N720
2318	2318	Q96KR1
2319	2319	O00483
2320	2320	O95479
2323	2323	P57721
2324	2324	O60583
2325	2325	Q6R2W3
2328	2328	Q92734
2329	2329	O95644
2330	2330	Q3KR37
2331	2331	Q96K62
2333	2333	P33681
2334	2334	P78346
2336	2336	A0A0A0MS02
2339	2339	Q5MJ10
2341	2341	O75376
2343	2343	P62913
2344	2344	O60762
2345	2345	O75182
2347	2347	Q12894
2348	2348	Q01968
2349	2349	A0AVI4
2350	2350	P02730
2351	2351	Q8TEY7
2352	2352	Q96A33
2353	2353	P08590
2354	2354	O60518
2355	2355	Q96KQ7
2357	2357	P30519
2359	2359	Q96BW1
2360	2360	O14905
2364	2364	P20702
2365	2365	Q7L1W4
2366	2366	P09619
2367	2367	Q15853
2368	2368	O75439
2369	2369	O14757
2370	2370	P31273
2371	2371	Q7Z4Q2
2372	2372	Q3SY84
2373	2373	A0A1B0GUZ9
2374	2374	O43504
2375	2375	O95069
2376	2376	O14770
2379	2379	O43236
2384	2384	Q9P0U1
2385	2385	O95433
2386	2386	Q96LW4
2387	2387	Q02809
2388	2388	P43629
2389	2389	Q6UXX9
2390	2390	Q15848
2391	2391	Q9NX58
2392	2392	Q8NCW0
2393	2393	O95376
2394	2394	Q8IV08
2395	2395	P80192
2397	2397	P12755
2398	2398	O60682
2399	2399	Q86YM7
2400	2400	A0A3B3IU46
2401	2401	O75325
2402	2402	Q8WWF5
2404	2404	Q04726
2406	2406	Q66K66
2409	2409	A9QM74
2410	2410	Q8N7S2
2412	2412	A0A0A0MRZ9
2413	2413	P20062
2414	2414	O75575
2415	2415	Q9NY25
2416	2416	Q8N140
2417	2417	Q2M329
2418	2418	P09429
2420	2420	P35590
2421	2421	Q8NHM5
2423	2423	Q9BSK4
2424	2424	P30301
2425	2425	A0A1B0GW35
2426	2426	O00755
2427	2427	Q6IQ20
2429	2429	Q12981
2431	2431	Q12959
2432	2432	Q32P41
2433	2433	A0A1W2PQ09
2435	2435	P10176
2436	2436	O75800
2437	2437	Q6P2E9
2438	2438	A6NL82
2439	2439	P14649
2440	2440	Q5TD97
2441	2441	P0DI80
2442	2442	A0A096LPH7
2443	2443	Q13614
2444	2444	Q96BK5
2445	2445	A5D8V6
2446	2446	Q3MUY2
2447	2447	Q9H201
2448	2448	Q6HA08
2449	2449	Q96G28
2450	2450	Q02750
2451	2451	P33316
2452	2452	Q9BVV8
2453	2453	Q86SZ2
2454	2454	O15534
2456	2456	Q96KV7
2457	2457	O15066
2460	2460	O95861
2461	2461	Q00653
2462	2462	O15068
2464	2464	P01704
2465	2465	P0DMT0
2468	2468	Q6UWW0
2469	2469	Q8WYQ9
2471	2471	O14771
2472	2472	A0A087X0M5
2473	2473	P56557
2474	2474	P54849
2475	2475	Q05DH4
2476	2476	O76014
2477	2477	Q6P9H4
2478	2478	Q6P0Q8
2479	2479	Q7Z418
2480	2480	P21675
2482	2482	P32971
2483	2483	P07305
2484	2484	P03915
2485	2485	P00797
2487	2487	O75608
2489	2489	O75838
2491	2491	O60262
2493	2493	P52655
2494	2494	P0DMV9
2495	2495	A8MT69
2496	2496	Q8N9R8
2498	2498	O00746
2499	2499	P15408
2501	2501	Q96A49
2505	2505	O94910
2506	2506	P12270
2507	2507	Q92730
2508	2508	Q6P5R6
2509	2509	O60941
2511	2511	Q92841
2512	2512	Q9BY43
2513	2513	Q15596
2514	2514	A0A2R8Y619
2515	2515	Q68EM7
2516	2516	Q92769
2517	2517	P17600
2518	2518	Q01094
2520	2520	Q6N021
2521	2521	O15294
2522	2522	P28908
2523	2523	Q969V4
2524	2524	P14635
2525	2525	O95503
2526	2526	P25786
2530	2530	Q8IWU4
2531	2531	Q96JC1
2532	2532	P10747
2533	2533	O14994
2535	2535	Q86TM6
2536	2536	O15552
2538	2538	O75486
2542	2542	A6NKN8
2543	2543	Q76I76
2544	2544	Q5SZL2
2545	2545	Q5XLA6
2546	2546	O43924
2549	2549	Q8IW52
2550	2550	P62140
2551	2551	P57075
2552	2552	P82933
2553	2553	O43307
2557	2557	Q14232
2559	2559	Q9H1J7
2560	2560	P11171
2561	2561	O75427
2562	2562	O95810
2564	2564	Q69YL0
2566	2566	A6NK58
2568	2568	P0C091
2569	2569	Q8N9T8
2571	2571	Q8IVF7
2572	2572	Q15059
2576	2576	O15379
2578	2578	O15400
2579	2579	Q4LE39
2580	2580	Q9H832
2581	2581	O76036
2583	2583	Q9H7L9
2584	2584	P62854
2585	2585	P04035
2586	2586	O00186
2587	2587	P25098
2588	2588	P84090
2590	2590	P78537
2591	2591	Q2T9L4
2592	2592	Q93086
2593	2593	P49450
2597	2597	P19404
2598	2598	Q9C086
2599	2599	Q13702
2600	2600	Q8WYA6
2601	2601	P31268
2602	2602	O14810
2603	2603	P19447
2604	2604	Q8NI60
2606	2606	P32856
2607	2607	P19484
2608	2608	Q53GS7
2610	2610	O00303
2612	2612	P62269
2613	2613	P35228
2614	2614	P19838
2617	2617	P51398
2618	2618	Q2V2M9
2623	2623	Q14761
2624	2624	Q13643
2626	2626	P29372
2627	2627	Q9NP92
2629	2629	P11801
2631	2631	Q9NV31
2633	2633	Q13077
2634	2634	Q9HCE3
2636	2636	O75436
2637	2637	Q8TDZ2
2638	2638	O96020
2639	2639	Q16570
2640	2640	P29374
2642	2642	Q96RN5
2643	2643	Q14241
2644	2644	P15692
2645	2645	Q71UI9
2646	2646	O75616
2647	2647	P01721
2648	2648	P13647
2649	2649	Q6ZNI0
2650	2650	O75317
2651	2651	Q93062
2652	2652	P27037
2653	2653	Q7Z3K6
2654	2654	Q96PY6
2656	2656	Q86W92
2657	2657	Q8IYT8
2658	2658	O75947
2659	2659	P0CG13
2661	2661	O75061
2662	2662	Q99871
2663	2663	A2RTX5
2666	2666	Q9P289
2667	2667	Q6ZVZ8
2669	2669	P56915
2670	2670	O95696
2672	2672	O76013
2673	2673	Q9HBV2
2674	2674	P22087
2675	2675	Q9NSY0
2678	2678	Q68DV7
2679	2679	Q8N6F1
2680	2680	Q0VG99
2681	2681	Q9H0Y0
2683	2683	P43363
2684	2684	Q5H9S7
2685	2685	A7KAX9
2687	2687	O60683
2688	2688	Q86VX9
2689	2689	O95057
2690	2690	P56278
2691	2691	O15514
2694	2694	Q14525
2695	2695	Q7Z3B4
2696	2696	Q12996
2697	2697	Q5PSV4
2698	2698	Q9HB90
2699	2699	Q86UP9
2700	2700	Q2M1P5
2704	2704	Q68DK2
2705	2705	O60921
2707	2707	Q15714
2709	2709	Q8TE99
2711	2711	Q9BZK7
2712	2712	P49754
2715	2715	O43745
2720	2720	P56202
2721	2721	Q8IXW5
2722	2722	P62807
2723	2723	O60331
2724	2724	P56537
2725	2725	Q58A44
2726	2726	O43805
2727	2727	Q3KNV8
2728	2728	P55201
2729	2729	P07814
2731	2731	O95490
2732	2732	P61081
2733	2733	O95264
2734	2734	Q15465
2736	2736	P37802
2737	2737	Q07444
2738	2738	A0A140TA62
2739	2739	Q13620
2740	2740	Q5VZ52
2741	2741	P0DJI8
2743	2743	Q96SL4
2744	2744	Q15291
2745	2745	A5D8W1
2746	2746	P0CJ70
2747	2747	Q14746
2748	2748	P62502
2749	2749	P30530
2750	2750	P0CL84
2751	2751	Q86YR5
2752	2752	E9PQX1
2753	2753	Q99626
2754	2754	Q15437
2755	2755	Q96A05
2756	2756	A0A1W2PPL8
2757	2757	P30203
2758	2758	K7EJ46
2759	2759	Q96PV0
2760	2760	Q9BZD2
2761	2761	Q8NCN2
2764	2764	O14682
2765	2765	Q7L2H7
2766	2766	P08621
2767	2767	P05000
2768	2768	Q96H96
2769	2769	Q9NRH3
2770	2770	P57796
2775	2775	P07359
2776	2776	Q9NR50
2777	2777	P43897
2778	2778	Q15672
2780	2780	Q6NSJ5
2781	2781	Q8NAC3
2782	2782	Q8N966
2783	2783	Q86XT2
2784	2784	P55196
2788	2788	Q16540
2789	2789	P11309
2790	2790	P61587
2792	2792	P01350
2793	2793	Q12907
2794	2794	O94788
2797	2797	Q4G0U5
2798	2798	P49720
2800	2800	O00567
2801	2801	Q9C0D2
2803	2803	O14519
2806	2806	Q9Y5J9
2807	2807	P22557
2808	2808	Q15544
2809	2809	A0A494C103
2811	2811	P05549
2813	2813	O75558
2814	2814	P41227
2815	2815	P0DPK5
2816	2816	O00231
2817	2817	P17535
2818	2818	Q13541
2820	2820	P60983
2821	2821	P98170
2822	2822	Q02108
2824	2824	O00488
2825	2825	Q6ZYL4
2826	2826	Q6P1K2
2827	2827	P56706
2828	2828	Q2M1V0
2829	2829	Q15172
2830	2830	P23945
2831	2831	Q86UE6
2834	2834	P08913
2835	2835	P19957
2836	2836	Q13427
2837	2837	O95755
2840	2840	O95347
2842	2842	O43293
2847	2847	Q5T1Q4
2848	2848	P29016
2849	2849	Q16790
2850	2850	O00459
2851	2851	Q09013
2853	2853	Q9BX73
2854	2854	P20155
2855	2855	A0A075B6I0
2856	2856	O15547
2858	2858	P42575
2860	2860	P07910
2861	2861	Q9H0Q3
2863	2863	O43448
2865	2865	P55286
2866	2866	Q06203
2868	2868	P04839
2871	2871	O60763
2872	2872	Q92620
2873	2873	P0DMV8
2874	2874	P08708
2876	2876	P43355
2878	2878	P22310
2879	2879	Q9NZ32
2880	2880	P31274
2882	2882	O15231
2884	2884	P35222
2885	2885	P40617
2886	2886	O43143
2888	2888	A0A0B4J1X5
2889	2889	Q9BV38
2890	2890	O15527
2891	2891	Q9BZ23
2893	2893	P18627
2894	2894	Q8J025
2896	2896	Q86WW8
2897	2897	P30679
2898	2898	O60884
2899	2899	O15529
2900	2900	A6NNY8
2901	2901	O75920
2903	2903	P22531
2906	2906	P11488
2907	2907	P02671
2909	2909	Q13061
2913	2913	Q12999
2916	2916	Q86TJ2
2917	2917	A0A075B6J6
2918	2918	Q9H2S9
2920	2920	Q96C03
2921	2921	P22415
2922	2922	P41252
2924	2924	Q6ZNE5
2925	2925	Q8IZP9
2926	2926	P06133
2927	2927	O15031
2928	2928	P18564
2929	2929	P33176
2930	2930	P82914
2931	2931	O00453
2932	2932	Q01432
2933	2933	O75874
2935	2935	Q99633
2937	2937	P10619
2940	2940	O43320
2942	2942	P29692
2944	2944	Q9Y2Q9
2946	2946	P51532
2948	2948	P50539
2949	2949	O15481
2950	2950	Q8N8F6
2951	2951	P34931
2952	2952	Q9H0U6
2953	2953	A2RRL7
2954	2954	Q4VC05
2956	2956	P18505
2958	2958	Q92629
2962	2962	A8MV65
2965	2965	P25440
2967	2967	Q16526
2969	2969	O60238
2970	2970	Q9P206
2971	2971	Q969W0
2974	2974	A2A2V5
2975	2975	Q86TG7
2977	2977	Q9NXL9
2979	2979	Q68D91
2980	2980	Q13347
2983	2983	P32248
2984	2984	P49023
2987	2987	Q8NHW3
2988	2988	Q96IZ7
2989	2989	O15550
2993	2993	G2XKQ0
2995	2995	P31751
2998	2998	O75164
2999	2999	Q8IWQ3
3000	3000	Q96PQ0
3002	3002	O14576
3003	3003	Q8N114
3004	3004	P13500
3005	3005	Q5T653
3006	3006	Q6ZSY5
3007	3007	Q05923
3008	3008	P49459
3009	3009	Q969X6
3010	3010	P48551
3011	3011	Q8IV01
3012	3012	Q15468
3014	3014	Q8IYB7
3015	3015	P47870
3016	3016	Q8IU60
3017	3017	P33778
3018	3018	P53985
3019	3019	P61165
3020	3020	Q13488
3021	3021	P23511
3022	3022	Q9P0V9
3023	3023	O75915
3025	3025	Q9BTV6
3026	3026	P43366
3027	3027	Q9H6H4
3028	3028	O43813
3029	3029	Q6MZQ0
3030	3030	Q53G59
3032	3032	P62879
3033	3033	O43581
3035	3035	P49366
3036	3036	O75937
3037	3037	P28676
3038	3038	Q8N441
3039	3039	Q16777
3041	3041	Q9BW85
3042	3042	P86790
3043	3043	Q13275
3044	3044	Q16820
3045	3045	Q5T200
3046	3046	Q13257
3047	3047	Q8WYA0
3049	3049	Q8IYH5
3050	3050	A1L4K1
3051	3051	Q14693
3052	3052	Q9UK10
3053	3053	Q13523
3054	3054	P62699
3055	3055	P43356
3061	3061	P49368
3063	3063	Q13405
3065	3065	P51790
3066	3066	Q8N9N5
3067	3067	Q96EH3
3068	3068	P18084
3070	3070	Q16623
3071	3071	O14543
3074	3074	Q96LR5
3075	3075	O15304
3076	3076	Q6UWW9
3077	3077	A4D0T7
3078	3078	Q66PJ3
3079	3079	O95239
3080	3080	Q14802
3081	3081	O14746
3082	3082	A0A0C4DH35
3083	3083	O60508
3084	3084	B4DJY2
3085	3085	O75410
3089	3089	Q7L8A9
3094	3094	Q96EF0
3095	3095	Q96HN2
3096	3096	Q04771
3097	3097	Q16533
3098	3098	Q15256
3100	3100	P28067
3103	3103	O15144
3104	3104	O43918
3105	3105	A8MXT2
3106	3106	P08473
3107	3107	Q5J8M3
3108	3108	O95396
3110	3110	A0A1W2PQ64
3112	3112	P17081
3113	3113	Q01973
3114	3114	P85037
3116	3116	A0A075B6S9
3117	3117	P06681
3118	3118	O43281
3119	3119	P06310
3120	3120	Q5JRM2
3122	3122	P04150
3125	3125	P01911
3130	3130	A2RRP1
3131	3131	O75208
3132	3132	Q8TAK6
3133	3133	Q86V87
3134	3134	Q3LI66
3135	3135	Q6IQ49
3136	3136	P0C5Z0
3137	3137	Q01804
3138	3138	Q9GZZ9
3139	3139	Q969K3
3140	3140	Q96EE3
3141	3141	Q8N4T8
3142	3142	Q13425
3143	3143	Q96EY5
3145	3145	O94768
3147	3147	O00408
3148	3148	P82663
3149	3149	P11142
3150	3150	P21283
3151	3151	Q03014
3153	3153	Q9BTK6
3154	3154	P62910
3155	3155	Q8N3X1
3157	3157	Q8NEZ2
3158	3158	Q9NY30
3159	3159	Q6A163
3162	3162	Q9NRN7
3163	3163	P19634
3164	3164	Q8TF42
3165	3165	Q99879
3167	3167	Q06609
3168	3168	Q9NPC2
3169	3169	P42566
3171	3171	Q9NRP4
3172	3172	P55769
3173	3173	P39880
3174	3174	Q15155
3175	3175	O15303
3176	3176	Q02221
3178	3178	Q14164
3179	3179	Q7Z7G2
3181	3181	P55081
3183	3183	O75970
3184	3184	P83876
3185	3185	Q8NEY3
3187	3187	Q641Q2
3188	3188	Q13133
3192	3192	Q6ZTW0
3194	3194	P61221
3195	3195	O60304
3196	3196	Q9P2K1
3197	3197	P08246
3199	3199	Q8NGR8
3201	3201	Q03468
3202	3202	Q5SY80
3203	3203	P51884
3204	3204	Q8NB46
3205	3205	O60885
3207	3207	Q86XS8
3208	3208	Q7L590
3209	3209	Q96K12
3210	3210	P52797
3211	3211	Q567U6
3213	3213	P61225
3214	3214	O15354
3215	3215	O15554
3216	3216	P24844
3219	3219	Q6UX01
3220	3220	Q9H469
3221	3221	Q8WWB5
3222	3222	Q96BQ1
3223	3223	P54252
3224	3224	P28070
3226	3226	Q99470
3227	3227	Q9BZZ5
3228	3228	P14866
3229	3229	A0A0J9YX57
3230	3230	Q9H4M9
3232	3232	P35527
3235	3235	P43686
3236	3236	Q6IPR1
3237	3237	P43361
3239	3239	Q5VV67
3240	3240	O95453
3241	3241	Q5T2E6
3242	3242	O94850
3243	3243	Q6PJI9
3245	3245	O00478
3246	3246	O75884
3247	3247	A1YPR0
3248	3248	Q6UY01
3249	3249	P01569
3250	3250	Q7Z4G1
3251	3251	A0A0B4J2D9
3252	3252	Q8N2M4
3253	3253	Q9Y2L8
3254	3254	Q0VF96
3255	3255	P52735
3256	3256	Q9BVJ6
3259	3259	P14317
3260	3260	A0A597
3261	3261	Q92993
3262	3262	Q86SE8
3263	3263	Q86UD3
3265	3265	Q8TCD1
3266	3266	P04899
3267	3267	Q16778
3268	3268	A0A0B4J1U3
3269	3269	Q8N9B5
3271	3271	Q6VUC0
3272	3272	P01718
3273	3273	O43324
3276	3276	Q8N6H7
3278	3278	P08138
3279	3279	Q16143
3280	3280	O15211
3281	3281	Q9BVI4
3282	3282	O14776
3283	3283	Q9H4T2
3284	3284	P01567
3285	3285	Q8WXI8
3286	3286	P20671
3287	3287	Q8TAT6
3288	3288	P0DP24
3290	3290	O15432
3291	3291	Q969U6
3292	3292	Q6PII3
3293	3293	P13667
3295	3295	Q5VU65
3296	3296	Q96HR3
3297	3297	P23258
3298	3298	P01133
3299	3299	Q86XE0
3300	3300	Q8NCA5
3301	3301	P12036
3302	3302	Q14498
3304	3304	Q8WWW0
3305	3305	O43747
3307	3307	P16070
3308	3308	Q6DKI1
3310	3310	P11277
3311	3311	P20701
3312	3312	A0A075B6J1
3313	3313	P54760
3314	3314	A0PJX2
3317	3317	Q92889
3318	3318	P26232
3320	3320	O43286
3321	3321	P62249
3324	3324	A0A1W2PPH5
3327	3327	P08174
3328	3328	P49683
3329	3329	Q7Z6A9
3330	3330	Q9BRX9
3332	3332	P39059
3335	3335	Q9H2S1
3336	3336	Q6UXY1
3337	3337	Q9Y4K3
3338	3338	P16989
3340	3340	Q86UN2
3341	3341	P11473
3343	3343	P13497
3344	3344	A6NI15
3345	3345	P15735
3346	3346	Q4VC39
3347	3347	P27540
3348	3348	Q9NR33
3349	3349	P34820
3350	3350	P01859
3351	3351	C9JVW0
3352	3352	P25205
3353	3353	P43365
3354	3354	P42680
3356	3356	Q03181
3358	3358	Q9BY11
3359	3359	P27361
3360	3360	Q969H4
3362	3362	Q7Z6K1
3363	3363	Q8WYN0
3365	3365	Q9P2J3
3366	3366	P35475
3367	3367	O75170
3368	3368	P31150
3369	3369	O94933
3371	3371	Q9P2K3
3373	3373	P02766
3374	3374	P13612
3375	3375	Q9H501
3377	3377	Q7Z478
3378	3378	Q8WVZ9
3379	3379	P25963
3380	3380	Q07866
3382	3382	P51449
3383	3383	Q9P0R6
3384	3384	Q9H8M2
3385	3385	O75534
3387	3387	Q8NB90
3388	3388	Q8WX92
3389	3389	Q9H0D2
3391	3391	P28065
3392	3392	O00212
3393	3393	P48454
3394	3394	Q5EG05
3396	3396	Q2TAY7
3397	3397	Q9NPZ5
3399	3399	P0DJD0
3400	3400	A0A0C4DH25
3401	3401	Q12797
3402	3402	P11387
3404	3404	Q9UMZ2
3406	3406	A4GXA9
3407	3407	Q86XR8
3408	3408	P78356
3410	3410	P46736
3411	3411	Q6NW40
3412	3412	P58004
3413	3413	O60476
3414	3414	O14817
3415	3415	Q13563
3416	3416	Q96JS3
3417	3417	Q16827
3418	3418	Q9H6D8
3419	3419	Q14511
3421	3421	Q96B97
3423	3423	P83881
3424	3424	P41594
3425	3425	Q6ZS72
3426	3426	P45973
3427	3427	P56377
3428	3428	P54762
3431	3431	O14633
3432	3432	Q96D53
3434	3434	O14641
3435	3435	Q12904
3436	3436	P30536
3437	3437	O94776
3438	3438	P50120
3439	3439	O15460
3441	3441	Q8IV53
3443	3443	A0A1W2PPE2
3444	3444	P10826
3445	3445	P04271
3446	3446	Q3ZCW2
3449	3449	Q7Z6J8
3450	3450	A0A0G2JS06
3451	3451	P08514
3452	3452	O75081
3453	3453	O60563
3455	3455	P05388
3457	3457	Q0VD86
3458	3458	Q8NEB9
3459	3459	Q92636
3461	3461	Q6DRA6
3462	3462	Q9P227
3465	3465	Q12982
3467	3467	Q8IWT0
3472	3472	P02585
3475	3475	O75360
3476	3476	P35813
3477	3477	Q15329
3478	3478	O15499
3479	3479	Q96EL2
3480	3480	Q68DC2
3482	3482	P34897
3483	3483	Q96BI3
3485	3485	O14668
3486	3486	Q96RK0
3487	3487	P36896
3490	3490	Q8WW43
3491	3491	Q99576
3492	3492	P26022
3493	3493	Q14684
3494	3494	Q9BYV9
3495	3495	Q9BYC8
3501	3501	A8MQ03
3503	3503	P04211
3504	3504	Q6N075
3507	3507	O94763
3508	3508	A0PJX0
3509	3509	Q9UBW7
3510	3510	P37198
3511	3511	Q8WV28
3513	3513	Q9BSY4
3515	3515	O95865
3516	3516	P17752
3517	3517	Q53T94
3518	3518	Q16718
3519	3519	Q99457
3520	3520	Q8N3C7
3522	3522	Q8TAU3
3523	3523	Q15906
3524	3524	O00471
3525	3525	P29083
3527	3527	P18583
3529	3529	Q04724
3531	3531	Q5T8P6
3532	3532	Q05195
3533	3533	Q4G0X4
3534	3534	P49796
3535	3535	P54315
3536	3536	P01857
3537	3537	Q15052
3538	3538	Q96LU5
3539	3539	P36542
3541	3541	Q15742
3542	3542	P30556
3543	3543	P07585
3544	3544	P41732
3547	3547	O95365
3548	3548	Q6UWY2
3549	3549	Q9NQA3
3550	3550	P41134
3552	3552	O60294
3554	3554	P13645
3555	3555	O00151
3556	3556	Q6P1J9
3557	3557	P0C860
3558	3558	Q9BW66
3560	3560	P01570
3561	3561	P34998
3562	3562	A6NMZ7
3564	3564	Q92622
3565	3565	Q04912
3568	3568	P17544
3569	3569	Q14161
3571	3571	P00734
3572	3572	Q14541
3573	3573	Q9NRZ5
3574	3574	Q8TBM7
3575	3575	Q5JU00
3576	3576	O00232
3577	3577	O94830
3578	3578	Q99819
3579	3579	P16233
3580	3580	O15347
3582	3582	Q9GZQ8
3583	3583	O75925
3584	3584	A8MT70
3585	3585	Q9NQZ2
3586	3586	Q8N5Y8
3587	3587	O00230
3588	3588	P01611
3589	3589	Q5JRS4
3590	3590	P54710
3591	3591	O75074
3592	3592	Q8N2K1
3593	3593	P61278
3594	3594	P08651
3595	3595	P51686
3596	3596	P50150
3598	3598	P24046
3599	3599	A6NIK2
3600	3600	Q01105
3601	3601	Q96MT8
3602	3602	Q7Z3E1
3603	3603	P41220
3605	3605	Q9HC52
3606	3606	Q96HC4
3608	3608	Q9HCE6
3609	3609	P01112
3611	3611	Q14207
3612	3612	P78386
3613	3613	Q52LA3
3614	3614	Q9BYC9
3615	3615	A6NLC8
3617	3617	Q8N431
3618	3618	P09455
3619	3619	P54764
3620	3620	A8K8V0
3621	3621	Q5VXI9
3622	3622	Q6UWS5
3625	3625	Q92784
3626	3626	P49841
3627	3627	Q00535
3628	3628	P62873
3629	3629	Q9H4G0
3631	3631	O75054
3632	3632	Q14533
3633	3633	P0C7V7
3635	3635	A0PK00
3636	3636	O75954
3637	3637	O96018
3638	3638	O00592
3639	3639	P61201
3640	3640	P01286
3641	3641	Q9NY64
3643	3643	P78504
3644	3644	P07510
3645	3645	Q8NBP0
3646	3646	O14713
3647	3647	Q0PNE2
3648	3648	P50897
3649	3649	Q92552
3650	3650	Q13370
3651	3651	Q9BSM1
3652	3652	P46531
3653	3653	Q9C0C7
3655	3655	P51684
3656	3656	O95628
3658	3658	Q99595
3659	3659	Q9H0X4
3660	3660	P26006
3661	3661	Q92985
3662	3662	Q16513
3663	3663	Q99442
3664	3664	P22083
3665	3665	P00568
3667	3667	Q7Z7H5
3668	3668	Q92665
3669	3669	Q5JZY3
3670	3670	O94983
3671	3671	Q6P1S2
3674	3674	B4E2M5
3676	3676	Q86SQ0
3678	3678	O95249
3679	3679	Q9UNY5
3680	3680	O14503
3681	3681	Q7Z449
3682	3682	O15041
3683	3683	P23786
3684	3684	Q58EX2
3686	3686	P23435
3687	3687	P33992
3688	3688	A6NFE3
3690	3690	P40426
3691	3691	Q7Z6E9
3692	3692	P12980
3696	3696	Q7L7X3
3697	3697	Q6IPU0
3701	3701	Q96G25
3703	3703	P15531
3705	3705	Q9NWB7
3706	3706	Q06830
3707	3707	Q86XK3
3709	3709	P51787
3710	3710	P55211
3712	3712	Q9BRJ2
3713	3713	Q7Z3D6
3714	3714	P09471
3715	3715	O43402
3716	3716	P68371
3718	3718	Q96L46
3719	3719	Q8WXI2
3722	3722	P01594
3723	3723	Q99732
3724	3724	Q15582
3725	3725	O94985
3726	3726	Q9UJY1
3727	3727	P03891
3728	3728	O76093
3729	3729	Q58DX5
3730	3730	P58005
3732	3732	O15165
3734	3734	P35268
3735	3735	Q7KZF4
3736	3736	P43357
3737	3737	Q5XUX1
3739	3739	A0A1W2PPW3
3740	3740	Q6PGP7
3742	3742	A6NKF1
3743	3743	O75386
3745	3745	Q14108
3746	3746	P37088
3750	3750	P78352
3751	3751	A0A0C4DH24
3752	3752	Q8IWF6
3753	3753	Q9NVP2
3754	3754	Q13214
3755	3755	P51636
3757	3757	Q8NFF2
3758	3758	Q15546
3759	3759	Q04760
3761	3761	O95711
3765	3765	P17483
3766	3766	Q8NEA6
3767	3767	Q8IU89
3768	3768	Q5H943
3769	3769	Q9BZR6
3770	3770	Q8NFR3
3771	3771	Q96AP0
3772	3772	P01860
3773	3773	O43915
3774	3774	Q92733
3776	3776	P35236
3777	3777	P62745
3779	3779	Q96B26
3780	3780	Q14582
3781	3781	Q969X5
3782	3782	Q16082
3783	3783	Q5VWC8
3784	3784	Q6ZS17
3785	3785	Q3ZCQ3
3786	3786	Q9HBE1
3789	3789	P0C851
3791	3791	Q96JY6
3792	3792	Q86XQ3
3793	3793	Q5VU92
3794	3794	Q9UJW9
3795	3795	P47992
3796	3796	Q8IY81
3797	3797	Q9NRL3
3799	3799	Q96AX1
3800	3800	O95907
3801	3801	Q96DV4
3803	3803	O75752
3805	3805	P45381
3806	3806	O94898
3807	3807	Q5T753
3808	3808	P53801
3809	3809	Q96SN7
3811	3811	A6NI87
3812	3812	P25090
3813	3813	Q10469
3814	3814	Q6PI26
3815	3815	Q8TBE0
3816	3816	P17813
3817	3817	Q16763
3819	3819	Q76B58
3820	3820	Q7Z624
3822	3822	Q8TAP4
3823	3823	P31415
3824	3824	P22090
3826	3826	Q8IZF4
3828	3828	Q5T4I8
3830	3830	P11908
3831	3831	Q8N912
3832	3832	P53708
3833	3833	P30291
3834	3834	Q5GH70
3836	3836	O43181
3838	3838	P38606
3839	3839	Q8WZ33
3840	3840	P82279
3841	3841	Q96BP2
3843	3843	O15287
3844	3844	P60842
3845	3845	Q9BT43
3846	3846	P09017
3849	3849	Q96M63
3850	3850	O60812
3851	3851	Q2WGJ8
3853	3853	P40692
3855	3855	P54727
3856	3856	Q8WWM7
3859	3859	Q8NHU6
3860	3860	A0A0C4DH26
3861	3861	A2NJV5
3862	3862	P42772
3863	3863	Q13310
3865	3865	O00571
3866	3866	O60645
3867	3867	Q86T13
3868	3868	P62324
3869	3869	Q96B67
3870	3870	O14782
3872	3872	Q5TZA2
3873	3873	Q7Z739
3874	3874	Q6KB66
3875	3875	O75683
3876	3876	Q9NWS9
3877	3877	Q5T7P2
3878	3878	Q9BS92
3879	3879	A6NHQ4
3880	3880	Q96SQ7
3882	3882	Q9H2E6
3884	3884	Q9BV81
3886	3886	Q13884
3887	3887	Q9NXE8
3890	3890	Q9H3G5
3892	3892	P18621
3893	3893	P60323
3894	3894	C9J202
3896	3896	Q15120
3898	3898	P56385
3900	3900	Q0D2J5
3902	3902	Q8N196
3903	3903	Q15545
3904	3904	Q9H040
3905	3905	A6NFN3
3906	3906	P30837
3907	3907	Q92834
3909	3909	P49771
3911	3911	P06312
3914	3914	P28066
3916	3916	O76024
3919	3919	P31249
3922	3922	Q06413
3923	3923	O43598
3924	3924	O60245
3925	3925	Q9Y224
3926	3926	P21854
3927	3927	Q9UMS0
3929	3929	P55010
3931	3931	P38646
3935	3935	Q14416
3936	3936	P47755
3937	3937	P61158
3939	3939	Q96KJ9
3940	3940	O60934
3942	3942	Q99616
3943	3943	Q8N3R9
3944	3944	Q9BZE1
3945	3945	I3L273
3946	3946	Q4G0G5
3947	3947	P51826
3948	3948	Q13561
3949	3949	O60879
3950	3950	O15480
3951	3951	O60637
3953	3953	Q8TDN6
3954	3954	Q99259
3955	3955	Q16281
3956	3956	A0A1B0GTU2
3958	3958	Q13492
3959	3959	O75695
3960	3960	P07197
3961	3961	Q9Y5Q8
3962	3962	P53677
3963	3963	A6NNZ2
3964	3964	Q5TAX3
3965	3965	O75159
3966	3966	Q14532
3967	3967	Q8TCJ2
3968	3968	Q9BZQ6
3969	3969	Q9Y3D5
3971	3971	Q96KR6
3972	3972	Q86WB0
3973	3973	O14929
3974	3974	Q8N5I3
3975	3975	P12532
3976	3976	P28476
3978	3978	Q9BZX2
3979	3979	Q8NHE4
3980	3980	Q13588
3981	3981	Q6P4Q7
3982	3982	O43174
3983	3983	O43147
3984	3984	P41212
3985	3985	P35998
3987	3987	Q9BRD0
3988	3988	Q9BX74
3989	3989	P01584
3991	3991	O95997
3993	3993	A0A075B6H8
3994	3994	Q8WTT2
3996	3996	Q13576
3997	3997	P36954
3998	3998	Q66K64
4000	4000	Q9NPF5
4001	4001	Q2VPK5
4002	4002	Q7Z6J2
4003	4003	P01009
4004	4004	Q12929
4005	4005	Q9NQT4
4008	4008	Q5SY68
4009	4009	Q8WW18
4010	4010	P09067
4011	4011	O75964
4012	4012	O95996
4013	4013	Q86UE4
4014	4014	Q7LGA3
4015	4015	Q15363
4016	4016	Q86V97
4017	4017	Q9BYF1
4018	4018	P55061
4020	4020	O95260
4021	4021	P34903
4022	4022	Q12988
4023	4023	O00300
4024	4024	P17661
4025	4025	Q9H944
4026	4026	P16066
4027	4027	Q15646
4029	4029	P56645
4030	4030	Q86Z20
4032	4032	P56817
4033	4033	Q92826
4034	4034	P14138
4035	4035	Q96B77
4037	4037	P05015
4039	4039	Q5BKX5
4041	4041	Q9NRP0
4042	4042	P47736
4044	4044	P28472
4046	4046	O94901
4047	4047	P32780
4048	4048	L0R819
4049	4049	Q9UHW9
4051	4051	P48147
4052	4052	Q03989
4053	4053	O75582
4055	4055	O43323
4057	4057	Q8TBQ9
4058	4058	Q14574
4059	4059	O15269
4061	4061	P10827
4063	4063	P26374
4064	4064	P25445
4065	4065	P17252
4066	4066	O77932
4067	4067	Q5VZV1
4068	4068	Q12866
4071	4071	Q96FI4
4072	4072	Q8NEC5
4073	4073	P07737
4074	4074	O60925
4076	4076	A5PLL1
4077	4077	Q96FT9
4078	4078	O14773
4080	4080	Q92623
4081	4081	O43290
4083	4083	P0C2S0
4084	4084	Q8IYU8
4086	4086	Q8IUH4
4087	4087	Q5TEU4
4089	4089	Q8N5F7
4090	4090	P12018
4092	4092	P13805
4096	4096	P29474
4097	4097	O00180
4098	4098	Q8NGJ0
4099	4099	Q9HBG6
4100	4100	O15209
4101	4101	Q969M7
4105	4105	Q16799
4106	4106	A9UHW6
4107	4107	Q96JH7
4109	4109	O00273
4112	4112	Q13323
4113	4113	Q03112
4115	4115	Q7Z6G3
4116	4116	Q969H6
4117	4117	Q15669
4118	4118	Q86UR1
4120	4120	Q9H1B4
4121	4121	P25092
4126	4126	Q13555
4127	4127	P06899
4129	4129	O15479
4130	4130	Q9NX14
4131	4131	Q8TC59
4132	4132	P49336
4133	4133	Q10589
4134	4134	Q9NPE3
4135	4135	P68133
4136	4136	Q14565
4138	4138	Q9HAF1
4139	4139	P40123
4140	4140	O95718
4141	4141	P01824
4142	4142	O95164
4143	4143	P98187
4144	4144	Q09019
4145	4145	Q8TAQ2
4147	4147	Q8NG27
4148	4148	O43708
4150	4150	P28702
4151	4151	Q02080
4152	4152	O43414
4153	4153	Q17R89
4154	4154	Q13432
4155	4155	O75093
4156	4156	P61224
4158	4158	P41231
4160	4160	P23246
4162	4162	Q86VI1
4164	4164	Q9BTT6
4165	4165	P48449
4166	4166	Q5K4L6
4167	4167	Q96A08
4168	4168	Q7L0X0
4169	4169	Q8TAM2
4171	4171	O60496
4172	4172	Q8N0Y2
4173	4173	P10276
4174	4174	P33993
4175	4175	Q8TAV0
4176	4176	P61978
4177	4177	O75334
4178	4178	P61371
4179	4179	Q16181
4184	4184	Q14188
4185	4185	Q02928
4186	4186	Q6ZMV5
4187	4187	O75056
4188	4188	P35070
4189	4189	Q8TED0
4191	4191	P37023
4192	4192	Q8IU80
4193	4193	O43543
4194	4194	O75478
4195	4195	Q4KMZ8
4196	4196	O75934
4197	4197	Q6IBW4
4200	4200	P29350
4202	4202	P28062
4203	4203	Q8IXN7
4204	4204	P82980
4206	4206	P43358
4207	4207	Q8NFH3
4208	4208	Q6NTE8
4210	4210	Q6UX98
4212	4212	O75818
4213	4213	Q8IZ40
4214	4214	O43508
4215	4215	Q05329
4217	4217	P21781
4218	4218	Q9H2A7
4220	4220	P01374
4221	4221	Q58EX7
4223	4223	O14990
4224	4224	P42696
4225	4225	Q8TBB1
4226	4226	Q92796
4227	4227	Q96GE6
4229	4229	P22694
4230	4230	A0A1W2PRN6
4232	4232	P07327
4233	4233	P07355
4234	4234	Q9H4A3
4236	4236	O43186
4237	4237	Q13426
4238	4238	Q92845
4239	4239	Q8TF01
4242	4242	A8MWD9
4243	4243	Q96QA6
4244	4244	Q16891
4245	4245	Q7Z6R9
4246	4246	Q16667
4247	4247	O96015
4248	4248	P20036
4249	4249	Q4G0T1
4250	4250	P01764
4251	4251	A1IGU5
4253	4253	Q8TF40
4254	4254	Q8N3T6
4255	4255	Q08AG7
4256	4256	O15217
4257	4257	Q9BVW5
4258	4258	Q00526
4259	4259	O75390
4260	4260	O95445
4261	4261	P55089
4262	4262	Q5SR56
4264	4264	P05976
4265	4265	Q9BR76
4266	4266	P43353
4268	4268	Q96EB6
4269	4269	P53007
4270	4270	P22794
4273	4273	P09603
4274	4274	Q9Y2R0
4275	4275	P01034
4276	4276	Q7Z7K2
4278	4278	O14594
4279	4279	Q06732
4280	4280	Q17RN3
4283	4283	P0DP09
4285	4285	Q86SG6
4286	4286	Q6P1N0
4287	4287	Q9NXB0
4288	4288	Q14563
4289	4289	O60704
4290	4290	Q7Z419
4291	4291	O60282
4292	4292	P60602
4293	4293	P62308
4295	4295	P16671
4296	4296	Q6QHK4
4298	4298	O00425
4299	4299	P82650
4302	4302	Q9BY89
4303	4303	P19784
4304	4304	Q13641
4305	4305	P23470
4306	4306	Q96P09
4307	4307	Q16671
4308	4308	P09237
4309	4309	P48549
4311	4311	P42892
4312	4312	P60660
4313	4313	P22466
4314	4314	O95147
4316	4316	P08235
4318	4318	Q14213
4319	4319	P35716
4321	4321	P15090
4322	4322	O43908
4323	4323	O75030
4324	4324	Q14590
4326	4326	P23471
4327	4327	P78411
4328	4328	Q9Y4Z2
4329	4329	P32004
4330	4330	Q5TAQ9
4331	4331	P04843
4332	4332	O75822
4335	4335	P48553
4337	4337	P30260
4338	4338	O43734
4339	4339	Q32P28
4340	4340	A8MVW5
4342	4342	O15013
4343	4343	P51681
4344	4344	P42830
4345	4345	Q6ICB4
4346	4346	Q30KQ7
4347	4347	P18085
4348	4348	O43716
4349	4349	Q14331
4351	4351	Q6EKJ0
4352	4352	A0A494C1R9
4353	4353	P0C7W6
4354	4354	O43929
4355	4355	P78316
4356	4356	Q4G148
4357	4357	Q6P0N0
4358	4358	Q9UNE7
4359	4359	Q9NV96
4361	4361	Q6UW78
4362	4362	P08631
4363	4363	O15121
4364	4364	O75607
4365	4365	P36544
4366	4366	P57088
4367	4367	Q9H9J2
4369	4369	P18859
4370	4370	Q08554
4371	4371	A0A0C4DH41
4373	4373	Q8NA23
4375	4375	Q00056
4376	4376	O96008
4378	4378	A0A499FJF3
4379	4379	A0FGR9
4381	4381	Q9NXN4
4383	4383	Q496F6
4384	4384	Q12834
4385	4385	O14523
4386	4386	P01624
4388	4388	Q99877
4389	4389	P05204
4390	4390	Q6PK18
4391	4391	O95926
4392	4392	A0A1W2PQD8
4393	4393	Q8NGI1
4394	4394	P10144
4395	4395	O75355
4396	4396	P14373
4397	4397	P35125
4399	4399	P31944
4400	4400	Q8IUQ4
4402	4402	P62491
4403	4403	Q9HD26
4404	4404	Q13356
4405	4405	Q9HAW4
4407	4407	Q86UG4
4408	4408	Q8WYR4
4411	4411	P15153
4413	4413	Q6VY07
4414	4414	P06858
4416	4416	A0A075B6I4
4417	4417	P08571
4418	4418	P49116
4421	4421	P01160
4422	4422	Q6EBC2
4423	4423	O60237
4424	4424	P0C1Z6
4425	4425	A8MWX3
4427	4427	P54753
4428	4428	P08861
4429	4429	P19021
4430	4430	O14656
4432	4432	P14060
4433	4433	Q9BVK6
4436	4436	O15535
4437	4437	Q9BRX5
4438	4438	P13797
4439	4439	Q8IUW3
4441	4441	P48378
4442	4442	Q9NSA2
4443	4443	P01344
4444	4444	Q8N960
4445	4445	Q8N5N7
4446	4446	Q8TAG9
4447	4447	Q15327
4448	4448	P09211
4450	4450	Q15723
4451	4451	O43766
4454	4454	Q53GS9
4455	4455	Q58WW2
4457	4457	P05112
4458	4458	Q96L08
4459	4459	O43242
4463	4463	P68363
4464	4464	P55209
4465	4465	Q14160
4466	4466	Q8IY95
4467	4467	Q13177
4469	4469	Q9BST9
4470	4470	O75525
4472	4472	P59768
4473	4473	A8MW95
4474	4474	O60279
4475	4475	Q15819
4476	4476	Q9NSB8
4477	4477	Q9HD90
4478	4478	P26367
4479	4479	P12277
4481	4481	P01817
4485	4485	Q6ZMS7
4486	4486	P46783
4487	4487	Q8N612
4488	4488	Q330K2
4490	4490	P48788
4491	4491	Q13617
4494	4494	Q9NZV8
4495	4495	Q7RTP6
4496	4496	F8VTS6
4499	4499	O75324
4502	4502	P24666
4503	4503	Q14C87
4504	4504	Q8IZA0
4505	4505	O75908
4506	4506	P04629
4507	4507	A6NJW9
4509	4509	P49356
4510	4510	O15392
4511	4511	Q52LR7
4512	4512	P23109
4513	4513	Q02487
4514	4514	P49910
4517	4517	Q8IY49
4518	4518	P50570
4519	4519	Q8TEQ6
4520	4520	Q96AY2
4521	4521	P52961
4522	4522	Q96EH5
4523	4523	Q8N8Y2
4524	4524	Q53H96
4526	4526	P11441
4527	4527	Q7L5D6
4528	4528	Q6P3W7
4529	4529	Q8NC54
4530	4530	Q6UWN8
4531	4531	O60575
4533	4533	Q9H1C4
4535	4535	P53634
4536	4536	O95833
4537	4537	P29400
4539	4539	P0C263
4540	4540	Q6NVV1
4541	4541	O94832
4543	4543	O43439
4544	4544	O15234
4545	4545	P11310
4546	4546	Q07020
4547	4547	Q8N6R0
4548	4548	O75907
4550	4550	Q13017
4551	4551	Q14320
4552	4552	A0A0B4J1Z2
4554	4554	A0A0C4DH55
4555	4555	O60315
4556	4556	Q9HCN8
4558	4558	P55347
4559	4559	O95995
4560	4560	Q8TB61
4562	4562	P02686
4563	4563	Q8TB96
4564	4564	Q8IYB3
4565	4565	Q9NY61
4566	4566	Q96DD0
4567	4567	Q12841
4571	4571	Q8WXI9
4572	4572	P31267
4573	4573	P45877
4574	4574	O60671
4575	4575	Q15771
4577	4577	Q16695
4578	4578	P56180
4580	4580	Q5TBB1
4581	4581	Q9BXW4
4582	4582	Q16514
4583	4583	Q9NYB9
4584	4584	P19388
4585	4585	P31997
4586	4586	P78543
4588	4588	P31639
4589	4589	Q658L1
4592	4592	O75969
4593	4593	Q9BQE3
4595	4595	Q5TEA6
4596	4596	O75563
4597	4597	Q9BQ87
4599	4599	P36915
4600	4600	P14543
4601	4601	Q9H1P6
4603	4603	P24855
4604	4604	Q9UBW8
4605	4605	Q14028
4607	4607	P31371
4608	4608	Q0VDD7
4609	4609	Q8N434
4610	4610	P07196
4611	4611	A0A1W2PR75
4612	4612	A6NHN0
4613	4613	Q8WWQ0
4614	4614	P02778
4615	4615	Q5BVD1
4616	4616	P56134
4617	4617	P81877
4618	4618	Q7L1V2
4619	4619	Q04837
4620	4620	Q9NV29
4621	4621	Q6N069
4622	4622	O75604
4624	4624	Q9H0C2
4625	4625	Q9NPD8
4626	4626	Q6UWD8
4627	4627	Q96PP8
4628	4628	P36404
4629	4629	Q14117
4631	4631	P49842
4632	4632	P0DP08
4633	4633	Q8IVL6
4634	4634	Q8IYY4
4635	4635	Q9BZD6
4636	4636	Q12947
4637	4637	Q96PR1
4638	4638	Q6PCB8
4639	4639	Q15404
4640	4640	Q02790
4642	4642	O60241
4643	4643	Q12796
4644	4644	Q96EQ8
4645	4645	Q15223
4646	4646	Q15054
4648	4648	O14920
4649	4649	Q5T0N5
4650	4650	P27986
4651	4651	A0A578
4652	4652	P49753
4653	4653	P51452
4654	4654	Q02363
4655	4655	Q6NZ67
4656	4656	Q9H254
4657	4657	Q96C19
4658	4658	O00338
4659	4659	O60507
4660	4660	P62241
4664	4664	O15235
4665	4665	P51946
4666	4666	P10124
4667	4667	P30511
4668	4668	Q9BRG1
4669	4669	P13796
4671	4671	Q6F5E8
4672	4672	Q5VYY1
4673	4673	A6NHL2
4674	4674	Q8N755
4677	4677	Q13105
4678	4678	P62851
4679	4679	Q8N7U6
4680	4680	Q9H3S7
4681	4681	Q8WTS6
4682	4682	Q6P444
4683	4683	Q9BXI6
4684	4684	Q9Y296
4685	4685	Q7Z7M9
4686	4686	P41597
4687	4687	Q5FWF5
4688	4688	P17014
4691	4691	P53420
4692	4692	A8MWL6
4694	4694	A1A4V9
4696	4696	Q6XD76
4697	4697	Q9H2G9
4699	4699	O14879
4700	4700	A6NKC9
4701	4701	O95222
4702	4702	Q9H400
4703	4703	Q7Z6J0
4704	4704	P02655
4705	4705	P02100
4706	4706	O75821
4708	4708	P16234
4709	4709	A0A0B4J1V7
4711	4711	Q4VC12
4712	4712	Q9BVI0
4715	4715	Q8WUY9
4717	4717	P14653
4718	4718	Q7Z6L1
4721	4721	Q9UNX3
4722	4722	Q8IXZ2
4723	4723	Q9HBM6
4724	4724	Q8TDD1
4725	4725	P08123
4726	4726	Q96D03
4727	4727	P0C221
4728	4728	P24593
4729	4729	P07307
4731	4731	Q9UER7
4732	4732	A6NM03
4734	4734	Q5JS54
4735	4735	P10809
4736	4736	O14618
4737	4737	Q9H5J8
4738	4738	Q68CZ2
4739	4739	Q6H8Q1
4740	4740	O60516
4741	4741	Q6ZW61
4742	4742	P57077
4744	4744	O60353
4745	4745	Q9UIV1
4748	4748	Q96B49
4752	4752	P19526
4753	4753	Q6DKI7
4754	4754	O75192
4756	4756	P11940
4758	4758	Q9NZM3
4759	4759	Q92541
4761	4761	Q4KMP7
4762	4762	Q9H2X6
4763	4763	O15375
4764	4764	Q9H4A5
4765	4765	O94887
4766	4766	Q15464
4768	4768	P60866
4769	4769	Q7L513
4770	4770	A6NNS2
4771	4771	O95980
4772	4772	Q712K3
4773	4773	Q17RB0
4774	4774	Q8WZ74
4775	4775	Q8IUR0
4776	4776	Q8WUI4
4778	4778	O75351
4779	4779	Q8WWG9
4780	4780	Q9NZN3
4781	4781	Q96RJ6
4782	4782	Q8NDC4
4784	4784	Q2YD98
4785	4785	P61960
4786	4786	O15111
4788	4788	Q30KP8
4789	4789	O95835
4791	4791	O14627
4792	4792	Q96RT7
4793	4793	Q8TDH9
4794	4794	P0C7M6
4797	4797	P12081
4798	4798	Q5VTR2
4799	4799	P78329
4800	4800	P32926
4801	4801	P52292
4802	4802	O15273
4803	4803	O43513
4804	4804	Q92610
4806	4806	Q86UE8
4808	4808	Q15643
4810	4810	Q8TD90
4811	4811	P07711
4812	4812	O15372
4813	4813	P43351
4815	4815	Q8NHY5
4817	4817	P0CL83
4818	4818	P78381
4819	4819	Q99726
4820	4820	Q8IXH6
4821	4821	Q96EL1
4823	4823	O95214
4824	4824	Q4G112
4827	4827	P04628
4828	4828	Q2TAL5
4830	4830	Q502X0
4831	4831	Q92574
4832	4832	Q13409
4834	4834	P51955
4835	4835	Q9NPY3
4836	4836	Q86SX6
4837	4837	O95819
4840	4840	Q8IUX7
4841	4841	P35251
4843	4843	O14828
4846	4846	F5H4A9
4847	4847	P01589
4848	4848	Q9H3C7
4849	4849	Q70IA8
4850	4850	P30825
4851	4851	P43235
4852	4852	Q07869
4853	4853	Q96C12
4854	4854	A8MUZ8
4856	4856	Q8N8W4
4857	4857	P14927
4858	4858	P41162
4859	4859	Q14011
4861	4861	P27816
4862	4862	P10074
4865	4865	B0I1T2
4866	4866	P01138
4867	4867	O14610
4868	4868	A0A0B4J234
4869	4869	P42768
4870	4870	Q9BRT6
4871	4871	Q15796
4872	4872	P10515
4873	4873	Q96HB5
4874	4874	Q8NHR9
4875	4875	Q96Q04
4876	4876	P29762
4877	4877	O00254
4878	4878	A0A087WSZ0
4880	4880	P19224
4882	4882	Q13905
4883	4883	P27797
4884	4884	P54136
4885	4885	Q9BZE7
4886	4886	P12318
4887	4887	Q5DX21
4888	4888	Q6ZMH5
4889	4889	A0A0B4J263
4890	4890	P49802
4891	4891	Q7Z4Y8
4892	4892	Q13685
4893	4893	P62979
4894	4894	Q9BXN2
4895	4895	P02489
4896	4896	Q9BRR8
4897	4897	Q9BUE0
4898	4898	Q6L9W6
4900	4900	Q9H492
4902	4902	Q13191
4904	4904	Q96MU7
4905	4905	Q13424
4906	4906	Q6ZMN7
4907	4907	Q8IWT3
4908	4908	Q15788
4909	4909	P62508
4910	4910	Q92759
4911	4911	Q5SNT2
4912	4912	A0A0A6YYL3
4915	4915	Q8N6K0
4917	4917	P82909
4919	4919	Q8WUH2
4920	4920	Q8IY85
4921	4921	Q96I99
4922	4922	P78358
4923	4923	Q86VW0
4925	4925	O95395
4927	4927	P80075
4929	4929	A0A1B0GWH4
4930	4930	Q9NR46
4932	4932	A2A288
4933	4933	Q7L591
4934	4934	Q9BZJ0
4936	4936	O95670
4937	4937	P58340
4938	4938	Q6SJ96
4939	4939	Q5JST6
4942	4942	Q9H0W5
4943	4943	Q96FX7
4944	4944	Q8NFJ9
4945	4945	Q86X55
4946	4946	P34741
4949	4949	Q9H2A3
4950	4950	P42081
4951	4951	P19474
4952	4952	Q6WKZ4
4953	4953	O60739
4956	4956	Q13285
4957	4957	Q09028
4958	4958	P0DN25
4959	4959	P08579
4960	4960	A0JP26
4961	4961	A0A087WV53
4963	4963	Q8N1C3
4965	4965	Q15459
4966	4966	P16333
4968	4968	Q9H7M9
4969	4969	O15014
4970	4970	O60755
4971	4971	P48552
4972	4972	P35914
4973	4973	Q6IBS0
4974	4974	Q49B96
4975	4975	Q9BQ65
4976	4976	Q12974
4977	4977	O95777
4978	4978	P29466
4979	4979	P22695
4980	4980	Q5TA79
4981	4981	P13674
4985	4985	P41143
4986	4986	O60641
4987	4987	Q9NVA2
4988	4988	Q6FI13
4989	4989	Q9H3Y0
4991	4991	Q96EK2
4993	4993	Q8TC36
4994	4994	Q8NB12
4995	4995	Q99547
4996	4996	P43360
4997	4997	P28356
4998	4998	Q05209
4999	4999	Q15750
5000	5000	Q13319
5001	5001	Q5VTH9
5002	5002	P21554
5003	5003	Q13790
5004	5004	Q8NFQ8
5005	5005	P01270
5006	5006	Q6XYQ8
5008	5008	Q8NGP9
5013	5013	O00213
5016	5016	Q96NR3
5017	5017	Q16795
5018	5018	Q8NEV1
5019	5019	P50579
5020	5020	Q9H1U9
5021	5021	Q9UBQ5
5023	5023	Q7Z553
5024	5024	P50616
5025	5025	Q16864
5026	5026	Q12874
5027	5027	Q5VYS4
5028	5028	Q9HBW1
5029	5029	Q53H47
5031	5031	Q96QV6
5032	5032	A0A0C4DH32
5033	5033	Q86U86
5034	5034	Q9NPH9
5035	5035	O95070
5037	5037	Q8TAF3
5039	5039	O75493
5040	5040	Q9Y2K7
5041	5041	Q15744
5043	5043	Q9NZU0
5044	5044	P40938
5045	5045	Q8N609
5046	5046	Q00610
5047	5047	P56381
5049	5049	P16520
5050	5050	Q8TCT6
5052	5052	P10244
5053	5053	O43184
5054	5054	P20807
5055	5055	O60814
5056	5056	A0A087WSX0
5058	5058	A5PKW4
5059	5059	P21912
5060	5060	Q13351
5061	5061	Q99719
5064	5064	P08185
5066	5066	Q10981
5067	5067	Q92630
5068	5068	P35225
5069	5069	Q15003
5072	5072	B2RTY4
5074	5074	P28068
5075	5075	Q9BXU2
5076	5076	P56282
5077	5077	P41440
5078	5078	P22059
5082	5082	A0A075B6K2
5083	5083	O60896
5084	5084	Q9H0B6
5085	5085	Q8WWV3
5086	5086	B3SHH9
5087	5087	P29120
5089	5089	Q8N5Z5
5091	5091	O75362
5094	5094	P78417
5095	5095	Q96BY2
5096	5096	P46060
5097	5097	O95256
5098	5098	Q9NTQ9
5099	5099	Q96SD1
5100	5100	P14672
5102	5102	P30926
5103	5103	P04432
5104	5104	A0A075B6R9
5107	5107	Q96GF1
5108	5108	Q52LC2
5109	5109	P28161
5111	5111	P13232
5113	5113	Q8WYH8
5114	5114	Q8NGI7
5116	5116	P23560
5117	5117	Q13562
5118	5118	Q8TF09
5119	5119	P42166
5120	5120	A8K4G0
5121	5121	Q15257
5122	5122	Q86UP8
5123	5123	Q8IZS6
5124	5124	P00540
5125	5125	P00352
5126	5126	A0A0A0MT36
5127	5127	A5PLL7
5128	5128	Q13367
5130	5130	Q13451
5131	5131	Q8N635
5132	5132	P27930
5133	5133	Q16280
5134	5134	Q9H869
5136	5136	P62891
5137	5137	P22626
5139	5139	P01222
5140	5140	Q5BKT4
5142	5142	Q7Z7K0
5143	5143	P49888
5144	5144	P36873
5145	5145	Q9H9S3
5146	5146	Q8IW35
5147	5147	Q9BXL8
5148	5148	Q14865
5150	5150	Q8N9I9
5151	5151	O94810
5152	5152	P06239
5154	5154	A6ND48
5155	5155	Q8NGZ5
5157	5157	O15061
5158	5158	Q04864
5160	5160	Q14003
5161	5161	Q6ZNB6
5162	5162	P35544
5163	5163	Q2MKA7
5164	5164	Q96CW1
5165	5165	A0A0C4DH67
5166	5166	Q9P2I0
5168	5168	Q15649
5169	5169	P21462
5170	5170	Q9NQG1
5171	5171	Q8TD84
5172	5172	Q6UB28
5176	5176	Q9C0K7
5177	5177	Q9P035
5178	5178	Q8ND25
5180	5180	P50991
5181	5181	O75330
5182	5182	Q96S96
5183	5183	P42263
5184	5184	A0A0B4J1Y8
5185	5185	Q8N5M1
5186	5186	Q5VWG9
5187	5187	P01241
5188	5188	P35368
5189	5189	Q96PH1
5191	5191	A0A1B0GXF2
5194	5194	O95150
5195	5195	P23527
5196	5196	Q9P2A4
5197	5197	Q8NDI1
5198	5198	H3BRN8
5199	5199	Q13183
5201	5201	P0CF97
5202	5202	O15344
5203	5203	Q33E94
5204	5204	P32455
5205	5205	Q9C0A0
5206	5206	P06730
5208	5208	O95674
5211	5211	O15055
5212	5212	Q06520
5213	5213	Q8IXE1
5214	5214	A0A1B0GX49
5215	5215	O75891
5216	5216	Q14344
5217	5217	P61916
5219	5219	P12821
5221	5221	Q86SE9
5222	5222	P78314
5223	5223	P08620
5224	5224	Q9H237
5225	5225	Q5T6S3
5226	5226	O75309
5227	5227	A8MQ27
5229	5229	A2RU67
5230	5230	Q12800
5231	5231	O75896
5232	5232	Q8N0S6
5233	5233	P14415
5234	5234	O43159
5235	5235	P31930
5236	5236	Q92791
5237	5237	Q92794
5240	5240	P12319
5241	5241	O00339
5243	5243	Q86VM9
5245	5245	Q02763
5246	5246	Q00604
5248	5248	Q04727
5250	5250	Q6P3S1
5251	5251	Q96DI7
5252	5252	Q9H213
5253	5253	Q9BSG1
5254	5254	P35227
5255	5255	O60381
5256	5256	Q9BSF4
5258	5258	O94972
5259	5259	O14511
5261	5261	Q8TD10
5263	5263	Q8NFZ5
5265	5265	O00629
5266	5266	Q8TED9
5268	5268	Q71F23
5269	5269	P03923
5271	5271	Q53TS8
5272	5272	O75251
5275	5275	A0A0A6YYK4
5277	5277	Q53TQ3
5278	5278	A0A075B6S5
5279	5279	Q14165
5281	5281	Q15058
5282	5282	Q6NY19
5283	5283	A8MX76
5285	5285	Q12893
5287	5287	Q8TBH0
5288	5288	P04430
5289	5289	Q8IXM3
5290	5290	Q9H5V7
5294	5294	Q86UX7
5295	5295	Q8IXJ9
5296	5296	Q13507
5297	5297	Q7Z3Z0
5299	5299	Q02930
5301	5301	P33552
5302	5302	Q96EP5
5303	5303	Q8NBZ7
5305	5305	Q96HE8
5306	5306	O43763
5308	5308	O60234
5311	5311	P07477
5312	5312	Q6ZMT4
5313	5313	A0A0A0MS01
5314	5314	Q12778
5317	5317	P61247
5318	5318	A0A286YF18
5319	5319	P40424
5320	5320	Q8IV04
5322	5322	O95704
5325	5325	Q8WWY6
5326	5326	Q6P4F1
5328	5328	P21266
5329	5329	O75840
5331	5331	Q6UWV7
5334	5334	Q86X40
5336	5336	Q96MT1
5337	5337	Q9Y294
5341	5341	P48995
5344	5344	P69892
5345	5345	O14569
5346	5346	P54652
5347	5347	Q16254
5349	5349	Q96D46
5351	5351	Q9BQP7
5352	5352	P40259
5353	5353	Q96KC8
5354	5354	Q8NDD1
5355	5355	Q4KMG0
5356	5356	O94988
5357	5357	Q5XG87
5358	5358	P29460
5359	5359	P55287
5360	5360	P61106
5361	5361	Q5VV17
5362	5362	P78362
5363	5363	P56704
5364	5364	Q99549
5366	5366	Q5HYJ1
5367	5367	Q92838
5368	5368	P48304
5370	5370	P06401
5371	5371	Q86VH4
5373	5373	Q96JC9
5374	5374	P13693
5376	5376	Q16560
5381	5381	O60271
5382	5382	P01706
5388	5388	Q969M3
5392	5392	Q96AC1
5393	5393	Q3YEC7
5394	5394	Q99712
5396	5396	P56696
5397	5397	Q96KE9
5398	5398	Q96EZ8
5399	5399	Q9NQQ7
5401	5401	P69905
5402	5402	Q9NZA1
5403	5403	Q9P2K6
5405	5405	Q96DF8
5408	5408	Q6A162
5410	5410	P18846
5411	5411	Q01130
5412	5412	O43736
5413	5413	O43196
5415	5415	Q6NXT1
5416	5416	P51148
5417	5417	P01011
5418	5418	O75712
5419	5419	P17098
5421	5421	O60939
5423	5423	Q9Y221
5425	5425	O95377
5426	5426	Q14469
5427	5427	Q12968
5428	5428	Q8N4J0
5430	5430	P78560
5432	5432	Q8WYA1
5433	5433	Q3B7T1
5434	5434	Q5U4P2
5435	5435	O75897
5437	5437	P42701
5438	5438	Q9NV58
5439	5439	Q15004
5440	5440	Q04725
5441	5441	Q8N0X2
5442	5442	P61026
5443	5443	Q9UBV8
5444	5444	P83731
5445	5445	P52435
5446	5446	P17844
5449	5449	O15524
5450	5450	Q8TEM1
5451	5451	Q5W5X9
5452	5452	Q16099
5454	5454	Q96PN8
5455	5455	Q9BZW7
5456	5456	Q16559
5457	5457	Q99952
5458	5458	P43250
5459	5459	Q6PIZ9
5460	5460	O60658
5463	5463	Q7L190
5465	5465	O14493
5466	5466	Q96GD4
5467	5467	O43759
5468	5468	P40261
5469	5469	P0DPD6
5470	5470	Q9HC07
5471	5471	Q8WWX0
5472	5472	Q7Z5M5
5474	5474	Q1ED39
5476	5476	Q9NXR5
5478	5478	A4QMS7
5479	5479	P17900
5480	5480	Q12983
5481	5481	Q5VUG0
5482	5482	P08559
5483	5483	B9EJG8
5484	5484	O14863
5486	5486	Q08ET2
5487	5487	Q9GZR2
5488	5488	Q9ULX9
5489	5489	O95382
5491	5491	A0A0A0MRZ7
5492	5492	Q96QK8
5493	5493	Q6VEQ5
5494	5494	Q6ZW31
5495	5495	P35711
5496	5496	O60343
5497	5497	O95998
5498	5498	Q6PEZ8
5499	5499	P0DMS8
5500	5500	O95232
5501	5501	Q9NVD7
5503	5503	Q86XD8
5504	5504	Q9UKA1
5505	5505	Q6P4R8
5506	5506	Q149N8
5507	5507	Q8ND90
5508	5508	O94844
5509	5509	P26440
5510	5510	Q96QB1
5511	5511	Q8NCG5
5512	5512	Q8WUA8
5514	5514	P07858
5516	5516	Q8WVS4
5518	5518	Q9UMY4
5519	5519	O14715
5520	5520	O95476
5521	5521	A0A075B7F1
5523	5523	Q6NUI6
5524	5524	P52298
5525	5525	Q15375
5526	5526	Q9H0H0
5527	5527	Q96CM3
5529	5529	P48165
5530	5530	Q6RI45
5531	5531	Q6UXN9
5536	5536	O60902
5538	5538	Q9NP61
5539	5539	P0C7M3
5541	5541	P50226
5543	5543	Q5R3F8
5544	5544	O75916
5545	5545	Q16819
5546	5546	Q96RV3
5548	5548	Q96N21
5550	5550	P0CAP2
5552	5552	A4D1F6
5553	5553	P40425
5554	5554	Q8NF64
5555	5555	Q9NWZ8
5556	5556	Q16549
5557	5557	P45880
5558	5558	Q92499
5559	5559	P0DTU4
5561	5561	P19876
5562	5562	Q96MV8
5563	5563	O95450
5564	5564	O95243
5565	5565	P56975
5566	5566	O60729
5567	5567	Q13596
5568	5568	P0C5Y9
5569	5569	P20340
5571	5571	Q6STE5
5572	5572	Q96GX1
5573	5573	O60760
5575	5575	Q9UPN9
5576	5576	A0A1B0GVZ6
5577	5577	Q9UHP3
5578	5578	Q6UX27
5579	5579	Q7Z3Y7
5580	5580	Q6PI97
5581	5581	Q00325
5583	5583	B1AK53
5584	5584	O00591
5585	5585	Q9BUF5
5586	5586	P00846
5587	5587	Q13098
5590	5590	Q9BY50
5591	5591	Q9BY60
5592	5592	A0A075B6I3
5593	5593	P28072
5594	5594	P49961
5595	5595	Q8IZL2
5596	5596	P16383
5597	5597	Q96A25
5598	5598	P00325
5600	5600	Q2KHM9
5601	5601	P17655
5602	5602	Q96K17
5603	5603	Q9NWS0
5605	5605	Q01831
5606	5606	O60930
5607	5607	Q9UHB7
5608	5608	O95825
5609	5609	P51797
5611	5611	O43760
5612	5612	P28329
5613	5613	Q8NCQ5
5616	5616	P54868
5617	5617	P32302
5618	5618	O60266
5620	5620	Q96GX2
5622	5622	Q96AH0
5623	5623	Q15018
5625	5625	P60709
5626	5626	P17931
5629	5629	O00220
5630	5630	Q16566
5632	5632	P98169
5633	5633	Q9BRK0
5634	5634	Q9HAY2
5635	5635	Q8TB37
5637	5637	O43396
5638	5638	Q9BUL8
5639	5639	Q8IWY9
5640	5640	O15034
5641	5641	P01701
5642	5642	P86791
5643	5643	Q8NEM0
5646	5646	Q5JXX7
5647	5647	O43257
5648	5648	Q8NHW4
5649	5649	P13727
5650	5650	P12931
5652	5652	P50395
5653	5653	Q9UIA0
5654	5654	P05091
5656	5656	Q9NZ01
5657	5657	P05423
5658	5658	Q9BXC9
5659	5659	O00237
5660	5660	Q15042
5663	5663	Q5QJU3
5664	5664	Q8IXB1
5666	5666	A6NGE4
5669	5669	Q9BZ95
5670	5670	Q96CS2
5672	5672	P05114
5673	5673	Q96S79
5675	5675	Q14676
5677	5677	O75899
5678	5678	Q9UG01
5679	5679	P57052
5680	5680	P08709
5681	5681	A0A0C4DH72
5682	5682	P01715
5683	5683	P48547
5684	5684	P0DJ07
5685	5685	Q5MIZ7
5686	5686	Q9H598
5687	5687	Q5VTH2
5689	5689	Q96B01
5691	5691	P62834
5692	5692	Q13247
5693	5693	Q9NY37
5694	5694	P83859
5695	5695	P32881
5696	5696	Q7RTV0
5697	5697	A0A1W2PPM0
5698	5698	A0A075B6T7
5700	5700	Q02962
5701	5701	Q00013
5702	5702	Q13976
5703	5703	Q6QEF8
5704	5704	Q7Z403
5705	5705	Q9UBH6
5706	5706	Q8TCB6
5707	5707	P55085
5708	5708	Q96N11
5710	5710	P33402
5711	5711	P27658
5712	5712	P21145
5714	5714	Q32NB8
5717	5717	Q9H2X0
5718	5718	Q14119
5720	5720	P15289
5721	5721	Q99469
5723	5723	O43252
5724	5724	Q9BQ39
5726	5726	Q8NA19
5728	5728	A6NGB9
5729	5729	Q8WY54
5730	5730	Q8IU54
5731	5731	Q9NQX5
5733	5733	Q9NQL2
5734	5734	A6NGN9
5735	5735	P29017
5737	5737	O14894
5738	5738	Q9H9P5
5740	5740	P08151
5742	5742	O14836
5743	5743	P60880
5744	5744	O15382
5745	5745	Q01814
5746	5746	P26992
5747	5747	Q9H0I3
5748	5748	Q13387
5749	5749	P10915
5750	5750	Q92520
5751	5751	P29084
5752	5752	P27635
5755	5755	P78412
5756	5756	Q13794
5758	5758	Q8N8Z8
5759	5759	Q9P109
5761	5761	Q9HCK4
5762	5762	Q12872
5763	5763	P20023
5764	5764	O43155
5766	5766	Q8IUE1
5768	5768	P01599
5771	5771	Q9GZQ3
5772	5772	O15503
5773	5773	Q6ZQN5
5775	5775	Q13769
5777	5777	Q8N108
5778	5778	P50052
5779	5779	Q9NQT5
5780	5780	O00170
5781	5781	O94868
5782	5782	Q9NWY4
5783	5783	P23443
5784	5784	Q8IYW5
5785	5785	Q6DD88
5787	5787	Q8N1F7
5789	5789	Q92558
5790	5790	P11021
5791	5791	Q8IVN3
5792	5792	O94889
5793	5793	P01730
5794	5794	Q6NXP2
5797	5797	P21757
5798	5798	Q8WUA2
5800	5800	Q9Y6F7
5801	5801	O43791
5802	5802	O14530
5803	5803	Q8N1N4
5804	5804	O95968
5806	5806	A0PK11
5807	5807	O95267
5808	5808	P41567
5809	5809	Q2TBF2
5812	5812	O14958
5813	5813	Q08050
5814	5814	Q494V2
5815	5815	Q3SY56
5818	5818	Q969T9
5819	5819	Q8IW40
5820	5820	P54277
5821	5821	Q9ULK2
5822	5822	A6NDB9
5823	5823	P0CG39
5826	5826	P20783
5827	5827	A6NNA5
5829	5829	P35557
5830	5830	A0A1B0GVH4
5831	5831	Q15051
5832	5832	P02788
5833	5833	Q8NA92
5834	5834	Q6NYC1
5835	5835	P05771
5836	5836	Q13503
5837	5837	A6NI28
5838	5838	Q9H9E3
5839	5839	O60765
5843	5843	Q641Q3
5844	5844	O14529
5845	5845	Q5MNZ9
5846	5846	Q6PEY2
5847	5847	A8MVU1
5849	5849	Q92576
5851	5851	A0A075B6K5
5853	5853	Q8NFT8
5854	5854	Q12846
5855	5855	Q6PB30
5856	5856	A0A0A0MT99
5858	5858	Q8N138
5860	5860	P0DJD4
5861	5861	P39877
5862	5862	O43559
5863	5863	A0A075B6I6
5864	5864	Q400G9
5865	5865	Q96EX1
5866	5866	Q96BS2
5867	5867	Q13490
5868	5868	Q6NVH7
5869	5869	P49902
5870	5870	P12694
5871	5871	P00736
5872	5872	Q9BQ95
5877	5877	Q92600
5878	5878	Q13233
5880	5880	A0A1B0GU29
5881	5881	P98175
5883	5883	Q9NWV8
5884	5884	P56937
5885	5885	A0A0C4DH31
5886	5886	Q53HL2
5887	5887	P59539
5888	5888	Q53LP3
5890	5890	Q7Z443
5891	5891	Q6ZNA5
5892	5892	P51810
5893	5893	Q9UK58
5894	5894	O75369
5896	5896	P78310
5897	5897	Q15398
5898	5898	Q8NHS9
5901	5901	Q8TCT0
5902	5902	Q8N4V2
5904	5904	Q5JVL4
5905	5905	Q9NZE8
5907	5907	Q5VZY2
5908	5908	Q9HCM9
5909	5909	A0A075B6H7
5910	5910	P62380
5911	5911	Q16617
5912	5912	Q6ZN04
5913	5913	Q86UZ6
5914	5914	O00165
5915	5915	P43007
5917	5917	Q8IVS8
5921	5921	B7ZBB8
5923	5923	A1XBS5
5924	5924	O15496
5925	5925	Q9UJ14
5926	5926	Q13887
5928	5928	Q9BU61
5929	5929	Q9NRM7
5930	5930	Q15036
5931	5931	P52739
5933	5933	Q8NEP3
5938	5938	Q3V6T2
5939	5939	Q14129
5942	5942	Q8IV77
5943	5943	Q8TDQ7
5946	5946	Q9Y2X8
5947	5947	Q9NYG8
5948	5948	P06126
5949	5949	Q7Z7N9
5951	5951	Q5T9L3
5952	5952	Q9H306
5954	5954	Q9HBG4
5956	5956	Q5JR98
5958	5958	O60248
5959	5959	P51571
5960	5960	Q9H1K0
5961	5961	A6NL26
5962	5962	Q86W10
5963	5963	Q9NT99
5964	5964	P31994
5965	5965	Q9UIK5
5966	5966	Q13472
5967	5967	P30050
5968	5968	O75901
5970	5970	P14651
5971	5971	Q9UL51
5972	5972	Q8NBD8
5974	5974	P0C0E4
5976	5976	Q7Z7J7
5977	5977	P63167
5978	5978	Q92583
5979	5979	Q15746
5982	5982	Q8NGG2
5984	5984	Q96RI1
5985	5985	Q96NS1
5987	5987	O75096
5988	5988	O14792
5990	5990	Q9BVT8
5991	5991	P02511
5992	5992	A0A0B4J1V6
5993	5993	Q5T7P3
5994	5994	Q8IWZ6
5995	5995	Q8TBF4
5997	5997	Q9UGJ0
5998	5998	P61968
5999	5999	P61601
6000	6000	Q8N2Q7
6001	6001	P10644
6002	6002	P51116
6003	6003	Q8NA56
6004	6004	O96017
6005	6005	P12724
6007	6007	Q9BYJ4
6009	6009	P05813
6012	6012	Q8IVV7
6013	6013	Q9H7Z6
6014	6014	Q86XR5
6015	6015	Q96P53
6016	6016	Q8N6S5
6017	6017	Q8TAF8
6018	6018	Q9BRB3
6019	6019	P41587
6022	6022	P12524
6023	6023	Q96T53
6024	6024	P53701
6025	6025	Q8N8R7
6026	6026	Q8NBR0
6027	6027	O43865
6028	6028	Q99569
6029	6029	P51911
6030	6030	Q8N2M8
6031	6031	Q8TD20
6032	6032	Q6Y7W6
6033	6033	Q14966
6035	6035	Q3LIE5
6036	6036	P48634
6037	6037	Q3KP44
6038	6038	Q8N8Q3
6040	6040	Q9UEW8
6043	6043	Q5D1E8
6044	6044	P60827
6045	6045	P17658
6046	6046	P61218
6047	6047	Q6PJ21
6048	6048	O14815
6049	6049	Q6PCT2
6051	6051	Q9NRC8
6052	6052	Q5JR12
6053	6053	Q5FBB7
6054	6054	Q8N126
6055	6055	P47813
6057	6057	P35212
6058	6058	O14672
6059	6059	P00747
6062	6062	O60733
6063	6063	Q86Y01
6064	6064	O75676
6065	6065	O75310
6066	6066	Q5SWA1
6067	6067	P07225
6069	6069	O00469
6070	6070	O75147
6073	6073	Q13586
6074	6074	P49411
6075	6075	Q9H6B4
6076	6076	Q8IVS2
6078	6078	A0A0B4J279
6079	6079	Q53FV1
6080	6080	A6NIE6
6081	6081	P14151
6082	6082	Q96EX3
6083	6083	P61604
6084	6084	P08697
6085	6085	B8ZZ34
6086	6086	P09629
6087	6087	Q5TA89
6088	6088	Q9GZY0
6089	6089	P25685
6090	6090	Q92785
6091	6091	Q7Z7A4
6093	6093	Q8N831
6094	6094	O94769
6095	6095	Q96EU7
6097	6097	A8MPP1
6098	6098	P48729
6100	6100	Q9HCK0
6101	6101	P20020
6102	6102	Q92953
6104	6104	P13798
6105	6105	P07738
6106	6106	Q8NBE8
6107	6107	P54819
6108	6108	P25686
6109	6109	A1X283
6110	6110	Q8N8V4
6111	6111	A4FU28
6112	6112	B2RXF5
6113	6113	O95639
6115	6115	Q9Y2Q5
6116	6116	P78312
6117	6117	Q3KRA9
6118	6118	Q0VDI3
6119	6119	P11226
6120	6120	P52907
6121	6121	Q9UHR5
6122	6122	O75762
6123	6123	Q9UGN4
6124	6124	O75116
6125	6125	P48426
6127	6127	Q86TB9
6130	6130	P40200
6131	6131	P68032
6132	6132	Q96NA8
6133	6133	A0PJY2
6134	6134	P10153
6135	6135	Q6P9G4
6136	6136	Q8IXS2
6137	6137	C9J069
6138	6138	P40199
6139	6139	Q6MZP7
6140	6140	P17174
6143	6143	Q9H3T2
6145	6145	Q9UP83
6146	6146	P22897
6147	6147	P29373
6148	6148	P0C862
6149	6149	Q9BYI3
6150	6150	O94952
6151	6151	O75688
6152	6152	Q6ZN18
6153	6153	Q63HK3
6154	6154	Q9NRR8
6155	6155	P0DPH8
6156	6156	O60688
6158	6158	P36383
6159	6159	Q9NUP1
6160	6160	Q9H0E3
6161	6161	P07996
6162	6162	Q96QR8
6163	6163	Q2QGD7
6164	6164	A0A075B6K6
6165	6165	P06870
6166	6166	P11230
6168	6168	P55789
6169	6169	Q8NHC6
6170	6170	Q8NGH9
6171	6171	P0CK96
6172	6172	P0DPD8
6173	6173	P02545
6175	6175	Q9Y5A7
6177	6177	Q9NRX1
6179	6179	Q6UWI4
6180	6180	Q9NSP4
6181	6181	P16444
6183	6183	Q9H4I0
6184	6184	Q13021
6185	6185	A8MU46
6190	6190	O14522
6191	6191	O95976
6192	6192	P49746
6193	6193	Q8N6G6
6195	6195	A0A0C4DH39
6196	6196	Q969R8
6197	6197	Q8NFZ3
6199	6199	Q9NP71
6200	6200	Q96AP7
6201	6201	Q68CJ9
6202	6202	O95870
6203	6203	Q5JS13
6205	6205	P01040
6206	6206	A6NNN8
6207	6207	Q14442
6208	6208	Q8IYB4
6211	6211	O15357
6212	6212	Q96S59
6213	6213	P02652
6214	6214	P58550
6215	6215	O60512
6218	6218	P09960
6219	6219	Q8N427
6220	6220	Q9BTU6
6221	6221	Q8NFY9
6222	6222	P00488
6224	6224	Q9BVK8
6226	6226	P40937
6227	6227	Q96CS3
6228	6228	A6NDE4
6230	6230	P30273
6232	6232	Q96J92
6233	6233	P56545
6236	6236	Q6SPF0
6237	6237	O14874
6238	6238	A6NHM9
6239	6239	Q15070
6240	6240	P61923
6241	6241	O15266
6242	6242	Q7Z340
6243	6243	O43933
6244	6244	Q96NL6
6245	6245	Q9HBB8
6248	6248	Q7Z5W3
6249	6249	Q5U623
6251	6251	Q5H8C1
6252	6252	Q6UXU6
6254	6254	Q05084
6255	6255	Q5TB80
6256	6256	Q4L235
6257	6257	P10114
6258	6258	Q5BJH2
6259	6259	Q9BRP1
6260	6260	P36402
6262	6262	Q9H1X3
6263	6263	Q14202
6266	6266	Q9BTD8
6268	6268	Q68CP4
6269	6269	O95343
6270	6270	P49639
6271	6271	Q96FE5
6272	6272	Q8WW34
6273	6273	P42025
6275	6275	Q969G3
6276	6276	A0A286YFK9
6278	6278	Q9HB63
6279	6279	Q9H3T3
6280	6280	Q9UBN4
6281	6281	Q86VH5
6282	6282	P78536
6283	6283	Q96NK8
6284	6284	P60228
6285	6285	A0PJZ3
6286	6286	Q69YW2
6287	6287	Q96RT1
6289	6289	Q15040
6292	6292	Q9NZZ3
6293	6293	P13994
6294	6294	Q8TCD5
6296	6296	P53990
6297	6297	Q93096
6299	6299	P52630
6300	6300	Q9H6T3
6301	6301	O75398
6302	6302	P78545
6304	6304	Q96CW9
6305	6305	P13196
6308	6308	P30101
6309	6309	Q9BUR5
6310	6310	O43795
6311	6311	O75077
6312	6312	Q06455
6313	6313	Q92917
6314	6314	O14657
6316	6316	Q99687
6317	6317	Q9C0B0
6319	6319	P23416
6320	6320	P50548
6322	6322	Q99418
6323	6323	Q8N2A8
6326	6326	P34896
6327	6327	A0AVK6
6328	6328	Q9BT25
6329	6329	Q12792
6330	6330	Q8TAD2
6332	6332	O75844
6333	6333	Q6AW86
6334	6334	P49915
6335	6335	Q99731
6336	6336	O15297
6337	6337	Q8WWN9
6340	6340	Q08623
6341	6341	Q8TEU7
6342	6342	P01601
6343	6343	A4D2H0
6344	6344	Q8N4P6
6345	6345	Q86XH1
6346	6346	Q8NCP5
6347	6347	Q8NE86
6349	6349	A4D1S5
6350	6350	Q9BWF3
6351	6351	O75888
6352	6352	Q8WXC6
6354	6354	Q14681
6356	6356	P54646
6357	6357	P36382
6358	6358	Q13487
6359	6359	A0A087WW49
6360	6360	Q92581
6363	6363	Q8N5S9
6364	6364	Q8NEY4
6366	6366	Q6ZS82
6367	6367	P49257
6369	6369	P36952
6370	6370	P51793
6372	6372	P10588
6373	6373	Q8WXH2
6374	6374	Q02818
6375	6375	Q13467
6376	6376	P62714
6377	6377	Q96RR4
6380	6380	Q12884
6384	6384	Q86XU0
6388	6388	Q9NPA0
6389	6389	A6NCL7
6390	6390	Q15154
6391	6391	Q8N2I9
6392	6392	Q9H0L4
6395	6395	P10600
6396	6396	P0C7X2
6398	6398	P0CW20
6400	6400	O60269
6401	6401	Q5VVH2
6402	6402	Q86TU7
6403	6403	Q9UGQ3
6405	6405	P15260
6406	6406	Q8NBB4
6410	6410	Q96I24
6411	6411	Q96H20
6412	6412	O94875
6414	6414	Q6DN03
6415	6415	Q96JB5
6416	6416	Q14978
6420	6420	O14730
6421	6421	Q6ICH7
6422	6422	A6NKG5
6424	6424	Q53HI1
6426	6426	P78344
6427	6427	P20132
6428	6428	O15321
6429	6429	Q14940
6430	6430	Q86X52
6431	6431	Q53EU6
6433	6433	O94900
6434	6434	P49959
6436	6436	Q6ZMT1
6438	6438	Q8NH40
6439	6439	O60551
6441	6441	P48745
6442	6442	Q9NZQ3
6443	6443	Q6WQI6
6445	6445	A6NKU9
6446	6446	P55774
6447	6447	Q96FC9
6448	6448	P26045
6449	6449	Q9HBJ8
6450	6450	Q9UJT9
6451	6451	Q86VG3
6452	6452	O75311
6453	6453	Q8N1D5
6454	6454	A6NKX4
6455	6455	Q9BY76
6456	6456	Q9BTE1
6457	6457	P35575
6458	6458	P50151
6459	6459	Q8NBT3
6460	6460	P11274
6463	6463	Q16875
6464	6464	Q9P275
6465	6465	P43155
6466	6466	Q86SJ2
6469	6469	Q15014
6471	6471	Q00688
6472	6472	Q9BQ49
6473	6473	Q8N357
6475	6475	Q7Z601
6476	6476	Q86UB9
6477	6477	Q16629
6480	6480	P05120
6482	6482	Q9NZT1
6483	6483	Q6NXP6
6484	6484	Q6ZSG1
6485	6485	P17023
6486	6486	P46527
6487	6487	Q9BVQ7
6489	6489	P21918
6490	6490	P67775
6491	6491	Q13415
6492	6492	Q8IZ26
6493	6493	Q6ZVM7
6494	6494	Q8WZA0
6496	6496	O43248
6497	6497	Q07955
6498	6498	P33908
6500	6500	P51841
6501	6501	Q9BUE6
6505	6505	Q00534
6506	6506	Q7Z794
6508	6508	Q96HA8
6510	6510	Q96SQ5
6511	6511	P0DME0
6512	6512	Q5T1N1
6513	6513	Q8WUZ0
6514	6514	P45379
6515	6515	Q96BD6
6516	6516	Q8NAU1
6517	6517	Q8N1L9
6518	6518	O43175
6519	6519	Q15005
6520	6520	P17302
6522	6522	O95452
6523	6523	Q5KU26
6525	6525	Q13761
6526	6526	Q6SZW1
6528	6528	Q5VYV7
6529	6529	Q9H8W4
6530	6530	Q8TBA6
6531	6531	Q92542
6532	6532	P0DI82
6533	6533	Q8N4H5
6535	6535	O43542
6536	6536	A0A1W2PS18
6537	6537	Q15527
6538	6538	O14526
6539	6539	Q2TAM9
6540	6540	Q9BX95
6542	6542	Q86Y26
6543	6543	O95218
6544	6544	Q8IVT2
6545	6545	P51617
6546	6546	P48730
6547	6547	Q8N3I7
6548	6548	P17861
6550	6550	P41240
6551	6551	Q8IXQ6
6552	6552	Q14934
6554	6554	Q9C0C4
6555	6555	P42773
6556	6556	Q96RU7
6558	6558	P30838
6559	6559	Q9H0F5
6560	6560	P13866
6564	6564	Q99653
6565	6565	P01825
6566	6566	Q07812
6567	6567	P35372
6569	6569	P02790
6570	6570	Q9NQ87
6572	6572	Q86Y07
6573	6573	Q14739
6574	6574	Q96NE9
6575	6575	P47985
6576	6576	Q15075
6577	6577	P13726
6578	6578	P08588
6579	6579	Q01970
6580	6580	A1A4S6
6581	6581	Q9Y232
6582	6582	Q53EZ4
6585	6585	P54578
6587	6587	Q6YFQ2
6589	6589	Q9BRI3
6590	6590	P15918
6594	6594	Q14596
6595	6595	Q8TDY4
6596	6596	Q8IZK6
6597	6597	P56705
6598	6598	Q9H8S9
6599	6599	P40855
6600	6600	A6NH52
6602	6602	A0A0B4J275
6604	6604	Q96JG6
6605	6605	Q9BRQ4
6606	6606	Q9UK00
6607	6607	O60669
6609	6609	Q96G79
6610	6610	A6NJY1
6611	6611	P56556
6612	6612	Q5U5Q3
6614	6614	Q9UJ68
6615	6615	P20337
6616	6616	Q6IF99
6618	6618	Q86VS8
6620	6620	Q658P3
6621	6621	Q92823
6623	6623	P39060
6624	6624	P51959
6625	6625	Q8ND23
6627	6627	Q8TDN1
6628	6628	A0A1B0GV85
6629	6629	P43268
6630	6630	Q8IUD6
6632	6632	O15403
6633	6633	A8MUP2
6634	6634	P26998
6635	6635	O14908
6637	6637	Q6NV75
6638	6638	Q86XN8
6639	6639	Q5QNW6
6640	6640	Q02318
6641	6641	Q15653
6642	6642	P07741
6644	6644	O60909
6647	6647	Q6PJG2
6648	6648	Q8WVJ2
6649	6649	P22223
6650	6650	Q9BS18
6651	6651	Q86XR7
6652	6652	P0DML3
6654	6654	Q8WVK7
6655	6655	Q9HD34
6657	6657	P10451
6660	6660	Q8WWB7
6661	6661	Q9BYP7
6662	6662	P62820
6663	6663	A0A2R8YCJ5
6667	6667	Q9NPD3
6668	6668	Q9NRF9
6670	6670	P43320
6671	6671	Q8IZT8
6672	6672	O15444
6673	6673	P78382
6675	6675	O43474
6676	6676	Q6ZVN8
6677	6677	Q8TAE7
6679	6679	Q02383
6680	6680	O60663
6681	6681	O43189
6682	6682	Q6UWQ5
6683	6683	P02787
6685	6685	O60942
6686	6686	P57735
6687	6687	Q9P2X0
6689	6689	Q99835
6691	6691	O95789
6693	6693	Q05519
6695	6695	Q8NFZ8
6696	6696	Q92859
6697	6697	B3KU38
6699	6699	P43628
6701	6701	Q12962
6703	6703	Q5JPH6
6706	6706	Q96NB2
6708	6708	P49760
6709	6709	Q01664
6710	6710	P05129
6714	6714	Q8IX12
6716	6716	Q9NUG6
6717	6717	Q7L1S5
6719	6719	A6NM43
6720	6720	O75477
6721	6721	Q7Z3H0
6722	6722	A6NJR5
6723	6723	P39905
6724	6724	A0AV96
6725	6725	P0C6A0
6727	6727	Q9GZN1
6728	6728	P58304
6730	6730	P07864
6731	6731	O95235
6732	6732	Q9NYH9
6733	6733	Q8WVV5
6735	6735	Q12829
6736	6736	Q9Y3B3
6738	6738	O75648
6739	6739	P24588
6740	6740	Q96C24
6741	6741	Q9HCJ0
6742	6742	Q96LT7
6743	6743	Q9UHI6
6744	6744	P49593
6745	6745	P04090
6748	6748	P43026
6750	6750	P08240
6751	6751	P36222
6753	6753	Q96DU9
6754	6754	P48048
6755	6755	P13533
6758	6758	Q7LFL8
6759	6759	Q8NDH6
6760	6760	O75943
6761	6761	P56851
6762	6762	O15123
6764	6764	Q5JTJ3
6768	6768	Q9HCU5
6769	6769	Q9GZS9
6770	6770	O75674
6771	6771	Q9UBZ9
6772	6772	Q13625
6773	6773	Q0VAK6
6775	6775	Q9Y375
6777	6777	Q9HAV0
6778	6778	Q6UWM5
6779	6779	B0FP48
6780	6780	Q5JR59
6781	6781	O75593
6783	6783	B0YJ81
6786	6786	Q68CL5
6788	6788	Q96DU7
6789	6789	O14684
6790	6790	Q8NG84
6792	6792	Q13007
6794	6794	P41279
6795	6795	Q14449
6796	6796	P37275
6798	6798	O94817
6799	6799	Q8IZP6
6800	6800	Q96CN9
6803	6803	P46695
6804	6804	Q9NUY8
6805	6805	O75586
6806	6806	Q86VQ0
6807	6807	Q96BM9
6808	6808	P15812
6809	6809	O00124
6813	6813	Q9UJX2
6815	6815	A6NFI3
6816	6816	Q6IE81
6818	6818	Q6ZVX7
6819	6819	Q9NR97
6820	6820	Q16394
6822	6822	Q13243
6826	6826	Q9GZP1
6827	6827	Q13505
6830	6830	O14924
6831	6831	P56378
6832	6832	P24539
6833	6833	Q8WW22
6834	6834	Q9BPX5
6835	6835	A0A0C4DH59
6837	6837	Q8IUH5
6838	6838	Q96PC5
6840	6840	P10243
6841	6841	Q07326
6842	6842	Q8WX93
6843	6843	Q7Z4T8
6846	6846	P43234
6848	6848	P43034
6849	6849	P55317
6853	6853	Q9UI12
6854	6854	P01742
6855	6855	Q15053
6856	6856	A0A075B6S2
6857	6857	Q15554
6858	6858	P04798
6859	6859	Q9BYB0
6861	6861	O75506
6862	6862	Q5W0N0
6863	6863	O14640
6864	6864	O15151
6865	6865	Q96A73
6866	6866	Q16586
6867	6867	P31276
6868	6868	Q5J5C9
6869	6869	Q9P0V3
6870	6870	Q5XUX0
6871	6871	O43761
6872	6872	Q9NZV7
6874	6874	Q8N4G2
6875	6875	Q9NQW6
6876	6876	O43298
6879	6879	Q86Y13
6880	6880	Q9NWT1
6881	6881	Q495A1
6882	6882	P57679
6883	6883	P07202
6884	6884	Q6GMR7
6885	6885	Q5T440
6887	6887	Q99467
6888	6888	Q6ZUT1
6889	6889	Q8NG41
6891	6891	P11487
6893	6893	O60296
6895	6895	P48444
6896	6896	Q99627
6897	6897	P39086
6898	6898	P40225
6899	6899	Q6P499
6900	6900	Q8TAA3
6901	6901	P0CJ75
6903	6903	Q7RTS7
6904	6904	Q15842
6905	6905	Q08043
6906	6906	Q8TAP6
6907	6907	P32242
6908	6908	Q155Q3
6909	6909	Q9BTT4
6910	6910	Q96DA6
6911	6911	Q13129
6912	6912	Q16611
6913	6913	Q96P47
6914	6914	Q4VC31
6915	6915	P04279
6916	6916	Q3ZCM7
6917	6917	Q6PIF2
6918	6918	A0A024R1R8
6919	6919	Q96IQ7
6920	6920	P28906
6922	6922	O00192
6923	6923	Q5JSH3
6926	6926	Q05BQ5
6927	6927	Q8IWX8
6928	6928	P52757
6930	6930	P31939
6932	6932	A8MZ97
6933	6933	P04080
6934	6934	P23528
6935	6935	O43390
6936	6936	Q6AI39
6937	6937	Q96CN5
6939	6939	Q13637
6941	6941	O14829
6942	6942	Q8TAM1
6943	6943	Q8NAG6
6944	6944	Q14159
6945	6945	O95461
6946	6946	Q9P2S6
6947	6947	Q9NPJ6
6948	6948	P15813
6949	6949	P54317
6951	6951	Q8WVJ9
6952	6952	Q9UKS7
6953	6953	Q13797
6955	6955	P55210
6956	6956	Q14790
6957	6957	O95361
6958	6958	Q8WUG5
6959	6959	Q7Z4V5
6960	6960	P69849
6962	6962	O75618
6963	6963	P78345
6964	6964	Q9H2K0
6967	6967	Q6PJF5
6968	6968	A0A087WX78
6969	6969	Q6UVJ0
6970	6970	Q9HCI5
6971	6971	Q7RTU3
6972	6972	P0DJD3
6973	6973	Q13203
6974	6974	Q9NXG0
6975	6975	Q96IP4
6977	6977	A6NEL2
6978	6978	Q9Y3A6
6979	6979	P57060
6980	6980	Q13950
6982	6982	P60331
6983	6983	Q6ZSA7
6984	6984	Q9Y257
6989	6989	Q5EBL8
6990	6990	Q9GZS0
6991	6991	O75807
6992	6992	O00141
6996	6996	A4D0S4
6997	6997	O75063
6998	6998	O43301
6999	6999	Q9H9V4
7000	7000	O15040
7001	7001	Q99592
7003	7003	P56199
7005	7005	Q99946
7006	7006	Q9BZF2
7007	7007	P28335
7008	7008	P55316
7009	7009	Q12809
7010	7010	P30043
7011	7011	P03971
7012	7012	P14406
7013	7013	A0A075B6P5
7014	7014	A6NDZ8
7015	7015	D6REC4
7016	7016	Q99966
7018	7018	Q5VZL5
7019	7019	Q8WZ60
7020	7020	O15062
7025	7025	P31321
7026	7026	Q9UPM8
7027	7027	Q9HCM3
7028	7028	Q8NER5
7029	7029	Q92854
7031	7031	P55327
7032	7032	Q8N1B3
7033	7033	Q9BQ61
7034	7034	Q7Z465
7036	7036	Q15185
7037	7037	O43264
7039	7039	Q9NRI5
7040	7040	Q14168
7041	7041	Q86YF9
7042	7042	Q9NVI7
7043	7043	O75865
7044	7044	P09110
7045	7045	P35414
7048	7048	P43307
7050	7050	P05451
7052	7052	Q52LW3
7053	7053	Q8N1V2
7054	7054	P22570
7056	7056	Q0Z7S8
7057	7057	Q16769
7058	7058	P22303
7059	7059	Q9H8J5
7060	7060	Q96AV8
7062	7062	Q96ER3
7063	7063	P20718
7064	7064	Q6RFH5
7067	7067	O15156
7068	7068	Q7L8L6
7070	7070	Q9H2L4
7071	7071	Q96F05
7072	7072	P07204
7073	7073	P36957
7074	7074	O43681
7075	7075	O00409
7076	7076	Q9NRY4
7077	7077	Q13454
7078	7078	O60437
7079	7079	Q6ZNK6
7081	7081	Q96SY0
7082	7082	Q9H4L4
7083	7083	Q96RS0
7084	7084	P33764
7085	7085	P51153
7086	7086	Q9H1J1
7087	7087	Q13428
7088	7088	Q9NZC3
7090	7090	Q99999
7091	7091	Q96G75
7092	7092	O95630
7093	7093	Q6IQ32
7094	7094	Q495M9
7095	7095	Q14623
7096	7096	P08684
7099	7099	Q4V9L6
7102	7102	Q96JM7
7103	7103	O14966
7105	7105	Q5BN46
7106	7106	O95944
7107	7107	Q8WXU2
7109	7109	Q96CS4
7112	7112	Q8WUF5
7113	7113	Q1MX18
7114	7114	Q5VW32
7115	7115	Q96FH0
7116	7116	A0A0A6YYK7
7117	7117	Q562E7
7118	7118	O75935
7119	7119	P24462
7121	7121	Q9H8E8
7122	7122	P49238
7124	7124	Q8NFB2
7125	7125	Q96A11
7126	7126	Q14BN4
7127	7127	P78549
7128	7128	P49711
7129	7129	Q8N998
7130	7130	Q9UEE5
7132	7132	Q96EP1
7133	7133	Q15637
7134	7134	Q14678
7137	7137	Q99666
7138	7138	Q8WXW3
7139	7139	P05014
7140	7140	A0A1W2PQJ5
7141	7141	Q14568
7142	7142	Q8TCJ0
7143	7143	Q969Z4
7144	7144	P23771
7145	7145	Q14050
7146	7146	Q8N6G5
7147	7147	Q16659
7148	7148	P01571
7149	7149	Q96JN2
7150	7150	Q96HQ2
7151	7151	Q8IWG1
7152	7152	Q8IVV8
7154	7154	P0DI81
7156	7156	P07195
7157	7157	Q8WV41
7159	7159	Q01543
7160	7160	O75417
7161	7161	Q7Z3G6
7162	7162	P30419
7165	7165	Q8NEA5
7166	7166	Q8NDY6
7167	7167	O14737
7168	7168	P26717
7169	7169	Q9UMY1
7170	7170	Q8IYP9
7172	7172	Q8N0U8
7174	7174	Q96FZ7
7175	7175	Q96BW9
7177	7177	A0A096LP01
7178	7178	Q9UDY2
7180	7180	Q9BQC3
7182	7182	Q4G163
7183	7183	P43119
7185	7185	Q16690
7187	7187	P15291
7188	7188	Q96EV8
7191	7191	O60506
7192	7192	P20393
7194	7194	P51878
7195	7195	Q9NY27
7196	7196	Q8N7M0
7197	7197	Q8IXQ5
7198	7198	Q15828
7199	7199	Q8IWA5
7200	7200	Q9NRU3
7203	7203	Q6P3X8
7204	7204	Q13433
7205	7205	Q9UJW3
7207	7207	A8MXK1
7208	7208	P62312
7210	7210	Q6ZMD2
7211	7211	Q07820
7212	7212	P54826
7213	7213	O75015
7214	7214	Q16576
7216	7216	Q92806
7217	7217	Q1ZZU3
7219	7219	O95772
7224	7224	Q6PF05
7225	7225	Q96L42
7226	7226	Q8IV63
7230	7230	A6NNW6
7231	7231	Q70Z44
7232	7232	P52736
7234	7234	P53779
7237	7237	P55283
7238	7238	P82094
7240	7240	Q7Z3T8
7241	7241	P21453
7243	7243	Q969F1
7244	7244	Q9BXB4
7246	7246	P78406
7248	7248	Q92673
7249	7249	Q6ZTR7
7252	7252	P0CG35
7253	7253	O76038
7257	7257	Q96RF0
7258	7258	Q6P9F7
7260	7260	Q8IYR0
7262	7262	Q86W33
7264	7264	P26842
7266	7266	Q15006
7267	7267	P51157
7268	7268	O15198
7269	7269	Q9NZL4
7271	7271	Q96SK2
7272	7272	Q9C0E8
7274	7274	Q9NZ94
7275	7275	P59074
7276	7276	Q14005
7277	7277	Q6V0L0
7278	7278	Q96KP1
7279	7279	P0CJ73
7280	7280	P43220
7283	7283	Q9BUV8
7284	7284	Q15573
7286	7286	Q96DX4
7287	7287	Q15361
7288	7288	Q5I0X7
7289	7289	O14544
7290	7290	Q92560
7291	7291	P49662
7293	7293	Q96QT4
7294	7294	G9CGD6
7296	7296	O75027
7297	7297	Q9GZM3
7299	7299	A6NLP5
7300	7300	A6NGY5
7302	7302	Q96HL8
7303	7303	A6NGQ2
7304	7304	Q9UD57
7305	7305	P48764
7306	7306	O14524
7307	7307	Q9H4D5
7308	7308	Q8N3P4
7309	7309	P53673
7310	7310	P67812
7311	7311	O60383
7312	7312	Q0ZGT2
7313	7313	O43829
7317	7317	O75881
7319	7319	Q2KJY2
7322	7322	Q9BQY4
7324	7324	Q8WWY8
7325	7325	Q69YZ2
7326	7326	P49757
7327	7327	Q9H0I2
7328	7328	A0A0J9YX35
7329	7329	P0C7P0
7332	7332	P09086
7333	7333	O14830
7334	7334	Q5SWX8
7335	7335	P20366
7336	7336	Q13349
7337	7337	Q9UBP5
7338	7338	Q8IZU9
7340	7340	A0A2Z4LIS9
7341	7341	A2A3K4
7342	7342	O43824
7344	7344	Q9Y376
7347	7347	P30304
7349	7349	Q8IWT1
7350	7350	Q8TDR2
7351	7351	P61966
7352	7352	Q9Y2M5
7353	7353	O43490
7354	7354	O00144
7355	7355	P07205
7358	7358	Q8N349
7359	7359	P59923
7360	7360	Q9BQI5
7361	7361	Q6SA08
7363	7363	P15391
7365	7365	Q96NW4
7367	7367	Q96F44
7370	7370	Q96HF1
7371	7371	Q9HAW7
7372	7372	Q96AQ1
7373	7373	Q8N128
7374	7374	O14556
7376	7376	Q04721
7377	7377	Q969D9
7378	7378	P21108
7379	7379	Q7Z769
7381	7381	Q9UBB4
7382	7382	C9JI98
7383	7383	Q96PQ7
7384	7384	Q3B7J2
7385	7385	Q504Y3
7387	7387	Q6ZUJ4
7388	7388	O43365
7393	7393	Q504U0
7394	7394	P20839
7395	7395	Q9UBT7
7396	7396	Q96DY2
7397	7397	P57059
7398	7398	P23368
7399	7399	P17066
7400	7400	P48728
7401	7401	Q502W7
7402	7402	P02818
7403	7403	Q14592
7404	7404	Q8NGK2
7405	7405	Q9BZ81
7406	7406	Q6UWV6
7408	7408	Q13162
7409	7409	Q8N3D4
7410	7410	P09105
7411	7411	Q15813
7413	7413	Q9P0J0
7414	7414	Q8TDM0
7417	7417	P01236
7418	7418	O95405
7419	7419	Q5JSJ4
7420	7420	Q96KB5
7421	7421	P00739
7422	7422	Q9C002
7423	7423	O43187
7424	7424	O95466
7425	7425	Q96JJ7
7427	7427	P49721
7428	7428	P16118
7429	7429	Q0JRZ9
7430	7430	Q9UK45
7431	7431	Q8IUD2
7433	7433	Q5JXB2
7434	7434	Q7L9L4
7435	7435	O15054
7436	7436	P81274
7437	7437	A6NIH7
7439	7439	A6NKL6
7440	7440	Q7L5A8
7441	7441	Q6ZWJ1
7442	7442	Q9BVC5
7443	7443	Q06330
7444	7444	P60022
7445	7445	Q9UM21
7446	7446	Q9BU20
7447	7447	A1L453
7448	7448	P01275
7449	7449	Q9BSH4
7450	7450	A0A0B4J1X8
7451	7451	Q5VTE0
7452	7452	Q9C0J8
7455	7455	Q695T7
7457	7457	P55773
7458	7458	Q53GI3
7459	7459	P10909
7460	7460	Q7L945
7461	7461	Q9UBL3
7464	7464	Q92556
7465	7465	Q86T90
7466	7466	Q86T24
7467	7467	A8MSI8
7470	7470	Q8N6P7
7472	7472	P46926
7473	7473	Q9BUR4
7474	7474	Q03393
7475	7475	Q8WVZ7
7476	7476	P21589
7477	7477	P25105
7478	7478	Q9BV90
7479	7479	O95858
7480	7480	O95562
7481	7481	Q8N0Z3
7483	7483	Q49AM3
7485	7485	Q9H9B4
7486	7486	O60299
7487	7487	Q9P272
7490	7490	P47804
7491	7491	Q8IYD2
7492	7492	Q96AP4
7493	7493	Q7Z7G1
7494	7494	Q8NC51
7495	7495	Q93009
7496	7496	A8MXE2
7497	7497	Q86UL8
7498	7498	O95969
7499	7499	Q8TBF5
7500	7500	P30533
7502	7502	Q8NBM4
7503	7503	A0A0A0MS15
7505	7505	P58511
7506	7506	Q9Y2Y0
7507	7507	Q9GZY6
7510	7510	Q9UNQ2
7515	7515	P55212
7516	7516	Q00537
7517	7517	Q96F24
7518	7518	Q6L8Q7
7519	7519	Q92995
7520	7520	Q96PN7
7521	7521	Q16352
7523	7523	Q02742
7524	7524	O60890
7526	7526	Q8IYS8
7527	7527	Q674X7
7529	7529	O95716
7532	7532	Q96F86
7533	7533	P30520
7534	7534	Q9NZM5
7535	7535	Q9H993
7539	7539	O60759
7540	7540	Q5EBL4
7541	7541	P22004
7542	7542	P01714
7543	7543	Q9NX20
7544	7544	A0A0B4J241
7546	7546	Q8TEW0
7547	7547	O00622
7548	7548	Q9H0G5
7551	7551	P09493
7552	7552	Q96BM1
7555	7555	P36871
7556	7556	Q00577
7557	7557	O75610
7559	7559	O60732
7560	7560	Q9Y3A2
7561	7561	P28324
7563	7563	Q9BVX2
7566	7566	Q9BVA6
7567	7567	Q05925
7568	7568	Q5SY16
7569	7569	Q3MIX3
7570	7570	P24821
7571	7571	Q9Y5J7
7573	7573	O95876
7574	7574	A0A0K0K1C0
7575	7575	Q13144
7576	7576	Q9NQ33
7577	7577	P35548
7578	7578	P17482
7579	7579	Q8IWR1
7580	7580	Q99848
7581	7581	P48556
7582	7582	Q16643
7583	7583	Q8TF61
7584	7584	Q9H9Y4
7586	7586	Q9NV70
7587	7587	Q2T9J0
7588	7588	Q8IXL7
7589	7589	O75971
7590	7590	Q15391
7591	7591	A0A1W2PN81
7592	7592	Q9P1U1
7594	7594	Q16630
7596	7596	Q86WC6
7597	7597	O95199
7599	7599	O94966
7602	7602	O95447
7604	7604	Q96MG7
7606	7606	Q69YI7
7607	7607	P08218
7608	7608	Q8TDI8
7609	7609	Q5T9A4
7610	7610	B4DX44
7613	7613	Q9BPX3
7614	7614	Q7Z713
7616	7616	Q86Y46
7618	7618	Q674R7
7619	7619	Q9NW97
7620	7620	A6NDD5
7621	7621	Q8IVH2
7622	7622	Q13049
7623	7623	O95407
7624	7624	Q16635
7625	7625	P60891
7627	7627	Q9UH92
7628	7628	O76064
7629	7629	A8MVJ9
7630	7630	A0A3B3IRV3
7631	7631	P10912
7632	7632	Q02446
7633	7633	O95236
7634	7634	Q8N468
7636	7636	Q8IXM2
7637	7637	Q9UHR4
7638	7638	Q9NVM9
7641	7641	P05090
7642	7642	P23759
7643	7643	O14813
7644	7644	Q02223
7645	7645	Q8NHV4
7647	7647	P46976
7648	7648	O15247
7649	7649	Q16772
7650	7650	Q8IZL8
7651	7651	Q96A47
7652	7652	P43378
7653	7653	Q96KN3
7654	7654	P0DN76
7655	7655	Q92503
7656	7656	Q7L8W6
7657	7657	Q16626
7658	7658	P22061
7659	7659	Q7Z7D3
7660	7660	Q9HCM1
7662	7662	Q9BUW7
7663	7663	Q6ULP2
7664	7664	O75596
7665	7665	Q16515
7666	7666	Q96MC2
7667	7667	Q96ED9
7669	7669	Q9BWC9
7670	7670	Q12986
7671	7671	Q5VVQ6
7672	7672	Q9UJ04
7673	7673	A1L390
7674	7674	P28566
7676	7676	Q9UPR5
7677	7677	Q05193
7678	7678	Q9HBH1
7679	7679	Q4G0N7
7680	7680	Q6ZNC4
7681	7681	Q13156
7682	7682	O95751
7683	7683	Q7Z4I7
7684	7684	Q6PRD1
7685	7685	Q8NE01
7686	7686	Q99700
7687	7687	Q96GD3
7689	7689	Q2KHT4
7690	7690	Q8N436
7691	7691	Q8TDS5
7692	7692	A6NLF2
7693	7693	P0DSN7
7695	7695	Q16651
7696	7696	Q96NT0
7697	7697	P05305
7698	7698	Q6ZVH7
7699	7699	Q8TE67
7700	7700	Q96PC3
7701	7701	P08253
7702	7702	Q96H22
7703	7703	P07602
7704	7704	Q8WXR4
7706	7706	P37058
7707	7707	O60285
7708	7708	P08397
7709	7709	O14492
7710	7710	Q9P015
7711	7711	Q9Y4E8
7712	7712	Q7Z2T5
7715	7715	P00973
7716	7716	Q7Z3K3
7717	7717	P17936
7718	7718	Q8N5L8
7720	7720	Q9UM00
7721	7721	Q9UNH7
7722	7722	Q8N4B1
7723	7723	A6NMT0
7724	7724	Q9H0A8
7725	7725	P04920
7727	7727	O60684
7728	7728	Q15486
7729	7729	Q2NL82
7730	7730	P01920
7731	7731	Q9UKW4
7732	7732	Q59GN2
7733	7733	O00167
7734	7734	Q12765
7735	7735	O15243
7736	7736	Q8N1B4
7738	7738	P09681
7739	7739	P35523
7741	7741	Q8WXD9
7743	7743	Q8NB16
7745	7745	Q6UX46
7746	7746	Q9H4A9
7747	7747	P61024
7748	7748	P01833
7749	7749	Q5VUB5
7750	7750	O75177
7751	7751	O15522
7753	7753	Q8NDX2
7756	7756	Q99572
7757	7757	O60493
7758	7758	O60725
7759	7759	Q9NQC1
7761	7761	Q6ZQR2
7763	7763	Q8IVY1
7764	7764	Q9BWJ5
7765	7765	Q04609
7766	7766	Q9UK28
7767	7767	Q8WWF1
7768	7768	P26927
7769	7769	Q5VXU3
7770	7770	Q9BPZ7
7772	7772	Q9UGR2
7773	7773	P01768
7774	7774	Q6UXY8
7775	7775	P62314
7778	7778	P11166
7779	7779	Q96IY1
7780	7780	Q96IK1
7781	7781	Q96K49
7782	7782	Q99543
7783	7783	Q9HC97
7784	7784	Q9NP80
7785	7785	Q9Y2A7
7787	7787	P31391
7788	7788	Q6IEG0
7789	7789	Q86Y37
7790	7790	Q00536
7791	7791	Q9BQK8
7792	7792	P04070
7793	7793	Q86V24
7794	7794	Q14654
7796	7796	O95153
7797	7797	Q969G2
7798	7798	O75794
7799	7799	O75771
7802	7802	Q5JUK2
7803	7803	P01593
7804	7804	Q14004
7805	7805	Q56VL3
7808	7808	A0A0J9YXX1
7809	7809	Q9H069
7810	7810	Q96LL9
7811	7811	Q86UU0
7812	7812	Q6P4F7
7813	7813	O00178
7814	7814	Q9UDW1
7816	7816	Q13277
7817	7817	Q9UHC1
7819	7819	Q92609
7820	7820	Q9NS73
7821	7821	P23946
7822	7822	Q9P0M9
7823	7823	A8K0S8
7824	7824	Q06323
7825	7825	P56539
7827	7827	P06731
7829	7829	Q5XKK7
7830	7830	A6PVC2
7831	7831	Q6PL18
7832	7832	Q3KP22
7833	7833	P48448
7834	7834	Q09470
7837	7837	Q8N7C7
7838	7838	Q9NYZ1
7842	7842	Q9HAW8
7843	7843	P50583
7844	7844	P84101
7846	7846	Q8N8K9
7847	7847	Q9C030
7848	7848	Q8N0X7
7849	7849	Q6IPX3
7850	7850	Q13239
7852	7852	Q9GZS1
7853	7853	Q9NRD1
7854	7854	Q8NB15
7856	7856	Q9Y5J6
7857	7857	Q14192
7858	7858	Q8N567
7859	7859	Q2M2Z5
7861	7861	Q6ZSB9
7862	7862	Q8N3Z3
7865	7865	P0DP06
7866	7866	Q86UK7
7867	7867	Q2TAA8
7869	7869	P36776
7870	7870	Q3SYC2
7871	7871	Q99567
7872	7872	Q8N1G0
7873	7873	Q6UVY6
7875	7875	P48436
7876	7876	Q7L3B6
7877	7877	Q14686
7878	7878	O43364
7879	7879	Q9BZL1
7881	7881	Q9BVC3
7882	7882	P25940
7886	7886	Q7Z6J6
7887	7887	Q99615
7888	7888	Q1RMZ1
7889	7889	Q8IX18
7890	7890	Q96NT3
7891	7891	Q9H2F3
7892	7892	P54750
7893	7893	P09529
7894	7894	O60356
7896	7896	Q13459
7897	7897	Q17RB8
7898	7898	Q86VE0
7901	7901	Q8N1E6
7902	7902	Q14687
7903	7903	P04003
7907	7907	Q969S0
7908	7908	O75626
7909	7909	Q6PIY5
7910	7910	Q8IY45
7911	7911	Q9NZJ6
7912	7912	P02747
7913	7913	Q6ZVE7
7914	7914	P35625
7918	7918	Q03518
7919	7919	Q7Z5K2
7921	7921	Q96NI6
7922	7922	Q9BX70
7923	7923	Q8N8L6
7924	7924	Q8TAQ9
7926	7926	P21917
7927	7927	Q8WTP8
7928	7928	Q96EE4
7929	7929	O00501
7930	7930	Q9HB15
7931	7931	O94778
7933	7933	P35346
7934	7934	A0A0B4J1U6
7935	7935	Q9UNH6
7936	7936	P50553
7937	7937	P51816
7939	7939	P49761
7940	7940	Q14764
7941	7941	Q9P2Q2
7942	7942	P11172
7943	7943	Q5VWW1
7944	7944	P78334
7946	7946	Q13888
7949	7949	Q9BZJ7
7951	7951	Q16581
7952	7952	Q13107
7953	7953	P46108
7956	7956	P39748
7957	7957	Q96Q06
7958	7958	Q96DM3
7959	7959	Q9BV44
7960	7960	Q70EL1
7963	7963	Q8NEH6
7964	7964	Q8IYJ0
7965	7965	P13987
7966	7966	P13765
7967	7967	P47890
7968	7968	Q9BRX2
7969	7969	Q6PP77
7970	7970	Q93097
7971	7971	Q8NB91
7972	7972	Q86TZ1
7973	7973	Q92932
7974	7974	Q8IXA5
7975	7975	Q5T7N3
7978	7978	Q9UJP4
7979	7979	Q14653
7981	7981	Q7Z589
7982	7982	Q00978
7983	7983	P26651
7985	7985	Q30154
7986	7986	Q53HC9
7987	7987	Q8N7X1
7988	7988	Q5VWN6
7989	7989	Q99961
7990	7990	Q9UBU9
7993	7993	P28827
7995	7995	Q8TAS1
7996	7996	Q9UHA4
7997	7997	A6NFH5
8000	8000	Q6UW01
8002	8002	Q8WW01
8003	8003	O60479
8006	8006	Q9BYM8
8007	8007	Q5TA31
8008	8008	Q9H6Q4
8009	8009	Q53ET0
8010	8010	P09466
8011	8011	P31151
8013	8013	Q5T1S8
8015	8015	A0A0C4DH34
8016	8016	Q5H9F3
8017	8017	Q96BN8
8018	8018	O95238
8019	8019	Q15738
8021	8021	Q7Z4H8
8023	8023	Q5HYI7
8028	8028	P15882
8031	8031	P61803
8034	8034	Q99640
8035	8035	Q01196
8036	8036	O75602
8037	8037	Q9UJY4
8039	8039	Q8TD19
8041	8041	O76001
8042	8042	O95379
8043	8043	Q12972
8044	8044	Q9BVK2
8047	8047	Q9BRQ6
8048	8048	Q6P1Q0
8049	8049	Q9BYZ6
8050	8050	P69891
8051	8051	Q19AV6
8052	8052	P51957
8053	8053	Q15020
8056	8056	Q96BF6
8057	8057	P78563
8058	8058	Q9H1R3
8059	8059	Q8N661
8060	8060	Q05C16
8062	8062	A8MV23
8063	8063	Q8NAT2
8064	8064	P47902
8066	8066	Q92481
8068	8068	Q9H5V9
8069	8069	Q9UBK2
8070	8070	Q9UBF9
8071	8071	A0A0C4DH38
8073	8073	P36537
8074	8074	P05093
8075	8075	Q5TYX0
8076	8076	P02654
8077	8077	P78426
8078	8078	Q9NZL9
8079	8079	Q8TDM6
8080	8080	Q5VVY1
8082	8082	Q96SQ9
8083	8083	Q9BY77
8085	8085	Q9NR77
8086	8086	Q9H8V3
8087	8087	P68402
8088	8088	Q5W041
8090	8090	O75677
8092	8092	Q6ZQX7
8094	8094	P04181
8095	8095	P12034
8098	8098	Q9HA65
8099	8099	Q9BVS5
8100	8100	O43820
8102	8102	P15170
8103	8103	O60232
8105	8105	Q9BUL9
8108	8108	Q8WW24
8109	8109	P09936
8111	8111	O43164
8113	8113	P06315
8114	8114	A8MXV4
8115	8115	P14384
8116	8116	Q9BXX2
8117	8117	O76074
8118	8118	Q9BT73
8119	8119	Q14409
8120	8120	Q6UXK2
8121	8121	O75600
8122	8122	A0A0J9YY99
8123	8123	Q6ZU65
8125	8125	Q49AR2
8126	8126	P54855
8127	8127	Q8N0W7
8128	8128	O15172
8129	8129	P18669
8130	8130	Q96QE3
8131	8131	Q96FF9
8137	8137	Q96CC6
8139	8139	A0A075B6T8
8141	8141	Q07343
8142	8142	Q9NR34
8143	8143	Q15800
8144	8144	Q8NEU8
8145	8145	Q8NFA0
8146	8146	A4D1P6
8148	8148	P08637
8149	8149	Q9BYE9
8150	8150	Q9NS62
8151	8151	Q8WY41
8152	8152	Q5I0G3
8153	8153	Q8WUA7
8154	8154	Q5TC79
8155	8155	P14618
8158	8158	Q7L622
8159	8159	Q96GE9
8160	8160	Q8IZQ8
8161	8161	P78423
8162	8162	Q6ZPD9
8168	8168	Q8IYS5
8170	8170	Q96M89
8171	8171	Q9NX61
8173	8173	P17812
8174	8174	Q9BUQ8
8175	8175	Q8NC24
8176	8176	P04053
8178	8178	Q86W42
8179	8179	Q14766
8180	8180	Q96CP6
8181	8181	Q9H7X7
8182	8182	P22460
8184	8184	Q8IXS8
8186	8186	P30305
8187	8187	P05062
8189	8189	Q9ULM3
8191	8191	Q4W5G0
8192	8192	Q96II8
8193	8193	Q9NPJ4
8194	8194	Q5VWK5
8195	8195	O15457
8197	8197	Q6IS24
8198	8198	Q8IVN8
8200	8200	Q8NHQ9
8202	8202	Q16206
8203	8203	Q99878
8204	8204	Q9BQA9
8205	8205	Q92585
8206	8206	Q9H0E2
8209	8209	O75131
8210	8210	Q92858
8211	8211	Q9H339
8212	8212	Q86VY9
8213	8213	A6NLU0
8215	8215	Q6IF42
8216	8216	Q9H649
8217	8217	Q86YD7
8218	8218	P35326
8219	8219	Q96JB2
8220	8220	P55039
8221	8221	Q8N0V4
8224	8224	Q9Y2C9
8226	8226	Q8WTV1
8228	8228	Q06190
8230	8230	P01705
8233	8233	Q5TF39
8235	8235	Q8N1N2
8236	8236	Q96JJ6
8237	8237	P04433
8239	8239	Q7Z5Y6
8241	8241	A6NN14
8244	8244	Q56NI9
8245	8245	Q96KN2
8246	8246	Q9UPS8
8247	8247	Q9UBF2
8248	8248	Q96DT6
8249	8249	P01717
8251	8251	P63267
8252	8252	Q9UMZ3
8253	8253	Q8NEZ5
8254	8254	Q9BYU1
8255	8255	P18510
8257	8257	P00748
8260	8260	Q9BRL6
8261	8261	Q86VR2
8262	8262	Q96NX9
8264	8264	P08603
8265	8265	Q02556
8266	8266	Q9BW83
8267	8267	Q9BW27
8268	8268	Q9P1Z3
8269	8269	P43630
8271	8271	Q15326
8273	8273	Q1AE95
8274	8274	Q5M9Q1
8275	8275	P07947
8276	8276	Q8NHG7
8277	8277	Q9GZM8
8279	8279	Q12870
8280	8280	Q8WVP7
8282	8282	Q9NWX5
8288	8288	O00445
8290	8290	Q2WGN9
8292	8292	P62952
8293	8293	Q96BN2
8294	8294	Q9BXS6
8295	8295	Q8N5J4
8296	8296	Q8TCY5
8299	8299	Q76LX8
8300	8300	P10589
8301	8301	P06734
8302	8302	Q92771
8303	8303	Q9H0R1
8304	8304	O43423
8307	8307	Q9P0L1
8308	8308	P23634
8309	8309	Q9P0U4
8310	8310	P17405
8311	8311	P78562
8312	8312	Q86WR7
8313	8313	Q08AI8
8317	8317	Q8NBJ9
8318	8318	O15049
8320	8320	Q96R28
8321	8321	P27539
8322	8322	Q14061
8324	8324	Q8TDX7
8325	8325	Q53HC0
8326	8326	O94916
8327	8327	Q7RTN6
8328	8328	Q9BYQ0
8330	8330	Q8IWU5
8331	8331	Q8NBJ4
8332	8332	Q6PJP8
8333	8333	F5GYI3
8335	8335	Q7Z6B7
8336	8336	Q93088
8337	8337	Q99525
8338	8338	Q7Z5L3
8339	8339	Q9H5Z1
8340	8340	Q9P1Z9
8341	8341	Q96KG7
8342	8342	P01880
8343	8343	P55008
8344	8344	P04085
8346	8346	O00744
8348	8348	P20591
8350	8350	Q5T3I0
8352	8352	Q6ZN66
8353	8353	O15226
8356	8356	Q8N6T7
8357	8357	O75319
8359	8359	P19099
8360	8360	Q9BT92
8361	8361	Q8N9N2
8362	8362	Q9H0K4
8363	8363	P20292
8364	8364	Q96PE2
8365	8365	O95922
8366	8366	P55957
8367	8367	Q86V15
8368	8368	Q5FWF4
8369	8369	Q9H981
8371	8371	P31949
8374	8374	Q13352
8375	8375	Q8N6T3
8376	8376	Q96MH2
8378	8378	Q9H244
8379	8379	Q5R372
8380	8380	Q9UKM7
8382	8382	Q9H4B7
8383	8383	Q96BR9
8385	8385	P17036
8386	8386	Q9UIF9
8387	8387	Q8IYS2
8390	8390	P10523
8391	8391	Q8N103
8392	8392	Q96AG3
8393	8393	O14791
8394	8394	Q13115
8395	8395	P49184
8397	8397	Q8TDB4
8398	8398	P00387
8400	8400	O15244
8401	8401	Q96E14
8402	8402	O60359
8403	8403	P03950
8405	8405	Q01813
8406	8406	Q2NL67
8408	8408	Q9HBE4
8409	8409	Q8NGJ5
8410	8410	Q16537
8411	8411	O14896
8412	8412	Q9H840
8415	8415	Q13304
8418	8418	P09327
8419	8419	P26378
8420	8420	Q6ZS10
8421	8421	A6NH57
8422	8422	P34982
8423	8423	Q93045
8424	8424	P78332
8425	8425	A0A5B7
8426	8426	Q8NA31
8427	8427	P41222
8428	8428	Q07108
8430	8430	Q92750
8432	8432	Q9NSC2
8434	8434	P48163
8436	8436	P60852
8437	8437	P13807
8438	8438	P40126
8440	8440	P51854
8441	8441	Q5H9E4
8443	8443	O95202
8444	8444	Q9NS64
8446	8446	Q9Y320
8447	8447	Q16849
8448	8448	Q96M94
8449	8449	Q96AE7
8450	8450	P41238
8452	8452	Q9BYB4
8453	8453	Q99608
8454	8454	Q02747
8456	8456	Q9HCS2
8457	8457	P17787
8461	8461	Q8NFH5
8462	8462	P22735
8463	8463	Q7Z6L0
8464	8464	A0AVF1
8467	8467	P48029
8468	8468	P35318
8470	8470	O15229
8471	8471	P23352
8472	8472	Q14566
8473	8473	O15399
8474	8474	P12109
8475	8475	Q6ZMZ0
8476	8476	Q8IVW6
8477	8477	Q14012
8478	8478	Q9UBQ6
8479	8479	O00270
8480	8480	Q6NUJ2
8482	8482	O75023
8483	8483	Q96LB1
8484	8484	Q15814
8485	8485	Q8WVX3
8486	8486	P08133
8488	8488	Q8N442
8490	8490	Q99759
8493	8493	Q9NY15
8494	8494	Q96LZ2
8496	8496	P52597
8498	8498	P25311
8502	8502	Q9H8X2
8504	8504	P04179
8507	8507	Q7Z3Q1
8510	8510	Q7L4S7
8511	8511	P07948
8514	8514	Q96A70
8515	8515	Q9NPG3
8516	8516	O95140
8519	8519	P00813
8520	8520	Q9HA47
8521	8521	Q4FZB7
8523	8523	P49638
8524	8524	Q8TCF1
8526	8526	Q96BT7
8527	8527	A8TX70
8529	8529	P78410
8530	8530	Q9NUV7
8531	8531	Q9HAD4
8532	8532	Q96PD4
8534	8534	O94989
8535	8535	Q9BV73
8536	8536	A2RU30
8538	8538	Q9UKS6
8539	8539	Q7RTV3
8542	8542	C9JCN9
8543	8543	Q8WXJ9
8544	8544	P01282
8545	8545	A0A0A0MS03
8546	8546	Q8IYS0
8549	8549	P57738
8552	8552	P49821
8553	8553	P62328
8554	8554	Q12950
8556	8556	Q8IYX8
8557	8557	Q96JG8
8559	8559	Q8N2U9
8560	8560	Q969G9
8561	8561	Q9C0C6
8562	8562	P06396
8564	8564	Q9BW72
8566	8566	A1A4G5
8568	8568	Q92540
8569	8569	Q9NWF9
8570	8570	Q08499
8571	8571	Q9NYY1
8572	8572	Q9UNL2
8573	8573	Q96DE0
8574	8574	Q14847
8575	8575	Q14094
8576	8576	Q8N8A6
8577	8577	P30041
8578	8578	Q8IX03
8579	8579	Q7Z4N8
8580	8580	Q9NVS2
8581	8581	P45378
8582	8582	Q16363
8583	8583	Q9UIH9
8586	8586	Q13506
8587	8587	P02746
8588	8588	Q9UQN3
8589	8589	Q9BUH8
8590	8590	Q96RD9
8591	8591	P60201
8592	8592	Q14392
8594	8594	Q13615
8595	8595	P05452
8598	8598	Q86TI0
8600	8600	O75467
8601	8601	P0C1S8
8603	8603	Q13029
8604	8604	O75487
8606	8606	Q9HC56
8607	8607	P78371
8608	8608	Q96L58
8609	8609	Q15043
8612	8612	Q5JU69
8613	8613	Q9NSB2
8614	8614	P61289
8615	8615	P55064
8617	8617	Q9BVP2
8618	8618	P12872
8619	8619	Q15057
8620	8620	Q8NFU3
8622	8622	O75631
8623	8623	A0A075B7D4
8624	8624	Q9C0H6
8626	8626	Q6NUM6
8627	8627	Q8IZE3
8629	8629	Q86T82
8630	8630	Q7Z398
8631	8631	Q9UN37
8632	8632	A8K8P3
8634	8634	Q6PIU1
8635	8635	Q15650
8636	8636	O43663
8637	8637	P00441
8640	8640	A2RUB1
8641	8641	Q6TDU7
8642	8642	Q14980
8643	8643	P07998
8646	8646	P55265
8647	8647	Q9Y3U8
8648	8648	P0DL12
8649	8649	Q9H8L6
8650	8650	A0A494BZU2
8652	8652	Q8WXI4
8653	8653	Q8N5I9
8654	8654	Q5VV42
8655	8655	Q96MT3
8656	8656	Q8N3H0
8657	8657	O75335
8661	8661	P0DPH7
8662	8662	P40197
8663	8663	A0A075B767
8664	8664	P56181
8667	8667	Q9UBE0
8669	8669	O75791
8671	8671	Q14247
8673	8673	Q86UY8
8675	8675	Q5VIY5
8676	8676	Q9UBI1
8677	8677	Q08AD1
8679	8679	Q6UWT4
8682	8682	Q9UBS3
8683	8683	Q9UNX9
8684	8684	Q8TD47
8685	8685	Q9NSB4
8686	8686	Q9UHV9
8687	8687	Q9Y6G3
8689	8689	Q9Y5G2
8690	8690	Q9Y6B7
8691	8691	Q8N3J2
8692	8692	Q6PK81
8697	8697	Q9HB21
8701	8701	Q9NVP1
8703	8703	Q9H334
8704	8704	Q3MIN7
8705	8705	Q16661
8706	8706	Q9Y2L1
8707	8707	Q96G97
8708	8708	Q8TC05
8709	8709	Q2I0M4
8710	8710	A0A5A2
8711	8711	Q9Y5X1
8712	8712	Q9UKT5
8713	8713	Q9UBC9
8714	8714	Q9UN81
8715	8715	Q9Y6H1
8716	8716	Q9BQD3
8717	8717	Q9UBI6
8719	8719	Q9Y4F1
8721	8721	Q9ULD5
8723	8723	P0CF74
8724	8724	Q9Y3D9
8725	8725	Q9UKI3
8727	8727	Q16563
8728	8728	Q9NZI5
8729	8729	Q9NRL2
8730	8730	Q9Y286
8733	8733	P13584
8734	8734	Q8N474
8737	8737	Q96RG2
8738	8738	Q8TCA0
8739	8739	Q8TDW5
8741	8741	Q9NP90
8742	8742	Q9Y6N1
8747	8747	Q9HBH0
8748	8748	Q9UMX2
8749	8749	Q9Y5J1
8750	8750	Q96SF7
8752	8752	Q5SGD2
8753	8753	Q9NY12
8754	8754	Q99808
8755	8755	Q96P11
8756	8756	P56703
8757	8757	Q9UGP5
8759	8759	Q6ZRI6
8760	8760	Q9Y6H3
8761	8761	Q99748
8762	8762	Q9NWQ8
8763	8763	Q9GZY8
8766	8766	Q9NS56
8767	8767	Q9P0M6
8768	8768	Q9P107
8769	8769	Q9Y5Q3
8771	8771	Q9C0B5
8773	8773	Q5MJ08
8776	8776	O43610
8777	8777	Q9UHL0
8778	8778	Q99704
8781	8781	Q9Y5Q9
8782	8782	Q9Y2I8
8783	8783	Q9Y2G5
8784	8784	Q9H0M0
8785	8785	Q7Z3Y9
8786	8786	Q9Y6F1
8788	8788	Q96IM9
8789	8789	Q9HBR0
8790	8790	Q9Y623
8792	8792	Q9Y3C5
8793	8793	P81172
8796	8796	Q15435
8797	8797	P18433
8798	8798	Q8IVP5
8800	8800	Q9Y2U2
8801	8801	P63151
8802	8802	Q9UFE4
8803	8803	Q9UQ26
8805	8805	Q9H0I9
8806	8806	P0DOY3
8807	8807	Q14181
8809	8809	Q9P0S9
8810	8810	P0DOY2
8812	8812	Q9NW82
8814	8814	Q99437
8815	8815	Q6P5Q4
8818	8818	Q6UX65
8819	8819	Q9UF33
8820	8820	Q9P260
8821	8821	Q8N859
8822	8822	Q8IVW8
8825	8825	Q9UHC3
8826	8826	P29803
8829	8829	Q9NV79
8831	8831	P48167
8833	8833	Q9BXM7
8834	8834	Q9NP95
8835	8835	Q9UHD4
8836	8836	Q9H165
8838	8838	Q9BXN1
8839	8839	Q9NPG1
8840	8840	Q9BYG4
8842	8842	Q9H2A9
8843	8843	Q00266
8847	8847	Q9UI08
8850	8850	Q9Y543
8852	8852	Q9ULG1
8853	8853	Q9UQ72
8854	8854	Q9Y316
8856	8856	Q32M78
8857	8857	Q9Y691
8858	8858	P49767
8861	8861	Q9H093
8862	8862	Q9H3S3
8863	8863	Q9Y4P1
8864	8864	Q9NQW8
8865	8865	P49747
8866	8866	Q9ULK6
8867	8867	Q9NR22
8868	8868	Q8WXE0
8872	8872	Q9UIC8
8874	8874	Q9Y2K1
8876	8876	Q93038
8877	8877	Q9H8S5
8878	8878	Q9P086
8879	8879	Q9HBH9
8881	8881	Q9NPB3
8882	8882	Q5VXT5
8883	8883	Q9Y3A4
8885	8885	Q9Y6G5
8887	8887	Q14626
8890	8890	Q9Y217
8891	8891	Q96LA9
8892	8892	Q9NUL7
8893	8893	Q96MF7
8894	8894	Q8WYK2
8896	8896	Q99645
8897	8897	Q9ULR5
8898	8898	Q9H5X1
8899	8899	Q9Y2I2
8902	8902	Q9NYZ3
8905	8905	Q9NQR1
8912	8912	Q9H7Y0
8915	8915	Q9UPY5
8916	8916	Q9BYE7
8917	8917	Q92876
8919	8919	Q9NWH7
8920	8920	Q6WRX3
8921	8921	Q9NXD2
8922	8922	Q96MM3
8924	8924	P31277
8925	8925	Q9H210
8927	8927	Q9Y2D1
8928	8928	Q8NB42
8929	8929	Q8WWF3
8930	8930	Q9NUW8
8931	8931	P16422
8932	8932	Q8TAW3
8934	8934	Q9UIL1
8936	8936	Q99618
8938	8938	Q96GW7
8939	8939	Q9Y3I1
8940	8940	Q02083
8941	8941	Q9NX01
8942	8942	Q9BYG3
8943	8943	Q9Y333
8945	8945	Q9Y478
8946	8946	Q6AWC2
8947	8947	Q9UBK5
8948	8948	Q9Y561
8950	8950	Q9UNK0
8951	8951	Q93073
8952	8952	Q9UHQ9
8953	8953	Q9UM47
8956	8956	Q9Y5S2
8957	8957	Q9H8M7
8958	8958	Q9H2L5
8959	8959	Q9H930
8961	8961	Q16610
8962	8962	Q5T870
8964	8964	A0A0G2JMI3
8965	8965	Q96RP3
8967	8967	Q9HBI6
8969	8969	P01782
8970	8970	Q9Y6I9
8971	8971	Q9Y6X6
8972	8972	Q9Y248
8975	8975	P51589
8977	8977	Q14002
8978	8978	Q9Y3A0
8979	8979	Q9H788
8981	8981	Q8WWL7
8982	8982	Q9BYE0
8983	8983	Q96EN9
8984	8984	Q9NYX4
8985	8985	Q8N988
8987	8987	Q9P2E7
8990	8990	Q9UBC1
8991	8991	Q9Y697
8992	8992	Q9H792
8993	8993	Q8N573
8996	8996	Q9ULT6
8997	8997	P21941
8998	8998	Q9Y4P9
8999	8999	Q13155
9000	9000	Q9Y5Z4
9001	9001	Q9NUE0
9003	9003	Q9UL03
9004	9004	Q8WUK0
9005	9005	Q8IW41
9006	9006	Q9NR83
9007	9007	Q92974
9008	9008	P0C870
9010	9010	Q8NGC9
9011	9011	Q9UQC2
9013	9013	Q9UN86
9015	9015	Q9ULK0
9016	9016	Q9P2W9
9017	9017	Q15431
9019	9019	Q92870
9020	9020	Q9UMD9
9021	9021	Q96DG6
9022	9022	Q15695
9024	9024	Q8NHV1
9025	9025	Q9NUJ7
9026	9026	Q96PX1
9027	9027	Q13232
9028	9028	Q9UBD5
9029	9029	Q8IV48
9031	9031	P29622
9032	9032	P20396
9033	9033	P0CG37
9036	9036	P15516
9037	9037	Q96RU3
9038	9038	Q9UKA2
9039	9039	Q9HCC9
9040	9040	Q8IZ07
9042	9042	Q9Y5N5
9043	9043	Q9HBL8
9044	9044	Q9ULT8
9046	9046	Q9Y698
9047	9047	Q9Y262
9050	9050	Q9HB40
9053	9053	Q8ND76
9054	9054	Q9Y5J3
9055	9055	Q9Y5A9
9056	9056	Q5SZD1
9057	9057	Q08174
9058	9058	Q9Y5Y2
9061	9061	Q96LD1
9064	9064	Q9NZ72
9066	9066	Q9UL58
9067	9067	Q6NX49
9069	9069	Q9Y2Q3
9071	9071	Q8N8V2
9072	9072	Q99750
9073	9073	Q9Y6R9
9074	9074	Q16649
9077	9077	Q9BUX1
9079	9079	Q9NUV9
9080	9080	Q9Y2Z0
9081	9081	Q9NR63
9082	9082	Q05932
9084	9084	Q9Y3Y4
9085	9085	P40198
9086	9086	Q9Y5Z9
9088	9088	Q86WV1
9089	9089	Q8N9I0
9090	9090	Q9UNY4
9091	9091	Q86SS6
9092	9092	Q9H2R5
9093	9093	Q9NXK6
9095	9095	Q5XKP0
9097	9097	Q8NCR0
9098	9098	Q9UKT7
9099	9099	Q9NVZ3
9100	9100	Q99424
9102	9102	Q9Y6N8
9103	9103	Q9UQR1
9104	9104	Q8IVB5
9106	9106	Q9Y5K3
9107	9107	Q8N2H4
9108	9108	Q9NVR5
9109	9109	Q14765
9110	9110	Q9ULV4
9112	9112	Q9H7S9
9113	9113	Q9BXU1
9115	9115	Q9Y490
9119	9119	Q9NRR6
9120	9120	Q2M5E4
9122	9122	Q9Y5W3
9123	9123	Q9P2T1
9124	9124	O15528
9125	9125	Q13316
9126	9126	O14495
9127	9127	Q9BTM1
9132	9132	Q9P286
9134	9134	Q96C74
9135	9135	Q8TCS8
9136	9136	Q9HBX8
9137	9137	Q86VK4
9138	9138	Q9Y2D8
9139	9139	P53367
9140	9140	P53680
9141	9141	Q96J77
9142	9142	Q96LW7
9143	9143	Q9Y2J2
9144	9144	Q9C026
9145	9145	Q8N699
9146	9146	Q05639
9147	9147	Q9UPM6
9148	9148	Q6ZMJ4
9149	9149	Q9NYV4
9150	9150	Q6NZI2
9151	9151	Q92526
9153	9153	Q9P0N5
9154	9154	Q9H596
9155	9155	Q9UL25
9163	9163	Q8IYE0
9165	9165	Q96C28
9166	9166	Q96BR5
9167	9167	Q9Y6W5
9171	9171	Q9Y4H2
9172	9172	Q9NS23
9175	9175	P51948
9176	9176	Q30201
9178	9178	Q9HAT0
9180	9180	Q96KK5
9181	9181	Q9Y547
9184	9184	Q9UPS6
9186	9186	Q9BRP4
9187	9187	P40394
9189	9189	P47901
9190	9190	Q6Q788
9191	9191	Q9UID3
9195	9195	Q15822
9196	9196	P22003
9197	9197	Q9NRC1
9200	9200	Q9HBE5
9201	9201	Q9UDY8
9203	9203	Q9GZU3
9205	9205	Q99456
9206	9206	P58743
9207	9207	Q9H633
9208	9208	P34059
9212	9212	Q8WXK3
9213	9213	Q8N2W9
9215	9215	Q9H875
9218	9218	Q9NYY3
9219	9219	Q9UEY8
9220	9220	Q9NX36
9221	9221	Q9BUK6
9223	9223	Q9NZL6
9225	9225	Q9UKC9
9226	9226	Q96HI0
9227	9227	Q9NVJ2
9229	9229	Q15046
9230	9230	Q96D71
9231	9231	Q9Y6R4
9232	9232	Q9H1Z9
9233	9233	Q9NWM8
9234	9234	Q9UGU5
9236	9236	P14222
9238	9238	Q96MM7
9239	9239	Q8WWW8
9240	9240	Q9Y6E2
9241	9241	Q9Y6J9
9242	9242	Q9P2C4
9243	9243	Q13094
9244	9244	Q86UQ8
9245	9245	Q9NPR9
9247	9247	Q9NYP9
9248	9248	Q8TBE7
9251	9251	Q9UNT1
9252	9252	Q9NR00
9253	9253	Q9Y2A9
9254	9254	Q9BSB4
9255	9255	Q9HBA0
9256	9256	P61296
9260	9260	Q9Y5M8
9261	9261	Q9Y573
9262	9262	P01814
9263	9263	Q9H4L7
9264	9264	Q9ULW0
9265	9265	Q9UHL9
9266	9266	Q8TCX1
9272	9272	Q9Y279
9274	9274	Q96P56
9276	9276	Q9UKU0
9278	9278	Q9Y6P5
9279	9279	Q6P9G9
9282	9282	Q9UJV9
9286	9286	Q9BWT3
9288	9288	P79483
9289	9289	S4R460
9290	9290	Q9HCI7
9291	9291	Q9HC62
9293	9293	Q9Y312
9294	9294	Q6ZNQ3
9299	9299	Q5HYI8
9300	9300	Q99986
9301	9301	Q13835
9304	9304	Q9UH73
9305	9305	Q9Y3D6
9306	9306	Q9NZS2
9307	9307	Q9NUX5
9311	9311	Q9NSE2
9313	9313	Q8NFH8
9314	9314	Q9NZU5
9315	9315	Q9NXC2
9316	9316	P0CW00
9317	9317	Q9UPZ6
9318	9318	Q9Y572
9320	9320	Q9UK41
9321	9321	Q99788
9322	9322	Q9UF47
9323	9323	Q9UBS4
9329	9329	Q7LG56
9332	9332	P0CF51
9333	9333	Q9ULJ7
9334	9334	Q9H3S1
9335	9335	Q9UI47
9336	9336	Q9UM19
9337	9337	Q9BVC4
9339	9339	P54577
9341	9341	Q96AD5
9342	9342	Q96DX5
9343	9343	P0CG04
9345	9345	Q9UPV9
9346	9346	Q9Y4G2
9348	9348	Q9BXS5
9349	9349	Q9H819
9350	9350	Q9Y2P8
9353	9353	Q9UK99
9354	9354	Q7Z4W2
9355	9355	Q96CX2
9357	9357	P56178
9359	9359	Q9P2K2
9360	9360	Q9P1W8
9361	9361	Q9UMW8
9362	9362	Q9GZN0
9363	9363	Q5VWI1
9365	9365	Q9UNL4
9366	9366	Q5TCM9
9368	9368	Q9Y3S2
9369	9369	Q8IUC4
9371	9371	Q96GG9
9372	9372	Q9NZD2
9374	9374	Q9Y3I0
9376	9376	Q9BU64
9377	9377	P0DP01
9378	9378	Q9Y5L5
9380	9380	Q9Y255
9381	9381	Q86TI4
9382	9382	Q9UPP2
9383	9383	Q99956
9384	9384	Q8TCV5
9385	9385	Q9UM01
9386	9386	Q9H694
9387	9387	Q5JVS0
9388	9388	Q9BX26
9389	9389	Q99683
9391	9391	Q8WXI3
9392	9392	Q9H1H9
9394	9394	Q9HBT7
9395	9395	Q96P20
9396	9396	Q9NQU5
9397	9397	Q9UPQ7
9398	9398	Q9Y2W7
9401	9401	Q96MI6
9403	9403	P20810
9404	9404	Q6UWM9
9405	9405	Q2M3C6
9406	9406	Q9NXE4
9408	9408	Q9Y266
9409	9409	Q9Y3C7
9412	9412	Q96NM4
9413	9413	Q96FX8
9414	9414	P10635
9416	9416	P63241
9417	9417	Q9P0S2
9418	9418	Q95460
9420	9420	Q9UP52
9421	9421	Q86UQ0
9422	9422	Q96HH6
9423	9423	Q8N4A0
9424	9424	Q15784
9425	9425	Q969L4
9426	9426	Q9Y263
9427	9427	Q8N752
9430	9430	Q96Q05
9431	9431	Q92615
9433	9433	Q9HB75
9437	9437	Q9Y3C1
9440	9440	Q9NP59
9442	9442	Q9NWB6
9445	9445	Q99795
9446	9446	Q86VY4
9449	9449	P49006
9451	9451	Q9H009
9452	9452	Q96KF7
9453	9453	Q96I45
9455	9455	Q9NRG1
9457	9457	Q8WVC6
9458	9458	Q9Y284
9459	9459	Q9H114
9461	9461	Q9NWZ5
9464	9464	Q53QZ3
9467	9467	Q9Y5U8
9469	9469	Q13324
9471	9471	Q96BZ4
9472	9472	Q9HC21
9473	9473	P12757
9474	9474	Q9NZ20
9475	9475	Q9H2W2
9476	9476	Q96S06
9477	9477	Q9NPF0
9478	9478	O95096
9480	9480	Q9UKV3
9481	9481	Q9NP84
9484	9484	Q99075
9485	9485	Q96MW1
9486	9486	Q9C0K0
9489	9489	Q86X45
9490	9490	Q96PG8
9492	9492	Q6P1W5
9493	9493	Q86YV0
9494	9494	Q9Y3P8
9495	9495	Q9HAU5
9496	9496	Q9Y5Y5
9497	9497	Q9Y5R8
9498	9498	P35504
9502	9502	Q8N3T1
9504	9504	Q8IZ52
9505	9505	Q15735
9509	9509	Q9C0F0
9511	9511	Q8TBE1
9512	9512	Q9BZM3
9516	9516	Q9HBT8
9517	9517	Q9Y3D2
9519	9519	Q92598
9520	9520	Q9H582
9521	9521	P19113
9522	9522	Q53GD3
9523	9523	Q96E39
9524	9524	P58062
9525	9525	Q9Y2W2
9526	9526	Q6ZMN8
9527	9527	Q9Y3L3
9529	9529	Q92777
9530	9530	Q9NVD3
9531	9531	Q9UIF3
9532	9532	Q9UI14
9535	9535	Q15722
9538	9538	Q8WYL5
9539	9539	Q9ULZ3
9540	9540	Q6DT37
9541	9541	Q9UKF7
9543	9543	Q14244
9547	9547	Q9UPZ3
9548	9548	Q9UHX3
9549	9549	Q9BVN2
9550	9550	Q9H902
9551	9551	Q96PY5
9553	9553	Q9HCK8
9554	9554	P68543
9556	9556	Q9P2R6
9557	9557	Q8IWP9
9558	9558	Q9Y5U4
9559	9559	Q96LX8
9561	9561	Q9HA64
9562	9562	Q9NRD5
9564	9564	Q9Y5U9
9567	9567	Q6P7N7
9568	9568	P00751
9570	9570	Q9ULU4
9571	9571	Q96L92
9573	9573	Q9NPH5
9574	9574	P49763
9575	9575	Q9Y2R9
9577	9577	Q6R6M4
9579	9579	Q96ST2
9580	9580	Q96AZ6
9583	9583	Q5VZK9
9584	9584	Q9Y5I7
9585	9585	Q9NS28
9586	9586	Q9NVV4
9588	9588	Q9HCU9
9589	9589	Q9NP87
9590	9590	Q9UJQ1
9596	9596	Q9Y253
9597	9597	Q92563
9598	9598	Q5RGS3
9599	9599	Q9Y618
9601	9601	Q9NQ69
9603	9603	Q9P212
9604	9604	Q8WZ75
9605	9605	Q6ZP82
9606	9606	P0DP04
9608	9608	Q5MJ70
9609	9609	Q9Y6C5
9612	9612	Q7Z5H3
9613	9613	Q9BQB4
9615	9615	Q9P218
9618	9618	Q96MY7
9619	9619	Q9NU19
9620	9620	Q9UBC2
9621	9621	Q9P267
9625	9625	Q15910
9626	9626	Q6NWY9
9627	9627	Q8TBF2
9628	9628	Q9H4B4
9629	9629	P11511
9632	9632	P23276
9633	9633	Q6BCY4
9634	9634	Q9BT88
9638	9638	Q9Y305
9639	9639	Q969P0
9641	9641	Q9UEE9
9642	9642	Q9Y2I6
9645	9645	Q9UHF1
9646	9646	A6NIE9
9647	9647	Q9NPB8
9650	9650	Q6ZNA4
9651	9651	Q02153
9652	9652	Q9NVN8
9653	9653	Q9H5U6
9654	9654	Q99581
9656	9656	Q9BXS0
9657	9657	Q9UNS1
9658	9658	Q9UHP6
9659	9659	Q9UHA3
9660	9660	Q6UWM7
9662	9662	P42681
9666	9666	Q9C0E4
9667	9667	Q8TB22
9668	9668	Q96N66
9669	9669	Q8WYR1
9670	9670	Q96KK3
9671	9671	Q9ULR0
9672	9672	P68104
9673	9673	Q9GZR7
9677	9677	Q9UKK9
9678	9678	Q96HR9
9679	9679	Q9H0K1
9680	9680	Q9Y534
9681	9681	Q9Y6Q1
9682	9682	Q6IN84
9684	9684	Q9NZ09
9685	9685	Q99929
9686	9686	Q9BTM9
9687	9687	Q9UJW0
9690	9690	Q9H3D4
9691	9691	Q12967
9692	9692	Q96R67
9693	9693	Q9Y2U8
9694	9694	Q9Y4W2
9698	9698	Q9NRX3
9702	9702	Q15370
9703	9703	Q9NQG6
9704	9704	Q8N6F8
9705	9705	Q9HAW9
9707	9707	P48735
9708	9708	Q9NP99
9709	9709	P80748
9712	9712	Q14206
9713	9713	Q96H35
9715	9715	Q5T4B2
9716	9716	Q9P2M1
9718	9718	Q8N4S7
9719	9719	Q9UNA1
9721	9721	Q9BWD3
9722	9722	Q9HC44
9724	9724	Q9Y2H8
9726	9726	Q8NHY2
9730	9730	Q53GL0
9732	9732	Q9NP97
9734	9734	P05177
9735	9735	Q86WN2
9739	9739	Q9UI95
9740	9740	Q96P16
9742	9742	Q9NYS7
9744	9744	Q96DH6
9745	9745	Q9UHX1
9746	9746	Q9Y6I7
9748	9748	Q9UK13
9749	9749	Q9BV47
9754	9754	Q6IEE7
9755	9755	P61626
9757	9757	Q9Y291
9758	9758	Q9H867
9759	9759	Q8WXH6
9760	9760	Q53HV7
9763	9763	Q9Y508
9764	9764	Q9BU76
9765	9765	Q9NRE1
9767	9767	Q9NVV9
9768	9768	Q9UPW0
9769	9769	Q9UKP6
9772	9772	Q9NRS4
9777	9777	Q9H992
9779	9779	Q9UBR4
9780	9780	Q6JVE9
9781	9781	P09871
9782	9782	Q8WU76
9786	9786	Q92506
9787	9787	Q9HBI1
9788	9788	Q8TCU5
9789	9789	P22234
9790	9790	Q9NP66
9791	9791	Q9UMR2
9793	9793	Q9NQL9
9795	9795	Q6PIW4
9796	9796	Q9NQT8
9797	9797	Q9NRP2
9799	9799	Q9NU23
9800	9800	Q9UK17
9801	9801	P60568
9802	9802	Q9NUM4
9803	9803	Q9ULB4
9804	9804	Q92844
9805	9805	Q9NQX6
9806	9806	P01225
9809	9809	Q9H6J7
9810	9810	Q8TDT2
9814	9814	Q8TAE6
9815	9815	O43900
9817	9817	Q9Y512
9819	9819	Q8NHY3
9820	9820	Q9UMF0
9821	9821	Q8NC96
9822	9822	Q96SN8
9823	9823	Q9NXK8
9824	9824	Q9UIF7
9825	9825	Q9C0H2
9826	9826	Q96RU8
9828	9828	Q9BX97
9830	9830	Q15008
9833	9833	Q8WWN8
9834	9834	Q9Y2B1
9838	9838	Q96S99
9839	9839	Q9ULP9
9841	9841	Q9H461
9843	9843	Q9HBF4
9844	9844	Q9NW64
9845	9845	Q9Y287
9847	9847	Q9Y2K3
9848	9848	Q8NFU7
9849	9849	Q96FN4
9851	9851	Q12891
9852	9852	Q9UKB5
9853	9853	Q8N6V4
9854	9854	Q6ZN11
9855	9855	Q8N5X7
9856	9856	Q53RE8
9857	9857	Q9H228
9858	9858	Q9NZ71
9859	9859	Q9H147
9860	9860	Q9Y4B4
9861	9861	Q9UBX8
9862	9862	Q96S55
9867	9867	Q9BZG8
9868	9868	Q9Y3E2
9870	9870	Q9Y6Q6
9871	9871	Q9BZY9
9873	9873	Q14332
9876	9876	Q8WZ73
9881	9881	Q08J23
9883	9883	Q6B0K9
9884	9884	Q9H112
9885	9885	Q9ULC3
9888	9888	Q9Y6D9
9889	9889	Q9Y3T9
9891	9891	Q9NX04
9892	9892	Q9UL26
9894	9894	A0A0C4DH42
9896	9896	Q9NQ31
9897	9897	Q9UKJ1
9898	9898	Q9Y4Y9
9899	9899	P48960
9901	9901	Q96NY9
9902	9902	Q9P244
9903	9903	Q5NUL3
9904	9904	Q9NRZ7
9905	9905	Q8N5H7
9907	9907	Q86YV5
9908	9908	Q9Y548
9912	9912	Q6RW13
9915	9915	Q9H0T7
9916	9916	Q9H0V1
9918	9918	Q8WXG8
9920	9920	Q16698
9922	9922	Q9Y483
9923	9923	Q86WA8
9924	9924	Q9Y421
9925	9925	Q9NZG7
9930	9930	Q9UBZ4
9931	9931	Q9UJ55
9932	9932	Q9HCC6
9935	9935	Q6QHC5
9936	9936	Q8NGV6
9937	9937	Q6UWP2
9939	9939	Q13542
9940	9940	Q9H6Y2
9941	9941	Q5VTQ0
9942	9942	Q9NYL5
9944	9944	Q9Y5S9
9945	9945	Q9Y2C4
9947	9947	Q8IWU9
9949	9949	Q9H4G4
9950	9950	Q9ULW6
9953	9953	Q8NC26
9956	9956	Q96HZ4
9958	9958	Q9Y5W5
9959	9959	Q9UNF1
9960	9960	P16403
9961	9961	Q16670
9962	9962	Q9Y6C2
9963	9963	Q92688
9964	9964	Q02410
9965	9965	Q03721
9967	9967	Q9Y696
9968	9968	P50591
9969	9969	Q96LI6
9971	9971	Q9Y6Y8
9972	9972	Q17RR3
9974	9974	Q9Y227
9976	9976	Q9UJ96
9977	9977	Q8N5C7
9979	9979	Q9Y6R0
9981	9981	Q9Y222
9982	9982	P31942
9983	9983	Q9HBH5
9984	9984	Q8NG66
9985	9985	Q86W50
9986	9986	P49913
9987	9987	P12110
9988	9988	Q9BXJ8
9989	9989	Q02643
9990	9990	Q96A83
9991	9991	Q9UGM1
9994	9994	Q9NYB0
9995	9995	Q14432
9999	9999	Q9H4D0
10001	10001	Q17R98
10002	10002	Q96M20
10003	10003	Q5TCH4
10004	10004	Q9NUJ1
10009	10009	Q16678
10010	10010	P40238
10012	10012	Q9BYV2
10014	10014	Q96GA3
10016	10016	Q16288
10018	10018	Q9UMQ6
10019	10019	Q13401
10020	10020	Q8NG83
10021	10021	Q9BYD5
10024	10024	Q9Y3Q0
10032	10032	P52434
10034	10034	Q9NZN1
10035	10035	P11509
10036	10036	Q9UBN1
10037	10037	Q96S38
10040	10040	Q03135
10041	10041	Q9NYL4
10042	10042	Q8N4C6
10044	10044	Q08477
10045	10045	Q15661
10047	10047	Q9GZX3
10050	10050	Q9UBE8
10052	10052	Q9UJA9
10053	10053	Q8IWE5
10056	10056	Q8IYF1
10057	10057	Q96LC9
10059	10059	Q6UXB2
10060	10060	Q99676
10062	10062	Q9NZB2
10063	10063	Q96NB1
10065	10065	P0DMP2
10066	10066	Q96HD9
10067	10067	Q9BQF6
10068	10068	Q9BRQ5
10069	10069	Q9NW61
10070	10070	Q9UL16
10072	10072	Q9BUU2
10074	10074	Q9BQ24
10075	10075	Q86WQ0
10077	10077	Q9Y4X0
10078	10078	Q9NQS3
10080	10080	Q9UBY8
10081	10081	Q53EL6
10084	10084	P0C7V6
10085	10085	Q96NG3
10090	10090	Q9H361
10091	10091	Q9Y5Z7
10092	10092	Q9NQI0
10093	10093	Q8NGK5
10095	10095	Q9UFN0
10096	10096	Q16829
10097	10097	Q9UKR3
10098	10098	Q8IUC6
10100	10100	Q9H7P9
10101	10101	Q9UKR0
10102	10102	P32519
10103	10103	Q8IWS0
10106	10106	Q9UBB5
10107	10107	Q9HB71
10108	10108	Q99504
10109	10109	P47895
10112	10112	Q9H6D7
10114	10114	Q96DZ5
10117	10117	Q03431
10118	10118	Q9UKV0
10122	10122	Q9UGU0
10123	10123	P01766
10128	10128	Q8NI35
10129	10129	Q9UHD9
10130	10130	Q9HDC5
10131	10131	Q8IZJ4
10132	10132	Q9Y587
10134	10134	Q9NZM4
10135	10135	Q9NQ39
10137	10137	Q9BW91
10138	10138	Q9UKY1
10139	10139	Q9NY65
10140	10140	Q9Y6M1
10142	10142	Q96LT9
10143	10143	Q9HCH5
10144	10144	Q96JC4
10146	10146	Q9NS82
10149	10149	Q6PML9
10151	10151	P01772
10155	10155	Q86SG5
10156	10156	Q96MN5
10157	10157	Q9UQF0
10158	10158	Q86Y25
10160	10160	Q71RG4
10161	10161	Q9Y6Y9
10163	10163	Q9P0J1
10164	10164	Q9Y6K9
10165	10165	Q9BYG5
10166	10166	Q9BZF9
10167	10167	Q9Y5Z0
10168	10168	Q14534
10169	10169	P25101
10172	10172	Q5HYK9
10173	10173	Q7L4I2
10174	10174	Q96H86
10175	10175	Q9UP95
10180	10180	Q99959
10181	10181	Q9NQ79
10182	10182	Q9NRJ4
10184	10184	Q14393
10185	10185	Q9BRC7
10187	10187	Q96NU7
10190	10190	Q495T6
10191	10191	P15328
10193	10193	Q9Y2H2
10194	10194	Q3KR16
10195	10195	Q9UBF6
10197	10197	Q5VYY2
10198	10198	Q96P71
10199	10199	Q9NYT0
10200	10200	Q9H816
10201	10201	Q9UK05
10204	10204	Q96A58
10205	10205	Q9UHC7
10207	10207	Q9Y2T4
10209	10209	Q96JY0
10210	10210	Q9NX24
10211	10211	Q96J87
10212	10212	Q99583
10213	10213	Q9BYD9
10214	10214	Q9P0T4
10218	10218	P14652
10221	10221	P02794
10222	10222	Q9HAU8
10224	10224	Q96PE3
10225	10225	Q99590
10226	10226	P0DP07
10227	10227	Q8TF05
10231	10231	Q9UPN6
10232	10232	Q9BS26
10233	10233	Q9NPF4
10234	10234	Q96IR2
10236	10236	Q8IWU2
10238	10238	Q9ULI2
10240	10240	Q9UI38
10241	10241	Q8NHU3
10242	10242	Q9NP91
10244	10244	Q9NQZ7
10245	10245	Q8N1S5
10247	10247	P80511
10248	10248	P38571
10251	10251	Q9Y3S1
10252	10252	Q9Y496
10253	10253	Q96LY2
10255	10255	O95754
10257	10257	Q92754
10258	10258	P55058
10259	10259	Q9Y225
10260	10260	Q9BUH6
10263	10263	Q6UXD5
10264	10264	Q9NWC5
10266	10266	Q9UII5
10267	10267	Q86UW8
10271	10271	Q9Y283
10272	10272	Q9NWB1
10274	10274	Q9NS98
10275	10275	Q9P0J6
10276	10276	P02765
10279	10279	Q9Y397
10280	10280	Q9H6E4
10281	10281	Q96HP8
10282	10282	Q9BR01
10283	10283	Q9UKT4
10284	10284	Q9P270
10285	10285	Q9Y639
10286	10286	Q5VXJ0
10287	10287	Q8NEV9
10288	10288	Q8WWM9
10290	10290	Q9NP86
10291	10291	P63211
10293	10293	Q9HCM7
10294	10294	Q2M1Z3
10295	10295	Q9BYH1
10296	10296	Q96SZ6
10297	10297	Q9H1E1
10299	10299	Q9P241
10300	10300	Q9H4A4
10301	10301	Q494W8
10303	10303	Q8TC12
10305	10305	Q96ET8
10311	10311	Q9HBY8
10312	10312	P18428
10314	10314	Q9NXU5
10316	10316	Q8NI17
10317	10317	Q53HC5
10321	10321	Q9H808
10323	10323	P22692
10329	10329	Q5VV41
10331	10331	Q9UBM7
10333	10333	Q9NYJ8
10334	10334	Q9UGB7
10335	10335	Q9NSC5
10337	10337	Q9NUJ3
10340	10340	Q9UDV6
10341	10341	Q92564
10342	10342	Q9H4B6
10343	10343	Q6ZWI9
10345	10345	Q6NXR4
10346	10346	Q12852
10348	10348	Q9NRW1
10349	10349	Q96DB5
10351	10351	Q8IUS5
10352	10352	P35610
10353	10353	P34130
10355	10355	Q9UDV7
10359	10359	Q9Y4C1
10360	10360	Q9UQ16
10363	10363	Q9UBS5
10364	10364	Q9NRW7
10366	10366	Q99439
10368	10368	Q8NFF5
10370	10370	Q9Y3B9
10371	10371	P02144
10372	10372	Q9Y4F4
10373	10373	Q9Y238
10374	10374	Q8IWE4
10375	10375	Q9HCX3
10376	10376	Q9BUD6
10379	10379	Q8WXB1
10383	10383	Q9NRR5
10384	10384	Q96EF6
10385	10385	Q9H1K6
10387	10387	Q9UNA4
10388	10388	Q9Y4P8
10389	10389	Q9UKI8
10390	10390	Q9C0K3
10391	10391	Q5VWQ8
10392	10392	Q8TBZ8
10395	10395	Q9UQQ2
10396	10396	Q9H0R5
10397	10397	Q8WUU8
10399	10399	Q9Y3M2
10400	10400	Q9Y237
10402	10402	Q8NCK7
10403	10403	Q9H3V2
10404	10404	Q8TB68
10405	10405	Q8TAB3
10408	10408	Q9Y3B1
10410	10410	Q86TX2
10412	10412	Q8WY22
10416	10416	A0A1B0GVT2
10417	10417	Q9HCT0
10420	10420	Q9Y3C6
10421	10421	P98077
10422	10422	Q9BWU0
10423	10423	P09914
10424	10424	Q8TEC5
10425	10425	Q9P232
10426	10426	Q9Y4L5
10429	10429	Q9HC96
10432	10432	Q9P1Y6
10433	10433	Q5VZ18
10435	10435	Q5J8X5
10438	10438	Q5BJE1
10439	10439	Q96QS3
10440	10440	P08294
10441	10441	Q8NCK3
10442	10442	Q9NPJ1
10444	10444	Q9UKJ3
10445	10445	Q15102
10447	10447	Q96T88
10448	10448	Q9HAZ1
10450	10450	Q9BSF0
10451	10451	Q9Y3P4
10455	10455	Q9BZG1
10457	10457	Q9Y3E7
10458	10458	P98082
10459	10459	Q96L93
10462	10462	Q9NUQ7
10463	10463	Q9NSA3
10464	10464	Q27J81
10467	10467	Q13946
10468	10468	Q06945
10471	10471	Q9ULE3
10472	10472	Q16720
10474	10474	P49590
10475	10475	Q9ULI0
10476	10476	Q9H497
10477	10477	Q15928
10479	10479	Q96PU5
10482	10482	Q8NG50
10484	10484	Q32MZ4
10485	10485	P54108
10490	10490	Q15238
10492	10492	P03952
10494	10494	Q6AI14
10495	10495	Q9BXJ3
10496	10496	Q6NSW5
10500	10500	Q9H6D3
10501	10501	Q075Z2
10503	10503	Q9ULF5
10504	10504	Q8IVT5
10505	10505	Q76KP1
10506	10506	Q9H3M0
10508	10508	Q9UGY1
10511	10511	Q5VU57
10512	10512	Q9NVH0
10513	10513	Q9Y2T7
10517	10517	Q9Y3D0
10520	10520	P55291
10522	10522	Q9NS26
10523	10523	Q5TC82
10524	10524	Q96NU0
10526	10526	Q6S5L8
10527	10527	Q9UJZ1
10528	10528	Q9UJA5
10531	10531	Q9BR09
10533	10533	Q9UN70
10535	10535	Q9C035
10537	10537	P16562
10538	10538	Q8N3F8
10540	10540	Q9NS68
10541	10541	Q9BXJ2
10542	10542	H3BUK9
10544	10544	Q9Y2V0
10545	10545	Q9BT56
10546	10546	Q9H814
10547	10547	Q8TB92
10548	10548	Q9H3E2
10549	10549	Q9HBD1
10550	10550	Q9Y4E5
10551	10551	Q5JXA9
10552	10552	Q5TA82
10554	10554	Q9Y6Y0
10555	10555	Q15532
10557	10557	Q9UL68
10558	10558	Q9NPE6
10559	10559	Q9P0I2
10563	10563	Q15797
10564	10564	Q9UBP9
10565	10565	Q92625
10566	10566	Q9ULB5
10567	10567	Q9UHG3
10568	10568	Q6GTX8
10570	10570	Q96BJ3
10572	10572	Q9Y234
10574	10574	Q14554
10575	10575	Q13093
10576	10576	Q96EY4
10577	10577	Q9Y5K8
10579	10579	Q5STR5
10580	10580	Q9UHF4
10581	10581	Q96S53
10583	10583	P20815
10584	10584	Q9P2S2
10585	10585	Q9BY84
10587	10587	Q9H1U4
10589	10589	Q8IW36
10590	10590	Q8N271
10593	10593	Q9BXU3
10594	10594	Q969R2
10597	10597	Q9NXV2
10598	10598	Q92618
10600	10600	Q9H4Y5
10602	10602	Q96PV4
10603	10603	Q9P2P5
10604	10604	Q9Y6H8
10605	10605	Q9UPT8
10607	10607	Q05901
10610	10610	Q96SB4
10612	10612	O00253
10613	10613	Q8NFJ6
10614	10614	Q9Y576
10615	10615	Q8WXS5
10617	10617	Q5T7B8
10618	10618	Q7Z2W4
10620	10620	Q96IZ6
10624	10624	P35367
10625	10625	Q3ZCQ8
10626	10626	Q8WW33
10630	10630	P30307
10631	10631	P27987
10634	10634	Q9H4H8
10635	10635	Q96HJ9
10639	10639	Q8WWT9
10641	10641	Q13362
10643	10643	Q8TCP9
10644	10644	Q9UJV3
10645	10645	Q6NUT2
10646	10646	P47869
10648	10648	Q92903
10650	10650	Q8NI29
10651	10651	P56693
10654	10654	Q9P0K9
10655	10655	Q96HD1
10657	10657	Q8N8E2
10658	10658	Q9Y5X9
10662	10662	Q86UP0
10663	10663	Q9Y5H2
10664	10664	Q8TF30
10665	10665	Q9NX57
10666	10666	Q70CQ1
10668	10668	Q96A98
10670	10670	Q8WXK1
10672	10672	Q7L2Z9
10673	10673	Q9HCS4
10676	10676	Q496M5
10677	10677	Q8NGX5
10678	10678	Q6P4I2
10683	10683	Q9Y4P3
10688	10688	Q96DN6
10689	10689	Q6NT52
10693	10693	Q9NUN7
10694	10694	Q9Y4F3
10695	10695	Q96QC0
10696	10696	Q9P1Z0
10697	10697	Q92930
10698	10698	A6NGZ8
10699	10699	Q9HAW0
10700	10700	Q8N8Q9
10701	10701	Q96A29
10703	10703	Q9ULV0
10707	10707	Q9HBY0
10708	10708	Q9H089
10709	10709	Q9BT81
10711	10711	Q9UF56
10712	10712	Q8WWI1
10713	10713	Q9UK61
10714	10714	Q96EW2
10715	10715	Q9NQX4
10716	10716	P17024
10717	10717	Q9Y5I4
10720	10720	Q8N6N3
10721	10721	Q9ULK5
10722	10722	Q9Y6K1
10723	10723	Q8NGY9
10724	10724	Q96JH8
10725	10725	Q9H3H3
10726	10726	Q9UBF1
10727	10727	Q9BYZ2
10729	10729	Q9Y4F9
10730	10730	Q8WW62
10731	10731	Q96S21
10732	10732	Q9H4M7
10733	10733	Q6IQ23
10735	10735	P59542
10736	10736	Q8IVG9
10738	10738	Q8IYA8
10739	10739	Q6GPI1
10741	10741	Q96H78
10744	10744	Q12864
10745	10745	Q6PD74
10746	10746	Q11128
10748	10748	Q9Y6H5
10750	10750	Q9C010
10752	10752	Q15270
10753	10753	P01130
10755	10755	Q96IV0
10756	10756	Q8TEJ3
10757	10757	Q66K89
10758	10758	Q6IPM2
10759	10759	Q96PB7
10760	10760	Q99990
10765	10765	Q9P258
10766	10766	Q9H939
10767	10767	Q8IWV1
10768	10768	O95263
10769	10769	Q8IV31
10770	10770	Q7Z7J5
10771	10771	Q6PEW1
10773	10773	Q9H0X6
10775	10775	Q9BWV1
10777	10777	Q9GZV1
10779	10779	Q9Y4C5
10782	10782	Q5HYC2
10785	10785	Q8N6L0
10786	10786	P10720
10788	10788	Q9NV12
10792	10792	Q6ZMW2
10793	10793	Q9BR39
10795	10795	Q9UNK9
10796	10796	P0DP03
10797	10797	Q14549
10798	10798	Q9UJW2
10801	10801	Q5TGI4
10804	10804	Q9H3U5
10806	10806	Q9NSN8
10810	10810	Q9Y4X5
10811	10811	Q9H4B8
10815	10815	Q9Y574
10816	10816	Q8WZA6
10818	10818	Q8TEP8
10820	10820	Q9P2B4
10821	10821	Q9H7J1
10822	10822	Q6UXZ3
10823	10823	Q0VDE8
10824	10824	Q9H853
10828	10828	P51582
10829	10829	Q96JK9
10831	10831	Q96N19
10832	10832	Q96K75
10834	10834	Q9C005
10835	10835	Q9Y2F5
10838	10838	Q9Y6N5
10839	10839	Q01581
10841	10841	Q8IZI9
10842	10842	Q96I25
10844	10844	Q8NDW4
10845	10845	Q6P6B7
10846	10846	Q8N5Z0
10848	10848	Q96DY7
10849	10849	Q8NI99
10850	10850	Q68D42
10851	10851	Q15147
10852	10852	Q8N292
10854	10854	Q86VH2
10855	10855	Q96D15
10856	10856	Q9H7N4
10857	10857	Q8N743
10858	10858	Q8TDC3
10859	10859	Q9Y2Y1
10861	10861	Q96JX3
10865	10865	Q8N4P3
10866	10866	Q9UQ52
10867	10867	Q9BQ16
10868	10868	Q9NPC1
10873	10873	O43310
10874	10874	Q9BZX4
10877	10877	Q9Y2J0
10878	10878	Q6P575
10879	10879	Q8IX30
10880	10880	Q9GZR5
10881	10881	Q9NVR2
10883	10883	Q8NCB2
10884	10884	Q9UL15
10885	10885	Q5UE93
10886	10886	P52272
10888	10888	O95340
10889	10889	Q5T5Y3
10890	10890	Q4G0S4
10891	10891	Q9NR30
10892	10892	Q6UDR6
10893	10893	Q6UXG8
10894	10894	Q9NZQ9
10895	10895	Q9UBI9
10896	10896	Q9UPN4
10899	10899	P54687
10901	10901	Q9UBD9
10904	10904	Q16548
10907	10907	Q9Y2K2
10908	10908	Q9Y4C0
10909	10909	Q9Y6A4
10910	10910	Q96GW9
10911	10911	Q687X5
10913	10913	Q9P000
10917	10917	Q9UGN5
10918	10918	Q8NHH9
10920	10920	Q9H074
10922	10922	Q02846
10924	10924	Q8WWK9
10927	10927	Q9Y6F8
10929	10929	Q8ND56
10931	10931	Q96M95
10933	10933	Q6ZQN7
10934	10934	Q96SI9
10936	10936	Q14508
10937	10937	P16471
10939	10939	Q68D51
10943	10943	Q9UJF2
10944	10944	Q96S82
10945	10945	P14207
10948	10948	Q3SY00
10949	10949	Q9UBY0
10950	10950	Q96CA5
10951	10951	Q0P6D2
10952	10952	Q8TF72
10954	10954	Q92667
10956	10956	Q14CB8
10957	10957	Q8TBJ4
10958	10958	Q9GZR1
10959	10959	Q8TDG2
10960	10960	P54840
10961	10961	P01848
10962	10962	Q16134
10963	10963	Q8N945
10964	10964	Q9NRM0
10965	10965	Q70J99
10966	10966	Q9UGI8
10967	10967	Q9P0L9
10968	10968	Q9NP60
10969	10969	P52594
10972	10972	Q9NTG7
10973	10973	Q29983
10977	10977	Q5T0T0
10979	10979	Q8IYU4
10983	10983	Q9NPL8
10984	10984	Q8NEL9
10985	10985	Q9NW75
10987	10987	Q96SZ5
10988	10988	Q9UBM8
10989	10989	Q9Y303
10990	10990	Q08379
10991	10991	Q9UBQ0
10992	10992	Q8NF37
10993	10993	Q8WZ71
10995	10995	Q96FJ2
10996	10996	Q8IVC4
11001	11001	Q9ULG3
11002	11002	Q8TCU3
11004	11004	Q9BY66
11005	11005	P16401
11006	11006	Q9Y3Q3
11007	11007	Q16740
11008	11008	P31269
11009	11009	Q9NQR9
11010	11010	Q9NWM0
11011	11011	Q9C0A6
11013	11013	Q8TAZ6
11014	11014	Q9NWD8
11016	11016	Q86TA1
11020	11020	Q9UP38
11021	11021	Q99679
11023	11023	Q9NSA1
11025	11025	Q8TEW8
11026	11026	Q8N954
11029	11029	Q7Z5Q5
11030	11030	Q63ZY6
11034	11034	Q8N1D0
11036	11036	Q9BY49
11037	11037	Q92765
11040	11040	P62079
11041	11041	Q9BY64
11042	11042	Q9HC98
11043	11043	Q8NHS0
11045	11045	Q9Y5Z6
11047	11047	Q5JU85
11048	11048	A0A0B4J280
11051	11051	Q8NGU1
11052	11052	Q9UDY4
11055	11055	Q96AX9
11056	11056	Q9NS00
11057	11057	Q6H3X3
11060	11060	Q9Y330
11061	11061	Q96B23
11062	11062	Q9Y6N9
11065	11065	Q9GZV8
11066	11066	Q8TD16
11068	11068	Q12849
11069	11069	Q9UL36
11070	11070	Q8WXD2
11071	11071	Q9Y5P0
11072	11072	Q9P2M4
11073	11073	Q9Y3E0
11078	11078	Q5JQC4
11079	11079	Q9Y3P9
11082	11082	P30988
11083	11083	Q86YN6
11086	11086	A0JD32
11087	11087	Q04759
11088	11088	Q8IUF1
11090	11090	Q9UJV8
11091	11091	Q07001
11092	11092	P29558
11093	11093	Q96DT7
11095	11095	Q9Y223
11096	11096	Q9BRT8
11097	11097	Q8NC69
11100	11100	Q9NQ40
11101	11101	Q9BQI9
11102	11102	Q9Y664
11106	11106	Q9Y2G8
11107	11107	P09668
11114	11114	Q8TC21
11118	11118	Q9UI46
11120	11120	Q76MJ5
11121	11121	Q6XYB7
11122	11122	Q8WXF7
11124	11124	Q9NZM6
11126	11126	Q8NG35
11129	11129	Q15562
11131	11131	Q92874
11132	11132	Q8N4C8
11133	11133	Q9BXY8
11134	11134	Q8WUE5
11135	11135	Q9Y3E1
11137	11137	Q9H3N8
11138	11138	Q9Y2V3
11139	11139	Q9UKQ9
11141	11141	Q3KRB8
11143	11143	Q969K4
11144	11144	Q86YT6
11145	11145	Q86U17
11147	11147	Q8N6Y2
11148	11148	Q9NX47
11149	11149	Q9Y5N1
11150	11150	Q9Y236
11151	11151	Q9C0H5
11152	11152	Q9BQE6
11154	11154	Q9NPB1
11155	11155	Q9H8M5
11156	11156	A0A0C4DH33
11159	11159	Q8NEB5
11161	11161	Q96L12
11165	11165	Q8IYE1
11166	11166	Q96S16
11167	11167	Q8TF47
11168	11168	Q9H707
11174	11174	Q8NCS7
11175	11175	Q6J4K2
11179	11179	Q63HM9
11180	11180	Q9UPV0
11181	11181	Q96T83
11184	11184	Q9Y4X3
11185	11185	Q8NHS3
11186	11186	Q9H9H5
11187	11187	Q9NRC9
11188	11188	Q8TDU6
11191	11191	Q9P0N8
11192	11192	Q719I0
11194	11194	Q4KWH8
11195	11195	Q8NGS9
11198	11198	Q9UNF0
11199	11199	Q12901
11200	11200	Q99706
11201	11201	Q9NP58
11207	11207	Q9BTE3
11210	11210	Q9HCR9
11212	11212	Q8WYQ4
11215	11215	Q9UIJ5
11216	11216	P58170
11217	11217	Q7Z4P5
11219	11219	Q9H061
11220	11220	Q9Y2F9
11221	11221	Q9Y5Y0
11224	11224	Q86SG7
11226	11226	Q9H5F2
11229	11229	Q6ZV89
11230	11230	Q9UPE1
11232	11232	Q15726
11233	11233	Q8N695
11237	11237	Q99677
11238	11238	Q13325
11239	11239	O43283
11240	11240	Q96N20
11241	11241	Q96BY9
11242	11242	Q96GR2
11243	11243	Q9UBB6
11244	11244	Q86VS3
11245	11245	Q99708
11246	11246	Q9NWM3
11248	11248	Q6PCB0
11251	11251	Q96FK6
11252	11252	Q9UL59
11253	11253	Q9H4Z2
11256	11256	Q6UY09
11258	11258	Q9Y2Y4
11261	11261	Q99729
11262	11262	Q13951
11263	11263	Q9BY44
11265	11265	Q8IV38
11266	11266	Q9BXW6
11271	11271	Q8WZ64
11273	11273	Q92817
11275	11275	Q9UBP4
11276	11276	Q3KNS6
11278	11278	Q9UQ53
11279	11279	Q9UKT6
11280	11280	P46093
11281	11281	Q96RD0
11282	11282	Q86YS3
11283	11283	Q92979
11284	11284	Q8IWB6
11287	11287	Q9BZP6
11288	11288	Q86YD1
11290	11290	Q8NCE2
11291	11291	Q12794
11292	11292	Q8TAT5
11293	11293	Q8WWU7
11294	11294	Q9Y2H1
11297	11297	Q99714
11299	11299	Q9HBF5
11301	11301	Q9NRR3
11302	11302	Q96ME7
11303	11303	Q96MA1
11305	11305	Q659C4
11306	11306	Q8WU79
11310	11310	Q9C037
11312	11312	Q86W34
11313	11313	P53672
11314	11314	Q8TF65
11316	11316	Q96M93
11317	11317	Q8IVF5
11318	11318	Q9NYP7
11319	11319	Q9Y2E6
11321	11321	P47874
11325	11325	Q8NCL4
11326	11326	Q96I76
11328	11328	Q14929
11331	11331	Q9HCM4
11334	11334	Q9UK32
11335	11335	Q6ZSS3
11336	11336	Q4G0Z9
11338	11338	Q3KQV3
11339	11339	Q96LB0
11343	11343	Q5MCW4
11344	11344	Q13394
11346	11346	P58397
11347	11347	Q8N465
11349	11349	Q9NXR1
11350	11350	Q9H313
11351	11351	Q9NYF3
11353	11353	Q9BZM6
11355	11355	Q709F0
11358	11358	Q9Y5L2
11359	11359	Q86SQ7
11361	11361	Q8N307
11362	11362	Q14680
11363	11363	Q15027
11364	11364	Q9H6S1
11365	11365	P19338
11367	11367	Q9NP94
11371	11371	Q96GN5
11372	11372	Q8NGX0
11373	11373	Q8TDN7
11374	11374	P04808
11375	11375	Q96PP9
11376	11376	Q16775
11381	11381	Q9NVM4
11382	11382	Q8N386
11384	11384	Q5VUJ6
11385	11385	Q9BXU0
11386	11386	Q9NPF7
11387	11387	Q9UK11
11389	11389	Q86WR6
11390	11390	Q9BY14
11392	11392	Q16655
11396	11396	Q8IZN3
11397	11397	Q9Y2T1
11398	11398	Q9H2K2
11399	11399	Q8IV61
11400	11400	Q9HCH0
11403	11403	Q92997
11404	11404	Q96KC9
11405	11405	Q93063
11406	11406	Q6PEV8
11408	11408	Q9UHF5
11409	11409	Q7Z460
11410	11410	Q9H190
11412	11412	Q8TEQ8
11413	11413	Q9NS86
11415	11415	Q96HT8
11416	11416	Q96NU1
11417	11417	Q9NWH9
11421	11421	Q4G0N8
11422	11422	Q8WY07
11423	11423	Q9UL63
11424	11424	Q9BT22
11425	11425	Q8N104
11426	11426	Q9BW61
11427	11427	Q9H078
11428	11428	Q9ULV3
11429	11429	Q969V1
11430	11430	Q9ULM0
11432	11432	Q3SY89
11433	11433	P98177
11434	11434	Q86UK5
11436	11436	Q05481
11437	11437	Q9BUG6
11438	11438	O43194
11440	11440	P0DKB5
11441	11441	P01876
11443	11443	Q13439
11444	11444	Q9H987
11446	11446	Q8NH21
11448	11448	Q86V42
11449	11449	Q8NA42
11450	11450	Q9NR64
11451	11451	Q9NZI8
11452	11452	Q9NUC0
11454	11454	Q9UPQ3
11455	11455	Q9NVV5
11456	11456	P52747
11458	11458	Q13489
11459	11459	Q9UNP9
11461	11461	Q9NPR2
11462	11462	Q309B1
11463	11463	Q8TD31
11464	11464	Q9NV72
11466	11466	Q9NWU1
11467	11467	Q6IQ22
11468	11468	Q9Y5K2
11469	11469	Q9BZ67
11471	11471	Q96P65
11473	11473	Q96BH1
11474	11474	Q6L8H4
11476	11476	Q16739
11478	11478	Q9BWM5
11479	11479	Q9Y450
11481	11481	Q9Y342
11484	11484	Q9H4L5
11485	11485	Q9H252
11486	11486	Q9H1E3
11487	11487	Q9C0B2
11490	11490	P16860
11491	11491	Q9UMX0
11495	11495	Q9NX78
11496	11496	Q9BQI0
11497	11497	P05156
11498	11498	Q9ULL4
11500	11500	Q7Z442
11503	11503	Q5JPB2
11504	11504	Q92904
11505	11505	Q9Y466
11507	11507	Q99674
11508	11508	Q6U841
11511	11511	Q92743
11513	11513	Q9UJ72
11514	11514	Q9UNW8
11515	11515	Q7LBC6
11518	11518	Q96P48
11519	11519	Q9NX74
11521	11521	Q99665
11523	11523	Q9NZU7
11524	11524	Q8IYL9
11525	11525	Q96IY4
11526	11526	Q9H503
11527	11527	Q96L73
11528	11528	Q9H3Y8
11529	11529	Q8N6Y0
11530	11530	Q96CG3
11531	11531	Q6IQ16
11532	11532	Q9ULH4
11533	11533	Q9NRA0
11535	11535	P60903
11537	11537	Q9H672
11539	11539	Q96IZ5
11541	11541	Q01995
11542	11542	Q02539
11543	11543	Q96L03
11544	11544	Q9GZP0
11545	11545	Q6ZRR5
11546	11546	Q9NNX1
11547	11547	Q9BSH5
11549	11549	Q5JS37
11551	11551	P55289
11552	11552	Q9UQ05
11554	11554	Q96P44
11555	11555	Q8TDX6
11556	11556	Q9H1H1
11557	11557	Q9Y272
11559	11559	Q6ZNG2
11560	11560	O94905
11561	11561	Q9NPB0
11564	11564	Q9NS15
11565	11565	Q5T764
11567	11567	Q86VI4
11568	11568	Q9HB89
11570	11570	Q9BQD7
11571	11571	O15393
11573	11573	Q96GX5
11574	11574	A0A0B4J248
11575	11575	Q96Q27
11576	11576	P07988
11577	11577	Q8WXE1
11578	11578	Q9NQ29
11580	11580	Q92597
11583	11583	Q8IUB2
11584	11584	P98073
11585	11585	Q9UC07
11586	11586	Q13740
11587	11587	Q15349
11588	11588	Q5GAN6
11590	11590	Q9Y5K1
11591	11591	Q76N89
11593	11593	Q5VTY9
11594	11594	Q86Z02
11595	11595	Q8N4L8
11598	11598	Q9UHI8
11600	11600	Q9H9D4
11603	11603	Q8NE35
11604	11604	Q8TB69
11607	11607	O15551
11608	11608	Q7Z5M8
11609	11609	Q9H741
11610	11610	Q96HA9
11611	11611	Q8NFL0
11612	11612	Q3KQU3
11613	11613	Q8NH72
11618	11618	Q9HCE7
11619	11619	Q8TDN4
11620	11620	Q14162
11621	11621	Q9P2E9
11624	11624	Q9Y5S1
11625	11625	Q9GZZ8
11626	11626	Q06787
11627	11627	Q9P0J7
11629	11629	Q587J8
11630	11630	Q9UI42
11631	11631	P53674
11633	11633	O95972
11634	11634	Q6P2D0
11636	11636	Q96BJ8
11637	11637	Q8WWG1
11638	11638	Q92604
11639	11639	P62937
11640	11640	Q6ZNG9
11641	11641	Q8IUH3
11642	11642	Q53FZ2
11643	11643	P21452
11645	11645	Q9Y653
11647	11647	P01303
11648	11648	Q6UXH8
11650	11650	O94760
11651	11651	Q9UN42
11652	11652	Q8WUF8
11653	11653	P20231
11654	11654	Q96RS6
11655	11655	Q8WU10
11659	11659	Q9UDY6
11660	11660	Q9UKT8
11662	11662	P04406
11665	11665	Q9H8P0
11666	11666	Q9HC73
11667	11667	Q86WA9
11668	11668	P80723
11670	11670	Q9C0D0
11672	11672	Q9NPI8
11673	11673	Q6WN34
11676	11676	Q15124
11677	11677	Q9Y219
11678	11678	Q5T160
11679	11679	Q2TAL8
11681	11681	Q9UK22
11683	11683	Q92945
11684	11684	Q6P4A8
11685	11685	Q9UJ71
11686	11686	Q969R5
11687	11687	P46094
11688	11688	Q6NUJ5
11689	11689	Q8NHP6
11690	11690	P35542
11691	11691	Q8WXK4
11692	11692	Q9H1K4
11693	11693	Q7LDG7
11694	11694	Q9NU53
11697	11697	Q9H4F8
11700	11700	P17096
11701	11701	Q9UPW5
11702	11702	Q9Y6A2
11703	11703	P23141
11704	11704	Q9H346
11705	11705	Q6NZ36
11706	11706	Q86VV4
11709	11709	Q5VT66
11711	11711	Q8NCN4
11712	11712	Q8TE96
11713	11713	Q8IVP9
11714	11714	Q9UGT4
11716	11716	Q53R12
11718	11718	Q8WV37
11719	11719	Q16602
11723	11723	Q8IYJ3
11724	11724	Q9H6A0
11725	11725	P16260
11729	11729	Q8IV56
11730	11730	Q8N865
11731	11731	Q63HQ2
11732	11732	Q5VWX1
11733	11733	Q96A00
11734	11734	Q9UKP3
11735	11735	P22680
11738	11738	Q7Z5L9
11739	11739	A5A3E0
11740	11740	P00740
11741	11741	Q9BQI7
11744	11744	Q9NZH8
11745	11745	Q8N142
11746	11746	Q9UKA8
11750	11750	Q15651
11751	11751	Q5VYS8
11755	11755	Q93075
11756	11756	Q9UJ90
11760	11760	Q969H8
11761	11761	Q8TAQ5
11763	11763	Q9H0E7
11764	11764	Q8WV19
11769	11769	Q15835
11772	11772	Q9C0B1
11776	11776	Q8NDN9
11777	11777	O43151
11779	11779	Q9H9A7
11783	11783	Q9NUQ2
11786	11786	Q5JW98
11788	11788	Q9BZS1
11790	11790	P13686
11791	11791	Q11130
11792	11792	P48052
11794	11794	Q8IYK8
11795	11795	Q93098
11797	11797	Q8TEH3
11799	11799	Q9Y426
11803	11803	Q9HCZ1
11804	11804	Q8WUB2
11805	11805	Q8IYK4
11809	11809	P20853
11810	11810	P15538
11812	11812	Q9BZR9
11813	11813	Q96NJ5
11814	11814	Q96KQ4
11815	11815	Q9UQB3
11819	11819	P38159
11820	11820	Q9BYE4
11821	11821	Q96HA4
11822	11822	P20800
11823	11823	Q96MM6
11824	11824	P37059
11825	11825	Q2TBC4
11826	11826	Q6IF36
11827	11827	Q86SJ6
11828	11828	Q8N6C5
11831	11831	Q15397
11833	11833	Q7Z6M1
11834	11834	Q9C0F3
11835	11835	Q8NFW5
11836	11836	Q9ULR3
11837	11837	P20719
11838	11838	Q7Z4V0
11839	11839	Q8N5Q1
11840	11840	Q99551
11841	11841	Q96QD9
11845	11845	Q6XR72
11849	11849	Q6P995
11850	11850	Q6PGQ7
11851	11851	Q8NEY8
11852	11852	Q8NHS2
11854	11854	P30968
11855	11855	P23297
11856	11856	Q9Y328
11857	11857	Q5VZI3
11858	11858	Q01101
11860	11860	P26599
11862	11862	Q9Y5R6
11864	11864	Q9H446
11866	11866	Q8N414
11868	11868	Q8NCJ5
11869	11869	Q96RL1
11870	11870	Q9Y6K0
11871	11871	Q16553
11872	11872	Q8HWS3
11873	11873	Q86UR5
11875	11875	Q9NZR1
11878	11878	Q8TB45
11880	11880	Q05D60
11884	11884	Q13145
11887	11887	Q8IYI8
11888	11888	Q9UL46
11889	11889	Q8NHR7
11892	11892	Q8NHX9
11894	11894	Q9UQQ1
11895	11895	Q99805
11896	11896	Q9BZ68
11897	11897	Q5SW79
11898	11898	Q9BV36
11899	11899	Q6NXE6
11900	11900	Q8TD07
11901	11901	Q9NYN1
11904	11904	Q9NZL3
11907	11907	Q8TEA1
11908	11908	Q5T124
11909	11909	Q16619
11910	11910	P36955
11911	11911	P20794
11913	11913	P17480
11914	11914	A6NMD0
11916	11916	Q8N205
11917	11917	Q9NU63
11918	11918	Q96JP0
11919	11919	Q15389
11921	11921	Q03519
11922	11922	Q8TCW9
11923	11923	Q5VY80
11924	11924	Q7L3T8
11925	11925	Q9H0C5
11927	11927	Q8WZ59
11928	11928	Q96B96
11930	11930	Q5MNZ6
11932	11932	Q96I13
11933	11933	Q7Z2X4
11935	11935	Q9UDR5
11937	11937	Q96DS6
11941	11941	Q8NHC4
11942	11942	O00515
11946	11946	Q9H2V7
11948	11948	Q96M11
11949	11949	Q9H1A3
11950	11950	Q6XZB0
11951	11951	P0DTE2
11952	11952	Q9UHD2
11953	11953	Q5CZA5
11954	11954	Q9ULJ3
11955	11955	Q9Y4R8
11956	11956	P25815
11957	11957	Q9Y5G0
11958	11958	A0A2R8Y7Y5
11960	11960	Q9Y2K5
11962	11962	Q6PF18
11964	11964	Q96HM7
11967	11967	Q15417
11968	11968	Q9P2F6
11969	11969	Q8NBL1
11970	11970	Q9BX84
11972	11972	Q96AE4
11974	11974	Q9UMR3
11977	11977	Q96DX7
11978	11978	Q6UUV7
11981	11981	Q14749
11984	11984	Q96M27
11985	11985	Q8NFD2
11987	11987	Q71RC2
11988	11988	Q96NG5
11990	11990	Q9BUJ0
11993	11993	Q0VD83
11994	11994	Q9UGK3
11996	11996	Q13671
11997	11997	Q9NZI2
11998	11998	Q9Y672
11999	11999	Q8WXX7
12000	12000	Q86UW2
12002	12002	Q8TC44
12003	12003	P35398
12005	12005	Q9HCK1
12006	12006	Q5TGU0
12008	12008	Q14738
12010	12010	Q8IV13
12011	12011	Q92565
12012	12012	Q8IY34
12014	12014	Q9NQ75
12017	12017	Q9BZF3
12018	12018	Q9Y592
12019	12019	O75679
12021	12021	Q8NEM8
12024	12024	P26447
12026	12026	P42684
12028	12028	Q9NXT0
12030	12030	Q8IWV2
12031	12031	Q96JM3
12035	12035	Q9BXX3
12036	12036	Q9HAH1
12037	12037	Q7Z412
12041	12041	Q13015
12042	12042	Q96GQ7
12044	12044	P0DTE1
12045	12045	Q96HE9
12048	12048	Q8N184
12049	12049	Q9P2M7
12050	12050	P30613
12051	12051	Q9BUP0
12052	12052	P51648
12053	12053	Q969V6
12054	12054	Q9NYW8
12057	12057	Q14CM0
12058	12058	Q9Y603
12059	12059	Q9NRF8
12062	12062	Q9H3W5
12065	12065	Q9UHQ7
12067	12067	Q9Y4A0
12068	12068	P78383
12069	12069	Q8TC92
12070	12070	Q9H2H9
12071	12071	Q9BZ72
12074	12074	Q7Z7F0
12076	12076	Q8NHQ1
12077	12077	Q02978
12078	12078	Q96MF2
12079	12079	Q8N119
12081	12081	P54274
12082	12082	Q96A46
12085	12085	Q96RN1
12086	12086	Q9ULS6
12088	12088	Q9BZC1
12090	12090	Q8WTX7
12092	12092	Q96KP4
12093	12093	P32942
12094	12094	Q92529
12095	12095	Q8IXQ4
12098	12098	Q7Z736
12100	12100	Q9BYH8
12101	12101	Q9UI36
12102	12102	Q8TE68
12103	12103	Q8IYI0
12104	12104	P05160
12105	12105	Q8N148
12107	12107	Q9NYZ2
12109	12109	Q99767
12112	12112	P01767
12113	12113	Q96NW7
12114	12114	P24468
12115	12115	Q96RQ9
12116	12116	Q13485
12117	12117	Q8NDX1
12119	12119	Q9Y289
12120	12120	Q9NVE7
12121	12121	Q9Y2M2
12122	12122	Q8IUF8
12123	12123	Q96S42
12125	12125	Q9BYQ3
12126	12126	Q9UKP5
12127	12127	Q8IWU6
12128	12128	Q68DY9
12131	12131	Q9H2M3
12133	12133	Q9GZZ0
12134	12134	P03951
12139	12139	Q9H6U8
12140	12140	P20592
12141	12141	Q8WUX1
12142	12142	Q9H1Z8
12144	12144	Q9NTZ6
12145	12145	Q16873
12146	12146	Q3SXP7
12149	12149	P25106
12153	12153	Q13571
12156	12156	Q96RT6
12158	12158	Q5T871
12160	12160	Q8WTQ7
12161	12161	Q9NPF2
12162	12162	Q96PZ0
12164	12164	Q9NQH7
12166	12166	Q13568
12167	12167	P35558
12170	12170	Q9Y570
12171	12171	Q9H0V9
12172	12172	Q6PIY7
12174	12174	Q9Y467
12175	12175	Q16798
12177	12177	P51160
12178	12178	Q9NPI5
12179	12179	P80404
12180	12180	Q8IW50
12181	12181	Q5TCY1
12182	12182	Q9H7R5
12183	12183	Q8WXG6
12186	12186	Q9UGM5
12188	12188	Q8IVD9
12189	12189	P52737
12193	12193	Q8TB73
12194	12194	P46663
12195	12195	Q86YR6
12196	12196	Q6NUP7
12197	12197	Q96DN5
12199	12199	Q14627
12200	12200	Q99856
12201	12201	Q14586
12202	12202	Q8N143
12203	12203	Q16587
12207	12207	Q8WTT0
12209	12209	P22307
12210	12210	P42679
12211	12211	Q9BR77
12212	12212	Q92835
12213	12213	Q6P1M0
12214	12214	Q8NDP4
12216	12216	Q8N264
12221	12221	Q9Y613
12222	12222	Q49AA0
12224	12224	Q9NRN5
12229	12229	Q14588
12230	12230	P63218
12231	12231	Q9UBK8
12232	12232	Q3KP31
12234	12234	Q9BRJ7
12236	12236	Q96B36
12237	12237	P24557
12239	12239	Q9BXA6
12240	12240	Q9BSF8
12241	12241	Q9UBU6
12242	12242	Q9NRR2
12243	12243	Q9NYA4
12245	12245	Q96N58
12247	12247	Q8IW70
12249	12249	P32927
12250	12250	P58335
12254	12254	Q9H6K5
12255	12255	Q9UQK1
12257	12257	Q96P50
12259	12259	Q8NI38
12261	12261	Q8N9M1
12263	12263	Q13126
12264	12264	Q9Y6M7
12265	12265	Q9BZM5
12266	12266	Q5VVB8
12267	12267	Q9NTN9
12269	12269	Q8TBP0
12272	12272	Q96I34
12273	12273	Q9UMX3
12274	12274	Q8N165
12277	12277	Q92786
12278	12278	Q9NWW5
12280	12280	Q9BRX8
12281	12281	Q8WYK0
12282	12282	Q86VZ6
12283	12283	P59538
12287	12287	Q7L0R7
12289	12289	Q8NFV5
12290	12290	Q96HU1
12291	12291	Q9H706
12294	12294	Q9H857
12295	12295	Q9NSY1
12296	12296	Q86XJ1
12297	12297	Q86VW2
